{"type":"FeatureCollection","features":[{"type":"Feature","id":1,"properties":{"name":null,"subjecto":null,"partof":null,"precision":1},"geometry":{"type":"Polygon","coordinates":[[[126.66,-3.875],[127.112,-3.722],[126.727,-3.233],[126.15,-3.628],[126.66,-3.875]]]}},{"type":"Feature","id":2,"properties":{"name":null,"subjecto":null,"partof":null,"precision":1},"geometry":{"type":"Polygon","coordinates":[[[-73.08,-53.032],[-72.845,-52.646],[-72.965,-52.799],[-73.08,-53.032]]]}},{"type":"Feature","id":3,"properties":{"name":null,"subjecto":null,"partof":null,"precision":1},"geometry":{"type":"Polygon","coordinates":[[[-5.698,55.331],[-5.482,55.443],[-5.518,55.668],[-5.689,55.628],[-5.698,55.331]]]}},{"type":"Feature","id":4,"properties":{"name":null,"subjecto":null,"partof":null,"precision":1},"geometry":{"type":"Polygon","coordinates":[[[14.07,53.918],[13.778,54.044],[13.828,53.83],[14.07,53.918]]]}},{"type":"Feature","id":5,"properties":{"name":null,"subjecto":null,"partof":null,"precision":1},"geometry":{"type":"Polygon","coordinates":[[[-134.764,56.794],[-135.002,57.326],[-135.466,57.229],[-134.764,56.794]]]}},{"type":"Feature","id":6,"properties":{"name":null,"subjecto":null,"partof":null,"precision":1},"geometry":{"type":"Polygon","coordinates":[[[-167.003,53.726],[-166.643,53.573],[-166.383,53.855],[-166.771,54.001],[-167.003,53.726]]]}},{"type":"Feature","id":7,"properties":{"name":null,"subjecto":null,"partof":null,"precision":1},"geometry":{"type":"Polygon","coordinates":[[[-156.576,20.635],[-156.119,20.79],[-156.716,21.069],[-156.576,20.635]]]}},{"type":"Feature","id":8,"properties":{"name":null,"subjecto":null,"partof":null,"precision":1},"geometry":{"type":"Polygon","coordinates":[[[-157.896,21.251],[-158.179,21.689],[-158.298,21.276],[-157.896,21.251]]]}},{"type":"Feature","id":9,"properties":{"name":null,"subjecto":null,"partof":null,"precision":1},"geometry":{"type":"Polygon","coordinates":[[[-168.041,53.309],[-168.223,53.59],[-168.554,53.375],[-168.041,53.309]]]}},{"type":"Feature","id":10,"properties":{"name":null,"subjecto":null,"partof":null,"precision":1},"geometry":{"type":"Polygon","coordinates":[[[-163.2,55.043],[-162.968,54.949],[-162.788,55.152],[-163.091,55.273],[-163.2,55.043]]]}},{"type":"Feature","id":11,"properties":{"name":null,"subjecto":null,"partof":null,"precision":1},"geometry":{"type":"Polygon","coordinates":[[[8.576,3.067],[8.827,3.612],[8.478,3.557],[8.576,3.067]]]}},{"type":"Feature","id":12,"properties":{"name":"Meroe","subjecto":"Meroe","partof":"Meroe","precision":1},"geometry":{"type":"Polygon","coordinates":[[[34.412,20.536],[33.765,22.477],[33.345,23.354],[32.605,22.816],[31.058,22.681],[30.242,20.886],[29.847,20.125],[29.51,17.434],[29.847,15.348],[31.058,13.128],[31.798,12.522],[32.879,12.471],[34.216,12.554],[35.384,12.804],[35.718,13.222],[35.969,15.482],[35.229,18.51],[34.551,20.183],[34.412,20.536]]]}},{"type":"Feature","id":13,"properties":{"name":null,"subjecto":null,"partof":null,"precision":1},"geometry":{"type":"Polygon","coordinates":[[[115.072,-8.781],[115.084,-8.235],[114.511,-8.452],[115.072,-8.781]]]}},{"type":"Feature","id":14,"properties":{"name":"Saka Kingdom","subjecto":"Saka Kingdom","partof":"Saka Kingdom","precision":1},"geometry":{"type":"Polygon","coordinates":[[[79.637,21.352],[79.637,22.487],[78.677,23.534],[79.463,23.97],[79.463,24.843],[77.543,25.541],[76.06,26.588],[75.449,28.333],[75.362,29.642],[75.711,31.997],[76.046,33.51],[74.751,33.655],[74.14,32.608],[70.287,31.288],[67.387,28.226],[66.432,25.489],[66.702,24.752],[67.316,24.093],[68.047,23.764],[68.791,23.029],[69.665,22.789],[69.969,22.351],[69.126,21.969],[70.21,20.948],[71.024,20.657],[72.121,21.155],[72.319,22.115],[73.11,20.687],[72.759,20.058],[73.032,18.216],[79.637,21.352]]]}},{"type":"Feature","id":15,"properties":{"name":"Satavahanihara","subjecto":"Satavahanihara","partof":"Satavahanihara","precision":1},"geometry":{"type":"Polygon","coordinates":[[[73.032,18.216],[73.409,16.559],[73.841,15.39],[74.778,13.528],[77.63,12.976],[78.939,12.976],[80.32,13.333],[80.089,15.175],[80.3,15.646],[81.088,15.827],[81.369,16.347],[82.235,16.647],[82.354,17.086],[83.381,17.711],[84.753,19.028],[84.262,19.258],[82.866,19.171],[80.684,19.345],[80.422,20.043],[80.617,21.017],[79.637,21.352],[73.032,18.216]]]}},{"type":"Feature","id":16,"properties":{"name":"Hadramaut","subjecto":"Hadramaut","partof":"Hadramaut","precision":1},"geometry":{"type":"Polygon","coordinates":[[[49.713,14.773],[51.313,15.247],[52.135,15.687],[52.894,16.61],[54.084,17.019],[54.756,16.951],[53.034,17.791],[51.454,17.949],[48.997,17.607],[49.713,14.773]]]}},{"type":"Feature","id":17,"properties":{"name":"Himyarite Kingdom","subjecto":"Himyarite Kingdom","partof":"Himyarite Kingdom","precision":1},"geometry":{"type":"Polygon","coordinates":[[[48.997,17.607],[47.702,17.426],[45.433,17.775],[43.795,18.66],[42.338,20.716],[40.983,22.399],[40.372,22.748],[39.056,22.572],[39.167,21.219],[39.764,20.407],[40.694,19.869],[41.629,18.047],[42.764,16.645],[42.796,15.47],[43.384,13.565],[43.841,12.664],[44.964,12.825],[45.826,13.405],[46.601,13.401],[48.036,14.045],[48.96,14.219],[49.713,14.773],[48.997,17.607]]]}},{"type":"Feature","id":18,"properties":{"name":null,"subjecto":null,"partof":null,"precision":1},"geometry":{"type":"Polygon","coordinates":[[[-68.195,12.221],[-68.364,12.305],[-68.285,12.102],[-68.195,12.221]]]}},{"type":"Feature","id":19,"properties":{"name":null,"subjecto":null,"partof":null,"precision":1},"geometry":{"type":"Polygon","coordinates":[[[-61.669,17.085],[-61.794,17.163],[-61.887,17.033],[-61.738,16.99],[-61.669,17.085]]]}},{"type":"Feature","id":20,"properties":{"name":null,"subjecto":null,"partof":null,"precision":1},"geometry":{"type":"Polygon","coordinates":[[[-68.966,12.199],[-69.078,12.349],[-69.158,12.311],[-69.062,12.188],[-68.832,12.049],[-68.824,12.16],[-68.966,12.199]]]}},{"type":"Feature","id":21,"properties":{"name":null,"subjecto":null,"partof":null,"precision":1},"geometry":{"type":"Polygon","coordinates":[[[-61.6,12.187],[-61.725,12.172],[-61.79,12.009],[-61.643,12.034],[-61.6,12.187]]]}},{"type":"Feature","id":22,"properties":{"name":null,"subjecto":null,"partof":null,"precision":1},"geometry":{"type":"Polygon","coordinates":[[[-62.171,16.671],[-62.138,16.693],[-62.176,16.809],[-62.237,16.712],[-62.171,16.671]]]}},{"type":"Feature","id":23,"properties":{"name":null,"subjecto":null,"partof":null,"precision":1},"geometry":{"type":"Polygon","coordinates":[[[-62.541,17.177],[-62.61,17.191],[-62.611,17.095],[-62.539,17.109],[-62.541,17.177]]]}},{"type":"Feature","id":24,"properties":{"name":null,"subjecto":null,"partof":null,"precision":1},"geometry":{"type":"Polygon","coordinates":[[[-62.693,17.278],[-62.73,17.365],[-62.813,17.409],[-62.864,17.371],[-62.778,17.292],[-62.693,17.278]]]}},{"type":"Feature","id":25,"properties":{"name":null,"subjecto":null,"partof":null,"precision":1},"geometry":{"type":"Polygon","coordinates":[[[-61.086,16.305],[-61.037,16.311],[-60.991,16.341],[-61.015,16.35],[-61.086,16.305]]]}},{"type":"Feature","id":26,"properties":{"name":null,"subjecto":null,"partof":null,"precision":1},"geometry":{"type":"Polygon","coordinates":[[[-61.523,16.393],[-61.542,16.29],[-61.499,16.349],[-61.523,16.393]]]}},{"type":"Feature","id":27,"properties":{"name":null,"subjecto":null,"partof":null,"precision":1},"geometry":{"type":"Polygon","coordinates":[[[-62.972,17.458],[-62.943,17.494],[-62.986,17.52],[-62.998,17.494],[-62.972,17.458]]]}},{"type":"Feature","id":28,"properties":{"name":null,"subjecto":null,"partof":null,"precision":1},"geometry":null},{"type":"Feature","id":29,"properties":{"name":null,"subjecto":null,"partof":null,"precision":1},"geometry":null},{"type":"Feature","id":30,"properties":{"name":null,"subjecto":null,"partof":null,"precision":1},"geometry":null},{"type":"Feature","id":31,"properties":{"name":null,"subjecto":null,"partof":null,"precision":1},"geometry":null},{"type":"Feature","id":32,"properties":{"name":null,"subjecto":null,"partof":null,"precision":1},"geometry":null},{"type":"Feature","id":33,"properties":{"name":null,"subjecto":null,"partof":null,"precision":1},"geometry":{"type":"Polygon","coordinates":[[[152.394,47.324],[152.402,47.316],[152.423,47.303],[152.394,47.324]]]}},{"type":"Feature","id":34,"properties":{"name":null,"subjecto":null,"partof":null,"precision":1},"geometry":null},{"type":"Feature","id":35,"properties":{"name":null,"subjecto":null,"partof":null,"precision":1},"geometry":{"type":"Polygon","coordinates":[[[153.14,48.094],[153.146,48.088],[153.206,48.053],[153.14,48.094]]]}},{"type":"Feature","id":36,"properties":{"name":null,"subjecto":null,"partof":null,"precision":1},"geometry":null},{"type":"Feature","id":37,"properties":{"name":null,"subjecto":null,"partof":null,"precision":1},"geometry":null},{"type":"Feature","id":38,"properties":{"name":null,"subjecto":null,"partof":null,"precision":1},"geometry":{"type":"Polygon","coordinates":[[[154.446,49.168],[154.442,49.162],[154.44,49.155],[154.471,49.098],[154.44,49.155],[154.446,49.168]]]}},{"type":"Feature","id":39,"properties":{"name":null,"subjecto":null,"partof":null,"precision":1},"geometry":{"type":"Polygon","coordinates":[[[154.751,49.572],[154.638,49.423],[154.703,49.481],[154.751,49.572]]]}},{"type":"Feature","id":40,"properties":{"name":null,"subjecto":null,"partof":null,"precision":1},"geometry":{"type":"Polygon","coordinates":[[[154.367,49.819],[154.365,49.813],[154.355,49.767],[154.367,49.819]]]}},{"type":"Feature","id":41,"properties":{"name":null,"subjecto":null,"partof":null,"precision":1},"geometry":{"type":"Polygon","coordinates":[[[152.02,46.989],[151.86,46.861],[151.869,46.866],[152.02,46.989]]]}},{"type":"Feature","id":42,"properties":{"name":null,"subjecto":null,"partof":null,"precision":1},"geometry":{"type":"MultiPolygon","coordinates":[]}},{"type":"Feature","id":43,"properties":{"name":null,"subjecto":null,"partof":null,"precision":1},"geometry":{"type":"Polygon","coordinates":[[[156.341,50.851],[156.192,50.771],[156.186,50.766],[156.341,50.851]]]}},{"type":"Feature","id":44,"properties":{"name":null,"subjecto":null,"partof":null,"precision":1},"geometry":{"type":"Polygon","coordinates":[[[155.481,50.828],[155.498,50.817],[155.547,50.806],[155.481,50.828]]]}},{"type":"Feature","id":45,"properties":{"name":"Armenia","subjecto":"Armenia","partof":"Armenia","precision":1},"geometry":{"type":"Polygon","coordinates":[[[41.68,41.793],[41.436,39.669],[42.681,37.671],[43.996,37.624],[44.551,38.854],[47.804,39.29],[49.02,39.006],[49.669,40.24],[48.955,40.322],[47.011,41.393],[44.789,41.75],[41.68,41.793]]]}},{"type":"Feature","id":46,"properties":{"name":"Hindu kingdoms","subjecto":"Hindu kingdoms","partof":"Hindu kingdoms","precision":1},"geometry":{"type":"Polygon","coordinates":[[[79.637,21.352],[80.617,21.017],[80.946,21.701],[82.255,21.963],[83.04,22.748],[83.825,25.89],[84.611,26.151],[85.483,25.802],[86.094,24.93],[86.819,21.187],[87.641,21.563],[88.723,21.54],[90.157,21.734],[90.905,22.561],[91.571,22.543],[92.041,23.115],[93.424,25.017],[93.773,26.5],[93.074,26.849],[91.591,26.588],[89.759,25.977],[87.926,26.064],[86.181,26.413],[82.866,27.896],[79.114,31.038],[77.198,33.284],[76.046,33.51],[75.711,31.997],[75.362,29.642],[75.449,28.333],[76.06,26.588],[77.543,25.541],[79.463,24.843],[79.463,23.97],[78.677,23.534],[79.637,22.487],[79.637,21.352]]]}},{"type":"Feature","id":47,"properties":{"name":null,"subjecto":null,"partof":null,"precision":1},"geometry":{"type":"Polygon","coordinates":[[[120.293,16.233],[119.762,16.359],[119.772,15.47],[120.511,14.112],[121.009,13.656],[121.625,13.898],[122.492,13.43],[123.398,13.527],[122.397,14.307],[121.729,14.108],[121.242,15.308],[121.439,15.918],[122.064,16.332],[122.396,17.114],[122.028,18.009],[121.036,18.528],[120.393,18.044],[120.293,16.233]]]}},{"type":"Feature","id":48,"properties":{"name":null,"subjecto":null,"partof":null,"precision":1},"geometry":{"type":"Polygon","coordinates":[[[121.304,13.129],[120.547,13.153],[120.734,12.55],[121.274,12.525],[121.304,13.129]]]}},{"type":"Feature","id":49,"properties":{"name":null,"subjecto":null,"partof":null,"precision":1},"geometry":{"type":"Polygon","coordinates":[[[125.119,12.477],[124.264,12.418],[125.449,11.207],[125.119,12.477]]]}},{"type":"Feature","id":50,"properties":{"name":null,"subjecto":null,"partof":null,"precision":1},"geometry":{"type":"Polygon","coordinates":[[[122.789,11.029],[121.994,11.758],[121.873,10.468],[122.789,11.029]]]}},{"type":"Feature","id":51,"properties":{"name":null,"subjecto":null,"partof":null,"precision":1},"geometry":{"type":"Polygon","coordinates":[[[119.217,10.291],[119.564,10.502],[119.345,11.003],[119.108,10.628],[119.217,10.291]]]}},{"type":"Feature","id":52,"properties":{"name":null,"subjecto":null,"partof":null,"precision":1},"geometry":{"type":"Polygon","coordinates":[[[123.312,10.738],[122.92,10.852],[122.701,10.032],[122.962,9.594],[123.312,10.738]]]}},{"type":"Feature","id":53,"properties":{"name":null,"subjecto":null,"partof":null,"precision":1},"geometry":{"type":"Polygon","coordinates":[[[118.385,9.349],[118.089,9.431],[117.536,9.049],[117.857,8.833],[117.967,9.113],[118.385,9.349]]]}},{"type":"Feature","id":54,"properties":{"name":null,"subjecto":null,"partof":null,"precision":1},"geometry":{"type":"Polygon","coordinates":[[[125.289,5.488],[125.533,5.94],[125.28,6.594],[125.615,7.236],[126.322,7.149],[126.272,8.426],[125.934,9.175],[124.671,8.429],[123.663,8.014],[123.486,8.496],[122.094,7.775],[123.023,7.478],[123.465,7.791],[124.074,7.258],[123.864,6.851],[124.224,6.09],[125.289,5.488]]]}},{"type":"Feature","id":55,"properties":{"name":null,"subjecto":null,"partof":null,"precision":1},"geometry":{"type":"Polygon","coordinates":[[[176.346,-37.874],[175.838,-37.026],[174.857,-36.694],[174.217,-35.337],[173.166,-35.421],[174.765,-37.297],[174.945,-37.928],[174.655,-38.983],[173.805,-39.42],[175.354,-40.3],[174.895,-41.296],[176.011,-41.255],[177.157,-39.854],[177.024,-39.445],[178.408,-38.771],[178.569,-37.921],[177.528,-38.204],[176.346,-37.874]]]}},{"type":"Feature","id":56,"properties":{"name":null,"subjecto":null,"partof":null,"precision":1},"geometry":{"type":"Polygon","coordinates":[[[170.822,-44.966],[171.378,-44.338],[173.841,-42.488],[174.234,-42.011],[174.058,-41.291],[173.264,-41.544],[172.437,-40.753],[172.148,-41.578],[171.458,-41.993],[171.024,-42.887],[169.649,-43.741],[168.416,-44.221],[167.137,-45.2],[166.523,-46.233],[169.399,-46.71],[170.612,-45.946],[170.822,-44.966]]]}},{"type":"Feature","id":57,"properties":{"name":null,"subjecto":null,"partof":null,"precision":1},"geometry":{"type":"Polygon","coordinates":[[[-22.56,66.113],[-21.955,65.378],[-22.373,63.773],[-20.404,63.698],[-18.642,63.324],[-14.821,64.195],[-13.694,64.779],[-13.647,65.495],[-16.385,66.454],[-16.922,65.978],[-18.676,66.091],[-21.08,65.205],[-21.242,65.882],[-22.56,66.113]]]}},{"type":"Feature","id":58,"properties":{"name":null,"subjecto":null,"partof":null,"precision":1},"geometry":{"type":"Polygon","coordinates":[[[-42.793,65.403],[-39.992,65.533],[-35.972,65.847],[-34.433,66.384],[-32.956,67.641],[-26.964,68.502],[-22.732,69.774],[-24.585,70.304],[-27.475,70.207],[-27.606,71.068],[-25.291,71.569],[-23.754,70.59],[-21.471,70.532],[-21.726,71.405],[-25.073,72.634],[-27.357,72.859],[-24.076,73.756],[-22.82,73.327],[-20.33,73.42],[-19.071,74.609],[-19.194,75.444],[-21.183,76.697],[-18.253,77.3],[-20.777,77.969],[-20.879,78.818],[-14.202,81.21],[-22.053,81.54],[-25.457,82.221],[-22.432,82.743],[-26.421,83.342],[-32.513,83.577],[-49.648,82.478],[-61.122,81.798],[-62.811,81.156],[-63.358,78.236],[-62.449,76.338],[-63.651,76.38],[-66.54,75.971],[-67.619,76.019],[-66.54,75.971],[-63.651,76.38],[-61.507,76.258],[-58.636,75.793],[-54.73,73.038],[-55.626,71.73],[-53.323,71.891],[-51.72,71.59],[-50.573,69.866],[-50.954,68.539],[-50.539,67.488],[-49.473,67.033],[-49.062,64.786],[-47.656,62.795],[-46.133,61.759],[-46.158,60.937],[-47.63,60.597],[-45.622,60.601],[-44.682,60.288],[-44.753,60.031],[-44.467,59.761],[-44.052,60.164],[-43.579,59.936],[-43.015,59.833],[-43.72,60.004],[-43.848,61.058],[-44.258,61.87],[-43.848,64.206],[-42.793,65.403]]]}},{"type":"Feature","id":59,"properties":{"name":null,"subjecto":null,"partof":null,"precision":1},"geometry":{"type":"Polygon","coordinates":[[[-22.729,72.615],[-23.585,72.44],[-22.146,72.027],[-21.882,72.365],[-22.729,72.615]]]}},{"type":"Feature","id":60,"properties":{"name":null,"subjecto":null,"partof":null,"precision":1},"geometry":{"type":"Polygon","coordinates":[[[-54.574,69.609],[-53.551,69.278],[-51.877,69.531],[-54.574,69.609]]]}},{"type":"Feature","id":61,"properties":{"name":null,"subjecto":null,"partof":null,"precision":1},"geometry":{"type":"Polygon","coordinates":[[[-72.03,-71.822],[-73.112,-72.749],[-70.021,-72.672],[-68.63,-72.054],[-68.398,-71.127],[-70.33,-68.963],[-72.394,-69.261],[-71.798,-69.736],[-72.107,-71.05],[-75.275,-71.668],[-74.348,-72.209],[-72.03,-71.822]]]}},{"type":"Feature","id":62,"properties":{"name":null,"subjecto":null,"partof":null,"precision":1},"geometry":{"type":"Polygon","coordinates":[[[-99.692,-71.822],[-101.16,-72.363],[-97.142,-72.672],[-97.22,-71.822],[-99.692,-71.822]]]}},{"type":"Feature","id":63,"properties":{"name":null,"subjecto":null,"partof":null,"precision":1},"geometry":{"type":"Polygon","coordinates":[[[-150.325,-77.098],[-149.429,-77.098],[-149.787,-76.889],[-150.414,-76.83],[-150.951,-76.949],[-150.325,-77.098]]]}},{"type":"Feature","id":64,"properties":{"name":null,"subjecto":null,"partof":null,"precision":1},"geometry":{"type":"Polygon","coordinates":[[[-53.871,-79.936],[-55.185,-80.94],[-44.831,-80.322],[-43.904,-79.781],[-44.213,-78.39],[-48.849,-78.081],[-50.858,-78.699],[-51.708,-79.781],[-53.871,-79.936]]]}},{"type":"Feature","id":65,"properties":{"name":null,"subjecto":null,"partof":null,"precision":1},"geometry":{"type":"Polygon","coordinates":[[[-162.59,-78.815],[-164.058,-79.356],[-160.426,-79.974],[-158.804,-79.665],[-162.59,-78.815]]]}},{"type":"Feature","id":66,"properties":{"name":null,"subjecto":null,"partof":null,"precision":1},"geometry":{"type":"Polygon","coordinates":[[[172.58,-83.844],[162.015,-81.66],[160.577,-81.534],[159.315,-80.027],[160.686,-79.114],[163.643,-78.661],[163.529,-77.74],[162.384,-76.214],[162.346,-75.107],[164.616,-74.172],[168.975,-73.239],[170.729,-71.904],[167.635,-70.865],[162.485,-70.306],[160.599,-70.221],[157.307,-69.156],[154.435,-68.95],[151.093,-68.886],[150.893,-68.538],[146.875,-67.997],[145.586,-67.223],[141.157,-66.722],[134.205,-66.18],[130.272,-66.253],[129.01,-67.03],[122.458,-66.645],[118.286,-67.07],[115.679,-66.414],[114.436,-66.493],[113.015,-65.763],[110.607,-66.059],[109.404,-66.71],[107.622,-66.452],[102.631,-65.926],[100.875,-66.079],[99.654,-66.549],[95.723,-66.529],[90.855,-66.607],[85.523,-66.916],[81.814,-67.302],[78.26,-68.384],[76.869,-69.311],[75.401,-69.466],[72.542,-70.238],[70.301,-72.015],[68.215,-72.402],[67.365,-71.706],[68.138,-71.088],[67.513,-70.464],[68.951,-69.889],[69.773,-68.636],[69.374,-67.843],[62.806,-67.611],[56.627,-66.942],[55.142,-65.963],[52.452,-65.988],[48.967,-66.973],[47.305,-67.775],[44.797,-67.745],[42.561,-68.113],[39.647,-68.934],[39.459,-69.701],[38.332,-70.029],[36.078,-69.591],[33.541,-68.542],[32.748,-69.35],[23.707,-70.586],[19.535,-70.161],[17.603,-70.084],[12.658,-70.315],[10.34,-70.702],[8.485,-70.084],[0.681,-71.32],[-4.882,-71.281],[-7.2,-70.895],[-11.141,-71.59],[-11.828,-72.323],[-16.396,-73.445],[-14.451,-74.065],[-17.168,-74.758],[-18.405,-75.686],[-23.582,-75.918],[-30.227,-76.845],[-33.163,-77.386],[-36.408,-78.622],[-36.408,-79.163],[-29.568,-79.224],[-28.913,-80.476],[-38.031,-80.94],[-43.826,-81.79],[-52.249,-82.022],[-60.207,-82.331],[-67.934,-81.481],[-74.889,-80.708],[-76.643,-80.215],[-76.589,-79.395],[-80.761,-78.236],[-80.687,-77.566],[-74.502,-78.081],[-78.598,-76.613],[-75.932,-76.484],[-70.562,-76.69],[-64.457,-75.686],[-61.367,-73.909],[-60.826,-72.749],[-61.676,-70.818],[-63.839,-68.654],[-65.153,-68.5],[-65.385,-67.341],[-62.371,-65.795],[-61.135,-64.868],[-57.271,-63.709],[-58.121,-63.4],[-60.207,-63.941],[-61.289,-64.482],[-62.912,-64.713],[-64.225,-65.254],[-66.853,-66.8],[-67.703,-66.877],[-67.084,-68.654],[-68.784,-69.813],[-67.084,-71.822],[-67.625,-72.749],[-75.584,-73.754],[-78.52,-73.715],[-80.993,-73.252],[-81.766,-74.024],[-88.565,-73.252],[-93.974,-73.174],[-96.524,-73.329],[-99.788,-72.998],[-101.88,-74.099],[-100.559,-74.466],[-100.045,-75.31],[-105.642,-75.068],[-106.801,-75.377],[-110.557,-75.303],[-113.238,-74.321],[-123.569,-74.836],[-127.123,-74.681],[-128.978,-74.913],[-134.773,-74.643],[-140.568,-75.261],[-146.672,-76.111],[-146.146,-77.457],[-149.995,-77.733],[-154.167,-77.115],[-158.031,-77.27],[-158.185,-77.811],[-154.554,-79.124],[-148.604,-79.665],[-145.668,-80.515],[-148.836,-81.365],[-154.477,-81.056],[-154.554,-82.138],[-152.081,-82.601],[-153.31,-83.942],[-148.759,-85.074],[-156.563,-85.46],[-167.226,-84.765],[-173.871,-84.456],[-180,-84.322],[-180,-90],[-179.204,-90],[-178.204,-90],[-177.204,-90],[-176.204,-90],[-175.204,-90],[-174.204,-90],[-173.204,-90],[-172.204,-90],[-171.204,-90],[-170.204,-90],[-169.204,-90],[-168.204,-90],[-167.204,-90],[-166.204,-90],[-165.204,-90],[-164.204,-90],[-163.204,-90],[-162.204,-90],[-161.204,-90],[-160.204,-90],[-159.204,-90],[-158.204,-90],[-157.204,-90],[-156.204,-90],[-155.204,-90],[-154.204,-90],[-153.204,-90],[-152.204,-90],[-151.204,-90],[-150.204,-90],[-149.204,-90],[-148.204,-90],[-147.204,-90],[-146.204,-90],[-145.204,-90],[-144.204,-90],[-143.204,-90],[-142.204,-90],[-141.204,-90],[-140.204,-90],[-139.204,-90],[-138.204,-90],[-137.204,-90],[-136.204,-90],[-135.204,-90],[-134.204,-90],[-133.204,-90],[-132.204,-90],[-131.204,-90],[-130.204,-90],[-129.204,-90],[-128.204,-90],[-127.204,-90],[-126.204,-90],[-125.204,-90],[-124.204,-90],[-123.204,-90],[-122.204,-90],[-121.204,-90],[-120.204,-90],[-119.204,-90],[-118.204,-90],[-117.204,-90],[-116.204,-90],[-115.204,-90],[-114.204,-90],[-113.204,-90],[-112.204,-90],[-111.204,-90],[-110.204,-90],[-109.204,-90],[-108.204,-90],[-107.204,-90],[-106.204,-90],[-105.204,-90],[-104.204,-90],[-103.204,-90],[-102.204,-90],[-101.204,-90],[-100.204,-90],[-99.204,-90],[-98.204,-90],[-97.204,-90],[-96.204,-90],[-95.204,-90],[-94.204,-90],[-93.204,-90],[-92.204,-90],[-91.204,-90],[-90.204,-90],[-89.204,-90],[-88.204,-90],[-87.204,-90],[-86.204,-90],[-85.204,-90],[-84.204,-90],[-83.204,-90],[-82.204,-90],[-81.204,-90],[-80.204,-90],[-79.204,-90],[-78.204,-90],[-77.204,-90],[-76.204,-90],[-75.204,-90],[-74.204,-90],[-73.204,-90],[-72.204,-90],[-71.204,-90],[-70.204,-90],[-69.204,-90],[-68.204,-90],[-67.204,-90],[-66.204,-90],[-65.204,-90],[-64.204,-90],[-63.204,-90],[-62.204,-90],[-61.204,-90],[-60.204,-90],[-59.204,-90],[-58.204,-90],[-57.204,-90],[-56.204,-90],[-55.204,-90],[-54.204,-90],[-53.204,-90],[-52.204,-90],[-51.204,-90],[-50.204,-90],[-49.204,-90],[-48.204,-90],[-47.204,-90],[-46.204,-90],[-45.204,-90],[-44.204,-90],[-43.204,-90],[-42.204,-90],[-41.204,-90],[-40.204,-90],[-39.204,-90],[-38.204,-90],[-37.204,-90],[-36.204,-90],[-35.204,-90],[-34.204,-90],[-33.204,-90],[-32.204,-90],[-31.204,-90],[-30.204,-90],[-29.204,-90],[-28.204,-90],[-27.204,-90],[-26.204,-90],[-25.204,-90],[-24.204,-90],[-23.204,-90],[-22.204,-90],[-21.204,-90],[-20.204,-90],[-19.204,-90],[-18.204,-90],[-17.204,-90],[-16.204,-90],[-15.204,-90],[-14.204,-90],[-13.204,-90],[-12.204,-90],[-11.204,-90],[-10.204,-90],[-9.204,-90],[-8.204,-90],[-7.204,-90],[-6.204,-90],[-5.204,-90],[-4.204,-90],[-3.204,-90],[-2.204,-90],[-1.204,-90],[-0.204,-90],[0.778,-90],[1.778,-90],[2.778,-90],[3.778,-90],[4.778,-90],[5.778,-90],[6.778,-90],[7.778,-90],[8.778,-90],[9.778,-90],[10.778,-90],[11.778,-90],[12.778,-90],[13.778,-90],[14.778,-90],[15.778,-90],[16.778,-90],[17.778,-90],[18.778,-90],[19.778,-90],[20.778,-90],[21.778,-90],[22.778,-90],[23.778,-90],[24.778,-90],[25.778,-90],[26.778,-90],[27.778,-90],[28.778,-90],[29.778,-90],[30.778,-90],[31.778,-90],[32.778,-90],[33.778,-90],[34.778,-90],[35.778,-90],[36.778,-90],[37.778,-90],[38.778,-90],[39.778,-90],[40.778,-90],[41.778,-90],[42.778,-90],[43.778,-90],[44.778,-90],[45.778,-90],[46.778,-90],[47.778,-90],[48.778,-90],[49.778,-90],[50.778,-90],[51.778,-90],[52.778,-90],[53.778,-90],[54.778,-90],[55.778,-90],[56.778,-90],[57.778,-90],[58.778,-90],[59.778,-90],[60.778,-90],[61.778,-90],[62.778,-90],[63.778,-90],[64.778,-90],[65.778,-90],[66.778,-90],[67.778,-90],[68.778,-90],[69.778,-90],[70.778,-90],[71.778,-90],[72.778,-90],[73.778,-90],[74.778,-90],[75.778,-90],[76.778,-90],[77.778,-90],[78.778,-90],[79.778,-90],[80.778,-90],[81.778,-90],[82.778,-90],[83.778,-90],[84.778,-90],[85.778,-90],[86.778,-90],[87.778,-90],[88.778,-90],[89.778,-90],[89.796,-90],[90.778,-90],[91.778,-90],[92.778,-90],[93.778,-90],[94.778,-90],[95.778,-90],[96.778,-90],[97.778,-90],[98.778,-90],[99.778,-90],[100.778,-90],[101.778,-90],[102.778,-90],[103.778,-90],[104.778,-90],[105.778,-90],[106.778,-90],[107.778,-90],[108.778,-90],[109.778,-90],[110.778,-90],[111.778,-90],[112.778,-90],[113.778,-90],[114.778,-90],[115.778,-90],[116.778,-90],[117.778,-90],[118.778,-90],[119.778,-90],[120.778,-90],[121.778,-90],[122.778,-90],[123.778,-90],[124.778,-90],[125.778,-90],[126.778,-90],[127.778,-90],[128.778,-90],[129.778,-90],[130.778,-90],[131.778,-90],[132.778,-90],[133.778,-90],[134.778,-90],[135.778,-90],[136.778,-90],[137.778,-90],[138.778,-90],[139.778,-90],[140.778,-90],[141.778,-90],[142.778,-90],[143.778,-90],[144.778,-90],[145.778,-90],[146.778,-90],[147.778,-90],[148.778,-90],[149.778,-90],[150.778,-90],[151.778,-90],[152.778,-90],[153.778,-90],[154.778,-90],[155.778,-90],[156.778,-90],[157.778,-90],[158.778,-90],[159.778,-90],[160.778,-90],[161.778,-90],[162.778,-90],[163.778,-90],[164.778,-90],[165.778,-90],[166.778,-90],[167.778,-90],[168.778,-90],[169.778,-90],[170.778,-90],[171.778,-90],[172.778,-90],[173.778,-90],[174.778,-90],[175.778,-90],[176.778,-90],[177.778,-90],[178.778,-90],[179.778,-90],[179.796,-90],[172.58,-83.844]]]}},{"type":"Feature","id":67,"properties":{"name":"Hainan","subjecto":"Hainan","partof":"Hainan","precision":1},"geometry":{"type":"Polygon","coordinates":[[[109.55,19.914],[108.577,19.187],[108.652,18.482],[109.43,18.097],[110.263,18.626],[110.617,20.017],[109.55,19.914]]]}},{"type":"Feature","id":68,"properties":{"name":null,"subjecto":null,"partof":null,"precision":1},"geometry":{"type":"Polygon","coordinates":[[[143.446,-3.61],[139.592,-2.379],[137.854,-1.614],[136.271,-2.418],[135.734,-3.252],[135.246,-3.539],[134.283,-2.855],[133.983,-2.01],[133.907,-1.006],[132.254,-0.527],[131.211,-1.025],[131.064,-1.54],[131.816,-1.665],[132.719,-2.934],[132.713,-3.888],[134.041,-3.948],[134.777,-4.309],[137.385,-5.123],[137.824,-5.427],[139.156,-7.725],[139.112,-8.323],[139.977,-8.238],[140.948,-9.274],[142.607,-9.377],[143.331,-9],[143.437,-8.358],[144.38,-7.758],[145.82,-8.098],[146.646,-9.279],[147.874,-10.179],[149.783,-10.41],[149.83,-9.711],[148.589,-9.16],[148.035,-8.246],[147.376,-7.796],[146.909,-6.895],[147.664,-6.791],[147.376,-6.125],[145.593,-5.423],[145.728,-4.997],[143.446,-3.61]]]}},{"type":"Feature","id":69,"properties":{"name":null,"subjecto":null,"partof":null,"precision":1},"geometry":{"type":"Polygon","coordinates":[[[149.413,-5.739],[149.554,-6.406],[151.056,-6.015],[152.059,-5.498],[151.588,-4.902],[150.887,-5.52],[149.413,-5.739]]]}},{"type":"Feature","id":70,"properties":{"name":null,"subjecto":null,"partof":null,"precision":1},"geometry":{"type":"Polygon","coordinates":[[[125.29,-8.702],[123.665,-9.748],[124.154,-10.205],[125.212,-9.395],[126.873,-8.807],[125.29,-8.702]]]}},{"type":"Feature","id":71,"properties":{"name":null,"subjecto":null,"partof":null,"precision":1},"geometry":{"type":"Polygon","coordinates":[[[127.852,1.268],[127.424,0.982],[127.636,-0.308],[128.19,0.627],[127.852,1.268]]]}},{"type":"Feature","id":72,"properties":{"name":null,"subjecto":null,"partof":null,"precision":1},"geometry":{"type":"Polygon","coordinates":[[[120.549,-8.935],[120.565,-8.388],[119.853,-8.574],[119.935,-8.936],[120.549,-8.935]]]}},{"type":"Feature","id":73,"properties":{"name":null,"subjecto":null,"partof":null,"precision":1},"geometry":{"type":"Polygon","coordinates":[[[128.523,-3.464],[128.915,-3.254],[129.487,-3.596],[129.743,-2.979],[129.168,-3.139],[128.153,-2.97],[128.523,-3.464]]]}},{"type":"Feature","id":74,"properties":{"name":null,"subjecto":null,"partof":null,"precision":1},"geometry":{"type":"Polygon","coordinates":[[[138.584,-8.228],[138.193,-7.676],[137.676,-8.459],[138.297,-8.541],[138.584,-8.228]]]}},{"type":"Feature","id":75,"properties":{"name":null,"subjecto":null,"partof":null,"precision":1},"geometry":{"type":"Polygon","coordinates":[[[119.946,-9.591],[119.41,-9.872],[120.182,-10.347],[120.462,-9.926],[119.946,-9.591]]]}},{"type":"Feature","id":76,"properties":{"name":null,"subjecto":null,"partof":null,"precision":1},"geometry":{"type":"Polygon","coordinates":[[[122.733,0.673],[120.767,1.139],[119.914,0.54],[119.205,-1.432],[119.175,-2.176],[118.684,-2.901],[118.791,-3.663],[119.461,-3.808],[119.477,-5.804],[120.248,-5.586],[120.144,-3.076],[120.999,-3.049],[120.881,-3.716],[121.508,-4.236],[121.873,-4.96],[122.641,-4.284],[122.19,-3.847],[122.258,-3.211],[121.265,-2.101],[122.223,-1.654],[122.757,-1.094],[121.461,-0.989],[121.055,-1.549],[120.507,-1.448],[119.873,-0.465],[120.337,0.356],[122.983,0.375],[123.472,0.153],[123.826,0.739],[122.733,0.673]]]}},{"type":"Feature","id":77,"properties":{"name":null,"subjecto":null,"partof":null,"precision":1},"geometry":{"type":"Polygon","coordinates":[[[15.237,79.589],[11.284,79.707],[11.76,78.88],[16.617,78.467],[13.905,78],[15.099,77.115],[17.267,76.813],[19.116,78.455],[20.908,78.809],[17.834,79.809],[15.237,79.589]]]}},{"type":"Feature","id":78,"properties":{"name":null,"subjecto":null,"partof":null,"precision":1},"geometry":{"type":"Polygon","coordinates":[[[19.218,79.74],[20.998,79.191],[23.821,79.147],[27.197,79.944],[24.783,80.38],[20.524,80.322],[19.218,79.74]]]}},{"type":"Feature","id":79,"properties":{"name":"Simhala","subjecto":"Simhala","partof":"Simhala","precision":1},"geometry":{"type":"Polygon","coordinates":[[[79.724,8.417],[79.854,7.061],[80.222,6.058],[81.203,6.079],[81.866,7.085],[80.662,9.299],[80.178,9.445],[79.724,8.417]]]}},{"type":"Feature","id":80,"properties":{"name":"Maya chiefdoms and states","subjecto":"Maya chiefdoms and states","partof":"Maya chiefdoms and states","precision":1},"geometry":{"type":"Polygon","coordinates":[[[-87.571,15.908],[-88.664,15.726],[-88.3,17.635],[-87.877,18.381],[-87.651,20.19],[-86.936,20.976],[-87.201,21.529],[-88.334,21.59],[-90.278,21.141],[-90.673,20.676],[-90.935,19.382],[-91.702,18.823],[-92.938,18.586],[-93.144,16.982],[-93.588,15.741],[-91.516,14.059],[-90.105,13.753],[-88.243,14.836],[-87.571,15.908]]]}},{"type":"Feature","id":81,"properties":{"name":"Paleo-Inuit","subjecto":"Paleo-Inuit","partof":"Paleo-Inuit","precision":1},"geometry":{"type":"Polygon","coordinates":[[[-57.86,49.988],[-58.652,48.376],[-58.091,47.763],[-56.804,47.616],[-56.079,47.865],[-53.896,47.557],[-54.125,47.113],[-53.07,46.731],[-52.729,47.455],[-54.13,48.836],[-56.662,50.056],[-55.557,51.326],[-56.702,51.185],[-57.86,49.988]]]}},{"type":"Feature","id":82,"properties":{"name":null,"subjecto":null,"partof":null,"precision":1},"geometry":{"type":"Polygon","coordinates":[[[-60.428,46.743],[-61.381,46.331],[-61.025,45.67],[-59.807,46.081],[-60.428,46.743]]]}},{"type":"Feature","id":83,"properties":{"name":null,"subjecto":null,"partof":null,"precision":1},"geometry":null},{"type":"Feature","id":84,"properties":{"name":null,"subjecto":null,"partof":null,"precision":1},"geometry":{"type":"Polygon","coordinates":[[[-74.236,-43.368],[-73.771,-43.509],[-73.696,-43.386],[-74.236,-43.368]]]}},{"type":"Feature","id":85,"properties":{"name":null,"subjecto":null,"partof":null,"precision":1},"geometry":{"type":"Polygon","coordinates":[[[-6.072,53.974],[-6.018,55.093],[-8.345,55.095],[-8.59,54.203],[-9.892,54.326],[-9.81,53.632],[-9.158,53.221],[-9.891,52.194],[-9.819,51.435],[-8.565,51.615],[-7.751,52.033],[-6.406,52.214],[-6.043,52.893],[-6.072,53.974]]]}},{"type":"Feature","id":86,"properties":{"name":"Dumonii","subjecto":"Dumonii","partof":"Dumonii","precision":1},"geometry":{"type":"Polygon","coordinates":[[[-3.189,51.179],[-4.281,51.187],[-4.541,50.358],[-3.132,50.655],[-3.189,51.179]]]}},{"type":"Feature","id":87,"properties":{"name":null,"subjecto":null,"partof":null,"precision":1},"geometry":null},{"type":"Feature","id":88,"properties":{"name":null,"subjecto":null,"partof":null,"precision":1},"geometry":null},{"type":"Feature","id":89,"properties":{"name":null,"subjecto":null,"partof":null,"precision":1},"geometry":{"type":"Polygon","coordinates":[[[-66.906,17.936],[-65.967,18.027],[-65.808,18.174],[-66.906,17.936]]]}},{"type":"Feature","id":90,"properties":{"name":null,"subjecto":null,"partof":null,"precision":1},"geometry":null},{"type":"Feature","id":91,"properties":{"name":"Moche","subjecto":"Moche","partof":"Moche","precision":1},"geometry":{"type":"Polygon","coordinates":[[[-76.649,-12.842],[-75.989,-12.194],[-76.358,-10.966],[-77.402,-9.676],[-78.57,-7.095],[-79.491,-6.113],[-79.614,-5.498],[-80.351,-5.314],[-80.888,-5.9],[-80.066,-6.756],[-79.06,-8.216],[-77.759,-10.659],[-76.649,-12.842]]]}},{"type":"Feature","id":92,"properties":{"name":null,"subjecto":null,"partof":null,"precision":1},"geometry":{"type":"MultiPolygon","coordinates":[[[[-90.105,13.753],[-88.638,13.255],[-87.949,13.172],[-86.014,11.368],[-85.621,10.827],[-85.778,10.138],[-85.089,9.583],[-83.615,9.152],[-83.605,8.548],[-82.956,8.257],[-81.664,8.165],[-80.814,7.27],[-79.717,8.883],[-79.068,9.034],[-78.184,8.413],[-78.265,7.886],[-77.4,6.67],[-77.5,5.514],[-77.106,3.792],[-77.802,2.577],[-78.468,2.467],[-78.492,1.921],[-78.984,1.297],[-80.086,0.818],[-80.339,-0.663],[-80.966,-1.033],[-80.741,-2.119],[-80.144,-3.414],[-81.304,-4.332],[-81.418,-4.675],[-80.888,-5.9],[-80.351,-5.314],[-79.614,-5.498],[-79.491,-6.113],[-78.57,-7.095],[-77.402,-9.676],[-76.358,-10.966],[-75.989,-12.194],[-76.649,-12.842],[-76.238,-13.568],[-75.564,-12.873],[-74.218,-14.295],[-73.89,-14.855],[-74.383,-15.823],[-75.231,-15.222],[-76.053,-14.41],[-75.231,-15.222],[-74.621,-15.665],[-74.05,-16.045],[-71.612,-17.221],[-71.365,-17.697],[-70.584,-18.083],[-70.209,-19.067],[-70.148,-20.268],[-69.071,-20.066],[-68.133,-19.349],[-66.595,-19.145],[-65.906,-18.311],[-64.662,-16.805],[-64.194,-14.695],[-69.045,-8.236],[-70.158,-5.735],[-66.408,3.042],[-62.659,4.153],[-58.558,3.978],[-55.862,1.696],[-55.804,0.876],[-57.972,-0.589],[-58.44,-2.288],[-56.331,-4.335],[-54.163,-4.627],[-49.066,-4.744],[-45.375,-3.165],[-44.584,-3.326],[-44.462,-2.269],[-44.796,-1.736],[-47.237,-0.68],[-48.043,-0.816],[-48.39,-1.414],[-49.221,-2.108],[-50.643,-1.882],[-50.977,-1.114],[-52.022,-1.568],[-51.529,-0.429],[-50.647,0.272],[-49.884,1.214],[-49.969,1.728],[-50.688,2.216],[-51.209,4.071],[-51.71,4.228],[-53.027,5.427],[-54.286,5.882],[-56.746,6.003],[-58.575,6.984],[-58.617,7.499],[-59.834,8.44],[-60.957,8.587],[-61.121,9.165],[-61.29,8.771],[-63.065,8.325],[-65.965,8.18],[-70.682,8.557],[-71.182,9.277],[-71.605,9.092],[-72.114,9.904],[-71.688,10.769],[-71.988,11.608],[-71.189,11.912],[-71.698,12.428],[-72.38,11.81],[-73.362,11.325],[-74.219,11.368],[-75.45,10.628],[-75.703,9.426],[-76.764,8.693],[-77.678,8.961],[-78.266,9.386],[-79.5,9.638],[-80.962,8.865],[-82.23,9.047],[-82.326,9.445],[-83.204,10.2],[-83.914,11.251],[-83.662,13.705],[-83.314,14.768],[-84.65,15.933],[-86.372,15.803],[-87.571,15.908],[-88.243,14.836],[-90.105,13.753]]],[[[-50.609,-30.302],[-51.232,-30.265],[-51.445,-31.015],[-52.042,-31.557],[-52.14,-31.741],[-52.351,-32.675],[-54.074,-34.648],[-54.622,-34.922],[-56.338,-34.995],[-57.348,-34.508],[-58.523,-34.587],[-57.348,-34.508],[-56.338,-34.995],[-54.622,-34.922],[-54.074,-34.648],[-52.351,-32.675],[-52.042,-31.557],[-51.445,-31.015],[-51.232,-30.265],[-50.609,-30.302]]],[[[-62.351,-39.333],[-61.361,-39.031],[-59.515,-38.875],[-57.809,-38.386],[-56.698,-36.944],[-57.809,-38.386],[-59.515,-38.875],[-61.361,-39.031],[-62.351,-39.333]]],[[[-69.077,-51.499],[-69.041,-50.562],[-67.833,-49.968],[-67.578,-49.059],[-66.078,-48.142],[-65.781,-47.712],[-66.078,-48.142],[-67.578,-49.059],[-67.833,-49.968],[-69.041,-50.562],[-69.115,-51.352],[-69.077,-51.499]]],[[[-73.464,-41.787],[-72.587,-41.618],[-72.728,-41.553],[-73.464,-41.787]]],[[[-48.722,-25.534],[-46.206,-23.883],[-45.459,-23.856],[-44.561,-22.99],[-43.815,-22.957],[-43.606,-23.007],[-43.262,-23.032],[-42.967,-23.031],[-41.958,-22.921],[-41.929,-22.546],[-40.984,-22.086],[-40.933,-21.279],[-39.691,-19.409],[-39.801,-18.748],[-39.484,-17.998],[-39.801,-18.748],[-39.691,-19.409],[-40.933,-21.279],[-40.984,-22.086],[-41.929,-22.546],[-41.958,-22.921],[-42.527,-22.954],[-43.236,-23.032],[-43.815,-22.957],[-44.561,-22.99],[-45.459,-23.856],[-46.206,-23.883],[-48.722,-25.534]]],[[[-48.586,-27.211],[-48.797,-28.476],[-49.936,-29.627],[-50.469,-30.74],[-51.117,-31.472],[-50.469,-30.74],[-49.936,-29.627],[-48.937,-28.698],[-48.728,-28.367],[-48.564,-27.681],[-48.586,-27.211]]]]}},{"type":"Feature","id":93,"properties":{"name":null,"subjecto":null,"partof":null,"precision":1},"geometry":{"type":"MultiPolygon","coordinates":[]}},{"type":"Feature","id":94,"properties":{"name":null,"subjecto":null,"partof":null,"precision":1},"geometry":{"type":"Polygon","coordinates":[[[-61.735,10.734],[-61.536,10.036],[-61.207,10.118],[-61.237,10.63],[-61.735,10.734]]]}},{"type":"Feature","id":95,"properties":{"name":null,"subjecto":null,"partof":null,"precision":1},"geometry":{"type":"Polygon","coordinates":[[[54.479,73.519],[56.96,73.357],[60.887,75.247],[66.548,75.98],[65.926,76.507],[59.018,75.799],[56.995,75.273],[54.479,73.519]]]}},{"type":"Feature","id":96,"properties":{"name":null,"subjecto":null,"partof":null,"precision":1},"geometry":{"type":"Polygon","coordinates":[[[55.181,73.266],[53.502,73.137],[53.089,72.473],[51.482,71.845],[54.308,71.206],[53.729,70.765],[57.238,70.691],[55.721,71.642],[55.181,73.266]]]}},{"type":"Feature","id":97,"properties":{"name":null,"subjecto":null,"partof":null,"precision":1},"geometry":{"type":"Polygon","coordinates":[[[10.558,57.745],[9.849,57.582],[9.079,57.037],[10.257,57.006],[10.558,57.745]]]}},{"type":"Feature","id":98,"properties":{"name":null,"subjecto":null,"partof":null,"precision":1},"geometry":{"type":"Polygon","coordinates":[[[11.585,55.162],[12.43,55.245],[12.444,55.968],[11.102,55.634],[11.585,55.162]]]}},{"type":"Feature","id":99,"properties":{"name":null,"subjecto":null,"partof":null,"precision":1},"geometry":null},{"type":"Feature","id":100,"properties":{"name":null,"subjecto":null,"partof":null,"precision":1},"geometry":{"type":"Polygon","coordinates":[[[-75.988,82.342],[-78.698,83.003],[-84.947,82.379],[-90.503,82.007],[-89.193,81.096],[-84.793,80.782],[-80.088,81.022],[-77.521,80.75],[-75.988,82.342]]]}},{"type":"Feature","id":101,"properties":{"name":null,"subjecto":null,"partof":null,"precision":1},"geometry":{"type":"MultiPolygon","coordinates":[[[[-105.601,71.045],[-104.467,71.655],[-105.313,72.65],[-108.182,73.383],[-108.986,72.73],[-111.726,72.331],[-114.647,73.355],[-116.934,72.902],[-114.038,72.064],[-110.347,71.197],[-105.601,71.045]]],[[[-113.152,68.596],[-110.448,68.653],[-107.536,69.057],[-106.854,69.451],[-104.188,68.898],[-101.808,69.136],[-104.188,68.898],[-106.854,69.451],[-107.536,69.057],[-110.448,68.653],[-113.152,68.596]]]]}},{"type":"Feature","id":102,"properties":{"name":null,"subjecto":null,"partof":null,"precision":1},"geometry":{"type":"MultiPolygon","coordinates":[[[[-174.193,66.288],[-175.062,66.765],[-175.475,67.669],[-178.891,68.642],[-175.514,67.669],[-175.101,66.765],[-174.193,66.288]]],[[[-173.025,64.506],[-172.398,65.02],[-173.043,65.806],[-172.437,65.02],[-173.025,64.506]]]]}},{"type":"Feature","id":103,"properties":{"name":null,"subjecto":null,"partof":null,"precision":1},"geometry":{"type":"Polygon","coordinates":[[[-87.504,80.228],[-92.025,81.259],[-96.433,79.933],[-92.702,78.434],[-89.121,78.344],[-87.165,79.126],[-87.504,80.228]]]}},{"type":"Feature","id":104,"properties":{"name":null,"subjecto":null,"partof":null,"precision":1},"geometry":{"type":"Polygon","coordinates":[[[-125.828,72.076],[-123.468,71.199],[-120.843,71.53],[-120.454,72.299],[-115.654,73.633],[-117.336,74.167],[-121.655,73.995],[-117.686,73.215],[-120.454,72.299],[-120.843,71.53],[-123.468,71.199],[-125.828,72.076]]]}},{"type":"Feature","id":105,"properties":{"name":null,"subjecto":null,"partof":null,"precision":1},"geometry":{"type":"Polygon","coordinates":[[[-88.144,74.569],[-81.468,74.581],[-82.936,74.684],[-88.144,74.569]]]}},{"type":"Feature","id":106,"properties":{"name":null,"subjecto":null,"partof":null,"precision":1},"geometry":{"type":"Polygon","coordinates":[[[-113.845,76.217],[-116.296,76.238],[-115.186,75.154],[-112.203,74.5],[-109.07,75.133],[-105.773,75.23],[-105.917,76.022],[-111.386,75.66],[-113.845,76.217]]]}},{"type":"Feature","id":107,"properties":{"name":null,"subjecto":null,"partof":null,"precision":1},"geometry":{"type":"Polygon","coordinates":[[[-85.157,63.185],[-83.517,64.052],[-82.198,63.69],[-80.368,63.679],[-82.198,63.69],[-83.517,64.052],[-85.157,63.185]]]}},{"type":"Feature","id":108,"properties":{"name":null,"subjecto":null,"partof":null,"precision":1},"geometry":{"type":"Polygon","coordinates":[[[-101.654,72.373],[-98.372,71.37],[-100.319,72.14],[-101.654,72.373]]]}},{"type":"Feature","id":109,"properties":{"name":null,"subjecto":null,"partof":null,"precision":1},"geometry":{"type":"Polygon","coordinates":[[[-128.343,50.668],[-127.385,50.05],[-126.522,49.822],[-128.343,50.668]]]}},{"type":"Feature","id":110,"properties":{"name":null,"subjecto":null,"partof":null,"precision":1},"geometry":{"type":"Polygon","coordinates":[[[-122.151,76.582],[-120.1,75.978],[-118.736,76.938],[-122.151,76.582]]]}},{"type":"Feature","id":111,"properties":{"name":null,"subjecto":null,"partof":null,"precision":1},"geometry":{"type":"Polygon","coordinates":[[[-102.564,78.31],[-99.892,78.658],[-102.569,79.016],[-104.966,78.534],[-102.564,78.31]]]}},{"type":"Feature","id":112,"properties":{"name":null,"subjecto":null,"partof":null,"precision":1},"geometry":null},{"type":"Feature","id":113,"properties":{"name":null,"subjecto":null,"partof":null,"precision":1},"geometry":{"type":"Polygon","coordinates":[[[-101.578,75.687],[-98.002,75.162],[-97.817,76.476],[-101.885,76.333],[-101.578,75.687]]]}},{"type":"Feature","id":114,"properties":{"name":null,"subjecto":null,"partof":null,"precision":1},"geometry":null},{"type":"Feature","id":115,"properties":{"name":null,"subjecto":null,"partof":null,"precision":1},"geometry":{"type":"Polygon","coordinates":[[[-97.31,78.822],[-97.46,78.101],[-95.097,78.438],[-97.31,78.822]]]}},{"type":"Feature","id":116,"properties":{"name":null,"subjecto":null,"partof":null,"precision":1},"geometry":null},{"type":"Feature","id":117,"properties":{"name":null,"subjecto":null,"partof":null,"precision":1},"geometry":{"type":"Polygon","coordinates":[[[-153.731,57.427],[-154.189,57.631],[-154.593,57.145],[-153.878,56.941],[-152.679,57.765],[-153.396,57.804],[-153.731,57.427]]]}},{"type":"Feature","id":118,"properties":{"name":null,"subjecto":null,"partof":null,"precision":1},"geometry":{"type":"Polygon","coordinates":[[[-170.723,63.688],[-169.903,63.075],[-169.333,63.397],[-170.723,63.688]]]}},{"type":"Feature","id":119,"properties":{"name":null,"subjecto":null,"partof":null,"precision":1},"geometry":{"type":"Polygon","coordinates":[[[-96.277,76.733],[-95.873,76.513],[-93.875,76.627],[-96.277,76.733]]]}},{"type":"Feature","id":120,"properties":{"name":null,"subjecto":null,"partof":null,"precision":1},"geometry":null},{"type":"Feature","id":121,"properties":{"name":null,"subjecto":null,"partof":null,"precision":1},"geometry":{"type":"Polygon","coordinates":[[[-113.16,77.792],[-110.62,77.537],[-110.71,78.023],[-113.16,77.792]]]}},{"type":"Feature","id":122,"properties":{"name":null,"subjecto":null,"partof":null,"precision":1},"geometry":{"type":"Polygon","coordinates":[[[-160.528,55.542],[-161.318,55.879],[-162.585,55.389],[-160.528,55.542]]]}},{"type":"Feature","id":123,"properties":{"name":null,"subjecto":null,"partof":null,"precision":1},"geometry":{"type":"Polygon","coordinates":[[[-154.948,19.483],[-155.931,20.284],[-156.034,19.106],[-154.948,19.483]]]}},{"type":"Feature","id":124,"properties":{"name":null,"subjecto":null,"partof":null,"precision":1},"geometry":{"type":"Polygon","coordinates":[[[-164.131,54.906],[-165.01,54.528],[-164.564,54.334],[-164.131,54.906]]]}},{"type":"Feature","id":125,"properties":{"name":null,"subjecto":null,"partof":null,"precision":1},"geometry":{"type":"Polygon","coordinates":[[[-136.025,58.215],[-136.596,57.905],[-135.115,57.675],[-135.325,58.093],[-136.025,58.215]]]}},{"type":"Feature","id":126,"properties":{"name":null,"subjecto":null,"partof":null,"precision":1},"geometry":{"type":"Polygon","coordinates":[[[-132.997,53.651],[-132.569,53.28],[-131.999,53.794],[-132.997,53.651]]]}},{"type":"Feature","id":127,"properties":{"name":null,"subjecto":null,"partof":null,"precision":1},"geometry":{"type":"MultiPolygon","coordinates":[[[[-110.527,27.762],[-109.132,26.289],[-108.848,25.615],[-108.013,24.981],[-105.54,22.285],[-105.291,20.67],[-105.67,20.352],[-104.948,19.438],[-104.197,19.058],[-103.494,18.354],[-101.993,18.027],[-101.221,17.418],[-99.979,16.893],[-98.856,16.597],[-97.881,16.052],[-96.333,15.75],[-95.13,16.299],[-94.075,16.111],[-93.588,15.741],[-93.144,16.982],[-92.938,18.586],[-94.242,18.24],[-95.083,18.702],[-96.012,18.929],[-97.504,21.189],[-97.882,22.333],[-97.822,24.143],[-100.357,23.97],[-104.224,25.116],[-107.564,27.765],[-109.937,28.204],[-110.527,27.762]],[[-99.016,16.824],[-99.211,17.711],[-98.587,17.988],[-97.061,18.057],[-96.188,17.88],[-95.432,17.433],[-95.501,16.532],[-96.437,16.22],[-97.685,16.393],[-99.016,16.824]],[[-99.142,18.924],[-99.909,19.027],[-100.755,19.588],[-101.009,20.277],[-100.494,20.9],[-99.107,20.586],[-98.483,19.802],[-98.622,19.206],[-99.142,18.924]]],[[[-97.658,25.073],[-97.823,24.208],[-97.425,25.442],[-97.658,25.073]]],[[[-120.132,34.519],[-120.529,34.508],[-119.42,34.369],[-120.132,34.519]]],[[[-94.797,29.563],[-93.446,29.768],[-92.117,29.542],[-93.446,29.768],[-94.118,29.693],[-94.797,29.563]]],[[[-96.577,28.426],[-96.831,28.158],[-97.115,28.107],[-97.206,28.074],[-97.568,27.909],[-96.831,28.158],[-96.577,28.426]]],[[[-55.824,52.021],[-56.964,51.488],[-58.524,51.379],[-60.138,50.412],[-61.64,50.277],[-66.373,50.314],[-66.855,50.089],[-67.096,49.826],[-67.318,49.425],[-68.307,49.227],[-69.507,48.459],[-70.871,47.05],[-69.507,48.459],[-68.307,49.227],[-67.318,49.425],[-66.373,50.314],[-61.64,50.277],[-60.138,50.412],[-58.524,51.379],[-56.964,51.488],[-55.824,52.021]]]]}},{"type":"Feature","id":128,"properties":{"name":"Monte Albán","subjecto":"Monte Albán","partof":"Monte Albán","precision":1},"geometry":{"type":"Polygon","coordinates":[[[-99.016,16.824],[-97.685,16.393],[-96.437,16.22],[-95.501,16.532],[-95.432,17.433],[-96.188,17.88],[-97.061,18.057],[-98.587,17.988],[-99.211,17.711],[-99.016,16.824]]]}},{"type":"Feature","id":129,"properties":{"name":"Axum","subjecto":"Axum","partof":"Axum","precision":1},"geometry":{"type":"Polygon","coordinates":[[[42.079,13.861],[41.761,13.886],[40.739,14.919],[39.518,15.463],[38.305,15.058],[37.804,14.223],[37.888,13.555],[38.305,13.222],[40.475,13.055],[42.355,13.271],[42.079,13.861]]]}},{"type":"Feature","id":130,"properties":{"name":null,"subjecto":null,"partof":null,"precision":1},"geometry":{"type":"Polygon","coordinates":[[[44.037,-24.989],[45.576,-25.621],[46.855,-25.218],[47.258,-24.766],[48.087,-22.044],[49.342,-18.228],[49.425,-17.198],[49.898,-16.46],[49.425,-17.198],[49.342,-18.228],[48.087,-22.044],[47.258,-24.766],[46.855,-25.218],[45.576,-25.621],[44.037,-24.989]]]}},{"type":"Feature","id":131,"properties":{"name":null,"subjecto":null,"partof":null,"precision":1},"geometry":{"type":"Polygon","coordinates":[[[130.135,32.023],[130.219,31.56],[131.319,31.511],[131.831,32.693],[131.67,33.309],[130.427,33.674],[129.343,33.151],[130.135,32.023]]]}},{"type":"Feature","id":132,"properties":{"name":null,"subjecto":null,"partof":null,"precision":1},"geometry":{"type":"Polygon","coordinates":[[[133.603,34.036],[132.784,33.908],[132.121,33.348],[132.97,32.765],[133.517,33.395],[133.999,33.148],[134.54,34.013],[133.603,34.036]]]}},{"type":"Feature","id":133,"properties":{"name":null,"subjecto":null,"partof":null,"precision":1},"geometry":null},{"type":"Feature","id":134,"properties":{"name":null,"subjecto":null,"partof":null,"precision":1},"geometry":null},{"type":"Feature","id":135,"properties":{"name":null,"subjecto":null,"partof":null,"precision":1},"geometry":{"type":"Polygon","coordinates":[[[135.446,33.507],[135.756,33.342],[136.734,34.874],[137.248,34.482],[138.149,34.528],[139.423,35.166],[140.317,35.034],[140.656,36.618],[140.964,36.956],[140.872,37.917],[141.496,38.422],[141.998,39.672],[141.153,40.865],[140.386,40.986],[139.915,40.575],[140.03,39.483],[139.198,37.92],[138.317,37.206],[137.176,36.643],[136.668,36.667],[135.978,35.973],[135.157,35.646],[133.006,35.254],[132.663,35.381],[130.899,33.904],[131.995,33.804],[132.481,34.129],[134.427,34.628],[135.446,33.507]]]}},{"type":"Feature","id":136,"properties":{"name":"Suren Kingdom","subjecto":"Suren Kingdom","partof":"Suren Kingdom","precision":1},"geometry":{"type":"Polygon","coordinates":[[[66.432,25.489],[67.387,28.226],[70.287,31.288],[74.14,32.608],[74.751,33.655],[74.227,34.179],[73.093,34.615],[70.563,34.877],[62.797,34.615],[59.568,27.286],[59.302,25.34],[60.48,25.298],[61.344,25.027],[64.425,25.173],[66.432,25.489]]]}},{"type":"Feature","id":137,"properties":{"name":null,"subjecto":null,"partof":null,"precision":1},"geometry":{"type":"Polygon","coordinates":[[[101.474,1.548],[100.732,1.871],[99.858,2.904],[98.146,4.07],[97.384,5.18],[96.187,5.146],[95.191,5.41],[95.561,4.534],[96.394,3.647],[96.72,3.705],[97.509,2.74],[97.597,2.251],[98.601,1.707],[99.113,0.221],[99.697,-0.152],[100.65,-1.631],[100.812,-2.336],[102.111,-3.604],[102.462,-4.182],[103.523,-4.999],[104.568,-6.071],[105.187,-5.542],[105.728,-5.827],[105.711,-4.105],[105.943,-3.215],[105.445,-2.599],[104.352,-1.89],[104.298,-1.363],[103.238,-0.659],[103.722,0.015],[103.24,0.459],[102.472,0.623],[101.868,1.435],[101.474,1.548]]]}},{"type":"Feature","id":138,"properties":{"name":null,"subjecto":null,"partof":null,"precision":1},"geometry":{"type":"Polygon","coordinates":[[[112.301,2.874],[111.372,2.599],[110.818,1.244],[109.282,1.883],[108.814,0.808],[109.158,-0.075],[109.179,-0.869],[109.941,-1.643],[110.102,-3.079],[111.436,-2.974],[112.578,-3.423],[112.795,-2.971],[113.744,-3.598],[114.099,-3.35],[114.712,-4.206],[115.568,-3.804],[116.349,-2.417],[116.046,-1.934],[117.046,-0.935],[117.534,0.611],[118.517,1.166],[117.696,1.901],[117.829,2.314],[117.074,3.507],[117.589,4.048],[118.391,4.374],[119.043,5.17],[118.377,5.639],[117.37,5.789],[117.507,6.393],[116.596,6.899],[115.787,5.74],[114.878,4.856],[113.815,4.263],[112.952,3.155],[112.301,2.874]]]}},{"type":"Feature","id":139,"properties":{"name":null,"subjecto":null,"partof":null,"precision":1},"geometry":{"type":"Polygon","coordinates":[[[114.105,-8.688],[113.948,-7.824],[112.678,-7.719],[112.275,-7.027],[111.045,-6.852],[110.815,-6.534],[110.027,-7.044],[108.556,-6.921],[106.945,-6.026],[106.024,-6.081],[105.633,-6.755],[106.366,-7.04],[106.484,-7.503],[108.16,-7.856],[109.037,-7.72],[110.778,-8.32],[112.414,-8.488],[113.074,-8.347],[114.105,-8.688]]]}},{"type":"Feature","id":140,"properties":{"name":null,"subjecto":null,"partof":null,"precision":1},"geometry":{"type":"Polygon","coordinates":[[[118.828,-8.786],[117.948,-8.162],[116.976,-9.178],[118.828,-8.786]]]}},{"type":"Feature","id":141,"properties":{"name":null,"subjecto":null,"partof":null,"precision":1},"geometry":{"type":"Polygon","coordinates":[[[105.722,-1.747],[105.995,-2.89],[106.471,-2.921],[105.722,-1.747]]]}},{"type":"Feature","id":142,"properties":{"name":"Dacia","subjecto":"Dacia","partof":"Dacia","precision":1},"geometry":{"type":"Polygon","coordinates":[[[25.709,43.926],[25.57,45.643],[27.094,46.054],[27.339,46.9],[25.127,47.7],[22.866,47.268],[21.734,44.845],[22.955,44.652],[23.139,43.913],[25.265,43.821],[25.709,43.926]]]}},{"type":"Feature","id":143,"properties":{"name":"Kalinga","subjecto":"Kalinga","partof":"Kalinga","precision":1},"geometry":{"type":"Polygon","coordinates":[[[86.819,21.187],[86.094,24.93],[85.483,25.802],[84.611,26.151],[83.825,25.89],[83.04,22.748],[82.255,21.963],[80.946,21.701],[80.617,21.017],[80.422,20.043],[80.684,19.345],[82.866,19.171],[84.262,19.258],[84.753,19.028],[85.379,19.605],[86.119,19.807],[86.926,20.691],[86.819,21.187]]]}},{"type":"Feature","id":144,"properties":{"name":"Hindu kingdoms","subjecto":"Hindu kingdoms","partof":"Hindu kingdoms","precision":1},"geometry":{"type":"Polygon","coordinates":[[[80.32,13.333],[78.939,12.976],[77.63,12.976],[74.778,13.528],[75.211,12.102],[76.075,10.554],[76.704,8.706],[77.341,8.053],[77.9,8.258],[78.314,8.996],[78.927,9.493],[79.222,10.192],[79.826,10.359],[79.711,11.445],[80.32,13.333]]]}},{"type":"Feature","id":145,"properties":{"name":null,"subjecto":null,"partof":null,"precision":1},"geometry":null},{"type":"Feature","id":146,"properties":{"name":null,"subjecto":null,"partof":null,"precision":1},"geometry":{"type":"Polygon","coordinates":[[[148.559,45.459],[148.461,45.392],[148.397,45.335],[148.559,45.459]]]}},{"type":"Feature","id":147,"properties":{"name":null,"subjecto":null,"partof":null,"precision":1},"geometry":{"type":"Polygon","coordinates":[[[14.473,53.877],[14.227,53.91],[14.248,53.816],[14.473,53.877]]]}},{"type":"Feature","id":148,"properties":{"name":"Teotihuacan","subjecto":"Teotihuacan","partof":"Teotihuacán","precision":1},"geometry":{"type":"Polygon","coordinates":[[[-99.142,18.924],[-98.622,19.206],[-98.483,19.802],[-99.107,20.586],[-100.494,20.9],[-101.009,20.277],[-100.755,19.588],[-99.909,19.027],[-99.142,18.924]]]}},{"type":"Feature","id":149,"properties":{"name":"Guanches","subjecto":"Guanches","partof":"Guanches","precision":1},"geometry":{"type":"Polygon","coordinates":[[[-13.518,29.428],[-14.147,28.391],[-13.881,28.199],[-13.784,28.879],[-13.421,29.091],[-13.518,29.428]]]}},{"type":"Feature","id":150,"properties":{"name":"Boihaenum","subjecto":"Boihaenum","partof":"Boihaenum","precision":1},"geometry":{"type":"Polygon","coordinates":[[[17.852,50.437],[16.476,49.584],[15.886,47.865],[17.803,47.101],[19.425,47.601],[18.983,49.87],[17.852,50.437]]]}},{"type":"Feature","id":151,"properties":{"name":null,"subjecto":null,"partof":null,"precision":1},"geometry":{"type":"Polygon","coordinates":[[[29.042,36.624],[29.066,37.079],[28.018,36.881],[29.042,36.624]]]}},{"type":"Feature","id":152,"properties":{"name":null,"subjecto":null,"partof":null,"precision":1},"geometry":{"type":"Polygon","coordinates":[[[-3.132,50.655],[-1.103,50.817],[0.192,50.731],[1.335,51.121],[0.686,51.56],[1.692,52.311],[-0.319,53.579],[-0.296,54.033],[-1.389,54.68],[-1.719,55.454],[-2.742,55.957],[-2.15,57.572],[-4.148,57.555],[-4.51,58.403],[-5.763,57.62],[-5.633,55.94],[-3.577,54.924],[-2.865,54.028],[-2.914,53.267],[-4.318,53.091],[-4.124,52.373],[-5.061,52.006],[-3.189,51.179],[-3.132,50.655]]]}},{"type":"Feature","id":153,"properties":{"name":null,"subjecto":null,"partof":null,"precision":1},"geometry":{"type":"MultiPolygon","coordinates":[[[[35.07,45.34],[34.907,46.273],[37.422,47.077],[37.97,46.441],[37.683,45.457],[38.594,44.756],[38.594,44.367],[40.252,43.268],[41.41,42.788],[41.68,41.793],[44.789,41.75],[47.011,41.393],[48.955,40.322],[49.669,40.24],[49.807,40.581],[47.565,43.008],[47.565,43.844],[46.846,44.446],[47.556,45.453],[49.535,46.542],[51.369,47.09],[53.185,46.865],[53.149,45.957],[52.61,45.4],[51.513,45.373],[50.874,44.626],[51.171,43.718],[52.52,42.073],[53.985,42.106],[54.818,40.88],[53.257,40.765],[53.583,39.318],[54.071,38.897],[53.88,38.025],[54.067,36.942],[57.302,38.085],[60.964,37.32],[62.797,34.615],[70.563,34.877],[73.093,34.615],[74.227,34.179],[74.751,33.655],[76.046,33.51],[77.198,33.284],[79.114,31.038],[82.866,27.896],[86.181,26.413],[87.926,26.064],[89.759,25.977],[91.591,26.588],[93.074,26.849],[93.773,26.5],[93.424,25.017],[92.041,23.115],[92.902,21.609],[93.114,20.592],[94.054,19.061],[94.42,18.141],[94.465,17.264],[94.143,16.215],[94.819,16.21],[95.33,15.678],[96.469,16.513],[96.882,17.346],[97.573,16.445],[97.823,14.616],[98.486,13.112],[98.738,11.435],[98.398,10.564],[98.633,10.101],[98.177,8.6],[99.025,7.871],[100.139,6.177],[100.664,3.904],[101.336,2.781],[103.428,1.381],[104.176,1.389],[103.308,3.026],[103.342,4.805],[102.325,6.099],[101.56,6.74],[100.615,6.979],[100.132,8.532],[99.071,9.898],[99.186,10.489],[99.895,12.079],[99.834,12.524],[100.24,13.49],[100.909,13.447],[100.872,12.679],[101.919,12.585],[102.658,12.066],[103.04,10.898],[103.67,10.766],[104.979,9.981],[104.742,8.494],[106.482,9.552],[106.704,10.448],[107.412,10.367],[108.696,11.145],[109.073,11.635],[109.307,12.906],[108.786,15.091],[108.236,16.08],[107.809,16.283],[106.394,17.665],[105.491,17.78],[104.381,18.328],[103.234,20.123],[102.384,24.01],[102.011,24.681],[100.415,25.086],[99.752,27.471],[102.673,31.736],[103.894,31.648],[103.545,34.79],[102.934,35.226],[101.102,35.575],[100.229,35.575],[100.84,37.146],[98.833,38.367],[96.333,39.467],[94.732,40.025],[95.081,40.81],[92.348,44.499],[77.615,45.546],[76.628,48.409],[85.414,48.359],[95.824,51.178],[106.67,52.893],[119.358,51.866],[116.707,54.659],[114.016,59.547],[107.962,59.818],[99.485,55.659],[99.537,55.281],[93.7,56.485],[78.362,56.41],[65.312,55.047],[59.094,56.432],[53.976,57.709],[46.106,57.709],[32.517,60.932],[29.019,61.771],[21.2,62.435],[21.56,60.512],[23.665,59.836],[25.581,60.262],[28.435,60.337],[29.076,59.908],[27.702,59.298],[25.721,59.46],[23.416,59.119],[24.31,57.1],[25.721,57.004],[28.127,56.099],[29.699,55.657],[31.648,56.311],[33.732,56.732],[36.725,56.683],[38.456,55.935],[36.959,54.29],[38.309,53.652],[38.28,53.197],[36.93,52.72],[34.905,51.476],[31.556,50.903],[30.592,50.16],[27.804,50.925],[26.22,50.943],[24.782,51.531],[24.489,51.385],[25.721,49.612],[25.105,48.826],[22.435,50.535],[21.144,49.764],[18.983,49.87],[19.425,47.601],[18.906,47.441],[18.864,45.582],[21.199,44.93],[21.734,44.845],[22.866,47.268],[25.127,47.7],[27.339,46.9],[27.094,46.054],[25.57,45.643],[25.709,43.926],[26.835,44.19],[28.037,44.375],[28.221,45.484],[29.616,45.41],[30.833,46.577],[31.781,46.702],[32.503,45.445],[33.531,45.06],[35.07,45.34]],[[60.503,46.806],[60.938,46.49],[61.175,45.188],[60.944,44.441],[60.077,43.609],[59.505,43.914],[58.367,43.737],[58.199,44.52],[58.815,45.931],[60.503,46.806]]],[[[91.571,22.543],[91.846,21.909],[91.652,22.357],[91.571,22.543]]]]}},{"type":"Feature","id":154,"properties":{"name":"Bosporian Kingdom","subjecto":"Roman Empire","partof":"Bosporian Kingdom","precision":1},"geometry":{"type":"MultiPolygon","coordinates":[[[[35.07,45.34],[33.531,45.06],[34.014,44.492],[35.067,44.862],[35.07,45.34]]],[[[38.594,44.367],[38.594,44.756],[37.683,45.457],[37.474,44.692],[38.594,44.367]]]]}},{"type":"Feature","id":155,"properties":{"name":"Parthian Empire","subjecto":"Parthian Empire","partof":"Parthian Empire","precision":1},"geometry":{"type":"Polygon","coordinates":[[[42.681,37.671],[42.217,35.368],[39.956,35.757],[38.376,33.532],[39.49,33.362],[47.614,29.272],[47.911,29.89],[50.132,30.066],[50.705,29.401],[51.35,28.036],[52.41,27.581],[52.891,27.052],[54.646,26.391],[55.9,27.105],[56.79,26.974],[57.255,25.793],[59.302,25.34],[59.568,27.286],[62.797,34.615],[60.964,37.32],[57.302,38.085],[54.067,36.942],[53.8,36.679],[51.796,36.432],[50.561,36.686],[50.039,37.225],[48.837,37.511],[49.02,39.006],[47.804,39.29],[44.551,38.854],[43.996,37.624],[42.681,37.671]]]}},{"type":"Feature","id":156,"properties":{"name":"Odrysian Kingdom","subjecto":"Roman Empire","partof":"Odrysian Kingdom","precision":1},"geometry":{"type":"Polygon","coordinates":[[[27.898,43.087],[27.057,43.163],[24.081,42.204],[25.236,40.91],[26.614,40.398],[27.474,40.963],[28.828,40.915],[27.502,42.516],[27.898,43.087]]]}},{"type":"Feature","id":157,"properties":{"name":"Judea","subjecto":"Roman Empire","partof":"Judea","precision":1},"geometry":{"type":"Polygon","coordinates":[[[34.29,31.357],[36.818,30.343],[37.574,32.033],[38.128,33.183],[37.158,33.355],[35.862,31.625],[34.667,32.006],[34.29,31.357]]]}},{"type":"Feature","id":158,"properties":{"name":"Roman Empire","subjecto":"Roman Empire","partof":"Roman Empire","precision":1},"geometry":{"type":"MultiPolygon","coordinates":[[[[15.221,37],[15.387,38.206],[13.81,37.966],[13.322,38.221],[12.454,37.766],[14.622,36.776],[15.221,37]]],[[[26.243,35.145],[24.769,35.428],[24.693,34.94],[26.243,35.145]]],[[[8.727,41.561],[9.487,42.406],[8.609,42.487],[8.727,41.561]]],[[[9.296,39.233],[9.698,39.693],[9.794,40.564],[9.306,41.184],[8.241,40.855],[8.508,39.946],[8.374,39.308],[9.296,39.233]]],[[[8.856,53.751],[7.166,53.592],[4.641,52.756],[4.264,52.071],[2.443,51.048],[1.589,50.822],[1.275,50.004],[0.033,49.334],[-1.892,49.526],[-1.591,48.638],[-3.091,48.872],[-4.35,48.391],[-3.955,47.904],[-2.005,47.043],[-1.075,46.015],[-1.561,43.524],[-1.915,43.305],[-3.417,43.376],[-5.98,43.705],[-7.636,43.721],[-9.271,43.049],[-8.644,42.42],[-8.921,41.767],[-8.694,40.992],[-9.549,38.775],[-8.854,38.5],[-8.667,37.121],[-7.228,37.226],[-6.632,37.022],[-6.204,36.282],[-5.661,36.008],[-4.447,36.722],[-2.239,36.728],[-1.817,37.292],[-0.918,37.57],[-0.435,38.43],[0.173,38.738],[-0.395,39.434],[0.879,41.022],[2.081,41.298],[3.129,41.857],[3.002,42.771],[4.078,43.487],[5.829,43.021],[6.523,43.151],[7.553,43.867],[8.897,44.437],[9.909,44.11],[10.743,42.851],[12.642,41.531],[13.797,41.193],[15.666,40.092],[16.083,39.012],[16.053,37.931],[17.095,38.915],[16.532,39.698],[17.084,40.525],[15.991,41.406],[16.013,41.904],[14.922,41.972],[14.093,42.61],[13.601,43.535],[12.345,44.301],[12.176,45.214],[13.156,45.727],[13.895,44.759],[14.946,44.927],[15.412,43.935],[16.992,43.323],[19.143,41.932],[19.607,41.762],[19.369,40.26],[20.029,39.814],[21.172,38.348],[21.228,37.905],[22.39,36.524],[22.887,37.047],[22.639,37.492],[23.556,38.352],[22.72,39.287],[22.602,40.397],[23.596,40.192],[24.354,40.971],[25.236,40.91],[24.081,42.204],[27.057,43.163],[27.898,43.087],[28.446,43.476],[28.686,44.488],[29.616,45.41],[28.221,45.484],[28.037,44.375],[26.835,44.19],[25.265,43.821],[23.139,43.913],[22.955,44.652],[21.199,44.93],[18.864,45.582],[18.906,47.441],[17.803,47.101],[15.886,47.865],[16.079,48.427],[14.756,48.187],[12.304,49.1],[12.195,50.372],[13.878,50.82],[8.856,53.751]]],[[[29.042,36.624],[29.298,36.173],[30.473,36.188],[30.594,36.762],[31.371,36.712],[32.335,36.128],[33.171,35.971],[34.485,36.627],[35.709,36.212],[35.873,34.422],[34.843,32.671],[34.667,32.006],[35.862,31.625],[37.158,33.355],[38.128,33.183],[38.376,33.532],[39.956,35.757],[42.217,35.368],[42.681,37.671],[41.436,39.669],[41.68,41.793],[41.293,41.286],[40.361,40.963],[38.651,40.922],[36.383,41.238],[35.958,41.686],[33.556,41.983],[32.419,41.749],[30.745,41.04],[27.764,40.287],[26.765,40.377],[26.128,39.879],[26.708,39.182],[27.16,37.36],[28.018,36.881],[29.066,37.079],[29.042,36.624]]],[[[32.491,29.795],[32.37,31.059],[30.996,31.469],[29.249,30.754],[26.143,31.491],[25.258,31.438],[24.816,31.907],[23.153,32.139],[22.543,32.722],[21.673,32.816],[20.366,32.298],[19.942,31.611],[20.117,30.957],[19.664,30.442],[19.125,30.199],[17.422,30.996],[15.843,31.285],[15.01,32.363],[14.157,32.679],[12.565,32.74],[10.413,33.631],[10.019,34.081],[11.125,35.241],[10.133,37.105],[9.416,37.275],[8.637,36.885],[5.144,36.668],[3.741,36.837],[3.324,36.651],[1.058,36.462],[-1.147,35.629],[-2.035,35.055],[-4.593,35.151],[-5.929,35.728],[-6.511,34.454],[-7.004,33.875],[-8.64,33.122],[7.986,35.505],[8.633,34.027],[9.834,32.918],[14.454,31.162],[18.612,29.407],[19.351,29.407],[21.291,29.961],[22.308,29.961],[26.743,28.575],[28.406,27.743],[30.041,24.622],[31.058,22.681],[32.605,22.816],[33.345,23.354],[33.657,24.018],[35.19,24.4],[33.929,26.564],[33.354,27.91],[32.649,28.766],[32.491,29.795]]]]}},{"type":"Feature","id":159,"properties":{"name":"Xiongnu","subjecto":"Xiongnu","partof":"Xiongnu","precision":1},"geometry":{"type":"Polygon","coordinates":[[[101.364,40.636],[103.371,40.287],[103.807,39.501],[105.639,39.589],[105.925,41.184],[106.337,42.032],[106.948,42.381],[109.083,42.118],[113.318,41.596],[118.546,41.425],[120.473,41.683],[121.345,42.555],[122.305,42.73],[123.265,41.857],[125.38,42.562],[126.668,42.992],[131.084,46.195],[128.234,47.081],[126.671,51.275],[119.358,51.866],[106.67,52.893],[95.824,51.178],[85.414,48.359],[76.628,48.409],[77.615,45.546],[92.348,44.499],[95.081,40.81],[96.39,40.898],[98.746,41.421],[98.484,39.85],[100.578,39.589],[100.84,40.374],[101.364,40.636]]]}},{"type":"Feature","id":160,"properties":{"name":"Subarctic forest hunter-gatherers","subjecto":"Subarctic forest hunter-gatherers","partof":"Subarctic forest hunter-gatherers","precision":1},"geometry":{"type":"Polygon","coordinates":[[[-55.824,52.021],[-56.127,53.466],[-58.788,52.573],[-60.171,53.299],[-60.222,53.325],[-62.889,54.725],[-65.643,55.263],[-71.033,55.196],[-74.197,52.927],[-78.742,52.744],[-78.491,52.256],[-79.594,51.266],[-80.361,51.304],[-80.877,51.906],[-81.747,52.17],[-82.341,52.981],[-82.202,54.969],[-84.468,55.167],[-87.467,55.912],[-88.767,56.738],[-90.445,57.144],[-92.404,56.975],[-93.825,56.863],[-102.144,57.214],[-111.284,58.553],[-114.565,60.6],[-118.198,62.713],[-124.936,64.835],[-132.435,62.497],[-139.524,62.416],[-144.68,63.192],[-150.129,63.324],[-160.939,63.985],[-161.133,63.563],[-163.309,63.038],[-164.292,63.25],[-165.431,62.43],[-165.898,61.27],[-164.027,59.798],[-162.378,60.163],[-162.004,58.827],[-160.431,59.002],[-158.291,58.73],[-157.139,58.856],[-157.665,57.604],[-160.457,56.2],[-159.077,55.992],[-158.527,56.449],[-156.496,57.1],[-156.685,57.401],[-154.649,58.076],[-153.455,58.877],[-154.282,59.249],[-152.899,59.896],[-151.783,59.995],[-151.388,59.213],[-149.326,60.027],[-148.493,61.064],[-145.138,60.454],[-144.406,60.093],[-141.439,60.091],[-139.573,59.9],[-139.2,59.277],[-137.577,58.604],[-134.123,58.239],[-131.767,56.01],[-131.191,56.035],[-130.69,54.972],[-130.003,55.289],[-129.852,54.998],[-128.588,55.057],[-125.697,55.194],[-115.034,52.033],[-114.467,52],[-105.191,51.453],[-98.922,50.232],[-97.201,50.111],[-97.155,50.413],[-98.719,52.228],[-101.209,53.272],[-101.56,53.897],[-101.05,54.624],[-97.091,55.065],[-95.271,53.859],[-95.239,53.157],[-96.197,52.384],[-95.271,51.12],[-93.994,50.636],[-91.153,50.636],[-91.078,49.948],[-87.79,49.931],[-85.036,49.094],[-81.931,48.902],[-76.056,47.308],[-74.19,47.966],[-70.871,47.05],[-69.507,48.459],[-68.307,49.227],[-67.318,49.425],[-67.096,49.826],[-66.855,50.089],[-66.373,50.314],[-61.64,50.277],[-60.138,50.412],[-58.524,51.379],[-56.964,51.488],[-55.824,52.021]]]}},{"type":"Feature","id":161,"properties":{"name":"Australian aboriginal hunter-gatherers","subjecto":"Australian aboriginal hunter-gatherers","partof":"Australian aboriginal hunter-gatherers","precision":1},"geometry":{"type":"Polygon","coordinates":[[[142.338,-10.915],[141.679,-12.468],[141.468,-14.757],[141.711,-15.227],[140.801,-17.562],[140.25,-17.798],[139.248,-17.432],[138.963,-16.994],[138.26,-16.842],[137.074,-16.031],[136.687,-16.026],[135.388,-14.897],[135.881,-14.203],[135.831,-13.485],[136.469,-13.223],[136.664,-12.625],[135.445,-12.176],[134.94,-12.336],[133.559,-11.951],[131.54,-12.401],[131.183,-12.236],[130.463,-12.759],[130.274,-13.363],[129.427,-14.306],[129.196,-14.993],[127.963,-14.703],[126.853,-13.784],[126.268,-14.071],[125.863,-14.695],[125.156,-14.805],[125.018,-15.644],[124.425,-15.658],[124.277,-16.523],[123.576,-16.391],[122.738,-16.583],[122.085,-17.398],[122.196,-18.244],[121.576,-18.703],[120.872,-19.677],[117.597,-20.758],[116.419,-20.837],[113.625,-22.566],[113.762,-23.481],[113.362,-24.283],[113.433,-24.874],[114.183,-26.017],[113.433,-26.572],[114.022,-27.626],[113.965,-28.033],[114.63,-28.903],[115.058,-30.804],[115.747,-32.208],[115.647,-33.365],[114.961,-33.869],[115.047,-34.422],[116.561,-35.189],[118.207,-35.09],[118.673,-34.606],[119.771,-34.12],[121.74,-33.963],[122.171,-34.179],[123.623,-33.915],[124.248,-33.144],[126.059,-32.434],[127.265,-32.381],[129.185,-31.798],[131.28,-31.635],[131.993,-32.066],[133.837,-32.342],[135.153,-34.05],[135.528,-35.055],[137.457,-33.314],[138.166,-33.192],[138.101,-34.356],[138.568,-34.928],[138.352,-35.865],[139.368,-35.614],[139.743,-36.372],[140.012,-37.642],[140.652,-38.164],[141.904,-38.43],[143.365,-38.97],[144.97,-38.066],[145.934,-38.881],[146.821,-38.841],[148.037,-38.098],[149.504,-37.929],[149.985,-37.347],[150.222,-35.694],[150.762,-35.253],[151.364,-33.521],[152.176,-32.877],[152.972,-31.418],[152.94,-30.699],[153.493,-28.841],[152.946,-27.341],[153.069,-26.228],[151.73,-24.157],[150.802,-23.6],[150.754,-22.812],[149.945,-22.324],[149.557,-22.433],[149.101,-21.06],[148.19,-20.172],[146.322,-19.082],[145.925,-18.257],[145.869,-17.195],[145.326,-16.49],[145.184,-15.048],[143.743,-14.466],[143.173,-12.121],[142.823,-11.919],[142.338,-10.915]]]}},{"type":"Feature","id":162,"properties":{"name":"Tasmanian hunter-gatherers","subjecto":"Tasmanian hunter-gatherers","partof":"Tasmanian hunter-gatherers","precision":1},"geometry":{"type":"Polygon","coordinates":[[[146.713,-43.722],[147.815,-42.965],[148.319,-41.806],[148.27,-41.093],[146.382,-41.308],[144.776,-40.843],[144.936,-41.71],[145.53,-42.345],[145.723,-43.24],[146.713,-43.722]]]}},{"type":"Feature","id":163,"properties":{"name":"Ainu","subjecto":"Ainu","partof":"Ainu","precision":1},"geometry":{"type":"MultiPolygon","coordinates":[[[[146.076,43.513],[146.152,43.546],[146.146,43.544],[146.081,43.518],[146.076,43.513]]],[[[146.663,43.704],[146.843,43.875],[146.785,43.862],[146.647,43.707],[146.663,43.704]]],[[[146.36,44.421],[146.101,44.489],[146.078,44.464],[145.974,44.288],[145.952,44.275],[145.939,44.271],[145.921,44.264],[145.892,44.25],[145.878,44.237],[145.79,44.148],[145.764,44.117],[145.759,44.111],[145.754,44.079],[145.756,44.069],[145.749,44.056],[145.661,43.992],[145.552,43.926],[145.543,43.651],[145.657,43.9],[145.672,43.899],[146.489,44.426],[146.36,44.421]]],[[[147.753,44.939],[148.62,45.32],[148.656,45.317],[148.683,45.312],[148.559,45.459],[148.397,45.335],[147.904,45.404],[147.868,45.375],[147.858,45.343],[147.892,45.237],[147.887,45.218],[147.859,45.211],[147.764,45.19],[147.746,45.178],[147.691,45.124],[147.656,45.075],[147.608,45.059],[147.599,45.057],[147.505,45.044],[147.492,44.993],[147.48,44.975],[147.311,44.876],[147.144,44.728],[147.159,44.718],[147.16,44.686],[147.144,44.661],[147.106,44.625],[146.941,44.554],[146.838,44.465],[146.832,44.435],[147.736,44.944],[147.753,44.939]]],[[[149.451,45.596],[149.692,45.639],[150.199,45.932],[150.352,46.213],[150.343,46.212],[150.073,46.082],[150.037,46.065],[149.959,46.024],[149.857,45.923],[149.668,45.851],[149.474,45.603],[149.451,45.596]]],[[[150.867,46.435],[150.832,46.471],[150.822,46.468],[150.799,46.45],[150.803,46.443],[150.867,46.435]]],[[[152.423,47.303],[152.427,47.38],[152.409,47.37],[152.391,47.35],[152.389,47.331],[152.394,47.324],[152.423,47.303]]],[[[153.006,47.692],[152.991,47.7],[152.997,47.693],[153.006,47.692]]],[[[153.224,48.05],[153.14,48.094],[153.206,48.053],[153.224,48.05]]],[[[154.161,48.912],[154.12,48.901],[154.112,48.895],[153.988,48.78],[153.977,48.762],[153.975,48.736],[154.009,48.722],[154.161,48.912]]],[[[153.931,48.924],[153.919,48.98],[153.902,48.97],[153.9,48.95],[153.904,48.943],[153.921,48.926],[153.931,48.924]]],[[[154.471,49.098],[154.446,49.168],[154.44,49.155],[154.471,49.098]]],[[[154.749,49.592],[154.751,49.572],[154.703,49.481],[154.638,49.423],[154.594,49.291],[154.707,49.262],[154.814,49.636],[154.749,49.592]]],[[[154.414,49.732],[154.367,49.819],[154.355,49.767],[154.367,49.746],[154.404,49.734],[154.414,49.732]]],[[[151.782,46.771],[152.013,46.889],[152.051,47.021],[152.02,46.989],[151.869,46.866],[151.86,46.861],[151.849,46.857],[151.83,46.855],[151.715,46.853],[151.712,46.801],[151.763,46.775],[151.782,46.771]]],[[[155.357,50.053],[155.702,50.184],[155.742,50.179],[156.022,50.767],[156.01,50.762],[155.979,50.747],[155.897,50.699],[155.889,50.693],[155.861,50.637],[155.749,50.446],[155.638,50.378],[155.319,50.06],[155.357,50.053]]],[[[156.169,50.741],[156.164,50.709],[156.189,50.674],[156.286,50.647],[156.341,50.851],[156.186,50.766],[156.169,50.741]]],[[[155.474,50.921],[155.448,50.88],[155.449,50.872],[155.481,50.828],[155.547,50.806],[155.588,50.803],[155.57,50.934],[155.506,50.931],[155.474,50.921]]],[[[143.139,52.856],[141.841,52.96],[141.643,51.813],[142.017,51.431],[142.112,51.22],[141.889,48.454],[141.978,48.285],[141.909,47.073],[141.898,45.915],[142.327,46.563],[143.303,46.011],[143.445,46.572],[142.615,47.46],[142.854,49.128],[143.973,49.058],[144.038,49.509],[143.074,51.268],[143.139,52.856]]],[[[140.1,41.946],[140.112,41.273],[140.979,41.653],[140.246,42.228],[141.928,42.501],[143.214,41.927],[143.848,42.775],[145.196,43.047],[145.059,43.786],[145.349,44.198],[144.614,43.843],[143.508,44.156],[141.875,45.435],[141.746,44.629],[141.304,43.187],[140.517,43.057],[139.712,42.478],[139.852,42.035],[140.1,41.946]]]]}},{"type":"Feature","id":164,"properties":{"name":"Paleo-Siberian hunter-gatherers","subjecto":"Paleo-Siberian hunter-gatherers","partof":"Paleo-Siberian hunter-gatherers","precision":1},"geometry":{"type":"Polygon","coordinates":[[[105.403,72.749],[98.459,69.791],[75.856,61.427],[62.806,56.955],[59.094,56.432],[65.312,55.047],[78.362,56.41],[93.7,56.485],[99.537,55.281],[99.485,55.659],[107.962,59.818],[114.016,59.547],[116.707,54.659],[119.358,51.866],[126.671,51.275],[127.336,49.977],[134.87,52.009],[141.047,52.69],[140.828,52.825],[141.09,52.985],[140.102,53.802],[138.417,54.092],[137.979,53.465],[137.071,53.489],[137.122,53.589],[137.326,53.743],[136.351,53.701],[136.344,53.888],[136.492,54.455],[134.902,54.559],[134.985,54.854],[137.229,55.983],[138.867,57.124],[140.029,57.644],[140.587,58.239],[142.846,59.273],[145.496,59.209],[145.653,58.975],[146.054,59.251],[147.919,59.261],[149.045,59.587],[151.14,59.44],[151.857,59.056],[151.135,58.732],[153.14,59.01],[154.387,59.04],[153.944,59.397],[154.316,59.983],[155.851,60.883],[156.381,61.205],[157.098,61.633],[160.118,61.751],[159.816,60.981],[160.236,60.947],[160.119,60.564],[162.235,61.51],[162.749,61.609],[162.711,61.763],[162.99,62.326],[165.286,62.288],[164.008,62.131],[163.831,61.233],[163.793,61.128],[163.445,60.89],[163.329,60.695],[159.649,58.954],[158.326,58.027],[156.839,57.506],[156.878,57.363],[156.558,56.947],[155.628,56.268],[155.63,54.465],[156.175,52.609],[156.333,52.272],[156.696,50.958],[157.898,51.666],[158.461,52.826],[159.922,53.3],[159.683,53.579],[160.683,54.448],[161.876,54.564],[161.503,55.287],[161.861,55.861],[162.722,56.342],[162.771,55.917],[163.172,56.384],[162.512,57.033],[162.593,57.17],[162.932,57.374],[161.8,57.863],[161.804,58.102],[162.616,58.733],[162.753,58.966],[162.835,59.056],[163.043,59.462],[163.389,59.814],[163.767,59.884],[164.111,60.078],[164.585,59.665],[166.203,60.353],[166.027,59.709],[167.104,60.271],[169.154,60.435],[170.344,60.28],[169.481,61.193],[172.441,63.078],[171.768,65.859],[168.135,67.458],[155.892,68.169],[130.867,69.901],[124.544,71.586],[123.501,73.505],[123.515,73.172],[122.882,72.753],[122.243,72.909],[120.579,72.835],[118.498,73.036],[118.338,73.186],[118.46,73.519],[114.187,73.551],[113.547,73.201],[113.312,73.383],[110.178,73.798],[110.4,73.743],[110.442,73.568],[109.991,73.44],[105.403,72.749]]]}},{"type":"Feature","id":165,"properties":{"name":"Saami","subjecto":"Saami","partof":"Saami","precision":1},"geometry":{"type":"Polygon","coordinates":[[[25.196,65.268],[34.726,65.78],[32.219,66.994],[35.772,66.259],[39.19,66.039],[41.255,66.937],[41.209,67.069],[41.017,67.202],[40.951,67.335],[37.246,68.793],[35.437,69.15],[33.316,69.071],[33.281,69.342],[32.352,69.514],[32.191,69.642],[32.076,69.815],[29.729,69.698],[28.73,70.136],[30.799,70.308],[28.795,70.865],[28.389,70.572],[28.29,70.372],[27.875,70.425],[28.019,70.609],[27.985,70.717],[28.136,70.833],[27.516,70.97],[27.131,70.577],[26.934,70.469],[26.617,70.392],[26.619,70.799],[25.074,70.144],[25.122,70.435],[25.231,70.558],[23.827,70.479],[20.734,69.779],[20.553,69.522],[20.197,69.318],[20.278,69.582],[17.566,68.974],[17.126,68.416],[17.033,68.338],[16.522,68.341],[16.649,68.046],[15.762,67.676],[15.746,67.597],[15.58,67.583],[15.385,67.464],[14.976,67.523],[14.616,67.245],[14.778,67.217],[14.639,67.123],[14.373,67.093],[14.055,66.975],[13.747,66.922],[13.992,66.687],[13.255,66.393],[13.403,66.349],[13.581,66.188],[12.496,65.384],[12.526,65.109],[12.112,65.13],[11.407,64.617],[11.508,64.517],[11.364,64.416],[10.997,64.494],[10.155,64.099],[11.528,61.898],[15.43,61.866],[16.574,62.525],[17.868,62.789],[20.701,63.818],[21.049,64.219],[20.921,64.714],[21.329,64.894],[21.277,65.212],[22.646,65.935],[25.252,65.417],[25.196,65.268]]]}},{"type":"Feature","id":166,"properties":{"name":"Finno-Ugric taiga hunter-gatherers","subjecto":"Finno-Ugric taiga hunter-gatherers","partof":"Finno-Ugric taiga hunter-gatherers","precision":1},"geometry":{"type":"Polygon","coordinates":[[[25.196,65.268],[25.293,65.004],[25.352,64.939],[25.325,64.802],[24.932,64.816],[24.47,64.636],[21.2,62.435],[29.019,61.771],[32.517,60.932],[46.106,57.709],[53.976,57.709],[59.094,56.432],[62.806,56.955],[75.856,61.427],[98.459,69.791],[105.403,72.749],[105.279,72.752],[106.208,73.259],[108.34,73.691],[112.577,74.886],[113.113,75.494],[113.533,76.094],[109.656,76.691],[106.404,76.432],[106.537,76.567],[107.071,76.771],[104.485,76.995],[104.782,77.149],[105.47,77.329],[103.393,77.558],[101.389,76.625],[100.83,76.455],[99.983,76.437],[99.833,76.21],[99.779,76.059],[99.467,75.967],[98.289,76.057],[97.116,75.871],[96.658,75.853],[95.982,75.902],[89.285,75.466],[86.958,74.782],[86.978,74.299],[87.541,74.1],[87.691,73.9],[86.124,73.451],[86.326,73.634],[85.856,73.825],[80.838,73.553],[80.829,73.014],[80.982,72.447],[82.321,72.222],[83.561,71.624],[83.505,70.813],[83.657,70.598],[83.677,70.46],[83.371,70.337],[83.036,70.245],[82.046,70.419],[82.215,71.204],[82.88,71.491],[79.223,72.271],[76.607,71.518],[78.137,71.374],[78.609,70.85],[75.284,71.446],[75.297,71.897],[75.666,72.414],[73.271,71.373],[73.698,71.141],[74.25,70.573],[73.908,69.275],[74.318,69.163],[77.406,68.936],[78.007,68.257],[77.689,67.758],[77.946,67.774],[78.536,67.612],[77.505,67.432],[77.091,67.528],[76.955,67.653],[77.108,68.114],[76.328,68.776],[74.505,68.593],[74.669,68.102],[74.771,67.849],[74.742,67.686],[73.69,66.865],[72.209,66.173],[69.767,66.33],[69.085,66.688],[69.792,66.755],[70.84,66.551],[71.35,66.662],[71.4,66.949],[72.838,67.646],[73.394,68.382],[72.526,69.069],[72.437,70.187],[72.774,70.455],[71.798,71.432],[72.845,72.495],[69.343,72.834],[68.316,71.635],[66.775,70.736],[67.285,70.706],[67.398,70.599],[66.884,69.623],[67.779,69.557],[68.106,69.429],[68.258,68.941],[69.109,68.83],[68.215,68.201],[66.584,68.886],[62.281,69.705],[60.986,69.003],[60.934,68.815],[60.512,68.59],[59.925,68.581],[59.762,68.297],[59.12,68.393],[59.062,68.497],[55.335,68.483],[53.317,68.136],[53.808,68.607],[51.831,68.409],[48.081,67.562],[47.571,66.816],[46.402,66.719],[44.871,67.312],[45.093,67.542],[46.164,67.677],[45.863,68.383],[44.169,68.097],[44.261,67.83],[44.216,67.718],[43.838,67.163],[44.219,67.09],[44.362,66.906],[43.876,66.011],[42.211,66.41],[39.951,65.581],[39.979,65.153],[40.366,64.858],[40.462,64.75],[39.193,64.511],[36.884,65.068],[36.997,64.407],[37.88,64.308],[38.054,64.129],[36.24,63.919],[36.015,64.197],[35.082,64.288],[34.885,64.367],[34.815,64.46],[34.426,65.107],[34.293,65.396],[34.726,65.78],[25.196,65.268]]]}},{"type":"Feature","id":167,"properties":{"name":"Arctic marine mammal hunters","subjecto":"Arctic marine mammal hunters","partof":"Arctic marine mammal hunters","precision":1},"geometry":{"type":"MultiPolygon","coordinates":[[[[-77.367,69.809],[-75.552,69.222],[-75.982,68.808],[-73.185,68.296],[-72.354,67.53],[-73.036,66.642],[-74.28,66.06],[-73.42,65.529],[-75.333,65.089],[-77.358,65.376],[-77.737,64.393],[-76.526,64.23],[-74.559,64.78],[-73.164,64.574],[-72.73,64.015],[-71.258,63.567],[-71.622,63.21],[-69.155,62.42],[-66.765,61.944],[-66.332,62.319],[-68.836,63.65],[-68.486,63.737],[-65.021,62.555],[-65.132,62.895],[-64.739,62.931],[-65.263,63.764],[-64.365,63.438],[-65.423,64.265],[-65.327,64.359],[-66.598,64.766],[-68.376,66.284],[-67.305,65.934],[-67.76,66.373],[-66.913,66.595],[-65.034,65.953],[-64.844,65.378],[-64.284,65.379],[-64.184,65.19],[-62.068,65.937],[-62.655,66.338],[-61.334,66.532],[-63.165,66.926],[-64.614,67.115],[-64.241,67.368],[-64.829,67.953],[-66.903,68.098],[-68.775,68.844],[-68.077,68.897],[-68.533,69.25],[-66.835,69.171],[-68.207,69.591],[-67.503,69.797],[-69.698,70.074],[-68.542,70.49],[-70.652,70.764],[-71.882,70.931],[-71.275,71.32],[-72.535,71.629],[-75.204,71.569],[-74.313,71.953],[-75.322,72.548],[-78.363,72.582],[-79.056,71.96],[-79.128,72.172],[-81.027,72.05],[-80.463,72.974],[-82.697,73.782],[-84.308,73.197],[-83.885,73.07],[-85.147,72.483],[-84.289,72.256],[-85.205,71.769],[-84.535,71.536],[-85.891,71.122],[-85.286,71.41],[-86.448,72.134],[-86.414,72.315],[-86.855,72.859],[-85.668,73.601],[-86.892,73.83],[-89.1,73.196],[-89.334,72.168],[-89.435,71.441],[-87.169,71.019],[-89.019,70.675],[-86.373,70.465],[-85.984,70.113],[-81.596,69.96],[-81.138,70.015],[-78.713,70.011],[-80.66,70.753],[-77.699,70.136],[-77.367,69.809]]],[[[-75.129,67.904],[-76.794,68.147],[-77.065,67.329],[-75.77,67.302],[-75.129,67.904]]],[[[-96.149,69.169],[-97.742,69.832],[-98.878,68.885],[-96.794,68.529],[-95.644,68.756],[-96.149,69.169]]],[[[-81.872,63.991],[-82.11,64.644],[-84.424,65.392],[-85.198,65.376],[-86.243,64.542],[-86.061,64.141],[-86.032,63.675],[-85.432,63.598],[-85.157,63.185],[-83.517,64.052],[-82.198,63.69],[-80.368,63.679],[-81.872,63.991]]],[[[-60.222,53.325],[-60.137,53.684],[-57.515,54.466],[-59.694,55.154],[-61.928,56.273],[-61.476,57.104],[-62.186,57.437],[-62.887,58.656],[-64.671,60.181],[-65.555,59.576],[-65.861,58.795],[-67.772,58.249],[-69.214,58.748],[-70.028,60.883],[-73.395,62.355],[-75.695,62.216],[-77.362,62.517],[-77.985,61.859],[-77.462,61.473],[-78.176,60.742],[-77.507,60.415],[-77.662,59.574],[-78.337,58.551],[-76.772,57.663],[-76.439,56.81],[-77.234,55.607],[-79.545,54.692],[-78.742,52.744],[-74.197,52.927],[-71.033,55.196],[-65.643,55.263],[-62.889,54.725],[-60.222,53.325]]],[[[-94.758,73.744],[-95.641,73.144],[-95.124,72.519],[-94.542,72.19],[-93.724,72.388],[-94.266,72.853],[-92.001,72.841],[-90.455,73.864],[-93.899,74.163],[-94.985,73.936],[-94.758,73.744]]],[[[-125.828,72.076],[-123.468,71.199],[-120.843,71.53],[-120.454,72.299],[-117.686,73.215],[-121.655,73.995],[-124.74,74.242],[-124.065,73.865],[-125.145,72.605],[-125.828,72.076]]],[[[-100.967,69.628],[-101.055,70.031],[-105.601,71.045],[-110.347,71.197],[-114.038,72.064],[-116.934,72.902],[-118.399,72.476],[-118.649,71.8],[-115.517,71.423],[-117.761,70.722],[-113.764,70.737],[-111.544,70.325],[-117.193,70.123],[-116.995,69.743],[-115.907,69.351],[-113.539,69.114],[-113.152,68.596],[-110.448,68.653],[-107.536,69.057],[-106.854,69.451],[-104.188,68.898],[-101.808,69.136],[-103.268,69.329],[-100.967,69.628]]],[[[-41.06,65.037],[-39.727,64.997],[-42.793,65.403],[-43.848,64.206],[-44.258,61.87],[-43.848,61.058],[-43.72,60.004],[-43.015,59.833],[-43.497,60.479],[-42.785,60.529],[-42.824,60.802],[-43.037,61.292],[-42.306,61.729],[-43.226,62.681],[-41.834,62.691],[-41.904,63.053],[-41.227,63.253],[-41.378,63.523],[-40.766,63.575],[-41.484,64.274],[-40.355,64.427],[-41.06,65.037]]],[[[-47.63,60.597],[-46.158,60.937],[-46.133,61.759],[-47.656,62.795],[-49.062,64.786],[-49.473,67.033],[-50.539,67.488],[-52.808,67.775],[-53.395,67.362],[-52.978,67.31],[-53.397,66.996],[-52.303,66.909],[-52.86,66.353],[-52.611,66.268],[-52.835,65.655],[-52.078,65.372],[-51.992,65.01],[-51.805,64.233],[-50.02,64.61],[-51.101,63.47],[-50.617,63.435],[-50.466,63.051],[-49.857,62.967],[-50.097,62.356],[-49.116,62.104],[-48.915,61.421],[-47.869,60.939],[-47.63,60.597]]],[[[-160.939,63.985],[-150.129,63.324],[-144.68,63.192],[-139.524,62.416],[-132.435,62.497],[-124.936,64.835],[-118.198,62.713],[-114.565,60.6],[-111.284,58.553],[-102.144,57.214],[-93.825,56.863],[-92.404,56.975],[-93.074,58.551],[-94.684,58.878],[-94.753,59.95],[-93.423,61.858],[-90.774,63.302],[-87.435,64.569],[-87.254,65.43],[-85.987,66.163],[-83.139,66.373],[-81.295,67.499],[-82.687,68.697],[-81.48,69.189],[-84.314,69.826],[-85.381,69.695],[-85.4,68.76],[-86.488,67.378],[-88.324,67.813],[-87.79,68.478],[-89.736,68.534],[-91.658,70.286],[-93.099,70.969],[-93.271,71.559],[-95.411,71.859],[-96.7,70.838],[-96.127,69.941],[-92.956,69.084],[-96.208,68.074],[-99.368,67.792],[-101.913,67.705],[-105.636,68.355],[-107.662,67.963],[-108.095,67.36],[-110.532,67.92],[-112.503,67.693],[-115.285,68.892],[-117.832,69.008],[-122.326,69.884],[-123.803,69.434],[-125.974,69.43],[-127.352,70.38],[-129.013,69.72],[-131.673,69.276],[-135.439,69.526],[-136.203,68.876],[-137.729,69.016],[-143.308,70.197],[-145.273,70.116],[-149.286,70.539],[-152.137,70.534],[-152.971,70.934],[-156.905,71.346],[-157.812,70.971],[-160.24,70.858],[-162.879,69.999],[-164.067,69.065],[-166.297,68.88],[-166.844,68.405],[-164.513,67.797],[-163.739,67.218],[-161.936,67.088],[-161.261,66.396],[-162.275,66.071],[-164.463,66.596],[-168.18,65.694],[-166.139,65.355],[-166.586,64.73],[-163.025,64.442],[-161.291,64.964],[-160.939,63.985]]],[[[-67.619,76.019],[-66.54,75.971],[-63.651,76.38],[-62.449,76.338],[-63.358,78.236],[-62.811,81.156],[-66.522,80.711],[-66.851,80.039],[-64.623,79.949],[-65.485,79.158],[-72.383,78.526],[-71.888,77.949],[-69.688,77.555],[-66.153,77.553],[-71.057,77.028],[-68.186,76.702],[-67.619,76.019]]],[[[-99.955,73.263],[-101.654,72.373],[-100.319,72.14],[-98.372,71.37],[-98.478,71.799],[-96.351,72.501],[-98.394,73.131],[-97.082,73.667],[-100.914,73.708],[-99.955,73.263]]],[[[-92.166,75.099],[-89.698,74.615],[-88.39,74.99],[-88.144,74.569],[-82.936,74.684],[-81.468,74.581],[-80.56,74.916],[-79.675,75.213],[-81.703,75.875],[-86.618,75.432],[-91.156,75.974],[-90.087,76.288],[-92.786,76.24],[-92.093,75.805],[-92.166,75.099]]],[[[-76.234,82.909],[-75.802,82.68],[-75.988,82.342],[-77.521,80.75],[-81.064,80.533],[-81.356,79.908],[-80.732,79.659],[-83.618,80.207],[-85.693,79.719],[-81.597,78.755],[-85.807,78.906],[-86.633,78.297],[-84.843,78.16],[-84.407,77.631],[-83.049,77.631],[-87.582,77.461],[-87.099,77.281],[-88.589,76.468],[-84.668,76.467],[-84.796,76.866],[-83.088,76.478],[-82.572,76.7],[-80.814,76.238],[-77.804,76.726],[-82.102,77.316],[-78.219,77.573],[-78.367,78.033],[-76.291,78.011],[-76.618,78.298],[-74.909,78.821],[-77.299,79.286],[-73.674,79.518],[-74.542,79.894],[-70.421,80.05],[-70.511,80.545],[-65.3,81.458],[-67.854,81.752],[-61.989,82.312],[-65.481,82.9],[-70.919,82.932],[-73.226,82.861],[-76.234,82.909]]],[[[-56.127,53.466],[-57.561,54.131],[-60.171,53.299],[-58.788,52.573],[-56.127,53.466]]],[[[123.501,73.505],[124.544,71.586],[130.867,69.901],[155.892,68.169],[168.135,67.458],[171.768,65.859],[172.441,63.078],[169.481,61.193],[170.344,60.28],[172,60.858],[172.492,61.263],[175.173,61.969],[177.19,62.67],[177.291,62.487],[179.232,62.639],[178.932,62.765],[178.078,63.429],[178.403,63.664],[178.177,64.005],[177.813,64.047],[177.535,64.09],[177.193,64.21],[177.082,64.303],[177.082,64.517],[176.468,64.409],[176.044,64.501],[175.9,64.547],[175.965,64.904],[177.135,64.927],[177.251,64.856],[177.374,64.761],[177.844,64.583],[179.309,64.786],[180,64.953],[180,65.052],[180,65.311],[180,65.382],[180,65.963],[180,66.963],[180,67.963],[180,68.92],[175.611,69.779],[173.637,69.761],[170.452,70.019],[170.431,69.559],[170.793,69.184],[170.905,69.034],[169.389,68.717],[167.32,69.659],[166.309,69.378],[164.054,69.66],[161.961,69.528],[161.171,69.159],[160.862,69.083],[160.674,69.27],[160.682,69.578],[159.673,69.652],[159.444,69.765],[159.573,69.999],[158.409,70.814],[156.043,70.987],[152.134,70.664],[150.694,71.347],[149.715,71.438],[148.962,71.568],[148.711,71.629],[146.915,72.202],[144.801,71.591],[144.881,71.723],[145.678,71.927],[144.82,72.143],[144.562,72.456],[141.294,72.787],[139.05,72.164],[139.848,72.236],[139.744,71.404],[138.175,71.362],[138.076,71.246],[137.63,71.075],[136.765,71.406],[135.511,71.512],[134.241,71.262],[132.284,71.661],[130.779,70.678],[127.121,72.212],[126.111,72.28],[127.314,72.714],[128.525,72.952],[127.72,73.402],[123.501,73.505]]],[[[-169.832,66.025],[-171.958,66.956],[-172.829,66.961],[-173.432,67.034],[-174.193,66.288],[-175.101,66.765],[-175.514,67.669],[-178.891,68.642],[-180,68.917],[-180,67.963],[-180,66.963],[-180,65.963],[-180,65.382],[-180,65.311],[-180,65.259],[-178.975,66.051],[-177.512,65.52],[-176.783,65.638],[-175.187,64.849],[-173.545,64.419],[-173.025,64.506],[-172.437,65.02],[-173.043,65.806],[-171.73,65.611],[-171.41,65.707],[-171.669,65.889],[-170.613,66.038],[-170.449,66.053],[-169.832,66.025]]]]}},{"type":"Feature","id":168,"properties":{"name":"Andean hunter-gatherers","subjecto":"Andean hunter-gatherers","partof":"Andean hunter-gatherers","precision":1},"geometry":{"type":"Polygon","coordinates":[[[-67.482,-31.656],[-69.32,-29.305],[-68.617,-26.666],[-67.123,-25.032],[-66.097,-20.138],[-65.906,-18.311],[-66.595,-19.145],[-68.133,-19.349],[-69.071,-20.066],[-70.148,-20.268],[-70.111,-21.748],[-70.415,-23.527],[-70.398,-25.249],[-70.935,-27.727],[-71.43,-29.1],[-71.234,-29.519],[-71.695,-30.854],[-71.416,-32.753],[-71.616,-33.706],[-72.629,-35.646],[-73.435,-37.902],[-73.194,-39.565],[-73.759,-40.243],[-73.666,-41.479],[-73.464,-41.787],[-72.728,-41.553],[-72.068,-40.547],[-71.517,-39.706],[-69.437,-37.159],[-67.65,-33.577],[-67.482,-31.656]]]}},{"type":"Feature","id":169,"properties":{"name":"Pampas cultures","subjecto":"Pampas cultures","partof":"Pampas cultures","precision":1},"geometry":{"type":"Polygon","coordinates":[[[-69.115,-51.352],[-69.041,-50.562],[-67.833,-49.968],[-67.578,-49.059],[-66.078,-48.142],[-65.781,-47.712],[-67.469,-46.266],[-66.695,-45.131],[-65.657,-44.942],[-65.627,-44.723],[-65.307,-43.601],[-64.698,-43.201],[-65.085,-42.784],[-64.165,-42.648],[-64.001,-42.853],[-63.624,-42.57],[-64.12,-42.384],[-64.992,-42.193],[-64.925,-41.731],[-65.135,-41.244],[-64.939,-40.827],[-63.842,-41.158],[-62.26,-40.803],[-62.466,-40.368],[-62.108,-39.69],[-62.351,-39.333],[-61.361,-39.031],[-59.515,-38.875],[-57.809,-38.386],[-56.698,-36.944],[-57.372,-36.149],[-57.237,-35.583],[-58.523,-34.587],[-57.348,-34.508],[-56.338,-34.995],[-54.622,-34.922],[-54.074,-34.648],[-52.351,-32.675],[-52.14,-31.741],[-53.544,-31.446],[-54.365,-30.593],[-57.353,-29.681],[-63.563,-30.037],[-67.482,-31.656],[-67.65,-33.577],[-69.437,-37.159],[-71.517,-39.706],[-72.068,-40.547],[-70.579,-40.579],[-71.634,-43.196],[-72.191,-45.99],[-72.044,-48.766],[-71.487,-51.104],[-71.165,-51.561],[-69.115,-51.352]]]}},{"type":"Feature","id":170,"properties":{"name":"Caribbean hunter-gatherers","subjecto":"Caribbean hunter-gatherers","partof":"Caribbean hunter-gatherers","precision":1},"geometry":{"type":"MultiPolygon","coordinates":[[[[-50.476,-1.679],[-49.347,-1.645],[-48.886,-1.421],[-48.553,-0.632],[-49.143,-0.195],[-50.501,-0.262],[-50.476,-1.679]]],[[[-70.682,8.557],[-65.965,8.18],[-63.065,8.325],[-61.29,8.771],[-61.121,9.165],[-61.531,9.851],[-62.297,9.722],[-62.925,10.369],[-62.203,10.618],[-62.703,10.757],[-64.068,10.627],[-64.884,10.136],[-65.376,10.154],[-66.478,10.679],[-67.98,10.542],[-68.302,10.726],[-68.695,11.38],[-69.743,11.657],[-69.775,11.786],[-69.787,11.873],[-69.87,12.012],[-70.197,11.751],[-69.865,11.758],[-69.792,11.693],[-71.456,10.885],[-71.496,10.646],[-71.381,10.408],[-71.089,9.919],[-71.182,9.277],[-70.682,8.557]]],[[[-61.76,16.351],[-61.695,15.949],[-61.553,16.054],[-61.581,16.205],[-61.226,16.253],[-61.523,16.393],[-61.499,16.349],[-61.542,16.29],[-61.742,16.361],[-61.76,16.351]]],[[[-78.261,18.255],[-77.291,17.806],[-76.319,17.903],[-77.156,18.397],[-78.261,18.255]]],[[[-66.906,17.936],[-65.808,18.174],[-65.952,18.472],[-67.162,18.33],[-66.906,17.936]]],[[[-77.099,20.533],[-77.461,19.871],[-76.398,20.02],[-75.519,19.907],[-74.278,20.152],[-75.062,20.697],[-75.759,20.752],[-75.751,21.121],[-77.34,21.512],[-78.171,22.12],[-79.33,22.404],[-79.76,22.759],[-81.431,23.137],[-82.959,23.025],[-84.435,22.323],[-84.352,21.808],[-82.853,22.638],[-81.663,22.507],[-81.792,22.208],[-80.776,22.102],[-79.735,21.672],[-78.728,21.617],[-78.514,21.306],[-78.157,20.817],[-77.099,20.533]]],[[[-74.365,18.378],[-71.978,18.262],[-71.401,17.704],[-70.621,18.507],[-68.459,18.499],[-68.657,18.873],[-70.882,19.93],[-71.843,19.731],[-72.94,19.945],[-73.355,19.658],[-72.676,19.392],[-72.698,18.941],[-72.298,18.662],[-72.746,18.509],[-74.303,18.696],[-74.365,18.378]]]]}},{"type":"Feature","id":171,"properties":{"name":"Patagonian shellfish and marine mammal hunters","subjecto":"Patagonian shellfish and marine mammal hunters","partof":"Patagonian shellfish and marine mammal hunters","precision":1},"geometry":{"type":"MultiPolygon","coordinates":[[[[-70.498,-54.923],[-69.672,-54.774],[-67.153,-54.91],[-65.262,-54.819],[-66.983,-54.341],[-68.13,-53.375],[-68.705,-53.235],[-68.305,-52.943],[-69.407,-52.566],[-70.333,-53.473],[-69.441,-53.411],[-70.042,-53.986],[-69.055,-54.602],[-70.498,-54.923]]],[[[-74.236,-43.368],[-73.696,-43.386],[-73.831,-42.564],[-73.455,-42.262],[-74.169,-42.346],[-74.236,-43.368]]],[[[-73.243,-52.574],[-73.08,-53.032],[-72.965,-52.799],[-72.845,-52.646],[-73.243,-52.574]]],[[[-69.115,-51.352],[-71.165,-51.561],[-71.487,-51.104],[-72.044,-48.766],[-72.191,-45.99],[-71.634,-43.196],[-70.579,-40.579],[-72.068,-40.547],[-72.728,-41.553],[-72.587,-41.618],[-72.609,-41.997],[-72.466,-42.035],[-72.53,-43.063],[-72.999,-43.334],[-72.76,-44.369],[-72.583,-44.44],[-73.138,-45.344],[-73.047,-45.376],[-73.97,-46.713],[-73.995,-46.486],[-74.429,-46.533],[-74.042,-46.091],[-74.564,-45.872],[-75.444,-46.625],[-75.022,-46.553],[-74.862,-46.819],[-73.979,-47.032],[-74.381,-47.423],[-74.297,-47.761],[-73.36,-47.974],[-74.21,-48.008],[-73.963,-49.241],[-73.932,-49.993],[-73.934,-50.506],[-73.53,-50.433],[-74.208,-51.021],[-73.679,-51.231],[-73.778,-51.614],[-73.258,-51.706],[-73.107,-52.103],[-72.449,-52.161],[-72.212,-52.572],[-71.678,-52.644],[-72.751,-53.138],[-71.152,-52.962],[-71.442,-53.882],[-70.734,-52.802],[-69.483,-52.361],[-68.456,-52.42],[-69.077,-51.499],[-69.115,-51.352]]]]}},{"type":"Feature","id":172,"properties":{"name":"Shellfish gatherers","subjecto":"Shellfish gatherers","partof":"Shellfish gatherers","precision":1},"geometry":{"type":"Polygon","coordinates":[[[-48.797,-28.476],[-48.586,-27.211],[-48.775,-26.385],[-48.516,-25.876],[-48.722,-25.534],[-46.206,-23.883],[-45.459,-23.856],[-44.561,-22.99],[-43.815,-22.957],[-43.236,-23.032],[-42.984,-22.566],[-43.277,-21.589],[-45.943,-21.752],[-49.487,-24.553],[-49.839,-26.797],[-48.797,-28.476]]]}},{"type":"Feature","id":173,"properties":{"name":"Savanna hunter-gatherers","subjecto":"Savanna hunter-gatherers","partof":"Savanna hunter-gatherers","precision":1},"geometry":{"type":"Polygon","coordinates":[[[-65.906,-18.311],[-66.097,-20.138],[-67.123,-25.032],[-68.617,-26.666],[-69.32,-29.305],[-67.482,-31.656],[-63.563,-30.037],[-57.353,-29.681],[-54.365,-30.593],[-53.544,-31.446],[-52.14,-31.741],[-52.042,-31.557],[-51.445,-31.015],[-51.232,-30.265],[-50.609,-30.302],[-51.117,-31.472],[-50.469,-30.74],[-49.936,-29.627],[-48.797,-28.476],[-49.839,-26.797],[-49.487,-24.553],[-45.943,-21.752],[-43.277,-21.589],[-42.984,-22.566],[-43.236,-23.032],[-42.527,-22.954],[-41.958,-22.921],[-41.929,-22.546],[-40.984,-22.086],[-40.933,-21.279],[-39.691,-19.409],[-39.801,-18.748],[-39.484,-17.998],[-39.162,-17.737],[-38.948,-16.002],[-39.126,-14.325],[-38.828,-12.983],[-38.509,-12.798],[-38.386,-12.982],[-37.637,-11.951],[-37.187,-10.845],[-36.829,-10.736],[-35.599,-9.628],[-35.114,-8.661],[-34.918,-7.167],[-35.306,-5.751],[-35.665,-5.18],[-37.181,-4.954],[-37.888,-4.393],[-38.531,-5.734],[-39.937,-8.292],[-48.315,-13.924],[-51.538,-14.378],[-60.268,-13.81],[-64.194,-14.695],[-64.662,-16.805],[-65.906,-18.311]]]}},{"type":"Feature","id":174,"properties":{"name":"Amazon hunter-gatherers","subjecto":"Amazon hunter-gatherers","partof":"Amazon hunter-gatherers","precision":1},"geometry":{"type":"Polygon","coordinates":[[[-64.194,-14.695],[-60.268,-13.81],[-51.538,-14.378],[-48.315,-13.924],[-39.937,-8.292],[-38.531,-5.734],[-37.888,-4.393],[-38.786,-3.604],[-40.231,-2.851],[-41.103,-2.974],[-42.316,-2.818],[-43.334,-2.432],[-44.222,-2.777],[-44.584,-3.326],[-45.375,-3.165],[-49.066,-4.744],[-54.163,-4.627],[-56.331,-4.335],[-58.44,-2.288],[-57.972,-0.589],[-55.804,0.876],[-55.862,1.696],[-58.558,3.978],[-62.659,4.153],[-66.408,3.042],[-70.158,-5.735],[-69.045,-8.236],[-64.194,-14.695]]]}},{"type":"Feature","id":175,"properties":{"name":"Desert hunter-gatherers","subjecto":"Desert hunter-gatherers","partof":"Desert hunter-gatherers","precision":1},"geometry":{"type":"Polygon","coordinates":[[[-120.474,43.57],[-121.362,39.687],[-120.132,34.519],[-119.42,34.369],[-119.292,34.221],[-118.604,34.096],[-118.438,33.794],[-118.353,33.787],[-118.354,33.828],[-117.709,33.529],[-117.331,32.713],[-117.304,32.755],[-115.857,30.282],[-115.421,29.533],[-114.978,29.311],[-114.067,28.423],[-114.478,27.244],[-113.285,26.808],[-112.981,26.503],[-112.558,26.32],[-112.084,25.57],[-112.166,25.011],[-111.392,24.243],[-111.016,24.015],[-110.784,23.799],[-110.502,23.66],[-110.004,22.885],[-109.429,23.433],[-110.798,24.88],[-111.915,26.664],[-112.87,28.335],[-114.683,30.143],[-114.967,31.364],[-113.746,31.608],[-113.304,31.246],[-113.052,31.139],[-112.654,29.919],[-111.271,28.109],[-110.604,27.856],[-110.527,27.762],[-109.937,28.204],[-107.564,27.765],[-104.224,25.116],[-100.357,23.97],[-97.822,24.143],[-97.823,24.208],[-97.658,25.073],[-97.425,25.442],[-97.26,25.811],[-97.632,27.228],[-97.563,27.362],[-97.568,27.909],[-97.206,28.074],[-98.19,29.181],[-104.517,33.873],[-111.548,41.642],[-111.668,41.935],[-115.093,42.512],[-119.018,43.113],[-120.474,43.57]]]}},{"type":"Feature","id":176,"properties":{"name":"Plateau fichers and hunter gatherers","subjecto":"Plateau fichers and hunter gatherers","partof":"Plateau fichers and hunter gatherers","precision":1},"geometry":{"type":"Polygon","coordinates":[[[-114.467,52],[-115.034,52.033],[-125.697,55.194],[-128.588,55.057],[-124.76,52.448],[-120.483,48.962],[-120.307,44.299],[-120.474,43.57],[-119.018,43.113],[-115.093,42.512],[-111.668,41.935],[-114.126,47.952],[-114.467,52]]]}},{"type":"Feature","id":177,"properties":{"name":"North American Pacific foraging, hunting and fishing peoples","subjecto":"North American Pacific foraging, hunting and fishing peoples","partof":"North American Pacific foraging, hunting and fishing peoples","precision":1},"geometry":{"type":"MultiPolygon","coordinates":[[[[-132.174,54.846],[-132.688,55.649],[-132.621,55.751],[-133.266,55.831],[-133.016,55.371],[-132.174,54.846]]],[[[-120.677,35.189],[-120.688,34.622],[-120.583,34.591],[-120.529,34.508],[-120.132,34.519],[-121.362,39.687],[-120.474,43.57],[-120.307,44.299],[-120.483,48.962],[-124.76,52.448],[-128.588,55.057],[-129.852,54.998],[-130.004,53.938],[-128.814,53.764],[-128.432,52.939],[-128.077,52.939],[-128.06,52.5],[-127.037,52.464],[-128.013,51.808],[-127.455,51.769],[-127.455,51.021],[-126.425,51.089],[-126.164,50.752],[-124.939,50.596],[-124.471,49.813],[-123.976,49.971],[-123.699,49.525],[-123.212,49.625],[-123.213,49.272],[-122.984,49.135],[-122.345,48.077],[-123.183,47.488],[-122.808,47.828],[-123.259,48.206],[-124.675,48.386],[-124.249,47.019],[-124.195,47.042],[-124.214,47.094],[-124.132,47.114],[-124.06,47.051],[-123.905,47.042],[-123.882,46.296],[-123.787,46.298],[-124.63,43.014],[-124.153,41.58],[-124.365,40.334],[-123.46,38.704],[-123.222,38.533],[-122.759,37.957],[-122.531,37.896],[-122.548,38.162],[-122.49,38.165],[-122.467,38.01],[-122.384,37.961],[-122.46,37.744],[-122.5,37.536],[-122.253,37.07],[-121.932,37.009],[-121.743,36.24],[-121.652,36.1],[-121.561,36.066],[-121.385,35.785],[-121.199,35.687],[-121.084,35.558],[-120.928,35.475],[-120.949,35.289],[-120.677,35.189]]],[[[-128.343,50.668],[-126.522,49.822],[-126.563,49.572],[-125.892,49.377],[-125.78,49.089],[-124.999,49.169],[-125.098,48.795],[-123.593,48.635],[-125.719,50.409],[-127.848,50.861],[-128.343,50.668]]]]}},{"type":"Feature","id":178,"properties":{"name":"West African cereal farmers","subjecto":"West African cereal farmers","partof":"West African cereal farmers","precision":1},"geometry":{"type":"Polygon","coordinates":[[[32.879,12.471],[30.6,11.116],[24.074,11.182],[23.2,11.775],[20.442,11.973],[17.751,12.827],[8.266,12.367],[2.346,13.286],[-6.265,13.351],[-13.396,14.917],[-17.033,14.565],[-16.87,14.364],[-16.494,13.475],[-16.772,12.597],[-15.809,11.843],[-14.591,10.467],[-13.68,9.916],[-12.927,8.627],[-13.212,8.347],[-12.264,7.351],[-9.937,5.863],[-9.248,5.172],[-7.529,4.337],[-6.316,4.873],[-5,5.238],[-3.942,5.266],[-2.717,5.04],[-2.031,4.698],[0.09,5.656],[0.939,5.759],[1.558,6.237],[3.46,6.381],[3.949,6.579],[5.448,5.477],[5.359,5.368],[12.605,7.732],[22.225,6.196],[33.93,2.844],[36.015,1.297],[38.773,-2.267],[39.48,-2.469],[40.455,-1.36],[40.859,0.322],[42.54,1.264],[44.137,1.151],[44.301,1.291],[45.541,1.967],[46.361,2.668],[47.556,3.993],[48.472,5.201],[49.046,6.416],[50.779,9.368],[51.13,10.71],[51.181,11.777],[50.697,11.948],[49.304,11.246],[48.534,11.333],[47.391,11.159],[46.677,10.7],[45.909,10.832],[45.013,10.449],[44.281,10.396],[43.368,11.456],[43.33,12.434],[42.355,13.271],[40.475,13.055],[38.305,13.222],[37.888,13.555],[37.804,14.223],[38.305,15.058],[39.518,15.463],[40.739,14.919],[41.761,13.886],[42.079,13.861],[41.761,13.886],[40.739,14.919],[39.518,15.463],[39.236,16.249],[35.829,14.224],[35.718,13.222],[35.384,12.804],[34.216,12.554],[32.879,12.471]],[[34.232,11.709],[37.125,11.644],[39.143,9.063],[38.605,6.597],[35.578,5.527],[33.022,6.865],[32.349,9.528],[34.232,11.709]]]}},{"type":"Feature","id":179,"properties":{"name":null,"subjecto":null,"partof":null,"precision":1},"geometry":{"type":"Polygon","coordinates":[[[39.518,15.463],[38.686,18.003],[37.398,18.915],[37.128,21.227],[34.551,20.183],[35.229,18.51],[35.969,15.482],[35.829,14.224],[39.236,16.249],[39.518,15.463]]]}},{"type":"Feature","id":180,"properties":{"name":"Khoisan","subjecto":"Khoisan","partof":"Khoiasan","precision":1},"geometry":{"type":"MultiPolygon","coordinates":[[[[46.464,-15.857],[44.454,-16.242],[43.972,-17.553],[44.394,-18.791],[44.41,-19.268],[44.536,-19.369],[44.47,-20.17],[43.291,-22.41],[43.655,-23.051],[43.785,-23.267],[43.727,-24.354],[43.981,-24.627],[44.037,-24.989],[45.576,-25.621],[46.855,-25.218],[47.258,-24.766],[48.087,-22.044],[49.342,-18.228],[49.425,-17.198],[49.898,-16.46],[49.685,-16.047],[50.187,-15.957],[50.503,-15.314],[50.254,-14.775],[49.976,-13.301],[49.176,-12.266],[48.751,-13.418],[47.741,-14.31],[47.813,-14.627],[47.884,-14.716],[47.245,-15.366],[46.464,-15.857]]],[[[44.137,1.151],[42.54,1.264],[40.859,0.322],[40.455,-1.36],[39.48,-2.469],[38.773,-2.267],[36.015,1.297],[33.93,2.844],[22.225,6.196],[12.605,7.732],[5.359,5.368],[5.355,5.362],[5.607,4.632],[6.844,4.292],[8.875,4.62],[9.586,3.675],[9.923,2.824],[9.851,1.877],[9.203,-0.634],[8.815,-0.896],[9.656,-2.419],[11.773,-4.537],[12.263,-5.47],[12.372,-6.258],[13.387,-8.156],[13.204,-9.637],[13.816,-10.976],[13.649,-12.197],[12.585,-13.464],[12.06,-15.594],[11.782,-15.868],[11.775,-17.596],[12.08,-18.491],[12.929,-19.742],[13.804,-21.443],[14.415,-22.268],[14.396,-23.075],[14.909,-25.018],[14.843,-25.622],[15.454,-27.616],[16.788,-29.139],[17.354,-30.422],[18.179,-31.805],[18.487,-34.398],[20.256,-34.623],[21.669,-34.506],[22.682,-34.103],[24.43,-34.335],[25.619,-33.919],[26.659,-33.847],[28.922,-32.298],[30.391,-30.814],[31.563,-29.21],[32.235,-28.744],[32.767,-27.517],[32.896,-26.372],[32.5,-26.068],[33.347,-25.304],[34.884,-24.722],[35.297,-23.825],[35.531,-22.458],[35.261,-22.274],[34.699,-20.572],[34.726,-19.86],[35.915,-19.032],[37.275,-17.713],[39.471,-16.717],[40.386,-15.736],[40.849,-14.579],[40.599,-14.401],[40.527,-12.584],[40.311,-11.345],[40.62,-10.766],[39.658,-9.796],[39.27,-7.801],[39.566,-7.044],[38.922,-6.34],[38.934,-5.635],[39.267,-4.776],[40.234,-3.192],[42.44,-0.512],[43.724,0.8],[44.137,1.151]]]]}},{"type":"Feature","id":181,"properties":{"name":"Blemmyes","subjecto":"Blemmyes","partof":"Blemmyes","precision":1},"geometry":{"type":"Polygon","coordinates":[[[37.128,21.227],[36.66,22.167],[35.746,22.914],[35.468,23.721],[35.725,23.912],[35.19,24.4],[33.657,24.018],[33.345,23.354],[33.765,22.477],[34.412,20.536],[34.551,20.183],[37.128,21.227]]]}},{"type":"Feature","id":182,"properties":{"name":"Marksville Culture","subjecto":"Marksville Culture","partof":"Marksville Culture","precision":1},"geometry":{"type":"Polygon","coordinates":[[[-92.117,29.542],[-90.779,29.109],[-90.198,29.527],[-89.622,29.284],[-89.792,30.69],[-90.342,30.926],[-90.283,32.23],[-90.655,33.448],[-92.217,33.318],[-92.815,33.122],[-93.811,31.938],[-94.118,31.643],[-94.118,29.693],[-93.446,29.768],[-92.117,29.542]]]}},{"type":"Feature","id":183,"properties":{"name":"Fourche Maline Culture","subjecto":"Fourche Maline Culture","partof":"Fourche Maline Culture","precision":1},"geometry":{"type":"Polygon","coordinates":[[[-94.282,35.131],[-95.635,35.16],[-96.26,34.619],[-95.462,33.034],[-96.043,32.994],[-94.325,32.644],[-93.811,31.938],[-92.815,33.122],[-92.217,33.318],[-92.755,33.44],[-93.102,34.39],[-94.282,35.131]]]}},{"type":"Feature","id":184,"properties":{"name":"Mill Creek Culture","subjecto":"Mill Creek Culture","partof":"Mill Creek Culture","precision":1},"geometry":{"type":"Polygon","coordinates":[[[-93.811,31.938],[-94.325,32.644],[-96.043,32.994],[-96.213,32.532],[-95.469,31.692],[-94.118,31.643],[-93.811,31.938]]]}},{"type":"Feature","id":185,"properties":{"name":"Swift Creek Culture","subjecto":"Swift Creek Culture","partof":"Swift Creek Culture","precision":1},"geometry":{"type":"Polygon","coordinates":[[[-80.897,32.037],[-82.121,33.051],[-82.392,34.142],[-84.95,34.388],[-85.77,34.16],[-85.766,34.146],[-86.842,32.648],[-87.305,31.3],[-87.089,30.359],[-86.389,30.473],[-85.305,29.664],[-84.317,30.092],[-83.696,29.873],[-82.765,30.416],[-81.376,30.003],[-81.512,30.727],[-80.897,32.037]]]}},{"type":"Feature","id":186,"properties":{"name":"Miller","subjecto":"Miller","partof":"Miller","precision":1},"geometry":{"type":"Polygon","coordinates":[[[-88.073,35.11],[-88.413,35.474],[-89.793,35.277],[-90.622,34.171],[-89.655,33.396],[-88.378,33.194],[-87.904,34.408],[-88.073,35.11]]]}},{"type":"Feature","id":187,"properties":{"name":"Laurel complex","subjecto":"Laurel complex","partof":"Laurel complex","precision":1},"geometry":{"type":"MultiPolygon","coordinates":[[[[-91.078,49.948],[-91.153,50.636],[-93.994,50.636],[-95.271,51.12],[-96.197,52.384],[-95.239,53.157],[-95.271,53.859],[-97.091,55.065],[-101.05,54.624],[-101.56,53.897],[-101.209,53.272],[-98.719,52.228],[-97.155,50.413],[-97.282,49.572],[-96.931,48.547],[-95.622,47.716],[-94.505,47.386],[-93.643,47.132],[-91.15,47.368],[-89.517,48.004],[-89.559,48.006],[-88.252,48.932],[-88.205,48.976],[-89.94,49.03],[-91.44,49.634],[-91.078,49.948]]],[[[-83.491,47.457],[-84.385,48.335],[-86.46,48.946],[-85.797,47.966],[-85.027,47.94],[-84.442,46.817],[-87.273,46.512],[-87.76,46.864],[-89.09,46.96],[-87.673,46.455],[-87.197,45.568],[-85.382,46.075],[-84.952,45.408],[-86.103,44.761],[-85.79,44.531],[-84.182,45.599],[-83.794,46.257],[-83.088,46.185],[-83.491,47.457]]]]}},{"type":"Feature","id":188,"properties":{"name":"Copena","subjecto":"Copena","partof":"Copena","precision":1},"geometry":{"type":"Polygon","coordinates":[[[-88.073,35.11],[-87.904,34.408],[-88.378,33.194],[-88.539,32.822],[-86.994,32.822],[-86.842,32.648],[-85.766,34.146],[-85.77,34.16],[-85.849,34.431],[-86.304,34.93],[-88.073,35.11]]]}},{"type":"Feature","id":189,"properties":{"name":"Porter","subjecto":"Porter","partof":"Porter","precision":1},"geometry":{"type":"Polygon","coordinates":[[[-86.994,32.822],[-88.539,32.822],[-89.348,32.616],[-89.67,31.785],[-89.194,30.959],[-88.035,30.679],[-87.089,30.359],[-87.305,31.3],[-86.842,32.648],[-86.994,32.822]]]}},{"type":"Feature","id":190,"properties":{"name":"Goodall Focus","subjecto":"Goodall Focus","partof":"Goodall Focus","precision":1},"geometry":{"type":"Polygon","coordinates":[[[-83.744,43.621],[-84.773,43.383],[-85.335,43.992],[-86.453,44.13],[-86.488,44.019],[-86.243,42.988],[-86.372,42.248],[-87.025,41.686],[-87.224,41.635],[-87.375,41.634],[-87.353,41.167],[-86.522,40.738],[-85.702,41.696],[-84.738,41.724],[-84.407,43.042],[-83.744,43.621]]]}},{"type":"Feature","id":191,"properties":{"name":"Saugeen Complex","subjecto":"Saugeen Complex","partof":"Saugeen Complex","precision":1},"geometry":{"type":"Polygon","coordinates":[[[-79.637,42.853],[-80.52,44.596],[-81.095,44.799],[-81.719,44.139],[-82.166,43.084],[-81.859,42.264],[-81.439,42.587],[-80.406,42.569],[-79.637,42.853]]]}},{"type":"Feature","id":192,"properties":{"name":"Couture Complex","subjecto":"Couture Complex","partof":"Couture Complex","precision":1},"geometry":{"type":"Polygon","coordinates":[[[-84.738,41.724],[-83.663,40.608],[-82.275,40.913],[-81.945,41.509],[-83.45,41.754],[-82.768,42.267],[-82.465,43.195],[-82.921,44.057],[-83.744,43.621],[-84.407,43.042],[-84.738,41.724]]]}},{"type":"Feature","id":193,"properties":{"name":"Point Peninsula","subjecto":"Point Peninsula","partof":"Point Peninsula","precision":1},"geometry":{"type":"Polygon","coordinates":[[[-70.871,47.05],[-74.19,47.966],[-76.056,47.308],[-80.3,45.948],[-79.918,44.967],[-80.292,44.523],[-79.367,43.615],[-77.623,44.01],[-76.181,43.613],[-75.594,43.68],[-74.582,43.823],[-73.082,44.756],[-70.56,45.309],[-70.038,46.174],[-70.871,47.05]]]}},{"type":"Feature","id":194,"properties":{"name":null,"subjecto":null,"partof":null,"precision":1},"geometry":null},{"type":"Feature","id":195,"properties":{"name":null,"subjecto":null,"partof":null,"precision":1},"geometry":{"type":"Polygon","coordinates":[[[-16.87,14.364],[-17.033,14.565],[-13.396,14.917],[-6.265,13.351],[2.346,13.286],[8.266,12.367],[17.751,12.827],[20.442,11.973],[23.2,11.775],[24.074,11.182],[30.6,11.116],[32.879,12.471],[31.798,12.522],[31.058,13.128],[29.847,15.348],[29.51,17.434],[29.847,20.125],[30.242,20.886],[31.058,22.681],[30.041,24.622],[28.406,27.743],[26.743,28.575],[22.308,29.961],[21.291,29.961],[19.351,29.407],[18.612,29.407],[14.454,31.162],[9.834,32.918],[8.633,34.027],[7.986,35.505],[-8.64,33.122],[-9.318,31.964],[-9.663,29.955],[-10.339,29.146],[-11.576,28.229],[-12.866,27.857],[-13.629,26.591],[-14.367,26.119],[-14.82,24.733],[-15.714,23.873],[-16.353,22.493],[-16.806,21.99],[-17.052,21.004],[-16.347,20.523],[-15.983,18.178],[-16.45,16.118],[-17.221,14.725],[-16.87,14.364]]]}},{"type":"Feature","id":196,"properties":{"name":null,"subjecto":null,"partof":null,"precision":1},"geometry":{"type":"Polygon","coordinates":[[[20.117,30.957],[19.125,30.199],[19.664,30.442],[20.117,30.957]]]}},{"type":"Feature","id":197,"properties":{"name":null,"subjecto":null,"partof":null,"precision":1},"geometry":{"type":"MultiPolygon","coordinates":[]}},{"type":"Feature","id":198,"properties":{"name":null,"subjecto":null,"partof":null,"precision":1},"geometry":{"type":"MultiPolygon","coordinates":[]}},{"type":"Feature","id":199,"properties":{"name":null,"subjecto":null,"partof":null,"precision":1},"geometry":{"type":"Polygon","coordinates":[[[34.232,11.709],[32.349,9.528],[33.022,6.865],[35.578,5.527],[38.605,6.597],[39.143,9.063],[37.125,11.644],[34.232,11.709]]]}},{"type":"Feature","id":200,"properties":{"name":"Hopewell Culture","subjecto":"Hopewell Culture","partof":"Hopewell Culture","precision":1},"geometry":{"type":"Polygon","coordinates":[[[-87.477,41.685],[-87.792,42.831],[-88.269,42.711],[-89.322,44.488],[-92.211,45.761],[-93.491,45.186],[-91.948,43.686],[-93.622,42.753],[-94.114,42.026],[-93.294,41.192],[-92.572,40.87],[-92.9,39.995],[-94.124,40.142],[-95.362,39.945],[-95.788,37.174],[-94.902,36.253],[-94.118,36.326],[-93.195,36.412],[-93.425,38.342],[-90.044,38.598],[-90.814,38.008],[-90.001,37.284],[-90.272,35.787],[-88.511,36.061],[-85.564,37.553],[-82.143,36.96],[-79.975,37.579],[-78.959,39.304],[-78.294,41.015],[-75.854,42.958],[-75.594,43.68],[-76.181,43.613],[-76.937,43.237],[-78.821,43.308],[-79.193,42.847],[-79.564,42.387],[-80.292,41.34],[-82.275,40.913],[-83.663,40.608],[-85.97,40.06],[-86.546,39.408],[-87.63,39.251],[-89.188,39.416],[-87.353,41.167],[-87.375,41.634],[-87.477,41.685]]]}},{"type":"Feature","id":201,"properties":{"name":"Plain bison hunters","subjecto":"Plain bison hunters","partof":"Plain bison hunters","precision":1},"geometry":{"type":"Polygon","coordinates":[[[-95.058,29.675],[-94.857,29.784],[-94.797,29.563],[-94.118,29.693],[-94.118,31.643],[-95.469,31.692],[-96.213,32.532],[-96.043,32.994],[-95.462,33.034],[-96.26,34.619],[-95.635,35.16],[-94.282,35.131],[-94.118,36.326],[-94.902,36.253],[-95.788,37.174],[-95.362,39.945],[-94.124,40.142],[-94.235,46.721],[-94.505,47.386],[-95.622,47.716],[-96.931,48.547],[-97.282,49.572],[-97.201,50.111],[-98.922,50.232],[-105.191,51.453],[-114.467,52],[-114.126,47.952],[-111.668,41.935],[-111.548,41.642],[-104.517,33.873],[-98.19,29.181],[-97.206,28.074],[-97.115,28.107],[-96.831,28.158],[-96.577,28.426],[-96.774,28.623],[-95.239,29.058],[-95.058,29.675]]]}},{"type":"Feature","id":202,"properties":{"name":null,"subjecto":null,"partof":null,"precision":1},"geometry":null},{"type":"Feature","id":203,"properties":{"name":null,"subjecto":null,"partof":null,"precision":1},"geometry":{"type":"Polygon","coordinates":[[[-83.696,29.873],[-82.647,28.907],[-82.429,27.826],[-80.592,28.492],[-81.376,30.003],[-82.765,30.416],[-83.696,29.873]]]}},{"type":"Feature","id":204,"properties":{"name":null,"subjecto":null,"partof":null,"precision":1},"geometry":null},{"type":"Feature","id":205,"properties":{"name":null,"subjecto":null,"partof":null,"precision":1},"geometry":null},{"type":"Feature","id":206,"properties":{"name":null,"subjecto":null,"partof":null,"precision":1},"geometry":null},{"type":"Feature","id":207,"properties":{"name":null,"subjecto":null,"partof":null,"precision":1},"geometry":null},{"type":"Feature","id":208,"properties":{"name":null,"subjecto":null,"partof":null,"precision":1},"geometry":null},{"type":"Feature","id":209,"properties":{"name":null,"subjecto":null,"partof":null,"precision":1},"geometry":null},{"type":"Feature","id":210,"properties":{"name":null,"subjecto":null,"partof":null,"precision":1},"geometry":null},{"type":"Feature","id":211,"properties":{"name":null,"subjecto":null,"partof":null,"precision":1},"geometry":null},{"type":"Feature","id":212,"properties":{"name":null,"subjecto":null,"partof":null,"precision":1},"geometry":null},{"type":"Feature","id":213,"properties":{"name":null,"subjecto":null,"partof":null,"precision":1},"geometry":null},{"type":"Feature","id":214,"properties":{"name":null,"subjecto":null,"partof":null,"precision":1},"geometry":null},{"type":"Feature","id":215,"properties":{"name":null,"subjecto":null,"partof":null,"precision":1},"geometry":null},{"type":"Feature","id":216,"properties":{"name":null,"subjecto":null,"partof":null,"precision":1},"geometry":null},{"type":"Feature","id":217,"properties":{"name":null,"subjecto":null,"partof":null,"precision":1},"geometry":null},{"type":"Feature","id":218,"properties":{"name":null,"subjecto":null,"partof":null,"precision":1},"geometry":null},{"type":"Feature","id":219,"properties":{"name":null,"subjecto":null,"partof":null,"precision":1},"geometry":null},{"type":"Feature","id":220,"properties":{"name":null,"subjecto":null,"partof":null,"precision":1},"geometry":null},{"type":"Feature","id":221,"properties":{"name":null,"subjecto":null,"partof":null,"precision":1},"geometry":null},{"type":"Feature","id":222,"properties":{"name":null,"subjecto":null,"partof":null,"precision":1},"geometry":null},{"type":"Feature","id":223,"properties":{"name":null,"subjecto":null,"partof":null,"precision":1},"geometry":null},{"type":"Feature","id":224,"properties":{"name":null,"subjecto":null,"partof":null,"precision":1},"geometry":null},{"type":"Feature","id":225,"properties":{"name":null,"subjecto":null,"partof":null,"precision":1},"geometry":null},{"type":"Feature","id":226,"properties":{"name":null,"subjecto":null,"partof":null,"precision":1},"geometry":null},{"type":"Feature","id":227,"properties":{"name":null,"subjecto":null,"partof":null,"precision":1},"geometry":null},{"type":"Feature","id":228,"properties":{"name":null,"subjecto":null,"partof":null,"precision":1},"geometry":null},{"type":"Feature","id":229,"properties":{"name":null,"subjecto":null,"partof":null,"precision":1},"geometry":null},{"type":"Feature","id":230,"properties":{"name":null,"subjecto":null,"partof":null,"precision":1},"geometry":null},{"type":"Feature","id":231,"properties":{"name":null,"subjecto":null,"partof":null,"precision":1},"geometry":null},{"type":"Feature","id":232,"properties":{"name":null,"subjecto":null,"partof":null,"precision":1},"geometry":null},{"type":"Feature","id":233,"properties":{"name":null,"subjecto":null,"partof":null,"precision":1},"geometry":null},{"type":"Feature","id":234,"properties":{"name":null,"subjecto":null,"partof":null,"precision":1},"geometry":null},{"type":"Feature","id":235,"properties":{"name":null,"subjecto":null,"partof":null,"precision":1},"geometry":null},{"type":"Feature","id":236,"properties":{"name":null,"subjecto":null,"partof":null,"precision":1},"geometry":null},{"type":"Feature","id":237,"properties":{"name":null,"subjecto":null,"partof":null,"precision":1},"geometry":null},{"type":"Feature","id":238,"properties":{"name":null,"subjecto":null,"partof":null,"precision":1},"geometry":null},{"type":"Feature","id":239,"properties":{"name":null,"subjecto":null,"partof":null,"precision":1},"geometry":null},{"type":"Feature","id":240,"properties":{"name":null,"subjecto":null,"partof":null,"precision":1},"geometry":null},{"type":"Feature","id":241,"properties":{"name":null,"subjecto":null,"partof":null,"precision":1},"geometry":null},{"type":"Feature","id":242,"properties":{"name":null,"subjecto":null,"partof":null,"precision":1},"geometry":null},{"type":"Feature","id":243,"properties":{"name":null,"subjecto":null,"partof":null,"precision":1},"geometry":null},{"type":"Feature","id":244,"properties":{"name":null,"subjecto":null,"partof":null,"precision":1},"geometry":null},{"type":"Feature","id":245,"properties":{"name":null,"subjecto":null,"partof":null,"precision":1},"geometry":null},{"type":"Feature","id":246,"properties":{"name":null,"subjecto":null,"partof":null,"precision":1},"geometry":null},{"type":"Feature","id":247,"properties":{"name":null,"subjecto":null,"partof":null,"precision":1},"geometry":null},{"type":"Feature","id":248,"properties":{"name":null,"subjecto":null,"partof":null,"precision":1},"geometry":null},{"type":"Feature","id":249,"properties":{"name":null,"subjecto":null,"partof":null,"precision":1},"geometry":null},{"type":"Feature","id":250,"properties":{"name":null,"subjecto":null,"partof":null,"precision":1},"geometry":null},{"type":"Feature","id":251,"properties":{"name":null,"subjecto":null,"partof":null,"precision":1},"geometry":null},{"type":"Feature","id":252,"properties":{"name":null,"subjecto":null,"partof":null,"precision":1},"geometry":null},{"type":"Feature","id":253,"properties":{"name":null,"subjecto":null,"partof":null,"precision":1},"geometry":null},{"type":"Feature","id":254,"properties":{"name":null,"subjecto":null,"partof":null,"precision":1},"geometry":null},{"type":"Feature","id":255,"properties":{"name":null,"subjecto":null,"partof":null,"precision":1},"geometry":null},{"type":"Feature","id":256,"properties":{"name":null,"subjecto":null,"partof":null,"precision":1},"geometry":null},{"type":"Feature","id":257,"properties":{"name":null,"subjecto":null,"partof":null,"precision":1},"geometry":null},{"type":"Feature","id":258,"properties":{"name":null,"subjecto":null,"partof":null,"precision":1},"geometry":null},{"type":"Feature","id":259,"properties":{"name":null,"subjecto":null,"partof":null,"precision":1},"geometry":{"type":"Polygon","coordinates":[[[-78.503,43.362],[-78.217,43.371],[-78.237,43.371],[-78.503,43.362]]]}},{"type":"Feature","id":260,"properties":{"name":null,"subjecto":null,"partof":null,"precision":1},"geometry":null},{"type":"Feature","id":261,"properties":{"name":null,"subjecto":null,"partof":null,"precision":1},"geometry":null},{"type":"Feature","id":262,"properties":{"name":null,"subjecto":null,"partof":null,"precision":1},"geometry":null},{"type":"Feature","id":263,"properties":{"name":null,"subjecto":null,"partof":null,"precision":1},"geometry":null},{"type":"Feature","id":264,"properties":{"name":null,"subjecto":null,"partof":null,"precision":1},"geometry":null},{"type":"Feature","id":265,"properties":{"name":null,"subjecto":null,"partof":null,"precision":1},"geometry":{"type":"MultiPolygon","coordinates":[[[[-82.275,40.913],[-80.292,41.34],[-79.564,42.387],[-81.945,41.509],[-82.275,40.913]]],[[[-70.871,47.05],[-70.038,46.174],[-70.56,45.309],[-73.082,44.756],[-74.582,43.823],[-75.594,43.68],[-75.854,42.958],[-78.294,41.015],[-78.959,39.304],[-79.975,37.579],[-82.143,36.96],[-85.564,37.553],[-88.511,36.061],[-90.272,35.787],[-90.001,37.284],[-90.814,38.008],[-90.044,38.598],[-93.425,38.342],[-93.195,36.412],[-94.118,36.326],[-94.282,35.131],[-93.102,34.39],[-92.755,33.44],[-92.217,33.318],[-90.655,33.448],[-90.283,32.23],[-90.342,30.926],[-89.792,30.69],[-88.142,30.328],[-88.035,30.679],[-89.194,30.959],[-89.67,31.785],[-89.348,32.616],[-88.539,32.822],[-88.378,33.194],[-89.655,33.396],[-90.622,34.171],[-89.793,35.277],[-88.413,35.474],[-88.073,35.11],[-86.304,34.93],[-85.849,34.431],[-85.766,34.146],[-85.77,34.16],[-84.95,34.388],[-82.392,34.142],[-82.121,33.051],[-80.897,32.037],[-79.349,33.11],[-78.621,33.811],[-77.963,33.933],[-77.296,34.667],[-76.622,34.763],[-75.729,35.882],[-76.215,37.943],[-75.668,37.898],[-74.153,39.765],[-73.741,40.977],[-72.854,41.294],[-71.449,41.425],[-70.302,41.759],[-70.868,42.871],[-70.216,43.8],[-68.804,44.393],[-67.169,44.711],[-66.502,45.186],[-64.905,45.463],[-66.189,44.141],[-65.713,43.56],[-64.835,43.884],[-61.444,45.439],[-63.843,45.988],[-64.535,46.272],[-65.028,47.882],[-66.472,48.099],[-66.181,48.185],[-65.213,48.121],[-64.398,48.456],[-64.952,49.207],[-66.03,49.166],[-68.341,48.546],[-70.871,47.05]]],[[[-78.821,43.308],[-79.367,43.615],[-80.292,44.523],[-80.52,44.596],[-79.637,42.853],[-79.193,42.847],[-78.821,43.308]]],[[[-87.792,42.831],[-87.908,43.192],[-87.197,45.568],[-87.673,46.455],[-89.09,46.96],[-90.277,46.625],[-91.15,47.368],[-93.643,47.132],[-94.505,47.386],[-94.235,46.721],[-94.124,40.142],[-92.9,39.995],[-92.572,40.87],[-93.294,41.192],[-94.114,42.026],[-93.622,42.753],[-91.948,43.686],[-93.491,45.186],[-92.211,45.761],[-89.322,44.488],[-88.269,42.711],[-87.792,42.831]]],[[[-82.166,43.084],[-82.465,43.195],[-82.768,42.267],[-81.859,42.264],[-82.166,43.084]]],[[[-83.491,47.457],[-83.088,46.185],[-80.3,45.948],[-76.056,47.308],[-81.931,48.902],[-85.036,49.094],[-87.79,49.931],[-91.078,49.948],[-91.44,49.634],[-89.94,49.03],[-88.205,48.976],[-88.252,48.932],[-88.205,48.976],[-86.46,48.946],[-84.385,48.335],[-83.491,47.457]]],[[[-87.353,41.167],[-89.188,39.416],[-87.63,39.251],[-86.546,39.408],[-85.97,40.06],[-83.663,40.608],[-84.738,41.724],[-85.702,41.696],[-86.522,40.738],[-87.353,41.167]]],[[[-86.453,44.13],[-85.335,43.992],[-84.773,43.383],[-83.744,43.621],[-83.386,44.313],[-83.431,45.275],[-84.182,45.599],[-85.79,44.531],[-86.103,44.761],[-86.453,44.13],[-86.488,44.019],[-86.453,44.13]]]]}},{"type":"Feature","id":266,"properties":{"name":"Nazca","subjecto":"Nazca","partof":"Nazca","precision":1},"geometry":{"type":"Polygon","coordinates":[[[-75.564,-12.873],[-76.238,-13.568],[-76.053,-14.41],[-75.231,-15.222],[-74.383,-15.823],[-73.89,-14.855],[-74.218,-14.295],[-75.564,-12.873]]]}},{"type":"Feature","id":267,"properties":{"name":"Glades Culture","subjecto":"Glades Culture","partof":"Glades Culture","precision":1},"geometry":{"type":"Polygon","coordinates":[[[-80.592,28.492],[-82.429,27.826],[-82.31,26.825],[-81.401,25.859],[-81.098,25.125],[-80.314,25.244],[-80.05,26.551],[-80.592,28.492]]]}},{"type":"Feature","id":268,"properties":{"name":null,"subjecto":null,"partof":null,"precision":1},"geometry":{"type":"Polygon","coordinates":[[[-4.153,53.226],[-4.277,53.398],[-4.567,53.273],[-4.351,53.124],[-4.153,53.226]]]}},{"type":"Feature","id":269,"properties":{"name":null,"subjecto":null,"partof":null,"precision":1},"geometry":{"type":"Polygon","coordinates":[[[-5.104,55.439],[-5.155,55.673],[-5.4,55.601],[-5.104,55.439]]]}},{"type":"Feature","id":270,"properties":{"name":null,"subjecto":null,"partof":null,"precision":1},"geometry":{"type":"Polygon","coordinates":[[[-6.122,55.879],[-6.327,55.589],[-6.025,55.681],[-6.122,55.879]]]}},{"type":"Feature","id":271,"properties":{"name":null,"subjecto":null,"partof":null,"precision":1},"geometry":{"type":"Polygon","coordinates":[[[-5.947,55.83],[-5.746,56.064],[-5.968,56.024],[-6.079,55.906],[-5.947,55.83]]]}},{"type":"Feature","id":272,"properties":{"name":null,"subjecto":null,"partof":null,"precision":1},"geometry":{"type":"Polygon","coordinates":[[[-7.467,56.941],[-7.376,56.979],[-7.446,57.056],[-7.554,56.966],[-7.467,56.941]]]}},{"type":"Feature","id":273,"properties":{"name":null,"subjecto":null,"partof":null,"precision":1},"geometry":{"type":"Polygon","coordinates":[[[-7.223,57.337],[-7.425,57.382],[-7.381,57.109],[-7.23,57.095],[-7.223,57.337]]]}},{"type":"Feature","id":274,"properties":{"name":null,"subjecto":null,"partof":null,"precision":1},"geometry":{"type":"Polygon","coordinates":[[[-7.269,57.399],[-7.205,57.461],[-7.351,57.489],[-7.388,57.424],[-7.269,57.399]]]}},{"type":"Feature","id":275,"properties":{"name":null,"subjecto":null,"partof":null,"precision":1},"geometry":{"type":"Polygon","coordinates":[[[-7.189,57.687],[-7.477,57.562],[-7.154,57.509],[-7.189,57.687]]]}},{"type":"Feature","id":276,"properties":{"name":null,"subjecto":null,"partof":null,"precision":1},"geometry":{"type":"Polygon","coordinates":[[[-7.006,57.881],[-6.994,57.919],[-7.074,57.896],[-7.006,57.881]]]}},{"type":"Feature","id":277,"properties":{"name":null,"subjecto":null,"partof":null,"precision":1},"geometry":{"type":"Polygon","coordinates":[[[-6.802,58.203],[-6.794,58.218],[-6.854,58.25],[-6.873,58.206],[-6.802,58.203]]]}},{"type":"Feature","id":278,"properties":{"name":null,"subjecto":null,"partof":null,"precision":1},"geometry":{"type":"Polygon","coordinates":[[[-6.204,58.356],[-7.032,58.238],[-6.474,57.94],[-6.204,58.356]]]}},{"type":"Feature","id":279,"properties":{"name":null,"subjecto":null,"partof":null,"precision":1},"geometry":{"type":"Polygon","coordinates":[[[-2.918,58.732],[-2.877,58.82],[-3.037,58.818],[-2.918,58.732]]]}},{"type":"Feature","id":280,"properties":{"name":null,"subjecto":null,"partof":null,"precision":1},"geometry":{"type":"Polygon","coordinates":[[[-3.231,58.776],[-3.136,58.804],[-3.336,58.927],[-3.431,58.871],[-3.231,58.776]]]}},{"type":"Feature","id":281,"properties":{"name":null,"subjecto":null,"partof":null,"precision":1},"geometry":{"type":"Polygon","coordinates":[[[-2.793,58.951],[-3.077,59.122],[-3.195,58.911],[-2.793,58.951]]]}},{"type":"Feature","id":282,"properties":{"name":null,"subjecto":null,"partof":null,"precision":1},"geometry":{"type":"Polygon","coordinates":[[[-2.681,59.196],[-2.621,59.236],[-2.496,59.245],[-2.414,59.314],[-2.593,59.291],[-2.681,59.196]]]}},{"type":"Feature","id":283,"properties":{"name":null,"subjecto":null,"partof":null,"precision":1},"geometry":{"type":"Polygon","coordinates":[[[-2.89,59.295],[-3.049,59.329],[-3.003,59.264],[-2.972,59.287],[-2.89,59.295]]]}},{"type":"Feature","id":284,"properties":{"name":null,"subjecto":null,"partof":null,"precision":1},"geometry":{"type":"Polygon","coordinates":[[[-1.296,60.491],[-1.32,60.356],[-1.655,60.226],[-1.126,60.152],[-1.041,60.447],[-1.296,60.491]]]}},{"type":"Feature","id":285,"properties":{"name":null,"subjecto":null,"partof":null,"precision":1},"geometry":{"type":"Polygon","coordinates":[[[-1.029,60.496],[-0.991,60.72],[-1.177,60.637],[-1.029,60.496]]]}},{"type":"Feature","id":286,"properties":{"name":null,"subjecto":null,"partof":null,"precision":1},"geometry":{"type":"Polygon","coordinates":[[[-0.82,60.689],[-0.768,60.829],[-0.939,60.794],[-0.966,60.688],[-0.82,60.689]]]}},{"type":"Feature","id":287,"properties":{"name":null,"subjecto":null,"partof":null,"precision":1},"geometry":{"type":"Polygon","coordinates":[[[-6.707,61.937],[-6.719,62.029],[-7.192,62.308],[-7.232,62.172],[-6.707,61.937]]]}},{"type":"Feature","id":288,"properties":{"name":null,"subjecto":null,"partof":null,"precision":1},"geometry":{"type":"Polygon","coordinates":[[[-4.778,54.056],[-4.394,54.186],[-4.527,54.367],[-4.778,54.056]]]}},{"type":"Feature","id":289,"properties":{"name":null,"subjecto":null,"partof":null,"precision":1},"geometry":{"type":"Polygon","coordinates":[[[129.716,28.451],[129.158,28.235],[129.369,28.116],[129.716,28.451]]]}},{"type":"Feature","id":290,"properties":{"name":null,"subjecto":null,"partof":null,"precision":1},"geometry":{"type":"Polygon","coordinates":[[[129.963,29.957],[129.942,30],[129.924,29.984],[129.963,29.957]]]}},{"type":"Feature","id":291,"properties":{"name":null,"subjecto":null,"partof":null,"precision":1},"geometry":{"type":"Polygon","coordinates":[[[129.896,29.874],[129.877,29.831],[129.923,29.825],[129.896,29.874]]]}},{"type":"Feature","id":292,"properties":{"name":null,"subjecto":null,"partof":null,"precision":1},"geometry":{"type":"Polygon","coordinates":[[[130.906,30.355],[131.074,30.689],[130.945,30.683],[130.906,30.355]]]}},{"type":"Feature","id":293,"properties":{"name":null,"subjecto":null,"partof":null,"precision":1},"geometry":{"type":"Polygon","coordinates":[[[130.559,30.236],[130.672,30.373],[130.511,30.459],[130.387,30.397],[130.559,30.236]]]}},{"type":"Feature","id":294,"properties":{"name":null,"subjecto":null,"partof":null,"precision":1},"geometry":{"type":"Polygon","coordinates":[[[121.735,25.139],[121.002,25.002],[120.116,23.631],[120.329,22.519],[120.879,22.341],[121.453,23.327],[121.84,24.476],[121.735,25.139]]]}},{"type":"Feature","id":295,"properties":{"name":null,"subjecto":null,"partof":null,"precision":1},"geometry":{"type":"Polygon","coordinates":[[[128.901,32.643],[128.649,32.778],[128.61,32.612],[128.901,32.643]]]}},{"type":"Feature","id":296,"properties":{"name":"Silla","subjecto":"Silla","partof":null,"precision":1},"geometry":{"type":"Polygon","coordinates":[[[126.849,36.965],[126.371,34.789],[127.554,34.656],[128.452,34.846],[129.439,35.476],[129.475,36.774],[128.894,37.837],[126.849,36.965]]]}},{"type":"Feature","id":297,"properties":{"name":null,"subjecto":null,"partof":null,"precision":1},"geometry":{"type":"Polygon","coordinates":[[[123.871,24.252],[123.922,24.371],[123.767,24.414],[123.679,24.316],[123.871,24.252]]]}},{"type":"Feature","id":298,"properties":{"name":null,"subjecto":null,"partof":null,"precision":1},"geometry":{"type":"Polygon","coordinates":[[[125.356,24.777],[125.262,24.879],[125.252,24.738],[125.356,24.777]]]}},{"type":"Feature","id":299,"properties":{"name":null,"subjecto":null,"partof":null,"precision":1},"geometry":{"type":"Polygon","coordinates":[[[124.262,24.457],[124.078,24.42],[124.122,24.345],[124.23,24.338],[124.262,24.457]]]}},{"type":"Feature","id":300,"properties":{"name":null,"subjecto":null,"partof":null,"precision":1},"geometry":{"type":"Polygon","coordinates":[[[128.253,26.639],[128.247,26.84],[127.959,26.544],[128.253,26.639]]]}},{"type":"Feature","id":301,"properties":{"name":null,"subjecto":null,"partof":null,"precision":1},"geometry":{"type":"Polygon","coordinates":[[[126.762,26.387],[126.702,26.349],[126.781,26.298],[126.81,26.347],[126.762,26.387]]]}},{"type":"Feature","id":302,"properties":{"name":null,"subjecto":null,"partof":null,"precision":1},"geometry":{"type":"Polygon","coordinates":[[[128.951,27.676],[129.03,27.774],[128.899,27.898],[128.897,27.726],[128.951,27.676]]]}},{"type":"Feature","id":303,"properties":{"name":null,"subjecto":null,"partof":null,"precision":1},"geometry":{"type":"Polygon","coordinates":[[[128.609,27.359],[128.696,27.449],[128.524,27.414],[128.609,27.359]]]}},{"type":"Feature","id":304,"properties":{"name":null,"subjecto":null,"partof":null,"precision":1},"geometry":{"type":"Polygon","coordinates":[[[129.992,28.282],[130.032,28.353],[129.943,28.322],[129.992,28.282]]]}},{"type":"Feature","id":305,"properties":{"name":null,"subjecto":null,"partof":null,"precision":1},"geometry":{"type":"Polygon","coordinates":[[[129.336,28.075],[129.34,28.111],[129.224,28.184],[129.219,28.098],[129.336,28.075]]]}},{"type":"Feature","id":306,"properties":{"name":null,"subjecto":null,"partof":null,"precision":1},"geometry":{"type":"Polygon","coordinates":[[[129.733,29.61],[129.753,29.648],[129.71,29.652],[129.733,29.61]]]}},{"type":"Feature","id":307,"properties":{"name":null,"subjecto":null,"partof":null,"precision":1},"geometry":null},{"type":"Feature","id":308,"properties":{"name":null,"subjecto":null,"partof":null,"precision":1},"geometry":{"type":"Polygon","coordinates":[[[34.293,65.396],[34.601,65.484],[34.726,65.78],[34.293,65.396]]]}},{"type":"Feature","id":309,"properties":{"name":null,"subjecto":null,"partof":null,"precision":1},"geometry":null},{"type":"Feature","id":310,"properties":{"name":null,"subjecto":null,"partof":null,"precision":1},"geometry":null},{"type":"Feature","id":311,"properties":{"name":null,"subjecto":null,"partof":null,"precision":1},"geometry":{"type":"Polygon","coordinates":[[[36.997,64.407],[38.054,64.129],[37.88,64.308],[36.997,64.407]]]}},{"type":"Feature","id":312,"properties":{"name":null,"subjecto":null,"partof":null,"precision":1},"geometry":{"type":"Polygon","coordinates":[[[39.979,65.153],[40.462,64.75],[40.366,64.858],[39.979,65.153]]]}},{"type":"Feature","id":313,"properties":{"name":null,"subjecto":null,"partof":null,"precision":1},"geometry":{"type":"Polygon","coordinates":[[[43.838,67.163],[44.362,66.906],[44.219,67.09],[43.838,67.163]]]}},{"type":"Feature","id":314,"properties":{"name":null,"subjecto":null,"partof":null,"precision":1},"geometry":null},{"type":"Feature","id":315,"properties":{"name":null,"subjecto":null,"partof":null,"precision":1},"geometry":{"type":"Polygon","coordinates":[[[44.871,67.312],[46.164,67.677],[45.093,67.542],[44.871,67.312]]]}},{"type":"Feature","id":316,"properties":{"name":null,"subjecto":null,"partof":null,"precision":1},"geometry":{"type":"Polygon","coordinates":[[[53.317,68.136],[53.782,68.338],[53.808,68.607],[53.317,68.136]]]}},{"type":"Feature","id":317,"properties":{"name":null,"subjecto":null,"partof":null,"precision":1},"geometry":null},{"type":"Feature","id":318,"properties":{"name":null,"subjecto":null,"partof":null,"precision":1},"geometry":null},{"type":"Feature","id":319,"properties":{"name":null,"subjecto":null,"partof":null,"precision":1},"geometry":{"type":"Polygon","coordinates":[[[68.258,68.941],[68.512,68.837],[69.109,68.83],[68.258,68.941]]]}},{"type":"Feature","id":320,"properties":{"name":null,"subjecto":null,"partof":null,"precision":1},"geometry":{"type":"Polygon","coordinates":[[[66.884,69.623],[68.106,69.429],[67.779,69.557],[66.884,69.623]]]}},{"type":"Feature","id":321,"properties":{"name":null,"subjecto":null,"partof":null,"precision":1},"geometry":{"type":"Polygon","coordinates":[[[66.775,70.736],[67.398,70.599],[67.285,70.706],[66.775,70.736]]]}},{"type":"Feature","id":322,"properties":{"name":null,"subjecto":null,"partof":null,"precision":1},"geometry":{"type":"Polygon","coordinates":[[[71.798,71.432],[72.498,71.962],[72.845,72.495],[71.798,71.432]]]}},{"type":"Feature","id":323,"properties":{"name":null,"subjecto":null,"partof":null,"precision":1},"geometry":{"type":"Polygon","coordinates":[[[72.526,69.069],[72.774,70.455],[72.437,70.187],[72.526,69.069]]]}},{"type":"Feature","id":324,"properties":{"name":null,"subjecto":null,"partof":null,"precision":1},"geometry":null},{"type":"Feature","id":325,"properties":{"name":null,"subjecto":null,"partof":null,"precision":1},"geometry":null},{"type":"Feature","id":326,"properties":{"name":null,"subjecto":null,"partof":null,"precision":1},"geometry":null},{"type":"Feature","id":327,"properties":{"name":null,"subjecto":null,"partof":null,"precision":1},"geometry":null},{"type":"Feature","id":328,"properties":{"name":null,"subjecto":null,"partof":null,"precision":1},"geometry":{"type":"Polygon","coordinates":[[[77.689,67.758],[78.536,67.612],[77.946,67.774],[77.689,67.758]]]}},{"type":"Feature","id":329,"properties":{"name":null,"subjecto":null,"partof":null,"precision":1},"geometry":null},{"type":"Feature","id":330,"properties":{"name":null,"subjecto":null,"partof":null,"precision":1},"geometry":null},{"type":"Feature","id":331,"properties":{"name":null,"subjecto":null,"partof":null,"precision":1},"geometry":{"type":"Polygon","coordinates":[[[73.271,71.373],[74.25,70.573],[73.698,71.141],[73.271,71.373]]]}},{"type":"Feature","id":332,"properties":{"name":null,"subjecto":null,"partof":null,"precision":1},"geometry":{"type":"Polygon","coordinates":[[[75.284,71.446],[75.666,72.414],[75.297,71.897],[75.284,71.446]]]}},{"type":"Feature","id":333,"properties":{"name":null,"subjecto":null,"partof":null,"precision":1},"geometry":{"type":"Polygon","coordinates":[[[76.607,71.518],[78.609,70.85],[78.137,71.374],[76.607,71.518]]]}},{"type":"Feature","id":334,"properties":{"name":null,"subjecto":null,"partof":null,"precision":1},"geometry":{"type":"Polygon","coordinates":[[[82.046,70.419],[82.88,71.491],[82.215,71.204],[82.046,70.419]]]}},{"type":"Feature","id":335,"properties":{"name":null,"subjecto":null,"partof":null,"precision":1},"geometry":null},{"type":"Feature","id":336,"properties":{"name":null,"subjecto":null,"partof":null,"precision":1},"geometry":null},{"type":"Feature","id":337,"properties":{"name":null,"subjecto":null,"partof":null,"precision":1},"geometry":null},{"type":"Feature","id":338,"properties":{"name":null,"subjecto":null,"partof":null,"precision":1},"geometry":{"type":"Polygon","coordinates":[[[80.982,72.447],[83.561,71.624],[82.321,72.222],[80.982,72.447]]]}},{"type":"Feature","id":339,"properties":{"name":null,"subjecto":null,"partof":null,"precision":1},"geometry":null},{"type":"Feature","id":340,"properties":{"name":null,"subjecto":null,"partof":null,"precision":1},"geometry":null},{"type":"Feature","id":341,"properties":{"name":null,"subjecto":null,"partof":null,"precision":1},"geometry":{"type":"Polygon","coordinates":[[[86.978,74.299],[87.691,73.9],[87.541,74.1],[86.978,74.299]]]}},{"type":"Feature","id":342,"properties":{"name":null,"subjecto":null,"partof":null,"precision":1},"geometry":null},{"type":"Feature","id":343,"properties":{"name":null,"subjecto":null,"partof":null,"precision":1},"geometry":null},{"type":"Feature","id":344,"properties":{"name":null,"subjecto":null,"partof":null,"precision":1},"geometry":null},{"type":"Feature","id":345,"properties":{"name":null,"subjecto":null,"partof":null,"precision":1},"geometry":{"type":"Polygon","coordinates":[[[104.485,76.995],[105.47,77.329],[104.782,77.149],[104.485,76.995]]]}},{"type":"Feature","id":346,"properties":{"name":null,"subjecto":null,"partof":null,"precision":1},"geometry":{"type":"Polygon","coordinates":[[[106.404,76.432],[107.071,76.771],[106.537,76.567],[106.404,76.432]]]}},{"type":"Feature","id":347,"properties":{"name":null,"subjecto":null,"partof":null,"precision":1},"geometry":null},{"type":"Feature","id":348,"properties":{"name":null,"subjecto":null,"partof":null,"precision":1},"geometry":{"type":"Polygon","coordinates":[[[105.279,72.752],[112.577,74.886],[108.34,73.691],[106.208,73.259],[105.279,72.752]]]}},{"type":"Feature","id":349,"properties":{"name":null,"subjecto":null,"partof":null,"precision":1},"geometry":null},{"type":"Feature","id":350,"properties":{"name":null,"subjecto":null,"partof":null,"precision":1},"geometry":null},{"type":"Feature","id":351,"properties":{"name":null,"subjecto":null,"partof":null,"precision":1},"geometry":null},{"type":"Feature","id":352,"properties":{"name":null,"subjecto":null,"partof":null,"precision":1},"geometry":null},{"type":"Feature","id":353,"properties":{"name":null,"subjecto":null,"partof":null,"precision":1},"geometry":{"type":"Polygon","coordinates":[[[126.111,72.28],[128.525,72.952],[127.314,72.714],[126.111,72.28]]]}},{"type":"Feature","id":354,"properties":{"name":null,"subjecto":null,"partof":null,"precision":1},"geometry":null},{"type":"Feature","id":355,"properties":{"name":null,"subjecto":null,"partof":null,"precision":1},"geometry":{"type":"Polygon","coordinates":[[[139.05,72.164],[139.339,72.164],[139.848,72.236],[139.05,72.164]]]}},{"type":"Feature","id":356,"properties":{"name":null,"subjecto":null,"partof":null,"precision":1},"geometry":null},{"type":"Feature","id":357,"properties":{"name":null,"subjecto":null,"partof":null,"precision":1},"geometry":{"type":"Polygon","coordinates":[[[144.801,71.591],[145.678,71.927],[144.881,71.723],[144.801,71.591]]]}},{"type":"Feature","id":358,"properties":{"name":null,"subjecto":null,"partof":null,"precision":1},"geometry":null},{"type":"Feature","id":359,"properties":{"name":null,"subjecto":null,"partof":null,"precision":1},"geometry":null},{"type":"Feature","id":360,"properties":{"name":null,"subjecto":null,"partof":null,"precision":1},"geometry":null},{"type":"Feature","id":361,"properties":{"name":null,"subjecto":null,"partof":null,"precision":1},"geometry":{"type":"Polygon","coordinates":[[[170.431,69.559],[170.905,69.034],[170.793,69.184],[170.431,69.559]]]}},{"type":"Feature","id":362,"properties":{"name":null,"subjecto":null,"partof":null,"precision":1},"geometry":{"type":"Polygon","coordinates":[[[177.844,64.583],[178.726,64.606],[179.309,64.786],[177.844,64.583]]]}},{"type":"Feature","id":363,"properties":{"name":null,"subjecto":null,"partof":null,"precision":1},"geometry":null},{"type":"Feature","id":364,"properties":{"name":null,"subjecto":null,"partof":null,"precision":1},"geometry":{"type":"Polygon","coordinates":[[[175.965,64.904],[176.712,64.782],[177.135,64.927],[175.965,64.904]]]}},{"type":"Feature","id":365,"properties":{"name":null,"subjecto":null,"partof":null,"precision":1},"geometry":null},{"type":"Feature","id":366,"properties":{"name":null,"subjecto":null,"partof":null,"precision":1},"geometry":null},{"type":"Feature","id":367,"properties":{"name":null,"subjecto":null,"partof":null,"precision":1},"geometry":null},{"type":"Feature","id":368,"properties":{"name":null,"subjecto":null,"partof":null,"precision":1},"geometry":null},{"type":"Feature","id":369,"properties":{"name":null,"subjecto":null,"partof":null,"precision":1},"geometry":null},{"type":"Feature","id":370,"properties":{"name":null,"subjecto":null,"partof":null,"precision":1},"geometry":null},{"type":"Feature","id":371,"properties":{"name":null,"subjecto":null,"partof":null,"precision":1},"geometry":{"type":"Polygon","coordinates":[[[177.291,62.487],[178.738,62.299],[179.232,62.639],[177.291,62.487]]]}},{"type":"Feature","id":372,"properties":{"name":null,"subjecto":null,"partof":null,"precision":1},"geometry":{"type":"Polygon","coordinates":[[[166.027,59.709],[167.104,60.271],[169.154,60.435],[170.337,60.277],[171.072,60.452],[172,60.858],[172.492,61.263],[175.173,61.969],[177.19,62.67],[175.173,61.969],[172.492,61.263],[172,60.858],[170.344,60.28],[169.154,60.435],[167.104,60.271],[166.027,59.709]]]}},{"type":"Feature","id":373,"properties":{"name":null,"subjecto":null,"partof":null,"precision":1},"geometry":null},{"type":"Feature","id":374,"properties":{"name":null,"subjecto":null,"partof":null,"precision":1},"geometry":{"type":"Polygon","coordinates":[[[163.043,59.462],[163.767,59.884],[163.389,59.814],[163.043,59.462]]]}},{"type":"Feature","id":375,"properties":{"name":null,"subjecto":null,"partof":null,"precision":1},"geometry":null},{"type":"Feature","id":376,"properties":{"name":null,"subjecto":null,"partof":null,"precision":1},"geometry":{"type":"Polygon","coordinates":[[[161.8,57.863],[162.616,58.733],[161.804,58.102],[161.8,57.863]]]}},{"type":"Feature","id":377,"properties":{"name":null,"subjecto":null,"partof":null,"precision":1},"geometry":{"type":"Polygon","coordinates":[[[162.512,57.033],[162.932,57.374],[162.593,57.17],[162.512,57.033]]]}},{"type":"Feature","id":378,"properties":{"name":null,"subjecto":null,"partof":null,"precision":1},"geometry":{"type":"Polygon","coordinates":[[[162.771,55.917],[163.166,56.106],[163.172,56.384],[162.771,55.917]]]}},{"type":"Feature","id":379,"properties":{"name":null,"subjecto":null,"partof":null,"precision":1},"geometry":{"type":"Polygon","coordinates":[[[161.503,55.287],[162.722,56.342],[161.861,55.861],[161.503,55.287]]]}},{"type":"Feature","id":380,"properties":{"name":null,"subjecto":null,"partof":null,"precision":1},"geometry":null},{"type":"Feature","id":381,"properties":{"name":null,"subjecto":null,"partof":null,"precision":1},"geometry":null},{"type":"Feature","id":382,"properties":{"name":null,"subjecto":null,"partof":null,"precision":1},"geometry":null},{"type":"Feature","id":383,"properties":{"name":null,"subjecto":null,"partof":null,"precision":1},"geometry":null},{"type":"Feature","id":384,"properties":{"name":null,"subjecto":null,"partof":null,"precision":1},"geometry":null},{"type":"Feature","id":385,"properties":{"name":null,"subjecto":null,"partof":null,"precision":1},"geometry":null},{"type":"Feature","id":386,"properties":{"name":null,"subjecto":null,"partof":null,"precision":1},"geometry":null},{"type":"Feature","id":387,"properties":{"name":null,"subjecto":null,"partof":null,"precision":1},"geometry":{"type":"Polygon","coordinates":[[[160.119,60.564],[162.749,61.609],[162.235,61.51],[160.119,60.564]]]}},{"type":"Feature","id":388,"properties":{"name":null,"subjecto":null,"partof":null,"precision":1},"geometry":null},{"type":"Feature","id":389,"properties":{"name":null,"subjecto":null,"partof":null,"precision":1},"geometry":null},{"type":"Feature","id":390,"properties":{"name":null,"subjecto":null,"partof":null,"precision":1},"geometry":null},{"type":"Feature","id":391,"properties":{"name":null,"subjecto":null,"partof":null,"precision":1},"geometry":{"type":"Polygon","coordinates":[[[151.135,58.732],[154.387,59.04],[153.14,59.01],[151.135,58.732]]]}},{"type":"Feature","id":392,"properties":{"name":null,"subjecto":null,"partof":null,"precision":1},"geometry":{"type":"Polygon","coordinates":[[[145.653,58.975],[146.054,59.251],[147.919,59.261],[149.045,59.587],[151.14,59.44],[151.857,59.056],[151.14,59.44],[149.045,59.587],[147.919,59.261],[146.054,59.251],[145.653,58.975]]]}},{"type":"Feature","id":393,"properties":{"name":null,"subjecto":null,"partof":null,"precision":1},"geometry":{"type":"Polygon","coordinates":[[[134.902,54.559],[134.985,54.854],[137.229,55.983],[138.867,57.124],[140.029,57.644],[140.587,58.239],[142.846,59.273],[145.496,59.209],[142.846,59.273],[140.587,58.239],[140.029,57.644],[138.867,57.124],[137.229,55.983],[134.985,54.854],[134.902,54.559]]]}},{"type":"Feature","id":394,"properties":{"name":null,"subjecto":null,"partof":null,"precision":1},"geometry":null},{"type":"Feature","id":395,"properties":{"name":null,"subjecto":null,"partof":null,"precision":1},"geometry":{"type":"Polygon","coordinates":[[[137.071,53.489],[137.326,53.743],[137.122,53.589],[137.071,53.489]]]}},{"type":"Feature","id":396,"properties":{"name":null,"subjecto":null,"partof":null,"precision":1},"geometry":null},{"type":"Feature","id":397,"properties":{"name":null,"subjecto":null,"partof":null,"precision":1},"geometry":{"type":"Polygon","coordinates":[[[129.641,41.656],[131.065,42.749],[132.182,43.195],[132.953,42.67],[134.139,42.993],[136.034,44.398],[137.721,45.997],[139.214,47.811],[140.081,48.503],[140.457,50.104],[140.323,50.518],[141.257,52.103],[141.047,52.69],[134.87,52.009],[127.336,49.977],[126.671,51.275],[128.234,47.081],[131.084,46.195],[126.668,42.992],[129.641,41.656]]]}},{"type":"Feature","id":398,"properties":{"name":null,"subjecto":null,"partof":null,"precision":1},"geometry":null},{"type":"Feature","id":399,"properties":{"name":null,"subjecto":null,"partof":null,"precision":1},"geometry":null},{"type":"Feature","id":400,"properties":{"name":null,"subjecto":null,"partof":null,"precision":1},"geometry":{"type":"Polygon","coordinates":[[[11.528,61.898],[9.832,63.684],[7.989,62.94],[7.088,62.91],[5.149,61.741],[5.096,60.264],[5.806,59.949],[5.615,58.455],[6.959,57.972],[8.154,58.09],[10.549,59.379],[12.289,56.88],[12.414,56.243],[13.302,55.301],[14.286,55.515],[14.653,56.121],[15.771,56.033],[16.659,57.443],[16.744,58.312],[17.94,58.908],[19.037,59.863],[17.146,60.953],[17.065,61.538],[18.487,62.981],[20.701,63.818],[21.049,64.219],[20.701,63.818],[17.868,62.789],[16.574,62.525],[15.43,61.866],[11.528,61.898]]]}},{"type":"Feature","id":401,"properties":{"name":null,"subjecto":null,"partof":null,"precision":1},"geometry":null},{"type":"Feature","id":402,"properties":{"name":null,"subjecto":null,"partof":null,"precision":1},"geometry":null},{"type":"Feature","id":403,"properties":{"name":null,"subjecto":null,"partof":null,"precision":1},"geometry":{"type":"Polygon","coordinates":[[[13.581,66.188],[13.403,66.349],[13.255,66.393],[13.581,66.188]]]}},{"type":"Feature","id":404,"properties":{"name":null,"subjecto":null,"partof":null,"precision":1},"geometry":null},{"type":"Feature","id":405,"properties":{"name":null,"subjecto":null,"partof":null,"precision":1},"geometry":null},{"type":"Feature","id":406,"properties":{"name":null,"subjecto":null,"partof":null,"precision":1},"geometry":null},{"type":"Feature","id":407,"properties":{"name":null,"subjecto":null,"partof":null,"precision":1},"geometry":null},{"type":"Feature","id":408,"properties":{"name":null,"subjecto":null,"partof":null,"precision":1},"geometry":null},{"type":"Feature","id":409,"properties":{"name":null,"subjecto":null,"partof":null,"precision":1},"geometry":null},{"type":"Feature","id":410,"properties":{"name":null,"subjecto":null,"partof":null,"precision":1},"geometry":{"type":"Polygon","coordinates":[[[25.231,70.558],[25.122,70.435],[25.074,70.144],[25.231,70.558]]]}},{"type":"Feature","id":411,"properties":{"name":null,"subjecto":null,"partof":null,"precision":1},"geometry":null},{"type":"Feature","id":412,"properties":{"name":null,"subjecto":null,"partof":null,"precision":1},"geometry":null},{"type":"Feature","id":413,"properties":{"name":null,"subjecto":null,"partof":null,"precision":1},"geometry":{"type":"Polygon","coordinates":[[[30.799,70.308],[28.73,70.136],[30.252,70.131],[30.799,70.308]]]}},{"type":"Feature","id":414,"properties":{"name":null,"subjecto":null,"partof":null,"precision":1},"geometry":null},{"type":"Feature","id":415,"properties":{"name":null,"subjecto":null,"partof":null,"precision":1},"geometry":null},{"type":"Feature","id":416,"properties":{"name":null,"subjecto":null,"partof":null,"precision":1},"geometry":null},{"type":"Feature","id":417,"properties":{"name":null,"subjecto":null,"partof":null,"precision":1},"geometry":{"type":"Polygon","coordinates":[[[32.219,66.994],[35.772,66.259],[39.19,66.039],[41.255,66.937],[39.19,66.039],[35.772,66.259],[32.219,66.994]]]}},{"type":"Feature","id":418,"properties":{"name":null,"subjecto":null,"partof":null,"precision":1},"geometry":{"type":"Polygon","coordinates":[[[109.083,42.118],[113.318,41.596],[118.546,41.425],[120.473,41.683],[118.546,41.425],[113.318,41.596],[109.083,42.118]]]}},{"type":"Feature","id":419,"properties":{"name":null,"subjecto":null,"partof":null,"precision":1},"geometry":{"type":"Polygon","coordinates":[[[100.84,40.374],[100.983,40.445],[101.364,40.636],[100.84,40.374]]]}},{"type":"Feature","id":420,"properties":{"name":null,"subjecto":null,"partof":null,"precision":1},"geometry":{"type":"Polygon","coordinates":[[[59.285,45.275],[59.046,44.955],[59.238,44.797],[59.461,45.055],[59.285,45.275]]]}},{"type":"Feature","id":421,"properties":{"name":null,"subjecto":null,"partof":null,"precision":1},"geometry":{"type":"Polygon","coordinates":[[[59.777,45.701],[59.793,45.59],[60.018,45.659],[59.777,45.701]]]}},{"type":"Feature","id":422,"properties":{"name":"Mascat","subjecto":"Mascat","partof":"Mascat","precision":1},"geometry":{"type":"Polygon","coordinates":[[[53.034,17.791],[54.756,16.951],[55.195,17.149],[55.561,17.937],[56.258,17.977],[56.739,18.689],[57.839,19.035],[57.806,20.172],[58.512,20.421],[58.861,21.114],[59.837,22.279],[58.628,23.458],[57.146,23.982],[56.405,24.82],[56.015,25.772],[54.724,24.627],[56.115,21.65],[53.034,17.791]]]}},{"type":"Feature","id":423,"properties":{"name":"Pomeranian culture ","subjecto":"Pomeranian culture ","partof":"Baltic archeological cultures","precision":1},"geometry":{"type":"Polygon","coordinates":[[[19.566,53.799],[19.4,54.281],[18.35,54.834],[17.247,54.729],[15.471,53.796],[16.243,53.114],[17.564,52.591],[18.974,52.737],[18.73,53.298],[19.566,53.799]]]}},{"type":"Feature","id":424,"properties":{"name":"Sambian-Nothangian culture","subjecto":"Sambian-Nothangian culture","partof":"Baltic archeological cultures","precision":1},"geometry":{"type":"Polygon","coordinates":[[[21.163,54.899],[19.969,54.957],[19.818,54.462],[19.914,54.394],[21.482,54.436],[21.163,54.899]]]}},{"type":"Feature","id":425,"properties":{"name":"Bell-shaped burials culture","subjecto":"Bell-shaped burials culture","partof":"Baltic archeological cultures","precision":1},"geometry":{"type":"Polygon","coordinates":[[[24.489,51.385],[23.315,51.206],[22.009,51.845],[20.986,52.616],[18.974,52.737],[17.564,52.591],[16.243,53.114],[15.471,53.796],[15.099,53.092],[16.331,52.039],[16.449,51.275],[17.852,50.437],[18.983,49.87],[21.144,49.764],[22.435,50.535],[25.105,48.826],[25.721,49.612],[24.489,51.385]]]}},{"type":"Feature","id":426,"properties":{"name":"Western Masurian culture","subjecto":"Western Masurian culture","partof":"Baltic archeological cultures","precision":1},"geometry":{"type":"Polygon","coordinates":[[[20.986,52.616],[21.863,53.07],[21.482,54.436],[19.914,54.394],[19.818,54.462],[19.4,54.281],[19.566,53.799],[18.73,53.298],[18.974,52.737],[20.986,52.616]]]}},{"type":"Feature","id":427,"properties":{"name":"Eastern Masurian culture","subjecto":"Eastern Masurian culture","partof":"Baltic archeological cultures","precision":1},"geometry":{"type":"Polygon","coordinates":[[[20.986,52.616],[22.009,51.845],[23.315,51.206],[24.489,51.385],[24.782,51.531],[25.056,51.976],[24.767,53.324],[24.137,53.665],[23.916,54.881],[21.98,54.991],[21.173,54.919],[21.163,54.899],[21.482,54.436],[21.863,53.07],[20.986,52.616]]]}},{"type":"Feature","id":428,"properties":{"name":"Curonians","subjecto":"Curonians","partof":"Baltic archeological cultures","precision":1},"geometry":{"type":"Polygon","coordinates":[[[21.863,57.597],[21.07,56.846],[21.173,54.919],[21.98,54.991],[22.816,56.144],[22.317,56.808],[21.863,57.597]]]}},{"type":"Feature","id":429,"properties":{"name":"Brushed Pottery culture","subjecto":"Brushed Pottery culture","partof":"Baltic archeological cultures","precision":1},"geometry":{"type":"Polygon","coordinates":[[[29.699,55.657],[28.127,56.099],[25.721,57.004],[23.259,57.098],[21.863,57.597],[22.317,56.808],[22.816,56.144],[21.98,54.991],[23.916,54.881],[24.137,53.665],[24.767,53.324],[25.056,51.976],[27.775,52.314],[29.707,53.297],[28.978,54.619],[29.888,55.176],[29.699,55.657]]]}},{"type":"Feature","id":430,"properties":{"name":"Milograd culture","subjecto":"Milograd culture","partof":"Baltic archeological cultures","precision":1},"geometry":{"type":"Polygon","coordinates":[[[29.707,53.297],[27.775,52.314],[25.056,51.976],[24.782,51.531],[26.22,50.943],[27.804,50.925],[30.592,50.16],[31.556,50.903],[32.059,52.116],[31.795,52.875],[29.707,53.297]]]}},{"type":"Feature","id":431,"properties":{"name":"Plain-Pottery culture","subjecto":"Plain-Pottery culture","partof":"Baltic archeological cultures","precision":1},"geometry":{"type":"Polygon","coordinates":[[[31.556,50.903],[34.905,51.476],[36.93,52.72],[38.28,53.197],[38.309,53.652],[36.959,54.29],[38.456,55.935],[36.725,56.683],[33.732,56.732],[31.648,56.311],[29.699,55.657],[29.888,55.176],[28.978,54.619],[29.707,53.297],[31.795,52.875],[32.059,52.116],[31.556,50.903]]]}},{"type":"Feature","id":432,"properties":{"name":null,"subjecto":null,"partof":null,"precision":1},"geometry":null},{"type":"Feature","id":433,"properties":{"name":null,"subjecto":null,"partof":null,"precision":1},"geometry":{"type":"Polygon","coordinates":[[[17.852,50.437],[16.449,51.275],[16.331,52.039],[15.099,53.092],[15.471,53.796],[14.473,53.877],[14.433,53.594],[13.78,53.775],[12.653,54.321],[11.408,53.859],[10.142,54.337],[9.421,54.976],[10.147,55.765],[9.312,56.481],[8.183,56.431],[8.856,53.751],[13.878,50.82],[12.195,50.372],[12.304,49.1],[14.756,48.187],[16.079,48.427],[16.476,49.584],[17.852,50.437]]]}},{"type":"Feature","id":434,"properties":{"name":null,"subjecto":null,"partof":null,"precision":1},"geometry":null},{"type":"Feature","id":435,"properties":{"name":"Arakan","subjecto":"Arakan","partof":"Arakan","precision":1},"geometry":{"type":"Polygon","coordinates":[[[92.041,23.115],[91.571,22.543],[91.652,22.357],[91.846,21.909],[92.067,21.115],[92.921,20.374],[93.114,20.592],[92.902,21.609],[92.041,23.115]]]}},{"type":"Feature","id":436,"properties":{"name":"Nabatean Kingdom","subjecto":"Nabatean Kingdom","partof":"Nabatean Kingdom","precision":1},"geometry":{"type":"Polygon","coordinates":[[[32.37,31.059],[32.491,29.795],[33.331,28.551],[34.058,27.79],[34.886,28.357],[36.144,26.658],[38.515,30.883],[37.574,32.033],[36.818,30.343],[34.29,31.357],[33.558,30.968],[32.37,31.059]]]}},{"type":"Feature","id":437,"properties":{"name":null,"subjecto":null,"partof":null,"precision":1},"geometry":{"type":"Polygon","coordinates":[[[36.144,26.658],[37.218,25.167],[37.201,24.658],[38.49,23.613],[39.056,22.572],[40.372,22.748],[40.983,22.399],[42.338,20.716],[43.795,18.66],[45.433,17.775],[47.702,17.426],[48.997,17.607],[51.454,17.949],[53.034,17.791],[56.115,21.65],[54.724,24.627],[53.687,23.987],[51.586,24.003],[51.587,25.609],[51.069,25.945],[50.778,24.471],[49.937,25.956],[50.122,26.738],[48.855,27.523],[48.129,29.268],[47.614,29.272],[39.49,33.362],[38.376,33.532],[38.128,33.183],[37.574,32.033],[38.515,30.883],[36.144,26.658]]]}},{"type":"Feature","id":438,"properties":{"name":"Han","subjecto":"Han","partof":"Han","precision":1},"geometry":{"type":"Polygon","coordinates":[[[106.394,17.665],[106.364,18.007],[105.533,18.844],[105.843,19.702],[106.381,20.11],[106.807,20.905],[107.9,21.479],[109.117,21.399],[110.077,20.867],[111.086,21.479],[112.75,21.756],[113.717,22.482],[116.341,22.913],[118.813,24.849],[119.47,25.772],[119.429,26.591],[120.352,27.177],[121.009,28.277],[121.359,28.386],[121.77,29.834],[121.569,30.71],[121.606,31.828],[120.661,32.543],[119.974,34.135],[119.021,34.692],[120.139,36.195],[121.847,36.86],[120.658,37.736],[119.599,37.117],[118.955,37.077],[118.875,37.949],[117.589,38.284],[117.753,39.203],[118.978,39.224],[119.385,39.843],[120.273,40.152],[121.011,40.851],[122.108,40.354],[121.239,39.554],[122.027,39.256],[124.104,39.885],[124.443,39.573],[125.38,42.562],[123.265,41.857],[122.305,42.73],[121.345,42.555],[120.473,41.683],[118.546,41.425],[113.318,41.596],[109.083,42.118],[106.948,42.381],[106.337,42.032],[105.925,41.184],[105.639,39.589],[103.807,39.501],[103.371,40.287],[101.364,40.636],[100.983,40.445],[100.84,40.374],[100.578,39.589],[98.484,39.85],[98.746,41.421],[96.39,40.898],[95.081,40.81],[94.732,40.025],[96.333,39.467],[98.833,38.367],[100.84,37.146],[100.229,35.575],[101.102,35.575],[102.934,35.226],[103.545,34.79],[103.894,31.648],[102.673,31.736],[99.752,27.471],[100.415,25.086],[102.011,24.681],[102.384,24.01],[103.234,20.123],[104.381,18.328],[105.491,17.78],[106.394,17.665]]]}},{"type":"Feature","id":439,"properties":{"name":null,"subjecto":null,"partof":null,"precision":1},"geometry":{"type":"Polygon","coordinates":[[[126.622,33.24],[126.793,33.551],[126.317,33.453],[126.622,33.24]]]}},{"type":"Feature","id":440,"properties":{"name":null,"subjecto":null,"partof":null,"precision":1},"geometry":{"type":"Polygon","coordinates":[[[126.169,36.826],[126.172,36.837],[126.158,36.833],[126.169,36.826]]]}},{"type":"Feature","id":441,"properties":{"name":null,"subjecto":null,"partof":null,"precision":1},"geometry":{"type":"Polygon","coordinates":[[[130.887,37.453],[130.919,37.545],[130.807,37.518],[130.887,37.453]]]}},{"type":"Feature","id":442,"properties":{"name":"Koguryo","subjecto":"Koguryo","partof":"Koguryo","precision":1},"geometry":{"type":"Polygon","coordinates":[[[124.443,39.573],[125.296,39.364],[124.736,38.28],[125.562,37.836],[126.391,37.894],[126.849,36.965],[128.894,37.837],[128.354,38.687],[127.277,39.222],[127.672,39.866],[129.478,40.682],[129.641,41.656],[126.668,42.992],[125.38,42.562],[124.443,39.573]]]}},{"type":"Feature","properties":{"kind":"label","name":"Meroe","subjecto":"Meroe","area":51.29},"geometry":{"type":"Point","coordinates":[32.689,16.356]}},{"type":"Feature","properties":{"kind":"label","name":"Saka Kingdom","subjecto":"Saka Kingdom","area":108.82},"geometry":{"type":"Point","coordinates":[71.642,26.521]}},{"type":"Feature","properties":{"kind":"label","name":"Satavahanihara","subjecto":"Satavahanihara","area":54.64},"geometry":{"type":"Point","coordinates":[77.024,16.444]}},{"type":"Feature","properties":{"kind":"label","name":"Hadramaut","subjecto":"Hadramaut","area":9.83},"geometry":{"type":"Point","coordinates":[50.684,16.46]}},{"type":"Feature","properties":{"kind":"label","name":"Himyarite Kingdom","subjecto":"Himyarite Kingdom","area":39.85},"geometry":{"type":"Point","coordinates":[45.162,15.54]}},{"type":"Feature","properties":{"kind":"label","name":"Armenia","subjecto":"Armenia","area":21.07},"geometry":{"type":"Point","coordinates":[43.26,39.969]}},{"type":"Feature","properties":{"kind":"label","name":"Hindu kingdoms","subjecto":"Hindu kingdoms","area":87.73},"geometry":{"type":"Point","coordinates":[78.29,28.24]}},{"type":"Feature","properties":{"kind":"label","name":"Hainan","subjecto":"Hainan","area":2.55},"geometry":{"type":"Point","coordinates":[109.597,19.057]}},{"type":"Feature","properties":{"kind":"label","name":"Simhala","subjecto":"Simhala","area":4.72},"geometry":{"type":"Point","coordinates":[80.795,7.129]}},{"type":"Feature","properties":{"kind":"label","name":"Maya chiefdoms and states","subjecto":"Maya chiefdoms and states","area":30.88},"geometry":{"type":"Point","coordinates":[-90.834,16.611]}},{"type":"Feature","properties":{"kind":"label","name":"Paleo-Inuit","subjecto":"Paleo-Inuit","area":11.02},"geometry":{"type":"Point","coordinates":[-57.072,48.885]}},{"type":"Feature","properties":{"kind":"label","name":"Dumonii","subjecto":"Dumonii","area":0.83},"geometry":{"type":"Point","coordinates":[-3.971,50.824]}},{"type":"Feature","properties":{"kind":"label","name":"Moche","subjecto":"Moche","area":7.68},"geometry":{"type":"Point","coordinates":[-76.869,-11.196]}},{"type":"Feature","properties":{"kind":"label","name":"Monte Albán","subjecto":"Monte Albán","area":5.35},"geometry":{"type":"Point","coordinates":[-97.202,17.196]}},{"type":"Feature","properties":{"kind":"label","name":"Axum","subjecto":"Axum","area":7.26},"geometry":{"type":"Point","coordinates":[39.648,14.221]}},{"type":"Feature","properties":{"kind":"label","name":"Suren Kingdom","subjecto":"Suren Kingdom","area":86.44},"geometry":{"type":"Point","coordinates":[65.073,30.952]}},{"type":"Feature","properties":{"kind":"label","name":"Dacia","subjecto":"Dacia","area":13.56},"geometry":{"type":"Point","coordinates":[23.977,45.821]}},{"type":"Feature","properties":{"kind":"label","name":"Kalinga","subjecto":"Kalinga","area":27.39},"geometry":{"type":"Point","coordinates":[84.639,21.518]}},{"type":"Feature","properties":{"kind":"label","name":"Teotihuacan","subjecto":"Teotihuacan","area":3.4},"geometry":{"type":"Point","coordinates":[-99.589,19.85]}},{"type":"Feature","properties":{"kind":"label","name":"Guanches","subjecto":"Guanches","area":0.21},"geometry":{"type":"Point","coordinates":[-13.965,28.381]}},{"type":"Feature","properties":{"kind":"label","name":"Boihaenum","subjecto":"Boihaenum","area":8},"geometry":{"type":"Point","coordinates":[17.754,48.655]}},{"type":"Feature","properties":{"kind":"label","name":"Bosporian Kingdom","subjecto":"Roman Empire","area":0.76},"geometry":{"type":"Point","coordinates":[34.114,44.863]}},{"type":"Feature","properties":{"kind":"label","name":"Parthian Empire","subjecto":"Parthian Empire","area":187.05},"geometry":{"type":"Point","coordinates":[56.086,32.152]}},{"type":"Feature","properties":{"kind":"label","name":"Odrysian Kingdom","subjecto":"Roman Empire","area":7.22},"geometry":{"type":"Point","coordinates":[26.457,41.737]}},{"type":"Feature","properties":{"kind":"label","name":"Judea","subjecto":"Roman Empire","area":4.71},"geometry":{"type":"Point","coordinates":[36.408,31.237]}},{"type":"Feature","properties":{"kind":"label","name":"Roman Empire","subjecto":"Roman Empire","area":260.53},"geometry":{"type":"Point","coordinates":[7.57,48.83]}},{"type":"Feature","properties":{"kind":"label","name":"Xiongnu","subjecto":"Xiongnu","area":428.5},"geometry":{"type":"Point","coordinates":[102.418,46.354]}},{"type":"Feature","properties":{"kind":"label","name":"Subarctic forest hunter-gatherers","subjecto":"Subarctic forest hunter-gatherers","area":604.45},"geometry":{"type":"Point","coordinates":[-124.562,59.763]}},{"type":"Feature","properties":{"kind":"label","name":"Australian aboriginal hunter-gatherers","subjecto":"Australian aboriginal hunter-gatherers","area":685.14},"geometry":{"type":"Point","coordinates":[131.937,-23.134]}},{"type":"Feature","properties":{"kind":"label","name":"Tasmanian hunter-gatherers","subjecto":"Tasmanian hunter-gatherers","area":6.22},"geometry":{"type":"Point","coordinates":[146.665,-42.372]}},{"type":"Feature","properties":{"kind":"label","name":"Ainu","subjecto":"Ainu","area":8.67},"geometry":{"type":"Point","coordinates":[142.638,43.419]}},{"type":"Feature","properties":{"kind":"label","name":"Paleo-Siberian hunter-gatherers","subjecto":"Paleo-Siberian hunter-gatherers","area":1254.02},"geometry":{"type":"Point","coordinates":[124.369,61.376]}},{"type":"Feature","properties":{"kind":"label","name":"Saami","subjecto":"Saami","area":127.2},"geometry":{"type":"Point","coordinates":[18.441,65.956]}},{"type":"Feature","properties":{"kind":"label","name":"Finno-Ugric taiga hunter-gatherers","subjecto":"Finno-Ugric taiga hunter-gatherers","area":695.24},"geometry":{"type":"Point","coordinates":[63.411,63.405]}},{"type":"Feature","properties":{"kind":"label","name":"Arctic marine mammal hunters","subjecto":"Arctic marine mammal hunters","area":604.85},"geometry":{"type":"Point","coordinates":[-99.585,62.428]}},{"type":"Feature","properties":{"kind":"label","name":"Andean hunter-gatherers","subjecto":"Andean hunter-gatherers","area":69.21},"geometry":{"type":"Point","coordinates":[-69.526,-32.278]}},{"type":"Feature","properties":{"kind":"label","name":"Pampas cultures","subjecto":"Pampas cultures","area":189.42},"geometry":{"type":"Point","coordinates":[-63.066,-34.76]}},{"type":"Feature","properties":{"kind":"label","name":"Caribbean hunter-gatherers","subjecto":"Caribbean hunter-gatherers","area":22.79},"geometry":{"type":"Point","coordinates":[-69.64,10.036]}},{"type":"Feature","properties":{"kind":"label","name":"Patagonian shellfish and marine mammal hunters","subjecto":"Patagonian shellfish and marine mammal hunters","area":23.9},"geometry":{"type":"Point","coordinates":[-72.933,-49.405]}},{"type":"Feature","properties":{"kind":"label","name":"Shellfish gatherers","subjecto":"Shellfish gatherers","area":12.98},"geometry":{"type":"Point","coordinates":[-45.715,-22.746]}},{"type":"Feature","properties":{"kind":"label","name":"Savanna hunter-gatherers","subjecto":"Savanna hunter-gatherers","area":417.7},"geometry":{"type":"Point","coordinates":[-58.37,-21.859]}},{"type":"Feature","properties":{"kind":"label","name":"Amazon hunter-gatherers","subjecto":"Amazon hunter-gatherers","area":349.23},"geometry":{"type":"Point","coordinates":[-61.728,-7.737]}},{"type":"Feature","properties":{"kind":"label","name":"Desert hunter-gatherers","subjecto":"Desert hunter-gatherers","area":228.94},"geometry":{"type":"Point","coordinates":[-113.767,36.621]}},{"type":"Feature","properties":{"kind":"label","name":"Plateau fichers and hunter gatherers","subjecto":"Plateau fichers and hunter gatherers","area":88.8},"geometry":{"type":"Point","coordinates":[-117.038,46.234]}},{"type":"Feature","properties":{"kind":"label","name":"North American Pacific foraging, hunting and fishing peoples","subjecto":"North American Pacific foraging, hunting and fishing peoples","area":56.8},"geometry":{"type":"Point","coordinates":[-122.523,43.377]}},{"type":"Feature","properties":{"kind":"label","name":"West African cereal farmers","subjecto":"West African cereal farmers","area":515.94},"geometry":{"type":"Point","coordinates":[43.142,5.939]}},{"type":"Feature","properties":{"kind":"label","name":"Khoisan","subjecto":"Khoisan","area":936.63},"geometry":{"type":"Point","coordinates":[26.564,-9.778]}},{"type":"Feature","properties":{"kind":"label","name":"Blemmyes","subjecto":"Blemmyes","area":8.82},"geometry":{"type":"Point","coordinates":[35.296,21.779]}},{"type":"Feature","properties":{"kind":"label","name":"Marksville Culture","subjecto":"Marksville Culture","area":13.97},"geometry":{"type":"Point","coordinates":[-92.016,31.346]}},{"type":"Feature","properties":{"kind":"label","name":"Fourche Maline Culture","subjecto":"Fourche Maline Culture","area":7.04},"geometry":{"type":"Point","coordinates":[-94.599,33.901]}},{"type":"Feature","properties":{"kind":"label","name":"Mill Creek Culture","subjecto":"Mill Creek Culture","area":2.12},"geometry":{"type":"Point","coordinates":[-95.115,32.234]}},{"type":"Feature","properties":{"kind":"label","name":"Swift Creek Culture","subjecto":"Swift Creek Culture","area":21.42},"geometry":{"type":"Point","coordinates":[-84.5,32.174]}},{"type":"Feature","properties":{"kind":"label","name":"Miller","subjecto":"Miller","area":4.27},"geometry":{"type":"Point","coordinates":[-89.111,34.351]}},{"type":"Feature","properties":{"kind":"label","name":"Laurel complex","subjecto":"Laurel complex","area":39.15},"geometry":{"type":"Point","coordinates":[-93.317,48.929]}},{"type":"Feature","properties":{"kind":"label","name":"Copena","subjecto":"Copena","area":4.42},"geometry":{"type":"Point","coordinates":[-87.039,33.994]}},{"type":"Feature","properties":{"kind":"label","name":"Porter","subjecto":"Porter","area":4.86},"geometry":{"type":"Point","coordinates":[-88.209,31.784]}},{"type":"Feature","properties":{"kind":"label","name":"Goodall Focus","subjecto":"Goodall Focus","area":5.23},"geometry":{"type":"Point","coordinates":[-85.414,42.699]}},{"type":"Feature","properties":{"kind":"label","name":"Saugeen Complex","subjecto":"Saugeen Complex","area":3.81},"geometry":{"type":"Point","coordinates":[-81.02,43.489]}},{"type":"Feature","properties":{"kind":"label","name":"Couture Complex","subjecto":"Couture Complex","area":5.36},"geometry":{"type":"Point","coordinates":[-83.472,42.746]}},{"type":"Feature","properties":{"kind":"label","name":"Point Peninsula","subjecto":"Point Peninsula","area":28.53},"geometry":{"type":"Point","coordinates":[-75.335,45.585]}},{"type":"Feature","properties":{"kind":"label","name":"Hopewell Culture","subjecto":"Hopewell Culture","area":82.2},"geometry":{"type":"Point","coordinates":[-90.333,41.553]}},{"type":"Feature","properties":{"kind":"label","name":"Plain bison hunters","subjecto":"Plain bison hunters","area":305.18},"geometry":{"type":"Point","coordinates":[-102.425,43.058]}},{"type":"Feature","properties":{"kind":"label","name":"Nazca","subjecto":"Nazca","area":3.52},"geometry":{"type":"Point","coordinates":[-75.093,-14.356]}},{"type":"Feature","properties":{"kind":"label","name":"Glades Culture","subjecto":"Glades Culture","area":5.14},"geometry":{"type":"Point","coordinates":[-81.165,26.984]}},{"type":"Feature","properties":{"kind":"label","name":"Silla","subjecto":"Silla","area":7.02},"geometry":{"type":"Point","coordinates":[127.972,36.063]}},{"type":"Feature","properties":{"kind":"label","name":"Mascat","subjecto":"Mascat","area":23.85},"geometry":{"type":"Point","coordinates":[57.605,22.16]}},{"type":"Feature","properties":{"kind":"label","name":"Pomeranian culture ","subjecto":"Pomeranian culture ","area":5.88},"geometry":{"type":"Point","coordinates":[17.662,53.727]}},{"type":"Feature","properties":{"kind":"label","name":"Sambian-Nothangian culture","subjecto":"Sambian-Nothangian culture","area":0.74},"geometry":{"type":"Point","coordinates":[20.65,54.676]}},{"type":"Feature","properties":{"kind":"label","name":"Bell-shaped burials culture","subjecto":"Bell-shaped burials culture","area":20.07},"geometry":{"type":"Point","coordinates":[20.302,51.233]}},{"type":"Feature","properties":{"kind":"label","name":"Western Masurian culture","subjecto":"Western Masurian culture","area":4.29},"geometry":{"type":"Point","coordinates":[20.749,53.481]}},{"type":"Feature","properties":{"kind":"label","name":"Eastern Masurian culture","subjecto":"Eastern Masurian culture","area":10.39},"geometry":{"type":"Point","coordinates":[23.292,52.685]}},{"type":"Feature","properties":{"kind":"label","name":"Curonians","subjecto":"Curonians","area":2.97},"geometry":{"type":"Point","coordinates":[21.834,56.119]}},{"type":"Feature","properties":{"kind":"label","name":"Brushed Pottery culture","subjecto":"Brushed Pottery culture","area":25.5},"geometry":{"type":"Point","coordinates":[26.694,54.347]}},{"type":"Feature","properties":{"kind":"label","name":"Milograd culture","subjecto":"Milograd culture","area":12.79},"geometry":{"type":"Point","coordinates":[30.027,51.778]}},{"type":"Feature","properties":{"kind":"label","name":"Plain-Pottery culture","subjecto":"Plain-Pottery culture","area":35.84},"geometry":{"type":"Point","coordinates":[34.169,54.091]}},{"type":"Feature","properties":{"kind":"label","name":"Arakan","subjecto":"Arakan","area":1.92},"geometry":{"type":"Point","coordinates":[92.487,21.387]}},{"type":"Feature","properties":{"kind":"label","name":"Nabatean Kingdom","subjecto":"Nabatean Kingdom","area":16.09},"geometry":{"type":"Point","coordinates":[34.344,29.723]}},{"type":"Feature","properties":{"kind":"label","name":"Han","subjecto":"Han","area":386.25},"geometry":{"type":"Point","coordinates":[112.013,30.54]}},{"type":"Feature","properties":{"kind":"label","name":"Koguryo","subjecto":"Koguryo","area":18.58},"geometry":{"type":"Point","coordinates":[126.717,41.188]}}]}