{"type":"FeatureCollection","features":[{"type":"Feature","id":1,"properties":{"name":null,"subjecto":null,"partof":null,"precision":1},"geometry":{"type":"Polygon","coordinates":[[[98.243,8.901],[100.139,6.177],[100.664,3.904],[101.336,2.781],[103.428,1.381],[104.176,1.389],[103.308,3.026],[103.342,4.805],[102.325,6.099],[101.56,6.74],[100.615,6.979],[99.898,9.068],[99.468,9.184],[99.468,8.253],[98.243,8.901]]]}},{"type":"Feature","id":2,"properties":{"name":null,"subjecto":null,"partof":null,"precision":1},"geometry":{"type":"MultiPolygon","coordinates":[[[[175.308,-37.321],[174.217,-35.337],[173.166,-35.421],[174.765,-37.297],[174.945,-37.928],[174.655,-38.983],[173.805,-39.42],[175.354,-40.3],[174.895,-41.296],[176.011,-41.255],[177.157,-39.854],[177.024,-39.445],[178.408,-38.771],[178.569,-37.921],[177.528,-38.204],[176.129,-37.798],[175.308,-37.321]]],[[[172.063,-43.923],[174.234,-42.011],[173.264,-41.544],[172.148,-41.578],[171.458,-41.993],[171.024,-42.887],[169.649,-43.741],[168.416,-44.221],[167.137,-45.2],[166.523,-46.233],[169.399,-46.71],[170.612,-45.946],[171.378,-44.338],[172.063,-43.923]]]]}},{"type":"Feature","id":3,"properties":{"name":null,"subjecto":null,"partof":null,"precision":1},"geometry":{"type":"Polygon","coordinates":[[[-24.219,65.534],[-21.955,65.378],[-22.373,63.773],[-18.642,63.324],[-14.821,64.195],[-13.694,64.779],[-13.647,65.495],[-16.385,66.454],[-16.922,65.978],[-21.242,65.882],[-23.608,65.98],[-24.219,65.534]]]}},{"type":"Feature","id":4,"properties":{"name":null,"subjecto":null,"partof":null,"precision":1},"geometry":{"type":"Polygon","coordinates":[[[-39.695,65.187],[-39.992,65.533],[-35.972,65.847],[-34.433,66.384],[-32.956,67.641],[-26.964,68.502],[-22.732,69.774],[-24.585,70.304],[-27.475,70.207],[-27.606,71.068],[-25.291,71.569],[-23.754,70.59],[-21.471,70.532],[-21.726,71.405],[-25.073,72.634],[-27.357,72.859],[-24.076,73.756],[-22.82,73.327],[-20.33,73.42],[-19.071,74.609],[-19.194,75.444],[-21.183,76.697],[-18.253,77.3],[-20.777,77.969],[-20.879,78.818],[-14.202,81.21],[-22.053,81.54],[-25.457,82.221],[-22.432,82.743],[-26.421,83.342],[-32.513,83.577],[-49.648,82.478],[-61.122,81.798],[-62.811,81.156],[-63.358,78.236],[-62.449,76.338],[-58.636,75.793],[-54.73,73.038],[-55.626,71.73],[-53.323,71.891],[-51.72,71.59],[-50.573,69.866],[-50.954,68.539],[-50.539,67.488],[-49.473,67.033],[-49.062,64.786],[-47.656,62.795],[-46.133,61.759],[-46.158,60.937],[-43.579,59.936],[-44.258,61.87],[-43.848,64.206],[-42.793,65.403],[-39.695,65.187]]]}},{"type":"Feature","id":5,"properties":{"name":null,"subjecto":null,"partof":null,"precision":1},"geometry":{"type":"MultiPolygon","coordinates":[[[[-73.112,-72.749],[-70.021,-72.672],[-68.63,-72.054],[-68.398,-71.127],[-70.33,-68.963],[-71.798,-69.736],[-72.107,-71.05],[-75.275,-71.668],[-73.112,-72.749]]],[[[-102.551,-72.131],[-97.142,-72.672],[-97.22,-71.822],[-101.16,-71.822],[-102.551,-72.131]]],[[[-55.185,-80.94],[-44.831,-80.322],[-43.904,-79.781],[-44.213,-78.39],[-48.849,-78.081],[-50.858,-78.699],[-51.708,-79.781],[-53.871,-79.936],[-55.185,-80.94]]],[[[169.769,-83.418],[162.015,-81.66],[159.315,-80.027],[160.686,-79.114],[163.643,-78.661],[162.384,-76.214],[162.346,-75.107],[164.616,-74.172],[168.975,-73.239],[170.729,-71.904],[167.635,-70.865],[162.485,-70.306],[160.599,-70.221],[157.307,-69.156],[154.435,-68.95],[151.093,-68.886],[150.893,-68.538],[146.875,-67.997],[145.586,-67.223],[141.157,-66.722],[134.205,-66.18],[130.272,-66.253],[129.01,-67.03],[122.458,-66.645],[118.286,-67.07],[115.679,-66.414],[114.436,-66.493],[113.015,-65.763],[110.607,-66.059],[109.404,-66.71],[102.631,-65.926],[100.875,-66.079],[99.654,-66.549],[95.723,-66.529],[90,-66.607],[85.523,-66.916],[81.814,-67.302],[78.26,-68.384],[76.869,-69.311],[75.401,-69.466],[72.542,-70.238],[70.301,-72.015],[68.215,-72.402],[67.365,-71.706],[68.138,-71.088],[67.513,-70.464],[68.951,-69.889],[69.773,-68.636],[69.374,-67.843],[62.806,-67.611],[56.627,-66.942],[55.142,-65.963],[52.452,-65.988],[48.967,-66.973],[47.305,-67.775],[44.797,-67.745],[42.561,-68.113],[39.647,-68.934],[38.332,-70.029],[36.078,-69.591],[33.541,-68.542],[32.748,-69.35],[23.707,-70.586],[17.603,-70.084],[12.658,-70.315],[10.34,-70.702],[8.485,-70.084],[0.681,-71.32],[-4.882,-71.281],[-7.2,-70.895],[-11.141,-71.59],[-11.828,-72.323],[-16.396,-73.445],[-14.451,-74.065],[-17.168,-74.758],[-18.405,-75.686],[-23.582,-75.918],[-30.227,-76.845],[-33.163,-77.386],[-36.408,-78.622],[-36.408,-79.163],[-29.568,-79.224],[-28.913,-80.476],[-38.031,-80.94],[-43.826,-81.79],[-52.249,-82.022],[-60.207,-82.331],[-67.934,-81.481],[-74.889,-80.708],[-76.589,-79.395],[-80.761,-78.236],[-80.687,-77.566],[-74.502,-78.081],[-78.598,-76.613],[-75.932,-76.484],[-70.562,-76.69],[-64.457,-75.686],[-61.367,-73.909],[-60.826,-72.749],[-61.676,-70.818],[-63.839,-68.654],[-65.153,-68.5],[-65.385,-67.341],[-62.371,-65.795],[-61.135,-64.868],[-57.271,-63.709],[-58.121,-63.4],[-60.207,-63.941],[-61.289,-64.482],[-62.912,-64.713],[-64.225,-65.254],[-66.853,-66.8],[-67.703,-66.877],[-67.084,-68.654],[-68.784,-69.813],[-67.084,-71.822],[-67.625,-72.749],[-75.584,-73.754],[-78.52,-73.715],[-80.993,-73.252],[-81.766,-74.024],[-88.565,-73.252],[-93.974,-73.174],[-96.524,-73.329],[-99.788,-72.998],[-101.88,-74.099],[-100.045,-75.31],[-105.642,-75.068],[-106.801,-75.377],[-110.557,-75.303],[-113.238,-74.321],[-123.569,-74.836],[-127.123,-74.681],[-128.978,-74.913],[-134.773,-74.643],[-140.568,-75.261],[-146.672,-76.111],[-146.146,-77.457],[-149.995,-77.733],[-154.167,-77.115],[-158.031,-77.27],[-158.185,-77.811],[-154.554,-79.124],[-148.604,-79.665],[-145.668,-80.515],[-148.836,-81.365],[-154.477,-81.056],[-154.554,-82.138],[-152.081,-82.601],[-153.31,-83.942],[-148.759,-85.074],[-156.563,-85.46],[-167.226,-84.765],[-178.43,-84.456],[-180,-84.322],[-180,-85.322],[-180,-86.322],[-180,-87.322],[-180,-88.322],[-180,-89.322],[-180,-90],[-179.204,-90],[-178.204,-90],[-177.204,-90],[-176.204,-90],[-175.204,-90],[-174.204,-90],[-173.204,-90],[-172.204,-90],[-171.204,-90],[-170.204,-90],[-169.204,-90],[-168.204,-90],[-167.204,-90],[-166.204,-90],[-165.204,-90],[-164.204,-90],[-163.204,-90],[-162.204,-90],[-161.204,-90],[-160.204,-90],[-159.204,-90],[-158.204,-90],[-157.204,-90],[-156.204,-90],[-155.204,-90],[-154.204,-90],[-153.204,-90],[-152.204,-90],[-151.204,-90],[-150.204,-90],[-149.204,-90],[-148.204,-90],[-147.204,-90],[-146.204,-90],[-145.204,-90],[-144.204,-90],[-143.204,-90],[-142.204,-90],[-141.204,-90],[-140.204,-90],[-139.204,-90],[-138.204,-90],[-137.204,-90],[-136.204,-90],[-135.204,-90],[-134.204,-90],[-133.204,-90],[-132.204,-90],[-131.204,-90],[-130.204,-90],[-129.204,-90],[-128.204,-90],[-127.204,-90],[-126.204,-90],[-125.204,-90],[-124.204,-90],[-123.204,-90],[-122.204,-90],[-121.204,-90],[-120.204,-90],[-119.204,-90],[-118.204,-90],[-117.204,-90],[-116.204,-90],[-115.204,-90],[-114.204,-90],[-113.204,-90],[-112.204,-90],[-111.204,-90],[-110.204,-90],[-109.204,-90],[-108.204,-90],[-107.204,-90],[-106.204,-90],[-105.204,-90],[-104.204,-90],[-103.204,-90],[-102.204,-90],[-101.204,-90],[-100.204,-90],[-99.204,-90],[-98.204,-90],[-97.204,-90],[-96.204,-90],[-95.204,-90],[-94.204,-90],[-93.204,-90],[-92.204,-90],[-91.204,-90],[-90,-90],[-89.204,-90],[-88.204,-90],[-87.204,-90],[-86.204,-90],[-85.204,-90],[-84.204,-90],[-83.204,-90],[-82.204,-90],[-81.204,-90],[-80.204,-90],[-79.204,-90],[-78.204,-90],[-77.204,-90],[-76.204,-90],[-75.204,-90],[-74.204,-90],[-73.204,-90],[-72.204,-90],[-71.204,-90],[-70.204,-90],[-69.204,-90],[-68.204,-90],[-67.204,-90],[-66.204,-90],[-65.204,-90],[-64.204,-90],[-63.204,-90],[-62.204,-90],[-61.204,-90],[-60.204,-90],[-59.204,-90],[-58.204,-90],[-57.204,-90],[-56.204,-90],[-55.204,-90],[-54.204,-90],[-53.204,-90],[-52.204,-90],[-51.204,-90],[-50.204,-90],[-49.204,-90],[-48.204,-90],[-47.204,-90],[-46.204,-90],[-45.204,-90],[-44.204,-90],[-43.204,-90],[-42.204,-90],[-41.204,-90],[-40.204,-90],[-39.204,-90],[-38.204,-90],[-37.204,-90],[-36.204,-90],[-35.204,-90],[-34.204,-90],[-33.204,-90],[-32.204,-90],[-31.204,-90],[-30.204,-90],[-29.204,-90],[-28.204,-90],[-27.204,-90],[-26.204,-90],[-25.204,-90],[-24.204,-90],[-23.204,-90],[-22.204,-90],[-21.204,-90],[-20.204,-90],[-19.204,-90],[-18.204,-90],[-17.204,-90],[-16.204,-90],[-15.204,-90],[-14.204,-90],[-13.204,-90],[-12.204,-90],[-11.204,-90],[-10.204,-90],[-9.204,-90],[-8.204,-90],[-7.204,-90],[-6.204,-90],[-5.204,-90],[-4.204,-90],[-3.204,-90],[-2.204,-90],[-1.204,-90],[-0.204,-90],[0.778,-90],[1.778,-90],[2.778,-90],[3.778,-90],[4.778,-90],[5.778,-90],[6.778,-90],[7.778,-90],[8.778,-90],[9.778,-90],[10.778,-90],[11.778,-90],[12.778,-90],[13.778,-90],[14.778,-90],[15.778,-90],[16.778,-90],[17.778,-90],[18.778,-90],[19.778,-90],[20.778,-90],[21.778,-90],[22.778,-90],[23.778,-90],[24.778,-90],[25.778,-90],[26.778,-90],[27.778,-90],[28.778,-90],[29.778,-90],[30.778,-90],[31.778,-90],[32.778,-90],[33.778,-90],[34.778,-90],[35.778,-90],[36.778,-90],[37.778,-90],[38.778,-90],[39.778,-90],[40.778,-90],[41.778,-90],[42.778,-90],[43.778,-90],[44.778,-90],[45.778,-90],[46.778,-90],[47.778,-90],[48.778,-90],[49.778,-90],[50.778,-90],[51.778,-90],[52.778,-90],[53.778,-90],[54.778,-90],[55.778,-90],[56.778,-90],[57.778,-90],[58.778,-90],[59.778,-90],[60.778,-90],[61.778,-90],[62.778,-90],[63.778,-90],[64.778,-90],[65.778,-90],[66.778,-90],[67.778,-90],[68.778,-90],[69.778,-90],[70.778,-90],[71.778,-90],[72.778,-90],[73.778,-90],[74.778,-90],[75.778,-90],[76.778,-90],[77.778,-90],[78.778,-90],[79.778,-90],[80.778,-90],[81.778,-90],[82.778,-90],[83.778,-90],[84.778,-90],[85.778,-90],[86.778,-90],[87.778,-90],[88.778,-90],[89.778,-90],[89.796,-90],[90,-90],[91.778,-90],[92.778,-90],[93.778,-90],[94.778,-90],[95.778,-90],[96.778,-90],[97.778,-90],[98.778,-90],[99.778,-90],[100.778,-90],[101.778,-90],[102.778,-90],[103.778,-90],[104.778,-90],[105.778,-90],[106.778,-90],[107.778,-90],[108.778,-90],[109.778,-90],[110.778,-90],[111.778,-90],[112.778,-90],[113.778,-90],[114.778,-90],[115.778,-90],[116.778,-90],[117.778,-90],[118.778,-90],[119.778,-90],[120.778,-90],[121.778,-90],[122.778,-90],[123.778,-90],[124.778,-90],[125.778,-90],[126.778,-90],[127.778,-90],[128.778,-90],[129.778,-90],[130.778,-90],[131.778,-90],[132.778,-90],[133.778,-90],[134.778,-90],[135.778,-90],[136.778,-90],[137.778,-90],[138.778,-90],[139.778,-90],[140.778,-90],[141.778,-90],[142.778,-90],[143.778,-90],[144.778,-90],[145.778,-90],[146.778,-90],[147.778,-90],[148.778,-90],[149.778,-90],[150.778,-90],[151.778,-90],[152.778,-90],[153.778,-90],[154.778,-90],[155.778,-90],[156.778,-90],[157.778,-90],[158.778,-90],[159.778,-90],[160.778,-90],[161.778,-90],[162.778,-90],[163.778,-90],[164.778,-90],[165.778,-90],[166.778,-90],[167.778,-90],[168.778,-90],[169.778,-90],[170.778,-90],[171.778,-90],[172.778,-90],[173.778,-90],[174.778,-90],[175.778,-90],[176.778,-90],[177.778,-90],[178.778,-90],[180,-90],[180,-89.319],[180,-88.319],[180,-87.319],[180,-86.319],[180,-85.319],[180,-84.34],[169.769,-83.418]]]]}},{"type":"Feature","id":6,"properties":{"name":null,"subjecto":null,"partof":null,"precision":1},"geometry":{"type":"MultiPolygon","coordinates":[[[[140.87,-2.795],[139.592,-2.379],[137.854,-1.614],[136.271,-2.418],[135.246,-3.539],[134.283,-2.855],[133.907,-1.006],[132.254,-0.527],[131.211,-1.025],[132.719,-2.934],[132.713,-3.888],[134.041,-3.948],[134.777,-4.309],[137.385,-5.123],[137.824,-5.427],[139.156,-7.725],[139.112,-8.323],[139.977,-8.238],[140.948,-9.274],[142.607,-9.377],[143.331,-9],[143.437,-8.358],[144.38,-7.758],[145.82,-8.098],[146.646,-9.279],[147.874,-10.179],[149.783,-10.41],[149.83,-9.711],[148.589,-9.16],[148.035,-8.246],[147.376,-7.796],[146.909,-6.895],[147.664,-6.791],[147.376,-6.125],[145.593,-5.423],[145.728,-4.997],[143.446,-3.61],[140.87,-2.795]]],[[[149.554,-6.406],[151.056,-6.015],[152.059,-5.498],[151.588,-4.902],[150.289,-5.712],[148.377,-5.659],[149.554,-6.406]]],[[[123.492,-10.352],[124.154,-10.205],[125.212,-9.395],[125.08,-8.772],[123.665,-9.748],[123.492,-10.352]]],[[[122.949,-8.377],[121.279,-8.717],[120.565,-8.388],[119.935,-8.936],[121.694,-8.996],[122.949,-8.377]]],[[[120.28,-10.378],[120.462,-9.926],[119.789,-9.458],[119.41,-9.872],[120.28,-10.378]]],[[[120.432,0.636],[119.914,0.54],[119.205,-1.432],[119.175,-2.176],[118.684,-2.901],[118.791,-3.663],[119.461,-3.808],[119.477,-5.804],[120.248,-5.586],[120.144,-3.076],[120.999,-3.049],[120.881,-3.716],[121.508,-4.236],[121.873,-4.96],[122.641,-4.284],[122.19,-3.847],[122.258,-3.211],[121.265,-2.101],[122.223,-1.654],[122.757,-1.094],[121.461,-0.989],[121.055,-1.549],[120.507,-1.448],[119.873,-0.465],[120.337,0.356],[122.983,0.375],[122.733,0.673],[120.767,1.139],[120.432,0.636]]]]}},{"type":"Feature","id":7,"properties":{"name":null,"subjecto":null,"partof":null,"precision":1},"geometry":{"type":"MultiPolygon","coordinates":[[[[13.252,79.801],[11.76,78.88],[16.617,78.467],[13.905,78],[15.099,77.115],[17.267,76.813],[19.116,78.455],[20.908,78.809],[17.834,79.809],[13.252,79.801]]],[[[21.971,79.783],[23.821,79.147],[27.197,79.944],[24.783,80.38],[21.971,79.783]]]]}},{"type":"Feature","id":8,"properties":{"name":"Simhala","subjecto":"Simhala","partof":"Simhala","precision":1},"geometry":{"type":"Polygon","coordinates":[[[80.563,5.932],[81.203,6.079],[81.866,7.085],[80.662,9.299],[80.178,9.445],[79.675,8.805],[79.854,7.061],[80.222,6.058],[80.563,5.932]]]}},{"type":"Feature","id":9,"properties":{"name":"Teotihuacan","subjecto":"Teotihuacan","partof":"Teotihuacàn","precision":1},"geometry":{"type":"Polygon","coordinates":[[[-100.494,20.9],[-101.009,20.277],[-100.755,19.588],[-99.909,19.027],[-99.142,18.924],[-98.483,19.802],[-99.107,20.586],[-100.494,20.9]]]}},{"type":"Feature","id":10,"properties":{"name":"Monte Albán","subjecto":"Monte Albán","partof":"Monte Albàn","precision":1},"geometry":{"type":"Polygon","coordinates":[[[-96.206,17.886],[-97.061,18.057],[-98.587,17.988],[-99.211,17.711],[-99.016,16.824],[-97.685,16.393],[-96.437,16.22],[-95.501,16.532],[-95.432,17.433],[-96.188,17.88],[-96.206,17.886]]]}},{"type":"Feature","id":11,"properties":{"name":"Maya states","subjecto":"Maya states","partof":"Maya states","precision":1},"geometry":{"type":"Polygon","coordinates":[[[-87.571,15.908],[-88.664,15.726],[-88.3,17.635],[-87.877,18.381],[-87.651,20.19],[-86.936,20.976],[-87.201,21.529],[-88.334,21.59],[-90,21.161],[-90,19.382],[-91.702,18.823],[-92.938,18.586],[-93.144,16.982],[-93.588,15.741],[-91.242,13.952],[-90,13.753],[-88.243,14.836],[-87.571,15.908]]]}},{"type":"Feature","id":12,"properties":{"name":null,"subjecto":null,"partof":null,"precision":1},"geometry":{"type":"Polygon","coordinates":[[[-155.772,20.213],[-156.163,19.808],[-156.034,19.106],[-154.948,19.483],[-155.772,20.213]]]}},{"type":"Feature","id":13,"properties":{"name":"Dorset","subjecto":"Dorset","partof":"Dorset","precision":1},"geometry":{"type":"MultiPolygon","coordinates":[[[[-58.139,48.599],[-59.319,47.963],[-56.804,47.616],[-56.079,47.865],[-53.896,47.557],[-54.125,47.113],[-53.07,46.731],[-52.729,47.455],[-54.13,48.836],[-56.662,50.056],[-55.557,51.326],[-56.152,51.47],[-57.356,50.595],[-58.392,49.037],[-58.139,48.599]]],[[[-60.814,45.644],[-59.997,45.854],[-60.26,46.938],[-61.381,46.331],[-60.814,45.644]]]]}},{"type":"Feature","id":14,"properties":{"name":"Veracruz civilization","subjecto":"Veracruz civilization","partof":"Veracruz civilization","precision":1},"geometry":{"type":"Polygon","coordinates":[[[-96.188,17.88],[-93.942,17.095],[-93.144,16.982],[-92.938,18.586],[-94.242,18.24],[-96.012,18.929],[-97.527,21.254],[-98.518,20.935],[-98.448,19.791],[-97.997,18.924],[-97.235,18.231],[-96.206,17.886],[-96.188,17.88]]]}},{"type":"Feature","id":15,"properties":{"name":null,"subjecto":null,"partof":null,"precision":1},"geometry":{"type":"Polygon","coordinates":[[[-7.225,55.104],[-8.345,55.095],[-8.59,54.203],[-9.892,54.326],[-9.158,53.221],[-9.891,52.194],[-9.819,51.435],[-6.406,52.214],[-6.043,52.893],[-6.443,53.899],[-5.662,54.322],[-6.018,55.093],[-7.225,55.104]]]}},{"type":"Feature","id":16,"properties":{"name":"Paekche","subjecto":"Paekche","partof":"Paekche","precision":1},"geometry":{"type":"Polygon","coordinates":[[[128.164,34.799],[128.041,36.56],[127.67,37.21],[126.392,37.614],[126.443,37.474],[126.786,37.074],[126.8,36.947],[126.685,36.838],[126.391,36.959],[126.255,36.907],[125.96,36.722],[126.361,36.627],[126.437,36.131],[126.626,35.928],[126.225,35.164],[126.41,34.269],[126.617,34.409],[126.824,34.429],[127.359,34.804],[128.164,34.799]]]}},{"type":"Feature","id":17,"properties":{"name":"Silla","subjecto":"Silla","partof":"Silla","precision":1},"geometry":{"type":"Polygon","coordinates":[[[127.405,39.075],[125.294,38.689],[124.736,38.28],[125.269,37.485],[126.392,37.614],[127.67,37.21],[128.041,36.56],[128.164,34.799],[129.06,35.17],[129.25,37.009],[128.451,38.255],[128.144,38.535],[127.956,38.694],[127.405,39.075]]]}},{"type":"Feature","id":18,"properties":{"name":"Moche","subjecto":"Moche","partof":"Moche","precision":1},"geometry":{"type":"Polygon","coordinates":[[[-80.888,-5.9],[-80.066,-6.756],[-79.06,-8.216],[-77.759,-10.659],[-76.649,-12.842],[-75.989,-12.194],[-76.358,-10.966],[-77.402,-9.676],[-78.57,-7.095],[-79.491,-6.113],[-79.614,-5.498],[-80.351,-5.314],[-80.888,-5.9]]]}},{"type":"Feature","id":19,"properties":{"name":null,"subjecto":null,"partof":null,"precision":1},"geometry":{"type":"MultiPolygon","coordinates":[[[[-90,13.753],[-87.949,13.172],[-86.014,11.368],[-85.621,10.827],[-85.778,10.138],[-85.089,9.583],[-83.615,9.152],[-83.605,8.548],[-82.956,8.257],[-81.664,8.165],[-80.814,7.27],[-79.717,8.883],[-79.068,9.034],[-78.184,8.413],[-78.265,7.886],[-77.4,6.67],[-77.5,5.514],[-77.106,3.792],[-77.802,2.577],[-78.468,2.467],[-78.984,1.297],[-80.086,0.818],[-80.339,-0.663],[-80.966,-1.033],[-80.741,-2.119],[-80.144,-3.414],[-81.304,-4.332],[-81.418,-4.675],[-80.888,-5.9],[-80.351,-5.314],[-79.614,-5.498],[-79.491,-6.113],[-78.57,-7.095],[-77.402,-9.676],[-76.358,-10.966],[-75.989,-12.194],[-76.649,-12.842],[-76.238,-13.909],[-75.564,-12.873],[-74.218,-14.295],[-73.89,-14.855],[-74.621,-15.665],[-71.612,-17.221],[-70.584,-18.083],[-70.209,-19.067],[-70.19,-19.76],[-70.112,-20.693],[-70.148,-20.268],[-69.071,-20.066],[-68.133,-19.349],[-66.595,-19.145],[-65.906,-18.311],[-64.662,-16.805],[-64.194,-14.695],[-69.045,-8.236],[-70.158,-5.735],[-66.408,3.042],[-62.659,4.153],[-58.558,3.978],[-55.862,1.696],[-55.804,0.876],[-57.972,-0.589],[-58.44,-2.288],[-56.331,-4.335],[-54.163,-4.627],[-49.066,-4.744],[-45.375,-3.165],[-44.549,-3.103],[-44.462,-2.269],[-44.796,-1.736],[-47.237,-0.68],[-48.043,-0.816],[-48.39,-1.414],[-49.221,-2.108],[-50.643,-1.882],[-50.977,-1.114],[-52.022,-1.568],[-51.529,-0.429],[-50.647,0.272],[-49.884,1.214],[-49.969,1.728],[-50.688,2.216],[-51.209,4.071],[-51.71,4.228],[-53.027,5.427],[-54.286,5.882],[-56.746,6.003],[-58.575,6.984],[-58.617,7.499],[-59.834,8.44],[-61.696,8.61],[-63.065,8.325],[-65.965,8.18],[-70.682,8.557],[-71.098,9.328],[-71.605,9.092],[-72.114,9.904],[-71.688,10.769],[-72.38,11.81],[-73.362,11.325],[-74.219,11.368],[-75.45,10.628],[-75.703,9.426],[-76.764,8.693],[-78.266,9.386],[-79.5,9.638],[-80.962,8.865],[-82.23,9.047],[-82.326,9.445],[-83.204,10.2],[-83.914,11.251],[-83.662,13.705],[-83.314,14.768],[-84.65,15.933],[-86.372,15.803],[-87.571,15.908],[-88.243,14.836],[-90,13.753]]],[[[-48.852,-28.563],[-48.728,-28.367],[-48.797,-28.476],[-48.852,-28.563]]],[[[-69.167,-51.149],[-69.115,-51.352],[-69.077,-51.499],[-69.167,-51.149]]]]}},{"type":"Feature","id":20,"properties":{"name":"Makkura","subjecto":"Makkura","partof":"Makkura","precision":1},"geometry":{"type":"Polygon","coordinates":[[[30.809,23.863],[29.988,22.332],[29.487,20.278],[29.607,18.781],[30.347,16.933],[30.79,17.322],[33.746,17.372],[35.192,17.575],[35.151,18.226],[34.422,20.506],[33.345,23.354],[33.657,24.018],[32.749,23.77],[30.809,23.863]]]}},{"type":"Feature","id":21,"properties":{"name":"Axum","subjecto":"Axum","partof":"Axum","precision":1},"geometry":{"type":"Polygon","coordinates":[[[32.042,8.804],[34.297,8.052],[36.151,8.002],[37.354,8.603],[38.645,9.7],[42.636,13.093],[42.408,13.175],[40.739,14.919],[39.518,15.463],[38.642,18.061],[35.192,17.575],[33.746,17.372],[30.79,17.322],[30.347,16.933],[30.531,15.824],[30.531,13.976],[30.735,11.197],[30.79,10.457],[32.042,8.804]]]}},{"type":"Feature","id":22,"properties":{"name":null,"subjecto":null,"partof":null,"precision":1},"geometry":{"type":"Polygon","coordinates":[[[35.072,29.211],[34.886,28.357],[37.218,25.167],[37.201,24.658],[38.329,23.835],[39.102,22.4],[39.167,21.219],[39.527,20.692],[40.475,21.182],[41.406,21.275],[42.338,20.716],[43.466,19.179],[45.479,15.996],[46.676,15.796],[48.872,16.594],[50.769,16.794],[52.357,16.234],[54.084,17.019],[55.195,17.149],[55.561,17.937],[56.258,17.977],[56.739,18.689],[57.839,19.035],[57.806,20.172],[58.512,20.421],[59.837,22.279],[58.628,23.458],[57.146,23.982],[56.405,24.82],[56.015,25.772],[55.457,25.42],[54.347,24.154],[53.687,23.987],[51.586,24.003],[51.587,25.609],[51.069,25.945],[50.778,24.471],[49.937,25.956],[50.122,26.738],[48.855,27.523],[48.129,29.268],[47.614,29.272],[39.49,33.362],[38.376,33.532],[38.022,33.034],[36.47,29.565],[35.072,29.211]]]}},{"type":"Feature","id":23,"properties":{"name":"Himyarite Kingdom","subjecto":"Himyarite Kingdom","partof":"Himyarite Kingdom","precision":1},"geometry":{"type":"Polygon","coordinates":[[[52.357,16.234],[50.769,16.794],[48.872,16.594],[46.676,15.796],[45.479,15.996],[43.466,19.179],[42.338,20.716],[41.406,21.275],[40.475,21.182],[39.527,20.692],[40.694,19.869],[41.629,18.047],[42.764,16.645],[42.796,15.47],[43.384,13.565],[43.841,12.664],[44.964,12.825],[45.826,13.405],[46.601,13.401],[48.036,14.045],[48.96,14.219],[49.334,14.633],[51.313,15.247],[52.135,15.687],[52.357,16.234]]]}},{"type":"Feature","id":24,"properties":{"name":"Eastern Roman Empire","subjecto":"Eastern Roman Empire","partof":"Eastern Roman Empire","precision":1},"geometry":{"type":"MultiPolygon","coordinates":[[[[41.68,41.793],[41.293,41.286],[40.361,40.963],[38.651,40.922],[36.383,41.238],[35.958,41.686],[33.556,41.983],[32.419,41.749],[30.745,41.04],[27.764,40.287],[26.765,40.377],[26.128,39.879],[26.708,39.182],[27.16,37.36],[29.002,36.695],[29.298,36.173],[30.473,36.188],[31.371,36.712],[32.335,36.128],[33.171,35.971],[34.485,36.627],[35.709,36.212],[35.873,34.422],[34.843,32.671],[34.501,31.621],[33.558,30.968],[32.077,31.014],[30.996,31.469],[29.249,30.754],[26.143,31.491],[25.258,31.438],[24.816,31.907],[23.153,32.139],[22.543,32.722],[21.673,32.816],[20.366,32.298],[19.942,31.611],[20.117,30.957],[19.664,30.442],[18.608,30.374],[18.612,29.407],[19.351,29.407],[21.291,29.961],[22.308,29.961],[26.743,28.575],[28.406,27.743],[30.809,23.863],[32.749,23.77],[33.657,24.018],[35.19,24.4],[33.929,26.564],[33.354,27.91],[34.322,27.829],[34.764,29.247],[35.072,29.211],[36.47,29.565],[38.022,33.034],[38.376,33.532],[39.966,35.771],[40.475,37.855],[39.976,38.407],[38.843,38.943],[38.426,39.48],[40.393,39.718],[41.585,40.553],[41.68,41.793]]],[[[29.616,45.41],[28.221,45.484],[28.037,44.375],[25.265,43.821],[23.139,43.913],[22.955,44.652],[21.199,44.93],[19.066,45.535],[18.843,42.241],[19.607,41.762],[19.369,40.26],[20.029,39.814],[21.172,38.348],[21.228,37.905],[22.39,36.524],[22.639,37.492],[23.556,38.352],[23.169,38.667],[22.602,38.856],[22.871,39.024],[22.72,39.287],[22.602,40.397],[23.596,40.192],[23.886,40.733],[25.993,40.852],[26.614,40.398],[27.474,40.963],[28.828,40.915],[27.502,42.516],[28.446,43.476],[28.686,44.488],[29.616,45.41]]]]}},{"type":"Feature","id":25,"properties":{"name":"Champa","subjecto":"Champa","partof":"Champa","precision":1},"geometry":{"type":"Polygon","coordinates":[[[107.33,15.299],[107.636,13.744],[107.518,11.759],[107.1,10.411],[107.412,10.367],[108.696,11.145],[109.073,11.635],[109.307,12.906],[108.786,15.091],[108.236,16.08],[107.692,16.371],[107.33,15.299]]]}},{"type":"Feature","id":26,"properties":{"name":"Yamato","subjecto":"Yamato","partof":"Yamato","precision":1},"geometry":{"type":"MultiPolygon","coordinates":[[[[136.734,34.874],[136.187,36.202],[135.928,35.604],[135.157,35.646],[133.006,35.254],[132.663,35.381],[130.899,33.904],[131.995,33.804],[132.481,34.129],[134.427,34.628],[135.063,33.69],[135.756,33.342],[136.734,34.874]]],[[[130.744,30.888],[131.319,31.511],[131.831,32.693],[131.67,33.309],[130.427,33.674],[129.343,33.151],[129.846,32.587],[130.219,31.56],[130.744,30.888]]],[[[132.699,32.549],[133.154,33.216],[133.999,33.148],[134.54,34.013],[133.806,34.176],[132.784,33.908],[132.121,33.348],[132.699,32.549]]]]}},{"type":"Feature","id":27,"properties":{"name":null,"subjecto":null,"partof":null,"precision":1},"geometry":{"type":"Polygon","coordinates":[[[136.734,34.874],[137.248,34.482],[138.149,34.528],[139.423,35.166],[140.317,35.034],[140.872,37.917],[141.496,38.422],[141.998,39.672],[141.153,40.865],[139.915,40.575],[140.03,39.483],[139.198,37.92],[138.317,37.206],[136.187,36.202],[136.734,34.874]]]}},{"type":"Feature","id":28,"properties":{"name":"Koguryo","subjecto":"Koguryo","partof":"Koguryo","precision":1},"geometry":{"type":"Polygon","coordinates":[[[129.641,41.656],[127.299,43.238],[124.702,42.311],[124.111,39.875],[125.296,39.364],[125.294,38.689],[127.405,39.075],[127.672,39.866],[129.478,40.682],[129.641,41.656]]]}},{"type":"Feature","id":29,"properties":{"name":"Toba Wei","subjecto":"Toba Wei","partof":"Toba Wei","precision":1},"geometry":{"type":"Polygon","coordinates":[[[103.352,33.176],[105.215,33.623],[107.6,33.772],[109.686,33.101],[111.773,33.846],[114.828,33.623],[115.573,34.219],[116.915,34.293],[117.287,35.039],[116.915,35.709],[116.915,36.752],[118.875,37.949],[117.589,38.284],[117.753,39.203],[118.978,39.224],[119.385,39.843],[120.273,40.152],[121.011,40.851],[122.108,40.354],[121.239,39.554],[122.027,39.256],[124.111,39.875],[124.702,42.311],[123.868,43.053],[121.92,42.682],[119.044,42.311],[118.21,40.827],[116.169,40.641],[111.103,40.868],[107.302,41.447],[106.184,41.373],[104.545,40.404],[102.98,40.18],[98.732,40.776],[97.019,40.851],[96.273,39.733],[96.944,38.392],[99.85,37.349],[102.831,35.486],[103.278,34.74],[103.352,33.176]]]}},{"type":"Feature","id":30,"properties":{"name":null,"subjecto":null,"partof":null,"precision":1},"geometry":{"type":"Polygon","coordinates":[[[56.96,73.357],[60.887,75.247],[66.548,75.98],[65.926,76.507],[59.018,75.799],[56.995,75.273],[54.018,73.734],[56.96,73.357]]]}},{"type":"Feature","id":31,"properties":{"name":"Kushan Principalities","subjecto":"Kushan Principalities","partof":"Kushan Principalities","precision":1},"geometry":{"type":"Polygon","coordinates":[[[71.628,35.839],[70.287,31.288],[75.592,33.653],[76.004,34.684],[77.216,36.282],[75.653,37.357],[74.202,37.489],[71.628,35.839]]]}},{"type":"Feature","id":32,"properties":{"name":"Sasanian Empire","subjecto":"Sasanian Empire","partof":"Sasanian Empire","precision":1},"geometry":{"type":"Polygon","coordinates":[[[66.432,25.489],[67.387,28.226],[70.287,31.288],[71.628,35.839],[71.232,38.215],[69.648,37.093],[67.998,36.895],[67.058,37.117],[66.78,38.044],[65.017,38.508],[62.698,39.992],[54.067,36.942],[53.8,36.679],[51.796,36.432],[50.561,36.686],[50.039,37.225],[48.837,37.511],[48.825,38.31],[49.807,40.581],[48.254,42.248],[42.658,41.685],[41.68,41.793],[41.585,40.553],[40.393,39.718],[38.426,39.48],[38.843,38.943],[39.976,38.407],[40.475,37.855],[39.966,35.771],[38.376,33.532],[39.49,33.362],[47.614,29.272],[47.911,29.89],[50.132,30.066],[50.705,29.401],[51.35,28.036],[52.41,27.581],[52.891,27.052],[54.646,26.391],[55.9,27.105],[56.79,26.974],[57.255,25.793],[59.031,25.308],[60.48,25.298],[61.344,25.027],[64.425,25.173],[66.432,25.489]]]}},{"type":"Feature","id":33,"properties":{"name":"Gupta Empire","subjecto":"Gupta Empire","partof":"Gupta Empire","precision":1},"geometry":{"type":"Polygon","coordinates":[[[72.931,20.954],[74.921,22.145],[76.777,21.836],[79.44,22.184],[80.089,22.091],[80.194,20.832],[79.871,19.67],[79.871,18.33],[80.18,17.711],[80.18,16.68],[79.58,15.473],[79.458,14.927],[79.708,12.926],[79.923,12.106],[80.313,13.104],[80.089,15.175],[80.3,15.646],[81.088,15.827],[81.369,16.347],[82.235,16.647],[82.354,17.086],[84.263,18.456],[85.113,19.442],[86.119,19.807],[86.926,20.691],[86.796,21.136],[87.641,21.563],[88.723,21.54],[90,21.93],[90,22.561],[91.41,22.721],[92.176,20.887],[92.921,20.374],[92.473,22.296],[91.877,23.637],[90,24.308],[91.43,24.904],[94.187,25.724],[94.466,26.451],[93.909,26.822],[92.628,27.095],[91.579,26.916],[88.002,25.873],[86.512,25.873],[83.605,26.916],[78.762,30.791],[76.004,34.684],[75.592,33.653],[70.287,31.288],[67.387,28.226],[66.432,25.489],[66.702,24.752],[67.316,24.093],[68.047,23.764],[68.791,23.029],[69.665,22.789],[69.126,21.969],[70.21,20.948],[71.024,20.657],[72.121,21.155],[72.931,20.954]]]}},{"type":"Feature","id":34,"properties":{"name":"Vakataka","subjecto":"Vakataka","partof":"Vakataka","precision":1},"geometry":{"type":"Polygon","coordinates":[[[72.931,20.954],[72.759,20.058],[73.064,18.032],[73.409,16.559],[74.153,14.85],[77.002,14.968],[78.324,15.133],[79.58,15.473],[80.18,16.68],[80.18,17.711],[79.871,18.33],[79.871,19.67],[80.194,20.832],[80.089,22.091],[79.44,22.184],[76.777,21.836],[74.921,22.145],[72.931,20.954]]]}},{"type":"Feature","id":35,"properties":{"name":"Pandyas","subjecto":"Pandyas","partof":"Hindu kingdoms","precision":1},"geometry":{"type":"Polygon","coordinates":[[[76.653,8.903],[77.341,8.053],[77.9,8.258],[78.242,8.896],[77.627,9.122],[76.653,8.903]]]}},{"type":"Feature","id":36,"properties":{"name":null,"subjecto":null,"partof":null,"precision":1},"geometry":{"type":"Polygon","coordinates":[[[8.576,3.067],[8.827,3.612],[8.478,3.557],[8.576,3.067]]]}},{"type":"Feature","id":37,"properties":{"name":null,"subjecto":null,"partof":null,"precision":1},"geometry":{"type":"Polygon","coordinates":[[[22.87,38.837],[23.121,38.867],[23.638,38.523],[23.79,38.719],[23.242,39.044],[22.87,38.837]]]}},{"type":"Feature","id":38,"properties":{"name":null,"subjecto":null,"partof":null,"precision":1},"geometry":{"type":"Polygon","coordinates":[[[24.656,37.901],[25.318,37.402],[25.272,37.565],[24.763,38.003],[24.656,37.901]]]}},{"type":"Feature","id":39,"properties":{"name":null,"subjecto":null,"partof":null,"precision":1},"geometry":{"type":"Polygon","coordinates":[[[-68.195,12.221],[-68.364,12.305],[-68.285,12.102],[-68.195,12.221]]]}},{"type":"Feature","id":40,"properties":{"name":null,"subjecto":null,"partof":null,"precision":1},"geometry":{"type":"Polygon","coordinates":[[[-61.669,17.085],[-61.794,17.163],[-61.887,17.033],[-61.738,16.99],[-61.669,17.085]]]}},{"type":"Feature","id":41,"properties":{"name":null,"subjecto":null,"partof":null,"precision":1},"geometry":{"type":"Polygon","coordinates":[[[-68.966,12.199],[-69.078,12.349],[-69.158,12.311],[-69.062,12.188],[-68.832,12.049],[-68.824,12.16],[-68.966,12.199]]]}},{"type":"Feature","id":42,"properties":{"name":null,"subjecto":null,"partof":null,"precision":1},"geometry":{"type":"Polygon","coordinates":[[[-61.6,12.187],[-61.725,12.172],[-61.79,12.009],[-61.643,12.034],[-61.6,12.187]]]}},{"type":"Feature","id":43,"properties":{"name":null,"subjecto":null,"partof":null,"precision":1},"geometry":{"type":"Polygon","coordinates":[[[-62.171,16.671],[-62.138,16.693],[-62.176,16.809],[-62.237,16.712],[-62.171,16.671]]]}},{"type":"Feature","id":44,"properties":{"name":null,"subjecto":null,"partof":null,"precision":1},"geometry":{"type":"Polygon","coordinates":[[[-62.541,17.177],[-62.61,17.191],[-62.611,17.095],[-62.539,17.109],[-62.541,17.177]]]}},{"type":"Feature","id":45,"properties":{"name":null,"subjecto":null,"partof":null,"precision":1},"geometry":{"type":"Polygon","coordinates":[[[-62.693,17.278],[-62.73,17.365],[-62.813,17.409],[-62.864,17.371],[-62.778,17.292],[-62.693,17.278]]]}},{"type":"Feature","id":46,"properties":{"name":null,"subjecto":null,"partof":null,"precision":1},"geometry":{"type":"Polygon","coordinates":[[[-61.086,16.305],[-61.037,16.311],[-60.991,16.341],[-61.015,16.35],[-61.086,16.305]]]}},{"type":"Feature","id":47,"properties":{"name":null,"subjecto":null,"partof":null,"precision":1},"geometry":{"type":"Polygon","coordinates":[[[-62.972,17.458],[-62.943,17.494],[-62.986,17.52],[-62.998,17.494],[-62.972,17.458]]]}},{"type":"Feature","id":48,"properties":{"name":null,"subjecto":null,"partof":null,"precision":1},"geometry":{"type":"Polygon","coordinates":[[[-1.575,54.97],[-2.742,55.957],[-2.15,57.572],[-4.148,57.555],[-4.51,58.403],[-5.763,57.62],[-5.633,55.94],[-4.638,55.428],[-4.6,54.688],[-3.153,54.838],[-2.064,54.929],[-1.575,54.97]]]}},{"type":"Feature","id":49,"properties":{"name":null,"subjecto":null,"partof":null,"precision":1},"geometry":{"type":"Polygon","coordinates":[[[-5.756,55.477],[-5.482,55.443],[-5.518,55.668],[-5.689,55.628],[-5.756,55.477]]]}},{"type":"Feature","id":50,"properties":{"name":"Subarctic forest hunter-gatherers","subjecto":"Subarctic forest hunter-gatherers","partof":"Subarctic forest hunter-gatherers","precision":1},"geometry":{"type":"Polygon","coordinates":[[[-71.103,47.129],[-68.307,49.227],[-67.318,49.425],[-66.373,50.314],[-61.64,50.277],[-60.138,50.412],[-58.524,51.379],[-56.964,51.488],[-55.659,52.187],[-56.127,53.466],[-58.788,52.573],[-60.171,53.299],[-60.222,53.325],[-62.889,54.725],[-65.643,55.263],[-71.033,55.196],[-74.197,52.927],[-78.742,52.744],[-78.491,52.256],[-79.594,51.266],[-80.361,51.304],[-81.747,52.17],[-82.341,52.981],[-82.202,54.969],[-84.468,55.167],[-87.467,55.912],[-88.767,56.738],[-90.445,57.144],[-92.404,56.975],[-93.825,56.863],[-102.144,57.214],[-111.284,58.553],[-114.565,60.6],[-118.198,62.713],[-124.936,64.835],[-132.435,62.497],[-139.524,62.416],[-144.68,63.192],[-150.129,63.324],[-160.939,63.985],[-161.133,63.563],[-163.309,63.038],[-164.292,63.25],[-165.431,62.43],[-165.898,61.27],[-164.027,59.798],[-162.378,60.163],[-162.004,58.827],[-160.431,59.002],[-158.291,58.73],[-157.139,58.856],[-157.665,57.604],[-160.457,56.2],[-159.077,55.992],[-158.527,56.449],[-156.496,57.1],[-156.685,57.401],[-154.649,58.076],[-153.455,58.877],[-154.282,59.249],[-152.899,59.896],[-151.783,59.995],[-151.388,59.213],[-149.326,60.027],[-148.493,61.064],[-145.138,60.454],[-144.406,60.093],[-139.573,59.9],[-139.2,59.277],[-137.577,58.604],[-134.123,58.239],[-130.662,54.959],[-130.476,54.968],[-129.852,54.998],[-128.588,55.057],[-125.697,55.194],[-115.034,52.033],[-114.467,52],[-105.191,51.453],[-98.922,50.232],[-97.201,50.111],[-97.155,50.413],[-98.719,52.228],[-101.209,53.272],[-101.56,53.897],[-101.05,54.624],[-97.091,55.065],[-95.271,53.859],[-95.239,53.157],[-96.197,52.384],[-95.271,51.12],[-93.994,50.636],[-91.153,50.636],[-90.706,50.27],[-91.078,49.948],[-87.79,49.931],[-85.036,49.094],[-81.931,48.902],[-76.056,47.308],[-74.19,47.966],[-71.103,47.129]]]}},{"type":"Feature","id":51,"properties":{"name":"Australian aboriginal hunter-gatherers","subjecto":"Australian aboriginal hunter-gatherers","partof":"Australian aboriginal hunter-gatherers","precision":1},"geometry":{"type":"Polygon","coordinates":[[[142.338,-10.915],[141.679,-12.468],[141.468,-14.757],[141.711,-15.227],[140.801,-17.562],[140.25,-17.798],[139.248,-17.432],[137.074,-16.031],[136.687,-16.026],[135.388,-14.897],[135.881,-14.203],[135.831,-13.485],[136.469,-13.223],[136.664,-12.625],[135.445,-12.176],[134.94,-12.336],[133.559,-11.951],[131.54,-12.401],[130.463,-12.759],[130.274,-13.363],[129.427,-14.306],[129.196,-14.993],[127.963,-14.703],[126.853,-13.784],[125.863,-14.695],[125.156,-14.805],[125.018,-15.644],[124.425,-15.658],[124.277,-16.523],[122.738,-16.583],[122.085,-17.398],[122.196,-18.244],[121.576,-18.703],[120.872,-19.677],[117.597,-20.758],[116.419,-20.837],[113.625,-22.566],[113.762,-23.481],[113.362,-24.283],[113.433,-24.874],[114.183,-26.017],[113.433,-26.572],[114.022,-27.626],[113.965,-28.033],[114.63,-28.903],[115.058,-30.804],[115.747,-32.208],[115.647,-33.365],[114.961,-33.869],[115.047,-34.422],[116.561,-35.189],[118.207,-35.09],[118.673,-34.606],[119.771,-34.12],[121.74,-33.963],[122.171,-34.179],[123.623,-33.915],[124.248,-33.144],[126.059,-32.434],[127.265,-32.381],[129.185,-31.798],[131.28,-31.635],[131.993,-32.066],[133.837,-32.342],[135.153,-34.05],[135.528,-35.055],[137.457,-33.314],[138.166,-33.192],[138.101,-34.356],[138.568,-34.928],[138.352,-35.865],[139.368,-35.614],[140.012,-37.642],[140.652,-38.164],[141.904,-38.43],[143.365,-38.97],[144.97,-38.066],[145.934,-38.881],[146.821,-38.841],[148.037,-38.098],[149.504,-37.929],[149.985,-37.347],[150.222,-35.694],[150.762,-35.253],[151.364,-33.521],[152.176,-32.877],[152.972,-31.418],[152.94,-30.699],[153.493,-28.841],[152.946,-27.341],[153.069,-26.228],[151.73,-24.157],[150.802,-23.6],[150.754,-22.812],[149.557,-22.433],[149.101,-21.06],[148.19,-20.172],[146.322,-19.082],[145.925,-18.257],[145.869,-17.195],[145.326,-16.49],[145.184,-15.048],[143.743,-14.466],[143.173,-12.121],[142.338,-10.915]]]}},{"type":"Feature","id":52,"properties":{"name":"Tasmanian hunter-gatherers","subjecto":"Tasmanian hunter-gatherers","partof":"Tasmanian hunter-gatherers","precision":1},"geometry":{"type":"Polygon","coordinates":[[[146.713,-43.722],[147.815,-42.965],[148.319,-41.806],[148.27,-41.093],[146.382,-41.308],[144.776,-40.843],[144.936,-41.71],[145.53,-42.345],[145.723,-43.24],[146.713,-43.722]]]}},{"type":"Feature","id":53,"properties":{"name":"Ainu","subjecto":"Ainu","partof":"Ainu","precision":1},"geometry":{"type":"MultiPolygon","coordinates":[[[[143.057,53.062],[141.767,53.272],[141.643,51.813],[142.153,50.89],[142.049,49.355],[141.74,48.807],[142.036,47.959],[141.732,47.471],[142.327,46.563],[142.993,46.954],[142.49,47.902],[142.854,49.128],[143.598,49.234],[143.633,50.235],[142.944,51.617],[143.057,53.062]]],[[[140.013,41.382],[140.246,42.228],[141.928,42.501],[143.214,41.927],[143.848,42.775],[145.448,43.17],[145.059,43.786],[143.508,44.156],[141.875,45.435],[141.523,45.183],[141.709,43.914],[141.304,43.187],[139.712,42.478],[140.013,41.382]]]]}},{"type":"Feature","id":54,"properties":{"name":"Paleo-Siberian hunter-gatherers","subjecto":"Paleo-Siberian hunter-gatherers","partof":"Paleo-Siberian hunter-gatherers","precision":1},"geometry":{"type":"Polygon","coordinates":[[[105.403,72.749],[98.459,69.791],[75.856,61.427],[62.806,56.955],[59.094,56.432],[65.312,55.047],[78.362,56.41],[93.7,56.485],[99.537,55.281],[99.485,55.659],[107.962,59.818],[114.016,59.547],[116.707,54.659],[119.936,51.258],[127.336,49.977],[134.87,52.009],[141.047,52.69],[140.102,53.802],[138.417,54.092],[137.979,53.465],[136.351,53.701],[136.492,54.455],[134.985,54.854],[137.229,55.983],[140.587,58.239],[142.846,59.273],[145.404,59.326],[148.416,59.097],[149.045,59.587],[151.14,59.44],[152.504,58.769],[153.924,58.922],[154.316,59.983],[155.734,60.555],[157.098,61.633],[158.841,61.784],[160.645,60.718],[164.138,62.533],[163.329,60.695],[159.649,58.954],[158.326,58.027],[156.777,57.58],[155.628,56.268],[155.465,54.92],[156.038,52.781],[156.696,50.958],[157.898,51.666],[158.461,52.826],[159.897,53.241],[159.931,54.086],[162.008,54.738],[161.503,55.287],[162.318,56.24],[162.512,57.033],[161.804,58.102],[162.907,58.891],[163.389,59.814],[164.585,59.665],[165.78,60.354],[169.154,60.435],[170.337,60.277],[170.344,60.28],[169.481,61.193],[172.441,63.078],[171.768,65.859],[168.135,67.458],[155.892,68.169],[130.867,69.901],[124.544,71.586],[123.501,73.505],[123.41,73.481],[122.243,72.909],[118.498,73.036],[118.46,73.519],[111.762,73.658],[106.502,73.061],[105.6,72.744],[105.403,72.749]]]}},{"type":"Feature","id":55,"properties":{"name":"Saami","subjecto":"Saami","partof":"Saami","precision":1},"geometry":{"type":"Polygon","coordinates":[[[25.196,65.268],[34.726,65.78],[34.726,65.797],[35.772,66.259],[39.19,66.039],[41.255,66.937],[40.826,67.66],[38.668,68.146],[35.437,69.15],[29.729,69.698],[30.799,70.308],[28.308,70.949],[24.571,70.741],[23.204,69.943],[20.158,69.748],[17.407,68.772],[13.169,66.458],[12.112,65.13],[10.155,64.099],[11.528,61.898],[15.43,61.866],[16.574,62.525],[17.936,62.548],[20.701,63.818],[20.921,64.714],[22.646,65.935],[25.252,65.417],[25.196,65.268]]]}},{"type":"Feature","id":56,"properties":{"name":"Eastern North American hunter-gatherers","subjecto":"Eastern North American hunter-gatherers","partof":"Eastern North American hunter-gatherers","precision":1},"geometry":{"type":"MultiPolygon","coordinates":[[[[-80.897,32.037],[-79.349,33.11],[-78.621,33.811],[-77.963,33.933],[-77.296,34.667],[-76.622,34.763],[-75.729,35.882],[-76.215,37.943],[-75.668,37.898],[-74.153,39.765],[-73.741,40.977],[-70.302,41.759],[-70.868,42.871],[-70.216,43.8],[-68.804,44.393],[-67.169,44.711],[-66.502,45.186],[-64.905,45.463],[-66.189,44.141],[-65.713,43.56],[-63.559,44.513],[-61.032,45.379],[-64.535,46.272],[-65.213,48.121],[-64.398,48.456],[-64.952,49.207],[-66.03,49.166],[-68.341,48.546],[-70.224,47.342],[-70.364,46.877],[-70.038,46.174],[-70.56,45.309],[-73.082,44.756],[-74.582,43.823],[-75.594,43.68],[-75.854,42.958],[-78.294,41.015],[-78.959,39.304],[-79.975,37.579],[-82.143,36.96],[-85.564,37.553],[-88.511,36.061],[-90.272,35.787],[-90.001,37.284],[-90.814,38.008],[-90.044,38.598],[-93.425,38.342],[-93.195,36.412],[-94.118,36.326],[-94.118,35.876],[-93.653,35.67],[-92.276,33.89],[-92.217,33.318],[-90.655,33.448],[-90.283,32.23],[-90.342,30.926],[-89.792,30.69],[-88.142,30.328],[-87.973,30.581],[-88.165,30.998],[-89.194,30.959],[-89.67,31.785],[-89.348,32.616],[-88.539,32.822],[-88.378,33.194],[-89.655,33.396],[-90.622,34.171],[-89.793,35.277],[-88.413,35.474],[-88.056,35.167],[-86.304,34.93],[-85.849,34.431],[-85.77,34.16],[-84.95,34.388],[-82.392,34.142],[-82.121,33.051],[-80.897,32.037]]],[[[-76.209,43.565],[-75.594,43.68],[-76.181,43.613],[-76.209,43.565]]],[[[-78.821,43.308],[-79.267,43.669],[-80.292,44.523],[-80.504,44.589],[-80.053,43.808],[-80.023,42.807],[-79.193,42.847],[-78.821,43.308]]],[[[-83.491,47.457],[-83.088,46.185],[-80.807,45.955],[-80.533,45.65],[-80.3,45.948],[-76.06,47.306],[-76.056,47.308],[-81.931,48.902],[-85.036,49.094],[-87.79,49.931],[-91.078,49.948],[-91.44,49.634],[-89.94,49.03],[-88.162,48.987],[-86.46,48.946],[-84.385,48.335],[-83.491,47.457]]],[[[-82.768,42.267],[-81.859,42.264],[-82.166,43.084],[-82.465,43.195],[-82.768,42.267]]],[[[-79.564,42.387],[-81.945,41.509],[-81.958,41.153],[-82.275,40.913],[-80.292,41.34],[-79.564,42.387]]],[[[-87.353,41.167],[-89.188,39.416],[-87.63,39.251],[-86.546,39.408],[-85.97,40.06],[-83.663,40.608],[-84.05,40.737],[-84.747,41.688],[-84.738,41.724],[-85.702,41.696],[-86.522,40.738],[-87.353,41.167]]],[[[-86.453,44.13],[-85.335,43.992],[-84.773,43.383],[-83.744,43.621],[-83.386,44.313],[-83.431,45.275],[-84.172,45.589],[-85.79,44.531],[-86.103,44.761],[-86.453,44.13]]],[[[-94.505,47.386],[-94.235,46.721],[-94.124,40.142],[-92.9,39.995],[-92.572,40.87],[-93.294,41.192],[-94.114,42.026],[-93.622,42.753],[-91.948,43.686],[-93.491,45.186],[-92.211,45.761],[-89.322,44.488],[-88.269,42.711],[-87.792,42.841],[-87.908,43.192],[-87.197,45.568],[-87.673,46.455],[-89.295,46.887],[-90.277,46.625],[-91.202,47.334],[-93.643,47.132],[-94.505,47.386]]],[[[-87.513,32.811],[-87.509,32.822],[-88.539,32.822],[-87.513,32.811]]],[[[-83.696,29.873],[-82.647,28.907],[-82.429,27.826],[-80.592,28.492],[-81.376,30.003],[-82.765,30.416],[-83.696,29.873]]]]}},{"type":"Feature","id":57,"properties":{"name":"Finno-Ugric taiga hunter-gatherers","subjecto":"Finno-Ugric taiga hunter-gatherers","partof":"Finno-Ugric taiga hunter-gatherers","precision":1},"geometry":{"type":"Polygon","coordinates":[[[25.196,65.268],[25.186,65.243],[21.2,62.435],[29.019,61.771],[32.517,60.932],[46.106,57.709],[53.976,57.709],[59.094,56.432],[62.806,56.955],[75.856,61.427],[98.459,69.791],[105.403,72.749],[105.279,72.752],[108.34,73.691],[113.625,75.273],[113.533,76.094],[111.427,76.568],[108.244,76.646],[103.393,77.558],[101.166,77.006],[99.467,75.967],[94.694,76.184],[91.635,75.653],[89.796,75.524],[86.958,74.782],[87.691,73.9],[80.464,73.314],[81.671,71.574],[79.223,72.271],[76.333,71.72],[73.217,71.458],[74.25,70.573],[73.915,69.154],[77.406,68.936],[78.536,67.612],[76.955,67.653],[77.04,68.464],[74.505,68.593],[74.742,67.686],[72.209,66.173],[70.84,66.551],[72.838,67.646],[73.394,68.382],[72.526,69.069],[72.68,70.824],[71.798,71.432],[72.714,72.77],[69.343,72.834],[68.316,71.635],[66.818,71.105],[67.422,70.223],[66.584,68.886],[62.281,69.705],[60.369,69.468],[57.024,68.449],[53.889,68.787],[48.081,67.562],[47.571,66.816],[46.402,66.719],[44.871,67.312],[46.634,67.701],[45.863,68.383],[43.822,68.327],[43.704,67.266],[44.384,66.612],[42.211,66.41],[39.951,65.581],[40.462,64.75],[39.193,64.511],[36.884,65.068],[37.411,63.749],[35.082,64.288],[34.726,65.615],[34.726,65.78],[25.196,65.268]]]}},{"type":"Feature","id":58,"properties":{"name":"Arctic marine mammal hunters","subjecto":"Arctic marine mammal hunters","partof":"Arctic marine mammal hunters","precision":1},"geometry":{"type":"MultiPolygon","coordinates":[[[[-75.625,69.102],[-73.185,68.296],[-72.305,67.264],[-74.28,66.06],[-73.42,65.529],[-75.789,65.197],[-77.358,65.376],[-78.127,64.651],[-76.526,64.23],[-74.559,64.78],[-73.164,64.574],[-71.319,63.061],[-69.155,62.42],[-65.94,61.79],[-66.496,63.077],[-64.735,63.067],[-64.474,63.744],[-67.614,65.912],[-66.913,66.595],[-65.034,65.953],[-64.844,65.378],[-62.845,65.614],[-61.211,66.635],[-68.665,68.716],[-66.668,69.186],[-69.463,69.96],[-71.253,71.351],[-73.275,71.161],[-75.322,72.548],[-77.119,72.711],[-81.027,72.05],[-80.489,73.037],[-81.532,73.688],[-88.099,73.636],[-89.639,72.782],[-89.997,71.541],[-87.949,71.351],[-87.948,70.385],[-82.269,69.86],[-78.713,70.011],[-75.625,69.102]]],[[[-98.253,69.694],[-99.365,68.974],[-96.213,68.537],[-96.182,69.297],[-98.253,69.694]]],[[[-81.911,64.522],[-85.558,65.864],[-86.243,64.542],[-85.463,63.206],[-81.911,64.522]]],[[[-60.222,53.325],[-60.137,53.684],[-57.515,54.466],[-59.694,55.154],[-61.928,56.273],[-61.476,57.104],[-62.186,57.437],[-62.887,58.656],[-64.671,60.181],[-65.861,58.795],[-67.772,58.249],[-69.214,58.748],[-70.028,60.883],[-73.395,62.355],[-75.695,62.216],[-77.362,62.517],[-77.462,61.473],[-78.176,60.742],[-77.507,60.415],[-78.337,58.551],[-76.772,57.663],[-76.439,56.81],[-77.234,55.607],[-79.545,54.692],[-78.742,52.744],[-74.197,52.927],[-71.033,55.196],[-65.643,55.263],[-62.889,54.725],[-60.222,53.325]]],[[[-95.058,72.283],[-92.001,72.841],[-90.452,73.904],[-95.069,74.064],[-95.641,73.144],[-95.058,72.283]]],[[[-123.493,74.446],[-125.341,72.969],[-125.617,71.99],[-123.468,71.199],[-120.843,71.53],[-120.454,72.299],[-117.686,73.215],[-123.493,74.446]]],[[[-117.22,72.857],[-118.986,72.034],[-117.314,71.475],[-117.568,69.992],[-115.907,69.351],[-113.925,69.249],[-113.152,68.596],[-110.448,68.653],[-107.536,69.057],[-106.854,69.451],[-104.188,68.898],[-101.808,69.136],[-101.055,70.031],[-104.62,71.093],[-110.347,71.197],[-117.22,72.857]]],[[[-43.579,59.936],[-42.785,60.529],[-42.271,62.194],[-40.516,63.782],[-40.484,64.685],[-39.695,65.187],[-42.793,65.403],[-43.848,64.206],[-44.258,61.87],[-43.579,59.936]]],[[[-50.939,67.526],[-52.303,66.909],[-53.103,65.873],[-52.078,65.372],[-51.366,63.726],[-49.857,62.967],[-48.915,61.421],[-47.159,60.856],[-46.158,60.937],[-46.133,61.759],[-47.656,62.795],[-49.062,64.786],[-49.473,67.033],[-50.539,67.488],[-50.939,67.526]]],[[[-160.939,63.985],[-150.129,63.324],[-144.68,63.192],[-139.524,62.416],[-132.435,62.497],[-124.936,64.835],[-118.198,62.713],[-114.565,60.6],[-111.284,58.553],[-102.144,57.214],[-93.825,56.863],[-92.404,56.975],[-93.074,58.551],[-94.684,58.878],[-94.753,59.95],[-93.423,61.858],[-89.87,63.575],[-89.862,63.647],[-90.006,63.904],[-89.995,64.033],[-88.377,64.057],[-87.435,64.569],[-87.254,65.43],[-85.987,66.163],[-83.139,66.373],[-81.295,67.499],[-82.687,68.697],[-81.48,69.189],[-84.314,69.826],[-85.381,69.695],[-85.4,68.76],[-86.488,67.378],[-88.324,67.813],[-87.79,68.478],[-89.736,68.534],[-93.271,71.559],[-95.411,71.859],[-96.7,70.838],[-96.127,69.941],[-92.956,69.084],[-96.208,68.074],[-101.913,67.705],[-105.636,68.355],[-107.662,67.963],[-108.095,67.36],[-110.532,67.92],[-112.503,67.693],[-115.285,68.892],[-117.832,69.008],[-122.326,69.884],[-123.803,69.434],[-125.974,69.43],[-127.352,70.38],[-129.013,69.72],[-131.673,69.276],[-135.439,69.526],[-136.203,68.876],[-137.729,69.016],[-143.308,70.197],[-145.273,70.116],[-149.286,70.539],[-152.137,70.534],[-152.971,70.934],[-156.905,71.346],[-160.24,70.858],[-162.879,69.999],[-164.067,69.065],[-166.297,68.88],[-166.844,68.405],[-164.513,67.797],[-163.739,67.218],[-161.936,67.088],[-161.261,66.396],[-162.275,66.071],[-164.463,66.596],[-168.18,65.694],[-166.139,65.355],[-166.586,64.73],[-163.025,64.442],[-161.291,64.964],[-160.939,63.985]]],[[[-62.811,81.156],[-66.522,80.711],[-64.623,79.949],[-65.485,79.158],[-72.383,78.526],[-69.688,77.555],[-71.184,77.26],[-69.045,76.294],[-67.037,75.936],[-62.449,76.338],[-63.358,78.236],[-62.811,81.156]]],[[[-102.279,73.147],[-101.654,72.373],[-98.939,71.392],[-96.85,71.88],[-96.689,72.817],[-98.394,73.131],[-100.835,72.745],[-102.279,73.147]]],[[[-88.326,74.682],[-87.49,74.538],[-80.349,74.616],[-79.495,75.28],[-81.703,75.875],[-86.618,75.432],[-92.224,75.947],[-91.867,74.789],[-88.326,74.682]]],[[[-75.925,82.517],[-78.321,80.965],[-83.618,80.207],[-83.911,79.257],[-85.807,78.906],[-87.273,76.504],[-78.212,76.547],[-78.367,78.033],[-76.143,78.072],[-74.963,79.122],[-71.454,79.846],[-66.482,81.303],[-62.427,82.634],[-70.584,83.176],[-75.925,82.517]]],[[[-60.171,53.299],[-58.788,52.573],[-56.127,53.466],[-57.561,54.131],[-60.171,53.299]]],[[[123.501,73.505],[124.544,71.586],[130.867,69.901],[155.892,68.169],[168.135,67.458],[171.768,65.859],[172.441,63.078],[169.481,61.193],[170.344,60.28],[170.52,60.34],[173.481,61.601],[177.291,62.487],[178.738,62.299],[179.288,62.815],[178.147,64.157],[180,64.953],[180,65.052],[180,65.311],[180,65.382],[180,65.963],[180,66.963],[180,67.963],[180,68.92],[175.611,69.779],[170.452,70.019],[170.833,68.922],[169.389,68.717],[167.32,69.659],[166.309,69.378],[164.054,69.66],[161.961,69.528],[159.444,69.765],[158.409,70.814],[156.043,70.987],[152.134,70.664],[150.694,71.347],[146.915,72.202],[141.294,72.787],[137.63,71.075],[135.511,71.512],[132.284,71.661],[130.779,70.678],[126.216,72.382],[128.525,72.952],[127.72,73.402],[124.222,73.697],[123.501,73.505]]],[[[-170.473,66.295],[-171.958,66.956],[-173.875,67.159],[-180,68.917],[-180,67.963],[-180,66.963],[-180,65.963],[-180,65.382],[-180,65.311],[-180,65.259],[-179.379,65.996],[-178.116,65.482],[-176.137,65.457],[-175.952,65.006],[-173.077,64.384],[-172.562,65.515],[-171.2,65.561],[-170.473,66.295]]]]}},{"type":"Feature","id":59,"properties":{"name":"Andean hunter-gatherers","subjecto":"Andean hunter-gatherers","partof":"Andean hunter-gatherers","precision":1},"geometry":{"type":"Polygon","coordinates":[[[-67.482,-31.656],[-69.32,-29.305],[-68.617,-26.666],[-67.123,-25.032],[-66.097,-20.138],[-65.906,-18.311],[-66.595,-19.145],[-68.133,-19.349],[-69.071,-20.066],[-70.148,-20.268],[-70.112,-20.693],[-70.292,-22.987],[-70.573,-23.166],[-70.398,-25.249],[-70.935,-27.727],[-71.43,-29.1],[-71.234,-29.519],[-71.695,-30.854],[-71.416,-32.753],[-71.616,-33.706],[-72.629,-35.646],[-73.144,-37.156],[-73.673,-37.501],[-73.194,-39.565],[-73.905,-40.839],[-73.594,-41.697],[-72.728,-41.553],[-72.068,-40.547],[-71.517,-39.706],[-69.437,-37.159],[-67.65,-33.577],[-67.482,-31.656]]]}},{"type":"Feature","id":60,"properties":{"name":"Pampas cultures","subjecto":"Pampas cultures","partof":"Pampas cultures","precision":1},"geometry":{"type":"Polygon","coordinates":[[[-69.115,-51.352],[-69.167,-51.149],[-69.041,-50.562],[-67.833,-49.968],[-67.578,-49.059],[-66.078,-48.142],[-65.776,-47.23],[-67.328,-46.532],[-67.472,-45.922],[-66.695,-45.131],[-65.436,-44.89],[-65.307,-43.601],[-63.6,-42.704],[-63.729,-42.101],[-64.992,-42.193],[-64.939,-40.827],[-62.964,-41.137],[-62.068,-39.556],[-61.361,-39.031],[-59.515,-38.875],[-57.809,-38.386],[-56.698,-36.944],[-57.419,-35.997],[-57.226,-35.436],[-58.523,-34.587],[-57.348,-34.508],[-56.338,-34.995],[-54.622,-34.922],[-54.074,-34.648],[-52.351,-32.675],[-52.144,-31.747],[-52.14,-31.741],[-53.544,-31.446],[-54.365,-30.593],[-57.353,-29.681],[-63.563,-30.037],[-67.482,-31.656],[-67.65,-33.577],[-69.437,-37.159],[-71.517,-39.706],[-72.068,-40.547],[-70.579,-40.579],[-71.634,-43.196],[-72.191,-45.99],[-72.044,-48.766],[-71.487,-51.104],[-71.165,-51.561],[-69.115,-51.352]]]}},{"type":"Feature","id":61,"properties":{"name":"Caribbean hunter-gatherers","subjecto":"Caribbean hunter-gatherers","partof":"Caribbean hunter-gatherers","precision":1},"geometry":{"type":"MultiPolygon","coordinates":[[[[-48.64,-1.058],[-48.402,-0.391],[-50.501,-0.262],[-50.476,-1.679],[-49.347,-1.645],[-48.64,-1.058]]],[[[-61.696,8.61],[-60.793,9.388],[-61.531,9.851],[-64.068,10.627],[-64.884,10.136],[-66.478,10.679],[-67.98,10.542],[-68.695,11.38],[-69.748,11.533],[-71.098,11.12],[-71.496,10.646],[-71.098,9.328],[-70.682,8.557],[-65.965,8.18],[-63.065,8.325],[-61.696,8.61]]],[[[-77.099,20.533],[-76.398,20.02],[-75.519,19.907],[-74.345,20.323],[-75.604,21.013],[-77.34,21.512],[-78.171,22.12],[-79.33,22.404],[-79.76,22.759],[-81.431,23.137],[-82.046,22.697],[-81.792,22.208],[-80.776,22.102],[-79.735,21.672],[-78.728,21.617],[-78.45,20.969],[-77.099,20.533]]],[[[-70.765,18.494],[-68.657,18.873],[-70.882,19.93],[-72.676,19.392],[-72.746,18.509],[-71.978,18.262],[-71.401,17.704],[-70.765,18.494]]]]}},{"type":"Feature","id":62,"properties":{"name":"Patagonian shellfish and marine mammal hunters","subjecto":"Patagonian shellfish and marine mammal hunters","partof":"Patagonian shellfish and marine mammal hunters","precision":1},"geometry":{"type":"MultiPolygon","coordinates":[[[[-69.214,-54.934],[-65.348,-54.913],[-66.983,-54.341],[-68.305,-52.943],[-69.407,-52.566],[-70.333,-53.473],[-69.214,-54.934]]],[[[-69.115,-51.352],[-71.165,-51.561],[-71.487,-51.104],[-72.044,-48.766],[-72.191,-45.99],[-71.634,-43.196],[-70.579,-40.579],[-72.068,-40.547],[-72.728,-41.553],[-72.53,-43.063],[-72.999,-43.334],[-73.571,-46.265],[-74.564,-45.872],[-75.011,-46.774],[-73.979,-47.032],[-74.312,-48.745],[-74.075,-50.473],[-73.408,-52.024],[-72.449,-52.161],[-72.784,-52.898],[-71.872,-53.696],[-70.998,-53.821],[-70.734,-52.802],[-69.483,-52.361],[-69.077,-51.499],[-69.115,-51.352]]]]}},{"type":"Feature","id":63,"properties":{"name":"Shellfish gatherers","subjecto":"Shellfish gatherers","partof":"Shellfish gatherers","precision":1},"geometry":{"type":"Polygon","coordinates":[[[-48.797,-28.476],[-48.728,-28.367],[-48.516,-25.876],[-48.725,-25.426],[-46.206,-23.883],[-45.459,-23.856],[-44.561,-22.99],[-43.236,-23.032],[-42.984,-22.566],[-43.277,-21.589],[-45.943,-21.752],[-49.487,-24.553],[-49.839,-26.797],[-48.797,-28.476]]]}},{"type":"Feature","id":64,"properties":{"name":"Savanna hunter-gatherers","subjecto":"Savanna hunter-gatherers","partof":"Savanna hunter-gatherers","precision":1},"geometry":{"type":"Polygon","coordinates":[[[-65.906,-18.311],[-66.097,-20.138],[-67.123,-25.032],[-68.617,-26.666],[-69.32,-29.305],[-67.482,-31.656],[-63.563,-30.037],[-57.353,-29.681],[-54.365,-30.593],[-53.544,-31.446],[-52.14,-31.741],[-52.042,-31.557],[-51.445,-31.015],[-51.232,-30.265],[-50.582,-30.416],[-48.852,-28.563],[-48.797,-28.476],[-49.839,-26.797],[-49.487,-24.553],[-45.943,-21.752],[-43.277,-21.589],[-42.984,-22.566],[-43.236,-23.032],[-41.958,-22.921],[-41.929,-22.546],[-40.984,-22.086],[-40.933,-21.279],[-39.691,-19.409],[-39.666,-18.227],[-39.142,-17.775],[-38.948,-16.002],[-39.126,-14.325],[-38.799,-12.627],[-38.266,-12.887],[-37.637,-11.951],[-37.187,-10.845],[-36.829,-10.736],[-35.599,-9.628],[-35.114,-8.661],[-34.891,-7.612],[-35.464,-5.268],[-37.181,-4.954],[-37.888,-4.393],[-38.531,-5.734],[-39.937,-8.292],[-48.315,-13.924],[-51.538,-14.378],[-60.268,-13.81],[-64.194,-14.695],[-64.662,-16.805],[-65.906,-18.311]]]}},{"type":"Feature","id":65,"properties":{"name":"Amazon hunter-gatherers","subjecto":"Amazon hunter-gatherers","partof":"Amazon hunter-gatherers","precision":1},"geometry":{"type":"Polygon","coordinates":[[[-64.194,-14.695],[-60.268,-13.81],[-51.538,-14.378],[-48.315,-13.924],[-39.937,-8.292],[-38.531,-5.734],[-37.888,-4.393],[-38.786,-3.604],[-40.231,-2.851],[-41.103,-2.974],[-42.316,-2.818],[-43.334,-2.432],[-44.549,-3.103],[-45.375,-3.165],[-49.066,-4.744],[-54.163,-4.627],[-56.331,-4.335],[-58.44,-2.288],[-57.972,-0.589],[-55.804,0.876],[-55.862,1.696],[-58.558,3.978],[-62.659,4.153],[-66.408,3.042],[-70.158,-5.735],[-69.045,-8.236],[-64.194,-14.695]]]}},{"type":"Feature","id":66,"properties":{"name":"Desert hunter-gatherers","subjecto":"Desert hunter-gatherers","partof":"Desert hunter-gatherers","precision":1},"geometry":{"type":"Polygon","coordinates":[[[-120.132,34.519],[-119.785,34.459],[-117.497,33.325],[-116.705,31.591],[-115.602,29.685],[-114.067,28.423],[-114.478,27.244],[-113.285,26.808],[-112.411,26.193],[-112.166,25.011],[-110.225,23.4],[-110.205,24.315],[-110.798,24.88],[-112.87,28.335],[-114.683,30.143],[-114.988,31.166],[-114.839,31.815],[-113.052,31.139],[-112.654,29.919],[-111.692,28.496],[-110.604,27.856],[-109.937,28.204],[-107.564,27.765],[-104.224,25.116],[-100.357,23.97],[-97.822,24.143],[-97.26,25.811],[-97.638,26.847],[-97.447,27.985],[-97.206,28.074],[-98.19,29.181],[-104.517,33.873],[-111.548,41.642],[-111.668,41.935],[-115.093,42.512],[-119.018,43.113],[-120.474,43.57],[-121.362,39.687],[-120.132,34.519]]]}},{"type":"Feature","id":67,"properties":{"name":"Plateau fichers and hunter gatherers","subjecto":"Plateau fichers and hunter gatherers","partof":"Plateau fichers and hunter gatherers","precision":1},"geometry":{"type":"Polygon","coordinates":[[[-120.474,43.57],[-119.018,43.113],[-115.093,42.512],[-111.668,41.935],[-114.126,47.952],[-114.467,52],[-115.034,52.033],[-125.697,55.194],[-128.588,55.057],[-124.76,52.448],[-120.483,48.962],[-120.307,44.299],[-120.474,43.57]]]}},{"type":"Feature","id":68,"properties":{"name":"North American Pacific foraging, hunting and fishing peoples","subjecto":"North American Pacific foraging, hunting and fishing peoples","partof":"North American Pacific foraging, hunting and fishing peoples","precision":1},"geometry":{"type":"MultiPolygon","coordinates":[[[[-120.204,34.531],[-120.132,34.519],[-121.362,39.687],[-120.474,43.57],[-120.307,44.299],[-120.483,48.962],[-124.76,52.448],[-128.588,55.057],[-129.852,54.998],[-130.004,53.938],[-128.889,53.418],[-127.556,52.168],[-127.247,50.968],[-124.939,50.596],[-124.795,50.035],[-122.606,48.835],[-122.826,48.023],[-124.675,48.386],[-123.995,45.764],[-124.14,44.789],[-124.157,44.727],[-124.23,44.451],[-124.137,43.666],[-124.63,43.014],[-124.153,41.58],[-124.365,40.334],[-123.796,39.03],[-121.932,37.009],[-121.927,36.338],[-120.204,34.531]]],[[[-126.563,49.572],[-125.967,49.174],[-123.902,48.471],[-123.861,49.158],[-124.718,49.491],[-125.719,50.409],[-127.848,50.861],[-128.343,50.668],[-126.563,49.572]]]]}},{"type":"Feature","id":69,"properties":{"name":"West African cereal farmers","subjecto":"West African cereal farmers","partof":"West African cereal farmers","precision":1},"geometry":{"type":"Polygon","coordinates":[[[30.735,11.197],[30.6,11.116],[24.074,11.182],[23.2,11.775],[20.442,11.973],[17.751,12.827],[8.266,12.367],[2.346,13.286],[-6.265,13.351],[-8.909,12.636],[-10.177,14.21],[-13.396,14.917],[-17.033,14.565],[-16.87,14.364],[-16.494,13.475],[-16.772,12.597],[-15.809,11.843],[-14.591,10.467],[-13.68,9.916],[-12.927,8.627],[-13.212,8.347],[-12.264,7.351],[-9.937,5.863],[-9.248,5.172],[-7.529,4.337],[-6.316,4.873],[-5,5.238],[-3.942,5.266],[-2.717,5.04],[-2.031,4.698],[0.09,5.656],[0.939,5.759],[1.558,6.237],[3.46,6.381],[3.949,6.579],[5.448,5.477],[5.359,5.368],[12.605,7.732],[22.225,6.196],[33.93,2.844],[36.015,1.297],[38.773,-2.267],[39.48,-2.469],[40.455,-1.36],[40.859,0.322],[42.54,1.264],[44.137,1.151],[44.301,1.291],[45.541,1.967],[46.361,2.668],[47.556,3.993],[48.472,5.201],[49.046,6.416],[50.779,9.368],[51.13,10.71],[51.181,11.777],[50.697,11.948],[49.304,11.246],[47.391,11.159],[46.677,10.7],[45.909,10.832],[44.281,10.396],[43.368,11.456],[43.475,12.098],[42.636,13.093],[38.645,9.7],[39.143,9.063],[38.605,6.597],[35.578,5.527],[33.022,6.865],[32.577,8.625],[32.042,8.804],[30.79,10.457],[30.735,11.197]]]}},{"type":"Feature","id":70,"properties":{"name":"Ruanruan","subjecto":"Ruanruan","partof":"Ruanruan","precision":1},"geometry":{"type":"Polygon","coordinates":[[[101.658,52.596],[81.78,51.114],[75.299,47.413],[75.337,46.844],[74.12,46.216],[73.435,44.506],[76.358,43.625],[89.157,42.271],[107.36,44.035],[116.319,45.449],[113.332,53.466],[111.178,53.306],[112.362,52.139],[109.653,50.764],[105.59,50.349],[101.527,50.381],[101.658,52.596]]]}},{"type":"Feature","id":71,"properties":{"name":null,"subjecto":null,"partof":null,"precision":1},"geometry":{"type":"MultiPolygon","coordinates":[]}},{"type":"Feature","id":72,"properties":{"name":null,"subjecto":null,"partof":null,"precision":1},"geometry":{"type":"MultiPolygon","coordinates":[]}},{"type":"Feature","id":73,"properties":{"name":null,"subjecto":null,"partof":null,"precision":1},"geometry":{"type":"Polygon","coordinates":[[[38.645,9.7],[37.354,8.603],[36.151,8.002],[34.297,8.052],[32.042,8.804],[32.577,8.625],[33.022,6.865],[35.578,5.527],[38.605,6.597],[39.143,9.063],[38.645,9.7]]]}},{"type":"Feature","id":74,"properties":{"name":null,"subjecto":null,"partof":null,"precision":1},"geometry":{"type":"Polygon","coordinates":[[[34.422,20.506],[35.151,18.226],[35.192,17.575],[38.642,18.061],[37.398,18.915],[37.128,21.227],[34.528,20.175],[34.422,20.506]]]}},{"type":"Feature","id":75,"properties":{"name":"Blemmyes","subjecto":"Blemmyes","partof":"Blemmyes","precision":1},"geometry":{"type":"Polygon","coordinates":[[[37.128,21.227],[36.66,22.167],[35.746,22.914],[35.19,24.4],[33.657,24.018],[33.345,23.354],[34.422,20.506],[34.528,20.175],[37.128,21.227]]]}},{"type":"Feature","id":76,"properties":{"name":"Poverty point culture","subjecto":"Poverty point culture","partof":"Poverty point culture","precision":1},"geometry":{"type":"Polygon","coordinates":[[[-94.282,35.131],[-93.102,34.39],[-92.755,33.44],[-92.217,33.318],[-92.276,33.89],[-93.653,35.67],[-94.118,35.876],[-94.282,35.131]]]}},{"type":"Feature","id":77,"properties":{"name":"Marksville Culture","subjecto":"Marksville Culture","partof":"Marksville Culture","precision":1},"geometry":{"type":"Polygon","coordinates":[[[-94.118,29.693],[-92.117,29.542],[-90.779,29.109],[-90.198,29.527],[-89.622,29.284],[-89.792,30.69],[-90.342,30.926],[-90.283,32.23],[-90.655,33.448],[-92.217,33.318],[-92.815,33.122],[-93.811,31.938],[-94.118,31.643],[-94.118,29.693]]]}},{"type":"Feature","id":78,"properties":{"name":"Mill Creek Culture","subjecto":"Mill Creek Culture","partof":"Mill Creek Culture","precision":1},"geometry":{"type":"Polygon","coordinates":[[[-93.811,31.938],[-94.325,32.644],[-96.043,32.994],[-96.213,32.532],[-95.469,31.692],[-94.118,31.643],[-93.811,31.938]]]}},{"type":"Feature","id":79,"properties":{"name":"Swift Creek Culture","subjecto":"Swift Creek Culture","partof":"Swift Creek Culture","precision":1},"geometry":{"type":"Polygon","coordinates":[[[-80.897,32.037],[-82.121,33.051],[-82.392,34.142],[-84.95,34.388],[-85.77,34.16],[-85.766,34.146],[-86.994,32.822],[-87.305,31.3],[-87.089,30.359],[-86.389,30.473],[-85.305,29.664],[-84.317,30.092],[-83.696,29.873],[-82.765,30.416],[-81.376,30.003],[-81.512,30.727],[-80.897,32.037]]]}},{"type":"Feature","id":80,"properties":{"name":"Miller","subjecto":"Miller","partof":"Miller","precision":1},"geometry":{"type":"Polygon","coordinates":[[[-88.413,35.474],[-89.793,35.277],[-90.622,34.171],[-89.655,33.396],[-88.378,33.194],[-87.963,34.547],[-88.125,34.93],[-88.413,35.474]]]}},{"type":"Feature","id":81,"properties":{"name":"Laurel complex","subjecto":"Laurel complex","partof":"Laurel complex","precision":1},"geometry":{"type":"MultiPolygon","coordinates":[[[[-90.706,50.27],[-91.153,50.636],[-93.994,50.636],[-95.271,51.12],[-96.197,52.384],[-95.239,53.157],[-95.271,53.859],[-97.091,55.065],[-101.05,54.624],[-101.56,53.897],[-101.209,53.272],[-98.719,52.228],[-97.155,50.413],[-97.282,49.572],[-96.931,48.547],[-95.622,47.716],[-93.643,47.132],[-91.202,47.334],[-89.517,48.004],[-88.162,48.987],[-89.94,49.03],[-91.44,49.634],[-90.706,50.27]]],[[[-83.491,47.457],[-84.385,48.335],[-86.46,48.946],[-85.797,47.966],[-85.027,47.94],[-84.442,46.817],[-87.273,46.512],[-87.76,46.864],[-89.295,46.887],[-87.673,46.455],[-87.197,45.568],[-85.382,46.075],[-84.952,45.408],[-86.103,44.761],[-85.79,44.531],[-84.172,45.589],[-83.088,46.185],[-83.491,47.457]]]]}},{"type":"Feature","id":82,"properties":{"name":"Copena","subjecto":"Copena","partof":"Copena","precision":1},"geometry":{"type":"Polygon","coordinates":[[[-88.378,33.194],[-88.539,32.822],[-86.994,32.822],[-85.766,34.146],[-85.849,34.431],[-86.304,34.93],[-88.056,35.167],[-88.125,34.93],[-87.904,34.408],[-88.378,33.194]]]}},{"type":"Feature","id":83,"properties":{"name":"Porter","subjecto":"Porter","partof":"Porter","precision":1},"geometry":{"type":"Polygon","coordinates":[[[-88.539,32.822],[-89.348,32.616],[-89.67,31.785],[-89.194,30.959],[-88.165,30.998],[-87.692,30.263],[-87.089,30.359],[-87.305,31.3],[-86.994,32.822],[-87.474,32.81],[-88.539,32.822]]]}},{"type":"Feature","id":84,"properties":{"name":"Goodall Focus","subjecto":"Goodall Focus","partof":"Goodall Focus","precision":1},"geometry":{"type":"MultiPolygon","coordinates":[[[[-83.744,43.621],[-84.773,43.383],[-85.335,43.992],[-86.453,44.13],[-86.494,43.999],[-86.514,43.681],[-86.372,42.248],[-87.025,41.686],[-87.224,41.635],[-87.375,41.634],[-87.353,41.167],[-86.522,40.738],[-85.702,41.696],[-84.738,41.724],[-84.449,42.894],[-83.744,43.621]]],[[[-88.164,41.938],[-87.375,41.634],[-87.477,41.685],[-88.164,41.938]]]]}},{"type":"Feature","id":85,"properties":{"name":"Hopewell Culture","subjecto":"Hopewell Culture","partof":"Hopewell Culture","precision":1},"geometry":{"type":"Polygon","coordinates":[[[-83.663,40.608],[-85.97,40.06],[-86.546,39.408],[-87.63,39.251],[-89.188,39.416],[-87.353,41.167],[-87.375,41.634],[-88.164,41.938],[-87.791,42.82],[-87.792,42.841],[-88.269,42.711],[-89.322,44.488],[-92.211,45.761],[-93.491,45.186],[-91.948,43.686],[-93.622,42.753],[-94.114,42.026],[-93.294,41.192],[-92.572,40.87],[-92.9,39.995],[-94.124,40.142],[-95.362,39.945],[-95.788,37.174],[-94.902,36.253],[-94.118,36.326],[-93.195,36.412],[-93.425,38.342],[-90.044,38.598],[-90.814,38.008],[-90.001,37.284],[-90.272,35.787],[-88.511,36.061],[-85.564,37.553],[-82.143,36.96],[-79.975,37.579],[-78.959,39.304],[-78.294,41.015],[-75.854,42.958],[-75.594,43.68],[-76.209,43.565],[-76.937,43.237],[-78.821,43.308],[-79.193,42.847],[-79.564,42.387],[-80.292,41.34],[-82.275,40.913],[-82.444,40.786],[-83.644,40.601],[-83.663,40.608]]]}},{"type":"Feature","id":86,"properties":{"name":"Saugeen Complex","subjecto":"Saugeen Complex","partof":"Saugeen Complex","precision":1},"geometry":{"type":"Polygon","coordinates":[[[-80.023,42.807],[-80.053,43.808],[-80.504,44.589],[-81.719,44.139],[-82.166,43.084],[-81.859,42.264],[-81.439,42.587],[-80.023,42.807]]]}},{"type":"Feature","id":87,"properties":{"name":"Couture Complex","subjecto":"Couture Complex","partof":"Couture Complex","precision":1},"geometry":{"type":"Polygon","coordinates":[[[-81.958,41.153],[-81.945,41.509],[-83.45,41.754],[-82.768,42.267],[-82.465,43.195],[-82.921,44.057],[-83.744,43.621],[-84.449,42.894],[-84.747,41.688],[-84.05,40.737],[-83.644,40.601],[-82.444,40.786],[-81.958,41.153]]]}},{"type":"Feature","id":88,"properties":{"name":"Point Peninsula","subjecto":"Point Peninsula","partof":"Point Peninsula","precision":1},"geometry":{"type":"Polygon","coordinates":[[[-76.06,47.306],[-80.3,45.948],[-80.533,45.65],[-79.947,44.767],[-80.292,44.523],[-79.267,43.669],[-77.299,43.941],[-77.288,43.945],[-77.13,44.017],[-77.119,44.05],[-77.084,44.133],[-76.951,44.247],[-76.181,43.613],[-75.594,43.68],[-74.582,43.823],[-73.082,44.756],[-70.56,45.309],[-70.038,46.174],[-70.364,46.877],[-71.103,47.129],[-74.19,47.966],[-76.06,47.306]]]}},{"type":"Feature","id":89,"properties":{"name":"Plain bison hunters","subjecto":"Plain bison hunters","partof":"Plain bison hunters","precision":1},"geometry":{"type":"Polygon","coordinates":[[[-94.282,35.131],[-94.118,35.876],[-94.118,36.326],[-94.902,36.253],[-95.788,37.174],[-95.362,39.945],[-94.124,40.142],[-94.235,46.721],[-94.505,47.386],[-95.622,47.716],[-96.931,48.547],[-97.282,49.572],[-97.201,50.111],[-98.922,50.232],[-105.191,51.453],[-114.467,52],[-114.126,47.952],[-111.668,41.935],[-111.548,41.642],[-104.517,33.873],[-98.19,29.181],[-97.206,28.074],[-97.115,28.107],[-97.051,28.119],[-96.831,28.158],[-94.118,29.693],[-94.118,31.643],[-95.469,31.692],[-96.213,32.532],[-96.043,32.994],[-96.038,33.005],[-95.462,33.034],[-96.26,34.619],[-95.635,35.16],[-94.282,35.131]]]}},{"type":"Feature","id":90,"properties":{"name":"Nazca","subjecto":"Nazca","partof":"Nazca","precision":1},"geometry":{"type":"Polygon","coordinates":[[[-74.621,-15.665],[-73.89,-14.855],[-74.218,-14.295],[-75.564,-12.873],[-76.238,-13.909],[-75.785,-14.727],[-74.621,-15.665]]]}},{"type":"Feature","id":91,"properties":{"name":"Caloosahatchee culture","subjecto":"Caloosahatchee culture","partof":"Caloosahatchee culture","precision":1},"geometry":{"type":"Polygon","coordinates":[[[-80.592,28.492],[-82.429,27.826],[-82.31,26.825],[-81.401,25.859],[-81.098,25.125],[-80.314,25.244],[-80.05,26.551],[-80.592,28.492]]]}},{"type":"Feature","id":92,"properties":{"name":"Empire of Ghana","subjecto":"Empire of Ghana","partof":"Empire of Ghana","precision":1},"geometry":{"type":"Polygon","coordinates":[[[-4.548,15.106],[-5.184,17.201],[-7.456,19.443],[-9.909,17.894],[-11.181,15.457],[-8.909,12.636],[-6.265,13.351],[-4.548,15.106]]]}},{"type":"Feature","id":93,"properties":{"name":null,"subjecto":null,"partof":null,"precision":1},"geometry":{"type":"Polygon","coordinates":[[[-4.153,53.226],[-4.277,53.398],[-4.567,53.273],[-4.351,53.124],[-4.153,53.226]]]}},{"type":"Feature","id":94,"properties":{"name":null,"subjecto":null,"partof":null,"precision":1},"geometry":{"type":"Polygon","coordinates":[[[-5.104,55.439],[-5.155,55.673],[-5.4,55.601],[-5.104,55.439]]]}},{"type":"Feature","id":95,"properties":{"name":null,"subjecto":null,"partof":null,"precision":1},"geometry":{"type":"Polygon","coordinates":[[[-6.122,55.879],[-6.327,55.589],[-6.025,55.681],[-6.122,55.879]]]}},{"type":"Feature","id":96,"properties":{"name":null,"subjecto":null,"partof":null,"precision":1},"geometry":{"type":"Polygon","coordinates":[[[-5.947,55.83],[-5.746,56.064],[-5.968,56.024],[-6.079,55.906],[-5.947,55.83]]]}},{"type":"Feature","id":97,"properties":{"name":null,"subjecto":null,"partof":null,"precision":1},"geometry":{"type":"Polygon","coordinates":[[[-7.467,56.941],[-7.376,56.979],[-7.446,57.056],[-7.554,56.966],[-7.467,56.941]]]}},{"type":"Feature","id":98,"properties":{"name":null,"subjecto":null,"partof":null,"precision":1},"geometry":{"type":"Polygon","coordinates":[[[-7.223,57.337],[-7.425,57.382],[-7.381,57.109],[-7.23,57.095],[-7.223,57.337]]]}},{"type":"Feature","id":99,"properties":{"name":null,"subjecto":null,"partof":null,"precision":1},"geometry":{"type":"Polygon","coordinates":[[[-7.269,57.399],[-7.205,57.461],[-7.351,57.489],[-7.388,57.424],[-7.269,57.399]]]}},{"type":"Feature","id":100,"properties":{"name":null,"subjecto":null,"partof":null,"precision":1},"geometry":{"type":"Polygon","coordinates":[[[-7.189,57.687],[-7.477,57.562],[-7.154,57.509],[-7.189,57.687]]]}},{"type":"Feature","id":101,"properties":{"name":null,"subjecto":null,"partof":null,"precision":1},"geometry":{"type":"Polygon","coordinates":[[[-7.006,57.881],[-6.994,57.919],[-7.074,57.896],[-7.006,57.881]]]}},{"type":"Feature","id":102,"properties":{"name":null,"subjecto":null,"partof":null,"precision":1},"geometry":{"type":"Polygon","coordinates":[[[-6.802,58.203],[-6.794,58.218],[-6.854,58.25],[-6.873,58.206],[-6.802,58.203]]]}},{"type":"Feature","id":103,"properties":{"name":null,"subjecto":null,"partof":null,"precision":1},"geometry":{"type":"Polygon","coordinates":[[[-6.204,58.356],[-7.032,58.238],[-6.474,57.94],[-6.204,58.356]]]}},{"type":"Feature","id":104,"properties":{"name":null,"subjecto":null,"partof":null,"precision":1},"geometry":{"type":"Polygon","coordinates":[[[-2.918,58.732],[-2.877,58.82],[-3.037,58.818],[-2.918,58.732]]]}},{"type":"Feature","id":105,"properties":{"name":null,"subjecto":null,"partof":null,"precision":1},"geometry":{"type":"Polygon","coordinates":[[[-3.231,58.776],[-3.136,58.804],[-3.336,58.927],[-3.431,58.871],[-3.231,58.776]]]}},{"type":"Feature","id":106,"properties":{"name":null,"subjecto":null,"partof":null,"precision":1},"geometry":{"type":"Polygon","coordinates":[[[-2.793,58.951],[-3.077,59.122],[-3.195,58.911],[-2.793,58.951]]]}},{"type":"Feature","id":107,"properties":{"name":null,"subjecto":null,"partof":null,"precision":1},"geometry":{"type":"Polygon","coordinates":[[[-2.681,59.196],[-2.621,59.236],[-2.496,59.245],[-2.414,59.314],[-2.593,59.291],[-2.681,59.196]]]}},{"type":"Feature","id":108,"properties":{"name":null,"subjecto":null,"partof":null,"precision":1},"geometry":{"type":"Polygon","coordinates":[[[-2.89,59.295],[-3.049,59.329],[-3.003,59.264],[-2.972,59.287],[-2.89,59.295]]]}},{"type":"Feature","id":109,"properties":{"name":null,"subjecto":null,"partof":null,"precision":1},"geometry":{"type":"Polygon","coordinates":[[[-1.296,60.491],[-1.32,60.356],[-1.655,60.226],[-1.126,60.152],[-1.041,60.447],[-1.296,60.491]]]}},{"type":"Feature","id":110,"properties":{"name":null,"subjecto":null,"partof":null,"precision":1},"geometry":{"type":"Polygon","coordinates":[[[-1.029,60.496],[-0.991,60.72],[-1.177,60.637],[-1.029,60.496]]]}},{"type":"Feature","id":111,"properties":{"name":null,"subjecto":null,"partof":null,"precision":1},"geometry":{"type":"Polygon","coordinates":[[[-0.82,60.689],[-0.768,60.829],[-0.939,60.794],[-0.966,60.688],[-0.82,60.689]]]}},{"type":"Feature","id":112,"properties":{"name":null,"subjecto":null,"partof":null,"precision":1},"geometry":{"type":"Polygon","coordinates":[[[-6.707,61.937],[-6.719,62.029],[-7.192,62.308],[-7.232,62.172],[-6.707,61.937]]]}},{"type":"Feature","id":113,"properties":{"name":null,"subjecto":null,"partof":null,"precision":1},"geometry":{"type":"Polygon","coordinates":[[[-4.778,54.056],[-4.394,54.186],[-4.527,54.367],[-4.778,54.056]]]}},{"type":"Feature","id":114,"properties":{"name":null,"subjecto":null,"partof":null,"precision":1},"geometry":{"type":"Polygon","coordinates":[[[18.206,56.912],[18.712,57.242],[18.809,57.704],[18.111,57.519],[18.206,56.912]]]}},{"type":"Feature","id":115,"properties":{"name":null,"subjecto":null,"partof":null,"precision":1},"geometry":{"type":"Polygon","coordinates":[[[129.716,28.451],[129.158,28.235],[129.369,28.116],[129.716,28.451]]]}},{"type":"Feature","id":116,"properties":{"name":null,"subjecto":null,"partof":null,"precision":1},"geometry":{"type":"Polygon","coordinates":[[[129.963,29.957],[129.942,30],[129.924,29.984],[129.963,29.957]]]}},{"type":"Feature","id":117,"properties":{"name":null,"subjecto":null,"partof":null,"precision":1},"geometry":{"type":"Polygon","coordinates":[[[129.896,29.874],[129.877,29.831],[129.923,29.825],[129.896,29.874]]]}},{"type":"Feature","id":118,"properties":{"name":null,"subjecto":null,"partof":null,"precision":1},"geometry":{"type":"Polygon","coordinates":[[[130.906,30.355],[131.074,30.689],[130.945,30.683],[130.906,30.355]]]}},{"type":"Feature","id":119,"properties":{"name":null,"subjecto":null,"partof":null,"precision":1},"geometry":{"type":"Polygon","coordinates":[[[130.559,30.236],[130.672,30.373],[130.511,30.459],[130.387,30.397],[130.559,30.236]]]}},{"type":"Feature","id":120,"properties":{"name":null,"subjecto":null,"partof":null,"precision":1},"geometry":{"type":"Polygon","coordinates":[[[128.901,32.643],[128.649,32.778],[128.61,32.612],[128.901,32.643]]]}},{"type":"Feature","id":121,"properties":{"name":null,"subjecto":null,"partof":null,"precision":1},"geometry":{"type":"Polygon","coordinates":[[[128.532,38.331],[128.28,38.43],[128.261,38.412],[128.244,38.395],[128.151,38.335],[128.011,38.306],[127.134,38.299],[126.547,37.647],[126.659,37.555],[126.663,37.541],[126.674,37.488],[126.656,37.411],[126.766,37.232],[126.659,37.249],[126.661,37.162],[126.661,37.156],[126.723,37.132],[126.739,37.149],[126.759,37.169],[126.77,37.174],[126.869,37.176],[126.859,37.139],[126.773,37.119],[126.754,37.054],[126.753,37.049],[126.756,37.044],[126.866,36.951],[126.922,36.917],[126.992,36.911],[126.846,36.752],[126.823,36.914],[126.781,36.964],[126.761,36.97],[126.499,37.05],[126.449,36.991],[126.335,36.986],[126.345,36.957],[126.353,36.949],[126.383,36.929],[126.321,36.878],[126.322,36.884],[126.309,36.942],[126.304,36.962],[126.286,36.96],[126.184,36.878],[126.192,36.82],[126.124,36.709],[126.497,36.724],[126.544,36.136],[126.752,35.778],[126.479,35.64],[126.371,34.789],[126.62,34.624],[126.463,34.485],[126.478,34.345],[126.525,34.316],[126.556,34.301],[126.6,34.3],[126.684,34.434],[126.772,34.583],[126.801,34.463],[126.817,34.442],[126.889,34.412],[126.897,34.449],[126.986,34.526],[126.989,34.538],[127.01,34.602],[127.217,34.707],[127.274,34.727],[127.329,34.743],[127.353,34.693],[127.242,34.569],[127.315,34.444],[127.554,34.656],[128.452,34.846],[129.137,35.112],[129.439,35.476],[129.342,37.257],[128.532,38.331]]]}},{"type":"Feature","id":122,"properties":{"name":null,"subjecto":null,"partof":null,"precision":1},"geometry":{"type":"Polygon","coordinates":[[[123.871,24.252],[123.922,24.371],[123.767,24.414],[123.679,24.316],[123.871,24.252]]]}},{"type":"Feature","id":123,"properties":{"name":null,"subjecto":null,"partof":null,"precision":1},"geometry":{"type":"Polygon","coordinates":[[[125.356,24.777],[125.262,24.879],[125.252,24.738],[125.356,24.777]]]}},{"type":"Feature","id":124,"properties":{"name":null,"subjecto":null,"partof":null,"precision":1},"geometry":{"type":"Polygon","coordinates":[[[124.262,24.457],[124.078,24.42],[124.122,24.345],[124.23,24.338],[124.262,24.457]]]}},{"type":"Feature","id":125,"properties":{"name":null,"subjecto":null,"partof":null,"precision":1},"geometry":{"type":"Polygon","coordinates":[[[128.253,26.639],[128.247,26.84],[127.959,26.544],[128.253,26.639]]]}},{"type":"Feature","id":126,"properties":{"name":null,"subjecto":null,"partof":null,"precision":1},"geometry":{"type":"Polygon","coordinates":[[[126.762,26.387],[126.702,26.349],[126.781,26.298],[126.81,26.347],[126.762,26.387]]]}},{"type":"Feature","id":127,"properties":{"name":null,"subjecto":null,"partof":null,"precision":1},"geometry":{"type":"Polygon","coordinates":[[[128.951,27.676],[129.03,27.774],[128.899,27.898],[128.897,27.726],[128.951,27.676]]]}},{"type":"Feature","id":128,"properties":{"name":null,"subjecto":null,"partof":null,"precision":1},"geometry":{"type":"Polygon","coordinates":[[[128.609,27.359],[128.696,27.449],[128.524,27.414],[128.609,27.359]]]}},{"type":"Feature","id":129,"properties":{"name":null,"subjecto":null,"partof":null,"precision":1},"geometry":{"type":"Polygon","coordinates":[[[129.992,28.282],[130.032,28.353],[129.943,28.322],[129.992,28.282]]]}},{"type":"Feature","id":130,"properties":{"name":null,"subjecto":null,"partof":null,"precision":1},"geometry":{"type":"Polygon","coordinates":[[[129.336,28.075],[129.34,28.111],[129.224,28.184],[129.219,28.098],[129.336,28.075]]]}},{"type":"Feature","id":131,"properties":{"name":null,"subjecto":null,"partof":null,"precision":1},"geometry":{"type":"Polygon","coordinates":[[[129.733,29.61],[129.753,29.648],[129.71,29.652],[129.733,29.61]]]}},{"type":"Feature","id":132,"properties":{"name":null,"subjecto":null,"partof":null,"precision":1},"geometry":{"type":"Polygon","coordinates":[[[25.186,65.243],[25.196,65.268],[25.252,65.417],[25.186,65.243]]]}},{"type":"Feature","id":133,"properties":{"name":null,"subjecto":null,"partof":null,"precision":1},"geometry":null},{"type":"Feature","id":134,"properties":{"name":null,"subjecto":null,"partof":null,"precision":1},"geometry":{"type":"Polygon","coordinates":[[[91.635,75.653],[90,75.602],[89.796,75.524],[91.635,75.653]]]}},{"type":"Feature","id":135,"properties":{"name":null,"subjecto":null,"partof":null,"precision":1},"geometry":{"type":"MultiPolygon","coordinates":[]}},{"type":"Feature","id":136,"properties":{"name":null,"subjecto":null,"partof":null,"precision":1},"geometry":{"type":"Polygon","coordinates":[[[170.337,60.277],[170.52,60.34],[170.344,60.28],[170.337,60.277]]]}},{"type":"Feature","id":137,"properties":{"name":null,"subjecto":null,"partof":null,"precision":1},"geometry":{"type":"Polygon","coordinates":[[[123.41,73.481],[123.501,73.505],[124.222,73.697],[123.41,73.481]]]}},{"type":"Feature","id":138,"properties":{"name":null,"subjecto":null,"partof":null,"precision":1},"geometry":{"type":"Polygon","coordinates":[[[18.893,59.926],[18.804,60.108],[18.417,60.182],[17.931,60.59],[17.706,60.554],[17.146,60.953],[17.065,61.538],[17.936,62.548],[16.574,62.525],[15.43,61.866],[11.528,61.898],[9.832,63.684],[7.989,62.94],[7.088,62.91],[5.149,61.741],[5.096,60.264],[5.806,59.949],[5.615,58.455],[6.959,57.972],[8.154,58.09],[10.549,59.379],[12.289,56.88],[12.414,56.243],[13.302,55.301],[14.286,55.515],[14.653,56.121],[15.771,56.033],[16.659,57.443],[16.684,58.64],[15.294,59.416],[15.866,60.311],[18.252,60.302],[18.417,60.182],[18.804,60.108],[18.893,59.926]]]}},{"type":"Feature","id":139,"properties":{"name":"Western Roman Empire","subjecto":"Western Roman Empire","partof":"Western Roman Empire","precision":1},"geometry":{"type":"Polygon","coordinates":[[[-2.064,54.929],[-3.153,54.838],[-2.914,53.267],[-4.318,53.091],[-4.159,51.677],[-4.605,50.779],[-2.346,50.63],[-2.064,51.697],[-2.064,54.929]]]}},{"type":"Feature","id":140,"properties":{"name":null,"subjecto":null,"partof":null,"precision":1},"geometry":{"type":"Polygon","coordinates":[[[0.231,36.056],[-1.147,35.629],[-2.035,35.055],[-4.593,35.151],[-5.929,35.728],[-6.511,34.454],[-7.004,33.875],[-8.314,33.338],[-9.219,32.58],[-9.813,31.289],[-9.663,29.955],[-10.339,29.146],[-11.576,28.229],[-12.866,27.857],[-13.629,26.591],[-14.367,26.119],[-14.82,24.733],[-15.714,23.873],[-16.353,22.493],[-16.806,21.99],[-17.052,21.004],[-16.347,20.523],[-15.983,18.178],[-16.45,16.118],[-17.221,14.725],[-16.87,14.364],[-17.033,14.565],[-13.396,14.917],[-10.177,14.21],[-11.181,15.457],[-9.909,17.894],[-7.456,19.443],[-5.184,17.201],[-4.548,15.106],[-6.265,13.351],[2.346,13.286],[8.266,12.367],[17.751,12.827],[20.442,11.973],[23.2,11.775],[24.074,11.182],[30.6,11.116],[30.735,11.197],[30.531,13.976],[30.531,15.824],[30.347,16.933],[29.607,18.781],[29.487,20.278],[29.988,22.332],[30.809,23.863],[28.406,27.743],[26.743,28.575],[22.308,29.961],[21.291,29.961],[19.351,29.407],[18.612,29.407],[14.454,31.162],[9.834,32.918],[8.633,34.027],[7.986,35.505],[2.547,34.725],[0.231,36.056]]]}},{"type":"Feature","id":141,"properties":{"name":"Suebi","subjecto":"Suebi","partof":"Suebi","precision":1},"geometry":{"type":"Polygon","coordinates":[[[-5.815,43.703],[-7.636,43.721],[-9.271,43.049],[-8.644,42.42],[-8.921,41.767],[-8.715,40.932],[-6.981,39.614],[-4.766,42.284],[-5.815,43.703]]]}},{"type":"Feature","id":142,"properties":{"name":"Basques","subjecto":"Basques","partof":"Basques","precision":1},"geometry":{"type":"Polygon","coordinates":[[[-1.676,43.423],[-2.367,43.326],[-4.802,43.469],[-5.815,43.703],[-4.766,42.284],[0.271,41.807],[0.589,42.137],[-1.676,43.423]]]}},{"type":"Feature","id":143,"properties":{"name":"Anglo-Saxons","subjecto":"Anglo-Saxons","partof":"Anglo-Saxons","precision":1},"geometry":{"type":"Polygon","coordinates":[[[-2.346,50.63],[0.192,50.731],[0.686,51.56],[1.692,52.311],[-0.319,53.579],[-0.296,54.033],[-1.575,54.97],[-2.064,54.929],[-2.064,51.697],[-2.346,50.63]]]}},{"type":"Feature","id":144,"properties":{"name":"Turingians","subjecto":"Turingians","partof":"Turingians","precision":1},"geometry":{"type":"Polygon","coordinates":[[[9.345,52.202],[7.207,50.719],[8.542,49.39],[7.939,48.925],[9.486,48.371],[11.171,48.72],[11.412,49.979],[9.345,52.202]]]}},{"type":"Feature","id":145,"properties":{"name":"Ostrogoths","subjecto":"","partof":"","precision":1},"geometry":{"type":"Polygon","coordinates":[[[4.274,43.405],[5.829,43.021],[6.523,43.151],[7.553,43.867],[8.897,44.437],[9.909,44.11],[10.743,42.851],[12.642,41.531],[13.797,41.193],[15.666,40.092],[16.083,39.012],[17.084,40.525],[15.991,41.406],[16.013,41.904],[14.922,41.972],[14.093,42.61],[13.601,43.535],[12.345,44.301],[12.176,45.214],[13.156,45.727],[13.895,44.759],[14.946,44.927],[15.412,43.935],[16.992,43.323],[18.843,42.241],[19.066,45.535],[18.914,47.836],[17.06,48.087],[15.758,48.538],[14.756,48.187],[12.2,49.139],[11.171,48.72],[9.486,48.371],[8.592,48.137],[9.005,47.436],[10.755,46.852],[8.374,46.146],[6.964,45.904],[6.957,44.543],[6.25,44.236],[4.454,44.379],[4.274,43.405]]]}},{"type":"Feature","id":146,"properties":{"name":"Burgundians","subjecto":"Burgundians","partof":"Burgundians","precision":1},"geometry":{"type":"Polygon","coordinates":[[[4.454,44.379],[6.25,44.236],[6.957,44.543],[6.964,45.904],[8.374,46.146],[10.755,46.852],[9.005,47.436],[6.689,47.145],[6.424,47.792],[3.771,47.701],[3.712,46.332],[3.631,44.444],[4.454,44.379]]]}},{"type":"Feature","id":147,"properties":{"name":null,"subjecto":null,"partof":null,"precision":1},"geometry":{"type":"Polygon","coordinates":[[[52.611,72.74],[51.482,71.845],[54.308,71.206],[55.721,71.642],[55.518,72.478],[56.509,73.174],[53.502,73.137],[52.611,72.74]]]}},{"type":"Feature","id":148,"properties":{"name":null,"subjecto":null,"partof":null,"precision":1},"geometry":{"type":"Polygon","coordinates":[[[12.053,55.703],[11.102,55.634],[11.285,55.189],[12.43,55.245],[12.053,55.703]]]}},{"type":"Feature","id":149,"properties":{"name":null,"subjecto":null,"partof":null,"precision":1},"geometry":{"type":"Polygon","coordinates":[[[14.07,53.918],[13.778,54.044],[13.828,53.83],[14.07,53.918]]]}},{"type":"Feature","id":150,"properties":{"name":null,"subjecto":null,"partof":null,"precision":1},"geometry":{"type":"Polygon","coordinates":[[[14.473,53.877],[14.227,53.91],[14.248,53.816],[14.473,53.877]]]}},{"type":"Feature","id":151,"properties":{"name":"Saxons","subjecto":"Saxons","partof":"Saxons","precision":1},"geometry":{"type":"Polygon","coordinates":[[[9.345,52.202],[9.759,52.489],[10.353,54.354],[9.421,54.976],[10.147,55.765],[9.312,56.481],[8.183,56.431],[8.848,53.75],[7.166,53.592],[4.641,52.756],[3.775,51.388],[5.135,52.127],[6.858,51.579],[7.207,50.719],[9.345,52.202]]]}},{"type":"Feature","id":152,"properties":{"name":"Western Roman Empire","subjecto":"Western Roman Empire","partof":"Western Roman Empire","precision":1},"geometry":null},{"type":"Feature","id":153,"properties":{"name":"Armorica","subjecto":"Armorica","partof":"Armorica","precision":1},"geometry":{"type":"Polygon","coordinates":[[[-1.725,48.623],[-3.091,48.872],[-4.35,48.391],[-3.955,47.904],[-2.4,47.221],[-1.725,48.623]]]}},{"type":"Feature","id":154,"properties":{"name":null,"subjecto":null,"partof":null,"precision":1},"geometry":{"type":"Polygon","coordinates":[[[9.345,52.202],[11.412,49.979],[11.171,48.72],[12.2,49.139],[14.756,48.187],[15.758,48.538],[17.06,48.087],[18.914,47.836],[19.066,45.535],[21.199,44.93],[22.955,44.652],[23.139,43.913],[25.265,43.821],[28.037,44.375],[28.221,45.484],[29.616,45.41],[30.833,46.577],[31.781,46.702],[32.202,46.17],[33.639,45.927],[33.395,44.6],[35.067,44.862],[34.907,46.273],[37.422,47.077],[37.97,46.441],[37.474,44.692],[38.924,44.212],[40.252,43.268],[41.41,42.788],[41.68,41.793],[42.658,41.685],[48.254,42.248],[47.565,43.008],[47.565,43.844],[46.846,44.446],[47.556,45.453],[49.535,46.542],[51.369,47.09],[53.185,46.865],[53.149,45.957],[52.61,45.4],[51.513,45.373],[50.874,44.626],[51.171,43.718],[52.52,42.073],[53.985,42.106],[54.818,40.88],[53.257,40.765],[52.845,40.18],[53.516,39.778],[54.071,38.897],[53.88,38.025],[54.067,36.942],[62.698,39.992],[65.017,38.508],[66.78,38.044],[67.058,37.117],[67.998,36.895],[69.648,37.093],[71.232,38.215],[71.628,35.839],[74.202,37.489],[75.653,37.357],[77.216,36.282],[76.004,34.684],[78.762,30.791],[83.605,26.916],[86.512,25.873],[88.002,25.873],[91.579,26.916],[92.628,27.095],[93.909,26.822],[94.466,26.451],[94.187,25.724],[91.43,24.904],[90,24.308],[91.877,23.637],[92.473,22.296],[92.921,20.374],[94.054,19.061],[94.42,18.141],[94.465,17.264],[94.143,16.215],[94.819,16.21],[95.33,15.678],[96.469,16.513],[96.882,17.346],[97.573,16.445],[97.674,15.693],[100.066,16.23],[101.881,16.235],[107.33,15.299],[107.692,16.371],[106.394,17.665],[105.491,17.78],[104.381,18.328],[103.234,20.123],[102.384,24.01],[102.011,24.681],[100.415,25.086],[99.752,27.471],[101.042,29.599],[102.831,31.685],[103.352,33.176],[103.278,34.74],[102.831,35.486],[99.85,37.349],[96.944,38.392],[96.273,39.733],[97.019,40.851],[98.732,40.776],[102.98,40.18],[104.545,40.404],[106.184,41.373],[107.302,41.447],[111.103,40.868],[116.169,40.641],[118.21,40.827],[119.044,42.311],[121.92,42.682],[123.868,43.053],[124.702,42.311],[127.299,43.238],[129.641,41.656],[131.065,42.749],[132.182,43.195],[132.953,42.67],[134.139,42.993],[136.034,44.398],[137.721,45.997],[139.214,47.811],[140.081,48.503],[140.323,50.518],[141.257,52.103],[141.047,52.69],[134.87,52.009],[127.336,49.977],[119.936,51.258],[116.707,54.659],[114.016,59.547],[107.962,59.818],[99.485,55.659],[99.537,55.281],[93.7,56.485],[78.362,56.41],[65.312,55.047],[59.094,56.432],[53.976,57.709],[46.106,57.709],[32.517,60.932],[29.019,61.771],[21.2,62.435],[21.56,60.512],[23.665,59.836],[25.581,60.262],[28.435,60.337],[29.076,59.908],[27.702,59.298],[25.721,59.46],[23.416,59.119],[24.346,57.16],[23.215,56.981],[21.677,57.464],[20.965,56.609],[21.137,54.845],[19.943,54.85],[19.328,54.161],[18.279,54.724],[14.473,53.877],[12.653,54.321],[11.016,54.097],[10.353,54.354],[9.759,52.489],[9.345,52.202]],[[111.178,53.306],[113.332,53.466],[116.319,45.449],[107.36,44.035],[89.157,42.271],[76.358,43.625],[73.435,44.506],[74.12,46.216],[75.337,46.844],[75.299,47.413],[81.78,51.114],[101.658,52.596],[101.678,52.932],[106.594,53.682],[107.716,53.666],[109.185,53.645],[110.857,53.622],[111.178,53.306]]]}},{"type":"Feature","id":155,"properties":{"name":"Vandals","subjecto":"Vandals","partof":"Vandals","precision":1},"geometry":{"type":"MultiPolygon","coordinates":[[[[12.637,37.582],[15.027,36.745],[15.387,38.206],[13.81,37.966],[12.783,38.117],[12.637,37.582]]],[[[8.465,39.64],[8.696,38.996],[9.479,39.144],[9.794,40.564],[9.306,41.184],[8.428,40.465],[8.465,39.64]]],[[[18.608,30.374],[17.422,30.996],[15.843,31.285],[15.01,32.363],[14.157,32.679],[12.565,32.74],[10.413,33.631],[10.019,34.081],[11.125,35.241],[10.133,37.105],[9.416,37.275],[8.637,36.885],[5.144,36.668],[1.058,36.462],[0.231,36.056],[2.547,34.725],[7.986,35.505],[8.633,34.027],[9.834,32.918],[14.454,31.162],[18.612,29.407],[18.608,30.374]]]]}},{"type":"Feature","id":156,"properties":{"name":null,"subjecto":null,"partof":null,"precision":1},"geometry":{"type":"Polygon","coordinates":[[[-156.121,20.713],[-156.396,20.95],[-156.822,20.94],[-156.507,20.599],[-156.121,20.713]]]}},{"type":"Feature","id":157,"properties":{"name":null,"subjecto":null,"partof":null,"precision":1},"geometry":{"type":"Polygon","coordinates":[[[-158.179,21.689],[-158.434,21.452],[-158.298,21.276],[-158.047,21.459],[-158.179,21.689]]]}},{"type":"Feature","id":158,"properties":{"name":null,"subjecto":null,"partof":null,"precision":1},"geometry":{"type":"Polygon","coordinates":[[[-167.865,53.323],[-168.223,53.59],[-168.374,53.235],[-167.865,53.323]]]}},{"type":"Feature","id":159,"properties":{"name":null,"subjecto":null,"partof":null,"precision":1},"geometry":{"type":"Polygon","coordinates":[[[-93.144,16.982],[-93.942,17.095],[-96.188,17.88],[-95.432,17.433],[-95.501,16.532],[-96.437,16.22],[-97.685,16.393],[-99.016,16.824],[-99.211,17.711],[-98.587,17.988],[-97.061,18.057],[-96.206,17.886],[-97.235,18.231],[-97.997,18.924],[-98.448,19.791],[-98.518,20.935],[-97.527,21.254],[-97.882,22.333],[-97.822,24.143],[-100.357,23.97],[-104.224,25.116],[-107.564,27.765],[-109.937,28.204],[-110.604,27.856],[-110.382,27.214],[-109.132,26.289],[-108.848,25.615],[-108.013,24.981],[-105.54,22.285],[-105.291,20.67],[-105.67,20.352],[-104.948,19.438],[-103.494,18.354],[-101.993,18.027],[-101.221,17.418],[-98.856,16.597],[-97.881,16.052],[-96.333,15.75],[-95.13,16.299],[-94.075,16.111],[-93.588,15.741],[-93.144,16.982]],[[-100.494,20.9],[-99.107,20.586],[-98.483,19.802],[-99.142,18.924],[-99.909,19.027],[-100.755,19.588],[-101.009,20.277],[-100.494,20.9]]]}},{"type":"Feature","id":160,"properties":{"name":null,"subjecto":null,"partof":null,"precision":1},"geometry":{"type":"Polygon","coordinates":[[[-119.785,34.459],[-120.132,34.519],[-120.204,34.531],[-119.785,34.459]]]}},{"type":"Feature","id":161,"properties":{"name":null,"subjecto":null,"partof":null,"precision":1},"geometry":{"type":"MultiPolygon","coordinates":[]}},{"type":"Feature","id":162,"properties":{"name":null,"subjecto":null,"partof":null,"precision":1},"geometry":{"type":"Polygon","coordinates":[[[-97.206,28.074],[-97.447,27.985],[-97.115,28.107],[-97.206,28.074]]]}},{"type":"Feature","id":163,"properties":{"name":null,"subjecto":null,"partof":null,"precision":1},"geometry":{"type":"Polygon","coordinates":[[[-96.831,28.158],[-97.051,28.119],[-97.115,28.107],[-96.831,28.158]]]}},{"type":"Feature","id":164,"properties":{"name":null,"subjecto":null,"partof":null,"precision":1},"geometry":{"type":"Polygon","coordinates":[[[-130.662,54.959],[-130.546,54.91],[-130.476,54.968],[-130.662,54.959]]]}},{"type":"Feature","id":165,"properties":{"name":null,"subjecto":null,"partof":null,"precision":1},"geometry":{"type":"Polygon","coordinates":[[[-89.995,64.033],[-90.006,63.904],[-89.862,63.647],[-89.995,64.033]]]}},{"type":"Feature","id":166,"properties":{"name":null,"subjecto":null,"partof":null,"precision":1},"geometry":{"type":"Polygon","coordinates":[[[-89.87,63.575],[-90,63.57],[-90,63.561],[-89.87,63.575]]]}},{"type":"Feature","id":167,"properties":{"name":null,"subjecto":null,"partof":null,"precision":1},"geometry":{"type":"Polygon","coordinates":[[[-166.742,53.533],[-166.383,53.855],[-167.148,53.94],[-166.742,53.533]]]}},{"type":"Feature","id":168,"properties":{"name":null,"subjecto":null,"partof":null,"precision":1},"geometry":{"type":"Polygon","coordinates":[[[-164.786,54.69],[-163.206,54.737],[-163.743,55.062],[-164.786,54.69]]]}},{"type":"Feature","id":169,"properties":{"name":null,"subjecto":null,"partof":null,"precision":1},"geometry":{"type":"Polygon","coordinates":[[[-163.262,55.171],[-162.968,54.949],[-162.788,55.152],[-163.262,55.171]]]}},{"type":"Feature","id":170,"properties":{"name":null,"subjecto":null,"partof":null,"precision":1},"geometry":{"type":"Polygon","coordinates":[[[-160.676,55.765],[-161.81,55.783],[-162.585,55.389],[-162.218,55.132],[-160.676,55.765]]]}},{"type":"Feature","id":171,"properties":{"name":null,"subjecto":null,"partof":null,"precision":1},"geometry":{"type":"Polygon","coordinates":[[[-154.342,57.487],[-153.878,56.941],[-152.679,57.765],[-153.396,57.804],[-154.342,57.487]]]}},{"type":"Feature","id":172,"properties":{"name":null,"subjecto":null,"partof":null,"precision":1},"geometry":{"type":"Polygon","coordinates":[[[-136.418,58.111],[-136.596,57.905],[-135.115,57.675],[-135.325,58.093],[-136.418,58.111]]]}},{"type":"Feature","id":173,"properties":{"name":null,"subjecto":null,"partof":null,"precision":1},"geometry":{"type":"Polygon","coordinates":[[[-171.229,63.651],[-169.903,63.075],[-169.333,63.397],[-171.229,63.651]]]}},{"type":"Feature","id":174,"properties":{"name":null,"subjecto":null,"partof":null,"precision":1},"geometry":{"type":"Polygon","coordinates":[[[-135.258,57.414],[-135.466,57.229],[-134.946,56.454],[-134.764,56.794],[-135.002,57.326],[-135.258,57.414]]]}},{"type":"Feature","id":175,"properties":{"name":null,"subjecto":null,"partof":null,"precision":1},"geometry":{"type":"Polygon","coordinates":[[[-104.62,71.093],[-105.313,72.65],[-108.182,73.383],[-108.986,72.73],[-111.726,72.331],[-114.647,73.355],[-117.22,72.857],[-110.347,71.197],[-104.62,71.093]]]}},{"type":"Feature","id":176,"properties":{"name":null,"subjecto":null,"partof":null,"precision":1},"geometry":{"type":"Polygon","coordinates":[[[-123.493,74.446],[-117.686,73.215],[-115.654,73.633],[-117.336,74.167],[-121.239,74.58],[-123.493,74.446]]]}},{"type":"Feature","id":177,"properties":{"name":null,"subjecto":null,"partof":null,"precision":1},"geometry":{"type":"Polygon","coordinates":[[[-114.138,76.385],[-116.296,76.238],[-115.186,75.154],[-112.203,74.5],[-109.07,75.133],[-105.773,75.23],[-105.917,76.022],[-111.386,75.66],[-114.138,76.385]]]}},{"type":"Feature","id":178,"properties":{"name":null,"subjecto":null,"partof":null,"precision":1},"geometry":{"type":"Polygon","coordinates":[[[-102.15,75.644],[-99.944,75.084],[-98.002,75.162],[-97.817,76.476],[-101.885,76.333],[-102.15,75.644]]]}},{"type":"Feature","id":179,"properties":{"name":null,"subjecto":null,"partof":null,"precision":1},"geometry":{"type":"Polygon","coordinates":[[[-122.151,76.582],[-120.1,75.978],[-118.736,76.938],[-122.151,76.582]]]}},{"type":"Feature","id":180,"properties":{"name":null,"subjecto":null,"partof":null,"precision":1},"geometry":{"type":"Polygon","coordinates":[[[-111.991,77.977],[-113.024,77.602],[-110.62,77.537],[-109.661,77.95],[-111.991,77.977]]]}},{"type":"Feature","id":181,"properties":{"name":null,"subjecto":null,"partof":null,"precision":1},"geometry":{"type":"Polygon","coordinates":[[[-104.966,78.534],[-101.168,78.269],[-99.892,78.658],[-102.569,79.016],[-104.966,78.534]]]}},{"type":"Feature","id":182,"properties":{"name":null,"subjecto":null,"partof":null,"precision":1},"geometry":{"type":"Polygon","coordinates":[[[-95.097,78.438],[-98.437,78.661],[-97.46,78.101],[-95.097,78.438]]]}},{"type":"Feature","id":183,"properties":{"name":null,"subjecto":null,"partof":null,"precision":1},"geometry":{"type":"Polygon","coordinates":[[[-75.925,82.517],[-78.698,83.003],[-90,82.017],[-89.193,81.096],[-85.192,81.324],[-82.791,80.697],[-78.321,80.965],[-75.925,82.517]]]}},{"type":"Feature","id":184,"properties":{"name":null,"subjecto":null,"partof":null,"precision":1},"geometry":{"type":"Polygon","coordinates":[[[-87.827,80.373],[-91.016,80.75],[-96.433,79.933],[-92.702,78.434],[-90,78.263],[-87.787,78.725],[-87.827,80.373]]]}},{"type":"Feature","id":185,"properties":{"name":"Fourche Maline Culture","subjecto":"Fourche Maline Culture","partof":"Fourche Maline Culture","precision":1},"geometry":{"type":"Polygon","coordinates":[[[-94.282,35.131],[-95.635,35.16],[-96.26,34.619],[-95.462,33.034],[-96.038,33.005],[-96.043,32.994],[-94.325,32.644],[-93.811,31.938],[-92.815,33.122],[-92.217,33.318],[-92.755,33.44],[-93.102,34.39],[-94.282,35.131]]]}},{"type":"Feature","id":186,"properties":{"name":"Swift Creek Culture","subjecto":"Swift Creek Culture","partof":"Swift Creek Culture","precision":1},"geometry":{"type":"Polygon","coordinates":[[[-87.973,30.581],[-87.775,30.263],[-87.692,30.263],[-87.973,30.581]]]}},{"type":"Feature","id":187,"properties":{"name":"Swift Creek Culture","subjecto":"Swift Creek Culture","partof":"Swift Creek Culture","precision":1},"geometry":{"type":"Polygon","coordinates":[[[-87.509,32.822],[-87.513,32.811],[-87.474,32.81],[-86.994,32.822],[-87.509,32.822]]]}},{"type":"Feature","id":188,"properties":{"name":"Kurykans","subjecto":"Kurykans","partof":"Tiele","precision":1},"geometry":{"type":"Polygon","coordinates":[[[107.716,53.666],[106.594,53.682],[101.678,52.932],[101.527,50.381],[105.59,50.349],[109.653,50.764],[112.362,52.139],[110.857,53.622],[109.185,53.645],[109.024,53.648],[108.686,53.652],[107.716,53.666]]]}},{"type":"Feature","id":189,"properties":{"name":"Swedes","subjecto":"Swedes","partof":"Swedes","precision":1},"geometry":{"type":"Polygon","coordinates":[[[15.294,59.416],[16.684,58.64],[17.739,59.11],[17.745,58.986],[18.273,59.287],[18.515,59.401],[17.358,59.245],[16.408,59.447],[18.03,59.359],[18.893,59.926],[18.804,60.108],[18.417,60.182],[18.252,60.302],[15.866,60.311],[15.294,59.416]]]}},{"type":"Feature","id":190,"properties":{"name":"Cheras","subjecto":"Cheras","partof":"Hindu kingdoms","precision":1},"geometry":{"type":"Polygon","coordinates":[[[77.653,10.322],[76.273,10.039],[76.653,8.903],[77.627,9.122],[77.653,10.322]]]}},{"type":"Feature","id":191,"properties":{"name":"Western Gangas","subjecto":"Western Gangas","partof":"Hindu kingdoms","precision":1},"geometry":{"type":"Polygon","coordinates":[[[77.472,12.449],[75.195,12.151],[76.273,10.039],[77.653,10.322],[77.861,10.365],[77.472,12.449]]]}},{"type":"Feature","id":192,"properties":{"name":"Cholas","subjecto":"Cholas","partof":"Hindu kingdoms","precision":1},"geometry":{"type":"Polygon","coordinates":[[[77.627,9.122],[78.242,8.896],[79.157,10.004],[77.861,10.365],[77.653,10.322],[77.627,9.122]]]}},{"type":"Feature","id":193,"properties":{"name":"Kadambas","subjecto":"Kadambas","partof":"Hindu kingdoms","precision":1},"geometry":{"type":"Polygon","coordinates":[[[77.002,14.968],[74.153,14.85],[74.734,13.683],[75.195,12.151],[77.472,12.449],[77.002,14.968]]]}},{"type":"Feature","id":194,"properties":{"name":"Pallavas","subjecto":"Pallavas","partof":"Hindu kingdoms","precision":1},"geometry":{"type":"Polygon","coordinates":[[[77.861,10.365],[79.157,10.004],[79.826,10.359],[79.711,11.445],[79.923,12.106],[79.708,12.926],[77.472,12.449],[77.861,10.365]]]}},{"type":"Feature","id":195,"properties":{"name":"Vishnu-Kundins","subjecto":"Vishnu-Kundins","partof":"Hindu kingdoms","precision":1},"geometry":{"type":"Polygon","coordinates":[[[77.472,12.449],[79.708,12.926],[79.458,14.927],[79.58,15.473],[78.324,15.133],[77.002,14.968],[77.472,12.449]]]}},{"type":"Feature","id":196,"properties":{"name":"Khoisan","subjecto":"Khoisan","partof":"Khoiasan","precision":1},"geometry":{"type":"Polygon","coordinates":[[[44.137,1.151],[42.54,1.264],[40.859,0.322],[40.455,-1.36],[39.48,-2.469],[38.773,-2.267],[36.015,1.297],[33.93,2.844],[22.225,6.196],[12.605,7.732],[5.359,5.368],[5.355,5.362],[5.607,4.632],[6.844,4.292],[8.875,4.62],[9.586,3.675],[9.923,2.824],[9.851,1.877],[9.203,-0.634],[8.815,-0.896],[9.656,-2.419],[11.773,-4.537],[12.263,-5.47],[12.372,-6.258],[13.387,-8.156],[13.204,-9.637],[13.816,-10.976],[13.649,-12.197],[12.585,-13.464],[12.06,-15.594],[11.782,-15.868],[11.775,-17.596],[12.08,-18.491],[12.929,-19.742],[13.804,-21.443],[14.415,-22.268],[14.396,-23.075],[14.909,-25.018],[14.843,-25.622],[15.454,-27.616],[16.788,-29.139],[18.179,-31.805],[18.487,-34.398],[20.256,-34.623],[21.669,-34.506],[22.682,-34.103],[24.43,-34.335],[25.619,-33.919],[26.659,-33.847],[28.922,-32.298],[30.391,-30.814],[31.563,-29.21],[32.235,-28.744],[32.767,-27.517],[32.896,-26.372],[32.5,-26.068],[33.347,-25.304],[34.884,-24.722],[35.297,-23.825],[35.531,-22.458],[35.261,-22.274],[34.699,-20.572],[34.726,-19.86],[35.915,-19.032],[37.275,-17.713],[39.471,-16.717],[40.386,-15.736],[40.849,-14.579],[40.599,-14.401],[40.527,-12.584],[40.311,-11.345],[40.62,-10.766],[39.658,-9.796],[39.27,-7.801],[39.566,-7.044],[38.922,-6.34],[39.267,-4.776],[40.234,-3.192],[42.44,-0.512],[43.724,0.8],[44.137,1.151]]]}},{"type":"Feature","id":197,"properties":{"name":"Jin Empire","subjecto":"Jin Empire","partof":"Jin Empire","precision":1},"geometry":{"type":"MultiPolygon","coordinates":[[[[103.352,33.176],[102.831,31.685],[101.042,29.599],[99.752,27.471],[100.415,25.086],[102.011,24.681],[102.384,24.01],[103.234,20.123],[104.381,18.328],[105.491,17.78],[106.394,17.665],[105.533,18.844],[105.843,19.702],[106.807,20.905],[107.9,21.479],[109.117,21.399],[110.077,20.867],[111.086,21.479],[112.75,21.756],[113.717,22.482],[116.341,22.913],[118.813,24.849],[119.47,25.772],[119.429,26.591],[120.352,27.177],[121.009,28.277],[121.359,28.386],[121.77,29.834],[121.606,31.828],[120.661,32.543],[119.974,34.135],[119.021,34.692],[120.139,36.195],[121.847,36.86],[120.658,37.736],[119.599,37.117],[118.955,37.077],[118.875,37.949],[116.915,36.752],[116.915,35.709],[117.287,35.039],[116.915,34.293],[115.573,34.219],[114.828,33.623],[111.773,33.846],[109.686,33.101],[107.6,33.772],[105.215,33.623],[103.352,33.176]]],[[[108.939,18.331],[109.43,18.097],[110.263,18.626],[110.617,20.017],[109.55,19.914],[108.577,19.187],[108.939,18.331]]]]}},{"type":"Feature","id":198,"properties":{"name":null,"subjecto":null,"partof":null,"precision":1},"geometry":{"type":"MultiPolygon","coordinates":[[[[45.555,-16.056],[44.454,-16.242],[43.972,-17.553],[44.47,-20.17],[43.501,-21.494],[43.376,-22.632],[43.827,-23.413],[43.671,-24.227],[44.425,-25.312],[45.576,-25.621],[46.855,-25.218],[47.258,-24.766],[48.087,-22.044],[49.342,-18.228],[49.425,-17.198],[50.503,-15.314],[50.15,-14.419],[49.817,-12.831],[49.176,-12.266],[48.751,-13.418],[48.224,-13.794],[46.925,-15.36],[45.555,-16.056]]],[[[121.882,25.115],[121.002,25.002],[120.116,23.631],[120.329,22.519],[120.879,22.341],[121.453,23.327],[121.882,25.115]]],[[[117.705,-8.439],[116.663,-8.702],[116.976,-9.178],[118.658,-8.856],[117.705,-8.439]]],[[[99.863,2.568],[99.858,2.904],[98.146,4.07],[97.384,5.18],[96.187,5.146],[95.191,5.41],[95.561,4.534],[96.394,3.647],[96.72,3.705],[97.509,2.74],[97.597,2.251],[98.601,1.707],[99.113,0.221],[99.697,-0.152],[100.65,-1.631],[100.812,-2.336],[102.111,-3.604],[102.462,-4.182],[103.523,-4.999],[104.568,-6.071],[105.187,-5.542],[105.728,-5.827],[105.711,-4.105],[105.943,-3.215],[105.445,-2.599],[104.352,-1.89],[104.298,-1.363],[103.238,-0.659],[103.722,0.015],[103.24,0.459],[102.472,0.623],[101.868,1.435],[101.06,2.081],[100.732,1.871],[99.863,2.568]]],[[[110.893,1.511],[109.723,1.617],[109.282,1.883],[108.814,0.808],[109.158,-0.075],[109.179,-0.869],[109.941,-1.643],[110.102,-3.079],[111.436,-2.974],[112.578,-3.423],[112.795,-2.971],[113.744,-3.598],[114.099,-3.35],[114.712,-4.206],[115.568,-3.804],[116.349,-2.417],[116.046,-1.934],[117.046,-0.935],[117.534,0.611],[118.517,1.166],[117.696,1.901],[117.829,2.314],[117.074,3.507],[117.589,4.048],[118.391,4.374],[119.043,5.17],[118.377,5.639],[117.37,5.789],[117.507,6.393],[116.596,6.899],[115.787,5.74],[114.878,4.856],[113.815,4.263],[112.759,3.009],[111.372,2.599],[110.893,1.511]]],[[[113.263,-7.908],[112.678,-7.719],[112.275,-7.027],[111.045,-6.852],[110.027,-7.044],[108.556,-6.921],[106.945,-6.026],[106.024,-6.081],[105.633,-6.755],[106.366,-7.04],[106.484,-7.503],[108.16,-7.856],[109.037,-7.72],[110.778,-8.32],[112.414,-8.488],[113.074,-8.347],[114.105,-8.688],[114.252,-8.02],[113.263,-7.908]]],[[[120.305,14.575],[121.009,13.656],[121.729,14.108],[121.242,15.308],[121.439,15.918],[122.064,16.332],[122.396,17.114],[122.028,18.009],[121.036,18.528],[120.393,18.044],[120.303,16.417],[119.762,16.359],[119.772,15.47],[120.305,14.575]]],[[[121.883,10.627],[122.897,11.15],[121.994,11.758],[121.883,10.627]]],[[[122.769,9.212],[123.312,10.738],[122.92,10.852],[122.396,9.478],[122.769,9.212]]],[[[125.955,6.652],[126.322,7.149],[126.272,8.426],[125.934,9.175],[123.663,8.014],[123.486,8.496],[122.094,7.775],[123.023,7.478],[123.465,7.791],[124.074,7.258],[123.864,6.851],[124.224,6.09],[125.073,5.723],[125.955,6.652]]]]}},{"type":"Feature","id":199,"properties":{"name":"Funan","subjecto":"Funan","partof":"Funan","precision":1},"geometry":{"type":"Polygon","coordinates":[[[101.769,12.639],[102.658,12.066],[103.04,10.898],[103.67,10.766],[104.979,9.981],[104.742,8.494],[106.482,9.552],[107.1,10.411],[107.518,11.759],[107.636,13.744],[107.33,15.299],[101.881,16.235],[101.769,12.639]]]}},{"type":"Feature","id":200,"properties":{"name":"Lavo","subjecto":"Lavo","partof":"Lavo","precision":1},"geometry":{"type":"Polygon","coordinates":[[[101.769,12.639],[101.881,16.235],[100.066,16.23],[97.674,15.693],[97.823,14.616],[98.486,13.112],[98.738,11.435],[98.398,10.564],[98.633,10.101],[98.243,8.901],[99.468,8.253],[99.468,9.184],[99.119,9.371],[99.186,10.489],[99.895,12.079],[100.24,13.49],[100.909,13.447],[100.872,12.679],[101.769,12.639]]]}},{"type":"Feature","id":201,"properties":{"name":"Franks","subjecto":"Franks","partof":"Western Roman Empire","precision":1},"geometry":null},{"type":"Feature","id":202,"properties":{"name":"Franks","subjecto":"Franks","partof":"Western Roman Empire","precision":1},"geometry":{"type":"Polygon","coordinates":[[[3.712,46.332],[3.771,47.701],[6.424,47.792],[6.689,47.145],[9.005,47.436],[8.592,48.137],[9.486,48.371],[7.939,48.925],[8.542,49.39],[7.207,50.719],[6.858,51.579],[5.135,52.127],[3.775,51.388],[1.589,50.822],[1.275,50.004],[-1.023,49.398],[-1.725,48.623],[-2.4,47.221],[-1.22,46.257],[1.361,46.398],[3.712,46.332]]]}},{"type":"Feature","id":203,"properties":{"name":"Franks","subjecto":"Franks","partof":"Western Roman Empire","precision":1},"geometry":null},{"type":"Feature","id":204,"properties":{"name":"Visigoths","subjecto":"Visigoths","partof":"Visigoths","precision":1},"geometry":{"type":"Polygon","coordinates":[[[4.274,43.405],[4.454,44.379],[3.631,44.444],[3.712,46.332],[1.361,46.398],[-1.22,46.257],[-1.314,44.559],[-1.676,43.423],[0.589,42.137],[0.271,41.807],[-4.766,42.284],[-6.981,39.614],[-8.715,40.932],[-9.549,38.775],[-8.854,38.5],[-8.667,37.121],[-7.228,37.226],[-6.632,37.022],[-5.661,36.008],[-4.447,36.722],[-2.239,36.728],[-1.817,37.292],[-0.918,37.57],[-0.435,38.43],[0.173,38.738],[-0.395,39.434],[0.879,41.022],[2.081,41.298],[3.129,41.857],[3.002,42.771],[4.274,43.405]]]}},{"type":"Feature","id":205,"properties":{"name":"Tuʻi Tonga Empire","subjecto":"Tuʻi Tonga Empire","partof":"Tuʻi Tonga Empire","precision":1},"geometry":{"type":"Polygon","coordinates":[[[178.176,-18.242],[178.171,-17.342],[177.51,-17.509],[177.333,-18.119],[178.176,-18.242]]]}},{"type":"Feature","properties":{"kind":"label","name":"Simhala","subjecto":"Simhala","area":4.9},"geometry":{"type":"Point","coordinates":[80.702,7.37]}},{"type":"Feature","properties":{"kind":"label","name":"Teotihuacan","subjecto":"Teotihuacan","area":3.26},"geometry":{"type":"Point","coordinates":[-99.589,19.85]}},{"type":"Feature","properties":{"kind":"label","name":"Monte Albán","subjecto":"Monte Albán","area":5.35},"geometry":{"type":"Point","coordinates":[-97.202,17.196]}},{"type":"Feature","properties":{"kind":"label","name":"Maya states","subjecto":"Maya states","area":29.27},"geometry":{"type":"Point","coordinates":[-90.834,16.611]}},{"type":"Feature","properties":{"kind":"label","name":"Dorset","subjecto":"Dorset","area":11.21},"geometry":{"type":"Point","coordinates":[-56.912,48.841]}},{"type":"Feature","properties":{"kind":"label","name":"Veracruz civilization","subjecto":"Veracruz civilization","area":8.5},"geometry":{"type":"Point","coordinates":[-97.517,19.719]}},{"type":"Feature","properties":{"kind":"label","name":"Paekche","subjecto":"Paekche","area":4.42},"geometry":{"type":"Point","coordinates":[127.337,35.646]}},{"type":"Feature","properties":{"kind":"label","name":"Silla","subjecto":"Silla","area":7.65},"geometry":{"type":"Point","coordinates":[127.208,38.206]}},{"type":"Feature","properties":{"kind":"label","name":"Moche","subjecto":"Moche","area":7.68},"geometry":{"type":"Point","coordinates":[-76.869,-11.196]}},{"type":"Feature","properties":{"kind":"label","name":"Makkura","subjecto":"Makkura","area":28.93},"geometry":{"type":"Point","coordinates":[32.028,19.83]}},{"type":"Feature","properties":{"kind":"label","name":"Axum","subjecto":"Axum","area":85.87},"geometry":{"type":"Point","coordinates":[35.259,12.914]}},{"type":"Feature","properties":{"kind":"label","name":"Himyarite Kingdom","subjecto":"Himyarite Kingdom","area":33.47},"geometry":{"type":"Point","coordinates":[44.707,14.615]}},{"type":"Feature","properties":{"kind":"label","name":"Eastern Roman Empire","subjecto":"Eastern Roman Empire","area":147.59},"geometry":{"type":"Point","coordinates":[33.193,39.066]}},{"type":"Feature","properties":{"kind":"label","name":"Champa","subjecto":"Champa","area":7.9},"geometry":{"type":"Point","coordinates":[108.41,12.643]}},{"type":"Feature","properties":{"kind":"label","name":"Yamato","subjecto":"Yamato","area":6.86},"geometry":{"type":"Point","coordinates":[135.502,34.727]}},{"type":"Feature","properties":{"kind":"label","name":"Koguryo","subjecto":"Koguryo","area":15.85},"geometry":{"type":"Point","coordinates":[126.208,40.928]}},{"type":"Feature","properties":{"kind":"label","name":"Toba Wei","subjecto":"Toba Wei","area":143.36},"geometry":{"type":"Point","coordinates":[109.607,37.183]}},{"type":"Feature","properties":{"kind":"label","name":"Kushan Principalities","subjecto":"Kushan Principalities","area":21.89},"geometry":{"type":"Point","coordinates":[74.114,35.115]}},{"type":"Feature","properties":{"kind":"label","name":"Sasanian Empire","subjecto":"Sasanian Empire","area":338.61},"geometry":{"type":"Point","coordinates":[61.651,32.158]}},{"type":"Feature","properties":{"kind":"label","name":"Gupta Empire","subjecto":"Gupta Empire","area":219.51},"geometry":{"type":"Point","coordinates":[74.502,27.408]}},{"type":"Feature","properties":{"kind":"label","name":"Vakataka","subjecto":"Vakataka","area":46.79},"geometry":{"type":"Point","coordinates":[76.483,18.345]}},{"type":"Feature","properties":{"kind":"label","name":"Pandyas","subjecto":"Pandyas","area":0.99},"geometry":{"type":"Point","coordinates":[77.522,8.654]}},{"type":"Feature","properties":{"kind":"label","name":"Subarctic forest hunter-gatherers","subjecto":"Subarctic forest hunter-gatherers","area":605},"geometry":{"type":"Point","coordinates":[-124.607,59.786]}},{"type":"Feature","properties":{"kind":"label","name":"Australian aboriginal hunter-gatherers","subjecto":"Australian aboriginal hunter-gatherers","area":684.79},"geometry":{"type":"Point","coordinates":[131.937,-23.134]}},{"type":"Feature","properties":{"kind":"label","name":"Tasmanian hunter-gatherers","subjecto":"Tasmanian hunter-gatherers","area":6.22},"geometry":{"type":"Point","coordinates":[146.665,-42.372]}},{"type":"Feature","properties":{"kind":"label","name":"Ainu","subjecto":"Ainu","area":8.24},"geometry":{"type":"Point","coordinates":[142.878,43.282]}},{"type":"Feature","properties":{"kind":"label","name":"Paleo-Siberian hunter-gatherers","subjecto":"Paleo-Siberian hunter-gatherers","area":1262.94},"geometry":{"type":"Point","coordinates":[125.049,60.8]}},{"type":"Feature","properties":{"kind":"label","name":"Saami","subjecto":"Saami","area":131.04},"geometry":{"type":"Point","coordinates":[18.067,65.804]}},{"type":"Feature","properties":{"kind":"label","name":"Eastern North American hunter-gatherers","subjecto":"Eastern North American hunter-gatherers","area":122.27},"geometry":{"type":"Point","coordinates":[-80.401,35.195]}},{"type":"Feature","properties":{"kind":"label","name":"Finno-Ugric taiga hunter-gatherers","subjecto":"Finno-Ugric taiga hunter-gatherers","area":710.38},"geometry":{"type":"Point","coordinates":[61.224,63.116]}},{"type":"Feature","properties":{"kind":"label","name":"Arctic marine mammal hunters","subjecto":"Arctic marine mammal hunters","area":605.84},"geometry":{"type":"Point","coordinates":[-99.585,62.428]}},{"type":"Feature","properties":{"kind":"label","name":"Andean hunter-gatherers","subjecto":"Andean hunter-gatherers","area":69.69},"geometry":{"type":"Point","coordinates":[-69.531,-32.323]}},{"type":"Feature","properties":{"kind":"label","name":"Pampas cultures","subjecto":"Pampas cultures","area":190.38},"geometry":{"type":"Point","coordinates":[-63.223,-34.839]}},{"type":"Feature","properties":{"kind":"label","name":"Caribbean hunter-gatherers","subjecto":"Caribbean hunter-gatherers","area":22.78},"geometry":{"type":"Point","coordinates":[-69.505,9.961]}},{"type":"Feature","properties":{"kind":"label","name":"Patagonian shellfish and marine mammal hunters","subjecto":"Patagonian shellfish and marine mammal hunters","area":26.12},"geometry":{"type":"Point","coordinates":[-72.925,-50.159]}},{"type":"Feature","properties":{"kind":"label","name":"Shellfish gatherers","subjecto":"Shellfish gatherers","area":13.02},"geometry":{"type":"Point","coordinates":[-45.715,-22.746]}},{"type":"Feature","properties":{"kind":"label","name":"Savanna hunter-gatherers","subjecto":"Savanna hunter-gatherers","area":417.46},"geometry":{"type":"Point","coordinates":[-58.37,-21.859]}},{"type":"Feature","properties":{"kind":"label","name":"Amazon hunter-gatherers","subjecto":"Amazon hunter-gatherers","area":349.27},"geometry":{"type":"Point","coordinates":[-61.728,-7.737]}},{"type":"Feature","properties":{"kind":"label","name":"Desert hunter-gatherers","subjecto":"Desert hunter-gatherers","area":228.76},"geometry":{"type":"Point","coordinates":[-114.468,37.306]}},{"type":"Feature","properties":{"kind":"label","name":"Plateau fichers and hunter gatherers","subjecto":"Plateau fichers and hunter gatherers","area":88.8},"geometry":{"type":"Point","coordinates":[-117.038,46.234]}},{"type":"Feature","properties":{"kind":"label","name":"North American Pacific foraging, hunting and fishing peoples","subjecto":"North American Pacific foraging, hunting and fishing peoples","area":58.14},"geometry":{"type":"Point","coordinates":[-122.253,44.43]}},{"type":"Feature","properties":{"kind":"label","name":"West African cereal farmers","subjecto":"West African cereal farmers","area":456.38},"geometry":{"type":"Point","coordinates":[43.071,5.884]}},{"type":"Feature","properties":{"kind":"label","name":"Ruanruan","subjecto":"Ruanruan","area":314.09},"geometry":{"type":"Point","coordinates":[89.353,46.994]}},{"type":"Feature","properties":{"kind":"label","name":"Blemmyes","subjecto":"Blemmyes","area":8.81},"geometry":{"type":"Point","coordinates":[35.296,21.771]}},{"type":"Feature","properties":{"kind":"label","name":"Poverty point culture","subjecto":"Poverty point culture","area":1.59},"geometry":{"type":"Point","coordinates":[-93.83,35.318]}},{"type":"Feature","properties":{"kind":"label","name":"Marksville Culture","subjecto":"Marksville Culture","area":14.09},"geometry":{"type":"Point","coordinates":[-92.016,31.346]}},{"type":"Feature","properties":{"kind":"label","name":"Mill Creek Culture","subjecto":"Mill Creek Culture","area":2.12},"geometry":{"type":"Point","coordinates":[-95.115,32.234]}},{"type":"Feature","properties":{"kind":"label","name":"Swift Creek Culture","subjecto":"Swift Creek Culture","area":21.77},"geometry":{"type":"Point","coordinates":[-84.611,32.211]}},{"type":"Feature","properties":{"kind":"label","name":"Miller","subjecto":"Miller","area":4.13},"geometry":{"type":"Point","coordinates":[-89.146,34.345]}},{"type":"Feature","properties":{"kind":"label","name":"Laurel complex","subjecto":"Laurel complex","area":39.38},"geometry":{"type":"Point","coordinates":[-93.379,48.867]}},{"type":"Feature","properties":{"kind":"label","name":"Copena","subjecto":"Copena","area":4.29},"geometry":{"type":"Point","coordinates":[-87.183,33.885]}},{"type":"Feature","properties":{"kind":"label","name":"Porter","subjecto":"Porter","area":4.65},"geometry":{"type":"Point","coordinates":[-88.351,31.902]}},{"type":"Feature","properties":{"kind":"label","name":"Goodall Focus","subjecto":"Goodall Focus","area":5.47},"geometry":{"type":"Point","coordinates":[-85.467,42.646]}},{"type":"Feature","properties":{"kind":"label","name":"Hopewell Culture","subjecto":"Hopewell Culture","area":81.75},"geometry":{"type":"Point","coordinates":[-90.411,41.631]}},{"type":"Feature","properties":{"kind":"label","name":"Saugeen Complex","subjecto":"Saugeen Complex","area":3.25},"geometry":{"type":"Point","coordinates":[-80.894,43.536]}},{"type":"Feature","properties":{"kind":"label","name":"Couture Complex","subjecto":"Couture Complex","area":5.61},"geometry":{"type":"Point","coordinates":[-83.477,42.746]}},{"type":"Feature","properties":{"kind":"label","name":"Point Peninsula","subjecto":"Point Peninsula","area":28.69},"geometry":{"type":"Point","coordinates":[-75.296,45.585]}},{"type":"Feature","properties":{"kind":"label","name":"Plain bison hunters","subjecto":"Plain bison hunters","area":305.77},"geometry":{"type":"Point","coordinates":[-102.425,43.058]}},{"type":"Feature","properties":{"kind":"label","name":"Nazca","subjecto":"Nazca","area":3.24},"geometry":{"type":"Point","coordinates":[-74.954,-14.528]}},{"type":"Feature","properties":{"kind":"label","name":"Caloosahatchee culture","subjecto":"Caloosahatchee culture","area":5.14},"geometry":{"type":"Point","coordinates":[-81.165,26.984]}},{"type":"Feature","properties":{"kind":"label","name":"Empire of Ghana","subjecto":"Empire of Ghana","area":28.21},"geometry":{"type":"Point","coordinates":[-7.821,15.869]}},{"type":"Feature","properties":{"kind":"label","name":"Western Roman Empire","subjecto":"Western Roman Empire","area":7.06},"geometry":{"type":"Point","coordinates":[-3.136,52.02]}},{"type":"Feature","properties":{"kind":"label","name":"Suebi","subjecto":"Suebi","area":11.45},"geometry":{"type":"Point","coordinates":[-7.025,42.117]}},{"type":"Feature","properties":{"kind":"label","name":"Basques","subjecto":"Basques","area":6.46},"geometry":{"type":"Point","coordinates":[-1.845,42.696]}},{"type":"Feature","properties":{"kind":"label","name":"Anglo-Saxons","subjecto":"Anglo-Saxons","area":10.1},"geometry":{"type":"Point","coordinates":[-0.642,52.081]}},{"type":"Feature","properties":{"kind":"label","name":"Turingians","subjecto":"Turingians","area":9.49},"geometry":{"type":"Point","coordinates":[9.781,49.748]}},{"type":"Feature","properties":{"kind":"label","name":"Ostrogoths","subjecto":"","area":61.97},"geometry":{"type":"Point","coordinates":[16.893,45.856]}},{"type":"Feature","properties":{"kind":"label","name":"Burgundians","subjecto":"Burgundians","area":14.29},"geometry":{"type":"Point","coordinates":[5.353,46.07]}},{"type":"Feature","properties":{"kind":"label","name":"Saxons","subjecto":"Saxons","area":13.34},"geometry":{"type":"Point","coordinates":[7.691,52.475]}},{"type":"Feature","properties":{"kind":"label","name":"Armorica","subjecto":"Armorica","area":2.49},"geometry":{"type":"Point","coordinates":[-2.751,48.098]}},{"type":"Feature","properties":{"kind":"label","name":"Vandals","subjecto":"Vandals","area":28.11},"geometry":{"type":"Point","coordinates":[9.39,35.615]}},{"type":"Feature","properties":{"kind":"label","name":"Fourche Maline Culture","subjecto":"Fourche Maline Culture","area":7.05},"geometry":{"type":"Point","coordinates":[-94.599,33.901]}},{"type":"Feature","properties":{"kind":"label","name":"Kurykans","subjecto":"Kurykans","area":28.73},"geometry":{"type":"Point","coordinates":[106.683,52.068]}},{"type":"Feature","properties":{"kind":"label","name":"Swedes","subjecto":"Swedes","area":3.78},"geometry":{"type":"Point","coordinates":[17.853,59.841]}},{"type":"Feature","properties":{"kind":"label","name":"Cheras","subjecto":"Cheras","area":1.42},"geometry":{"type":"Point","coordinates":[77.045,9.629]}},{"type":"Feature","properties":{"kind":"label","name":"Western Gangas","subjecto":"Western Gangas","area":4.28},"geometry":{"type":"Point","coordinates":[76.67,11.307]}},{"type":"Feature","properties":{"kind":"label","name":"Cholas","subjecto":"Cholas","area":1.42},"geometry":{"type":"Point","coordinates":[78.211,9.686]}},{"type":"Feature","properties":{"kind":"label","name":"Kadambas","subjecto":"Kadambas","area":6.67},"geometry":{"type":"Point","coordinates":[76.002,13.648]}},{"type":"Feature","properties":{"kind":"label","name":"Pallavas","subjecto":"Pallavas","area":5.37},"geometry":{"type":"Point","coordinates":[78.697,11.465]}},{"type":"Feature","properties":{"kind":"label","name":"Vishnu-Kundins","subjecto":"Vishnu-Kundins","area":5.93},"geometry":{"type":"Point","coordinates":[78.4,13.944]}},{"type":"Feature","properties":{"kind":"label","name":"Khoisan","subjecto":"Khoisan","area":936.6},"geometry":{"type":"Point","coordinates":[26.564,-9.778]}},{"type":"Feature","properties":{"kind":"label","name":"Jin Empire","subjecto":"Jin Empire","area":237.78},"geometry":{"type":"Point","coordinates":[107.319,27.53]}},{"type":"Feature","properties":{"kind":"label","name":"Funan","subjecto":"Funan","area":30.39},"geometry":{"type":"Point","coordinates":[105.023,13.123]}},{"type":"Feature","properties":{"kind":"label","name":"Lavo","subjecto":"Lavo","area":16.27},"geometry":{"type":"Point","coordinates":[99.449,14.629]}},{"type":"Feature","properties":{"kind":"label","name":"Franks","subjecto":"Franks","area":39.85},"geometry":{"type":"Point","coordinates":[5.213,49.834]}},{"type":"Feature","properties":{"kind":"label","name":"Visigoths","subjecto":"Visigoths","area":62.9},"geometry":{"type":"Point","coordinates":[-3.542,39.417]}},{"type":"Feature","properties":{"kind":"label","name":"Tuʻi Tonga Empire","subjecto":"Tuʻi Tonga Empire","area":0.57},"geometry":{"type":"Point","coordinates":[177.82,-17.82]}}]}