{"type":"FeatureCollection","features":[{"type":"Feature","id":1,"properties":{"name":"Luxembourg","subjecto":"Luxembourg","partof":"Luxembourg","precision":3},"geometry":{"type":"Polygon","coordinates":[[[5.8235,49.50711],[6.11233,49.47865],[6.36796,49.47348],[6.43304,49.44533],[6.39945,49.60419],[6.51136,49.66893],[6.53092,49.79843],[6.32148,49.84161],[6.1366,49.98198],[6.10851,50.11745],[6.00744,50.14997],[5.94378,50.11381],[5.83376,50.04741],[5.73792,49.90246],[5.74506,49.75526],[5.8844,49.66354],[5.8235,49.50711]]]}},{"type":"Feature","id":2,"properties":{"name":"Cyprus","subjecto":"Cyprus","partof":"Cyprus","precision":3},"geometry":{"type":"Polygon","coordinates":[[[32.65909,35.13824],[32.59698,35.15557],[32.48312,35.15294],[32.30099,35.01626],[32.23446,35.01363],[32.18048,35.05831],[32.14372,35.04254],[32.1985,34.86139],[32.27098,34.81416],[32.27109,34.7197],[32.35718,34.68034],[32.60339,34.61473],[32.78414,34.62523],[32.81666,34.53864],[32.91452,34.54126],[32.91455,34.63573],[32.95862,34.65934],[33.13139,34.68034],[33.48394,34.79579],[33.53851,34.94416],[33.67646,34.93546],[33.67125,34.9963],[33.52906,35.00439],[33.41648,34.93804],[33.38489,35.12078],[33.14789,35.12724],[32.83585,35.00924],[32.64626,35.09493],[32.65909,35.13824]]]}},{"type":"Feature","id":3,"properties":{"name":"Japan","subjecto":"Japan","partof":"Japan","precision":3},"geometry":{"type":"MultiPolygon","coordinates":[[[[136.72186,37.26593],[136.64042,37.17028],[136.6685,36.6675],[136.50152,36.46351],[136.18727,36.202],[135.97789,35.97255],[135.92652,35.76253],[135.92803,35.60352],[135.72711,35.45048],[135.43248,35.36084],[135.35766,35.32254],[135.18804,35.44301],[135.15698,35.64647],[134.75584,35.53117],[134.22357,35.45377],[133.80406,35.42748],[133.22862,35.31184],[133.00621,35.25415],[132.98077,35.44487],[132.78869,35.38725],[132.66285,35.38063],[131.67228,34.50195],[131.3341,34.29177],[131.10977,34.24054],[130.89233,34.24644],[130.81163,34.11931],[130.77932,33.9669],[130.89904,33.90367],[131.39416,33.93642],[131.65487,33.91156],[131.99496,33.80434],[131.99731,34.09001],[132.18348,34.28717],[132.38665,34.26854],[132.48118,34.12909],[132.84773,34.26313],[133.58914,34.44237],[133.70426,34.42993],[133.8253,34.38574],[134.02172,34.46867],[134.2135,34.57062],[134.42732,34.62818],[134.78247,34.55274],[134.93568,34.54035],[135.20571,34.61708],[135.28681,34.59819],[135.31703,34.47131],[135.23674,34.35054],[135.01397,34.20409],[134.96925,34.13417],[135.05696,33.76619],[135.06292,33.69002],[135.19151,33.60142],[135.44601,33.50672],[135.75567,33.34232],[135.99099,33.72367],[136.19923,34.00339],[136.39376,34.11171],[136.76687,34.1696],[136.89859,34.25873],[136.71134,34.40434],[136.52368,34.49281],[136.50706,34.51818],[136.58659,34.67703],[136.61694,34.7596],[136.73385,34.87409],[137.04179,34.72874],[137.24823,34.48161],[137.53175,34.52662],[137.75918,34.55247],[138.14906,34.52788],[138.29521,34.76303],[138.45016,34.90299],[138.58897,34.97309],[138.68374,34.99234],[138.75103,34.92265],[138.74983,34.6497],[138.77944,34.57995],[138.86383,34.56743],[139.02284,34.68834],[139.05291,35.02489],[139.20864,35.16507],[139.4226,35.16551],[139.68267,35.44583],[139.91371,35.55441],[140.00289,35.49736],[139.92047,35.2619],[139.7881,34.96284],[139.8301,34.83598],[140.31662,35.03382],[140.39494,35.40912],[140.4699,35.48559],[140.55686,35.54301],[140.83425,35.67712],[140.64476,35.83575],[140.55545,35.96914],[140.54663,36.28722],[140.6556,36.61831],[140.96394,36.95626],[140.9822,37.2682],[140.92323,37.62462],[140.88087,37.73915],[140.87222,37.91745],[140.95059,38.12141],[141.02447,38.21074],[141.09666,38.26184],[141.42874,38.38992],[141.49639,38.4219],[141.4671,38.58749],[141.56858,38.78521],[141.88783,39.12997],[141.99852,39.44888],[141.99812,39.67199],[141.67561,40.31622],[141.56625,40.45672],[141.46714,40.51409],[141.4412,40.78918],[141.4483,41.17971],[141.43688,41.26936],[141.28579,41.37154],[141.08702,41.44162],[140.7745,41.25523],[140.93682,41.11466],[141.07664,41.10214],[141.15255,40.86542],[140.79335,40.74949],[140.65698,40.72361],[140.56716,40.82583],[140.4728,40.98568],[140.38641,40.9855],[140.23912,40.83799],[140.15972,40.72901],[139.91516,40.57495],[139.98503,40.11462],[139.91035,39.98661],[139.80464,39.89075],[139.86213,39.78247],[140.01109,39.69351],[140.03009,39.48318],[139.96794,39.20897],[139.89608,38.9985],[139.74142,38.7433],[139.74572,38.67958],[139.50393,38.41788],[139.43985,38.18844],[139.35388,38.06724],[139.19793,37.92043],[138.85615,37.73506],[138.69897,37.4482],[138.49203,37.30135],[138.31724,37.20551],[137.57182,36.89208],[137.46403,36.85368],[137.27592,36.69419],[137.1762,36.64307],[137.04533,36.66826],[136.98303,36.83361],[137.01377,37.03735],[137.11817,37.14577],[137.33493,37.27354],[137.30964,37.43265],[136.81085,37.31068],[136.72186,37.26593]]],[[[132.69876,32.54886],[132.90069,32.6699],[132.96968,32.76526],[133.04386,32.99395],[133.15415,33.21637],[133.24098,33.29906],[133.51652,33.39485],[133.72689,33.37624],[133.91749,33.24332],[133.99859,33.14827],[134.38769,33.54264],[134.51913,33.65082],[134.56475,33.84135],[134.60977,33.89858],[134.54042,34.0127],[134.15267,34.11346],[134.01023,34.18933],[133.80564,34.17622],[133.60301,34.03616],[133.46292,33.88352],[133.24548,33.80056],[132.96868,33.79364],[132.78431,33.90752],[132.57937,33.64049],[132.44995,33.51961],[132.12112,33.34755],[132.34257,33.10677],[132.42186,32.92918],[132.46705,32.75788],[132.56758,32.63747],[132.69876,32.54886]]],[[[130.74401,30.88783],[130.95968,31.19303],[131.04879,31.27575],[131.12312,31.30764],[131.21063,31.35227],[131.31929,31.51121],[131.36874,31.80336],[131.40686,32.08277],[131.45362,32.24793],[131.563,32.43225],[131.83099,32.69309],[131.79528,32.80728],[131.59562,33.00367],[131.41355,33.11122],[131.66983,33.30853],[131.56875,33.48606],[131.28604,33.39026],[131.09251,33.42796],[130.97111,33.50389],[130.85948,33.67506],[130.6444,33.7],[130.42657,33.67417],[130.31767,33.54699],[130.17616,33.3372],[129.85826,33.26037],[129.52804,33.29777],[129.34338,33.15139],[129.46087,32.98658],[129.63034,32.86631],[129.73373,32.63798],[129.84591,32.58742],[130.03459,32.81],[130.10752,32.93078],[130.2574,32.91204],[130.49653,32.55702],[130.48117,32.3475],[130.44396,32.28393],[130.13494,32.023],[130.05888,31.97206],[130.21933,31.55972],[130.20515,31.42637],[130.06011,31.21656],[130.08627,31.12139],[130.23294,31.02646],[130.4044,31.22998],[130.47444,31.43963],[130.58192,31.52874],[130.73246,31.47825],[130.67454,31.21149],[130.55413,30.96998],[130.57931,30.90655],[130.74401,30.88783]]],[[[140.11245,41.27311],[140.2686,41.32467],[140.4429,41.53643],[140.58888,41.67771],[140.70597,41.69717],[140.84342,41.63976],[140.97927,41.65285],[141.15504,41.74934],[141.01947,41.87086],[140.76766,42.00501],[140.24552,42.22844],[140.22344,42.36311],[140.42146,42.48543],[140.54087,42.537],[140.69352,42.55014],[140.8607,42.39004],[140.92962,42.25546],[141.39691,42.51944],[141.721,42.53935],[141.92813,42.50126],[142.84231,42.06685],[143.0335,41.95823],[143.21376,41.92654],[143.33038,42.19611],[143.50859,42.42098],[143.84793,42.77465],[144.00285,42.87769],[144.16639,42.94223],[144.37011,42.94905],[144.59019,42.85958],[144.75416,42.86633],[144.99469,42.93744],[145.19592,43.04702],[145.44813,43.16956],[145.35955,43.32999],[145.14857,43.5995],[145.05938,43.78577],[145.2099,44.03689],[145.3486,44.19799],[145.34761,44.24304],[145.13999,44.17828],[144.75044,43.88161],[144.61383,43.84276],[144.4866,43.86181],[144.0281,43.95093],[143.79023,44.02764],[143.50817,44.15576],[143.0205,44.46368],[142.53904,44.84265],[142.13218,45.20968],[141.90396,45.40314],[141.87533,45.43542],[141.59742,45.27972],[141.52278,45.18263],[141.5666,44.96957],[141.74572,44.62857],[141.74269,44.24879],[141.70942,43.91419],[141.50669,43.80445],[141.30192,43.72047],[141.30365,43.18703],[141.06417,43.09663],[140.89656,43.13483],[140.59892,43.32699],[140.49824,43.32036],[140.37356,43.18519],[140.51683,43.057],[140.49983,42.89641],[140.20896,42.7289],[139.97396,42.6514],[139.71174,42.4776],[139.7772,42.11205],[139.85249,42.03525],[140.0997,41.94597],[140.12449,41.79215],[139.97775,41.50347],[140.01261,41.38181],[140.11245,41.27311]]]]}},{"type":"Feature","id":4,"properties":{"name":"Bhutan","subjecto":"Bhutan","partof":"Bhutan","precision":3},"geometry":{"type":"Polygon","coordinates":[[[91.60775,27.64145],[91.45962,27.91988],[91.31903,28.01427],[91.15225,28.03237],[90,28.05347],[90,28.27993],[89.86341,28.27251],[89.63974,28.11889],[89.36553,27.87613],[88.80258,27.18099],[88.76133,27.12997],[88.86753,26.9084],[89.15376,26.82753],[89.40531,26.79089],[89.83439,26.68545],[90,26.7186],[90,26.77875],[91.16185,26.75022],[91.62821,26.7783],[91.9089,26.8053],[92.00631,27.06612],[91.99893,27.19303],[91.88308,27.30027],[91.74181,27.3312],[91.59492,27.46365],[91.57608,27.57145],[91.60775,27.64145]]]}},{"type":"Feature","id":5,"properties":{"name":"Western Sahara","subjecto":"Western Sahara","partof":"Western Sahara","precision":3},"geometry":{"type":"Polygon","coordinates":[[[-17.01608,21.31415],[-16.80259,21.30828],[-14.52804,21.28341],[-13.44971,21.27699],[-13.12013,21.29162],[-13.0244,21.27946],[-13.04733,21.7752],[-13.12093,22.46772],[-13.11656,22.7856],[-13.00449,22.95791],[-12.7458,23.15013],[-12.41909,23.29189],[-12.05501,23.42115],[-11.99053,23.47874],[-11.94614,24.64874],[-11.91452,25.6661],[-11.89322,25.89509],[-11.64272,25.92832],[-8.94025,25.91852],[-8.68841,25.91362],[-8.6417,26.09189],[-8.64279,26.38431],[-8.62915,27.17268],[-8.64121,27.56676],[-9.28045,27.56309],[-10.05368,27.56499],[-11.25804,27.56441],[-12.38805,27.56427],[-13.12364,27.54634],[-13.31602,27.16368],[-13.46632,26.81383],[-13.62873,26.59106],[-14.0058,26.36148],[-14.18776,26.27213],[-14.36725,26.11923],[-14.66006,25.63563],[-14.79722,25.146],[-14.82005,24.73288],[-14.97521,24.51012],[-15.60704,23.98132],[-15.71403,23.87306],[-16.24251,22.72168],[-16.35253,22.49266],[-16.5719,22.238],[-16.80602,21.98965],[-16.98365,21.59527],[-17.01608,21.31415]]]}},{"type":"Feature","id":6,"properties":{"name":"Qatar","subjecto":"Qatar","partof":"Qatar","precision":3},"geometry":{"type":"Polygon","coordinates":[[[51.28783,24.41078],[51.41201,24.60569],[51.55892,24.81565],[51.60615,24.98729],[51.55286,25.10153],[51.53905,25.42018],[51.58667,25.60912],[51.53446,25.75585],[51.50593,25.84528],[51.3888,25.88726],[51.35767,26.02896],[51.21702,26.06647],[51.06883,25.94546],[50.98896,25.67209],[51.01539,25.58812],[50.93111,25.53857],[50.84732,25.26522],[50.89618,24.90955],[50.96495,24.71275],[50.96833,24.43624],[51.11975,24.39866],[51.28783,24.41078]]]}},{"type":"Feature","id":7,"properties":{"name":"United Arab Emirates","subjecto":"United Arab Emirates","partof":"United Arab Emirates","precision":3},"geometry":{"type":"Polygon","coordinates":[[[51.11975,24.39866],[51.58892,23.40958],[51.83545,22.89008],[51.9529,22.48419],[53.46609,22.31512],[54.99007,22.11435],[55.36738,22.06571],[55.6301,22.27689],[55.69875,22.3027],[55.67,22.38512],[55.65925,23.31886],[55.65806,23.74447],[55.89931,24.01267],[55.9889,24.16564],[55.95562,24.76255],[56.00409,24.94069],[56.18477,24.90362],[56.40526,24.91875],[56.40626,25.30869],[56.36602,25.45472],[56.16131,25.47334],[56.10691,25.46238],[56.06259,25.49112],[56.06418,25.57038],[56.11254,25.70479],[56.22418,25.89411],[56.15673,25.96648],[56.01546,25.77163],[55.63346,25.45317],[55.53049,25.37295],[55.4572,25.42018],[55.0908,25.02004],[54.77082,24.73348],[54.71206,24.59994],[54.59216,24.37733],[54.48741,24.34434],[54.3471,24.15445],[54.27599,24.10982],[54.10752,24.10293],[54.0063,24.18165],[54.01653,24.05046],[53.68676,23.98748],[53.07571,24.08719],[53.04023,24.03996],[52.93944,24.02442],[52.67165,24.07468],[52.48116,24.0557],[52.38303,24.10818],[52.30105,24.08195],[52.25464,23.98748],[51.9456,23.9455],[51.76457,24.00286],[51.5859,24.00322],[51.60644,24.20265],[51.52285,24.16066],[51.45417,24.21823],[51.29142,24.28137],[51.28783,24.41078],[51.11975,24.39866]]]}},{"type":"Feature","id":8,"properties":{"name":"Mali","subjecto":"Mali","partof":"Mali","precision":3},"geometry":{"type":"Polygon","coordinates":[[[-4.86576,24.9949],[-5.10108,24.93632],[-6.55529,24.89612],[-6.53322,24.54662],[-6.12439,20.96374],[-6.03896,20.30312],[-5.95883,19.52171],[-5.8127,18.283],[-5.72167,17.20924],[-5.63813,16.54863],[-5.31252,16.19458],[-5.48312,15.46891],[-8.38879,15.46451],[-9.26754,15.45297],[-9.69288,15.2979],[-9.86689,15.28417],[-10.08528,15.3083],[-10.4062,15.36998],[-10.64713,15.42578],[-10.67405,15.33026],[-10.64931,15.19691],[-10.69746,15.07585],[-10.90158,15.11278],[-10.99767,15.1885],[-11.25321,15.56206],[-11.37064,15.61222],[-11.5515,15.57937],[-11.665,15.46428],[-11.74626,15.21588],[-11.75437,14.94248],[-11.9038,14.81446],[-12.13181,14.63511],[-12.15725,14.4824],[-12.04432,13.98723],[-11.97964,13.68883],[-11.88068,13.47328],[-11.79906,13.38476],[-11.54964,13.24002],[-11.43056,13.08816],[-11.39383,12.71333],[-11.39589,12.45904],[-11.42356,12.39531],[-11.37266,12.38289],[-11.29142,12.30074],[-10.89445,11.97888],[-10.65349,11.85953],[-10.53992,11.97463],[-10.32639,12.16024],[-10.17423,12.14841],[-10.0138,12.07945],[-9.75937,12.01102],[-9.566,12.12023],[-9.43117,12.26723],[-9.12342,12.45977],[-8.97825,12.43519],[-8.8675,12.30871],[-8.85764,12.15621],[-8.73556,11.78188],[-8.6165,11.57916],[-8.40334,11.3643],[-8.24644,11.04104],[-8.15905,10.52666],[-7.90747,10.12132],[-7.67272,10.36427],[-7.51422,10.39063],[-7.25939,10.24594],[-7.05446,10.0501],[-6.89703,10.15274],[-6.73383,10.36347],[-6.4768,10.58112],[-6.36915,10.63262],[-6.25331,10.61423],[-6.18704,10.51927],[-6.18526,10.3858],[-6.13244,10.21448],[-6.06605,10.10682],[-5.90755,10.13318],[-5.63544,10.31278],[-5.56379,10.3577],[-5.52793,10.37697],[-5.50715,10.44702],[-5.42955,10.59369],[-5.312,11.00756],[-5.25202,11.40202],[-5.2781,11.73877],[-5.21452,11.85357],[-5.09888,11.8606],[-4.89728,11.93172],[-4.6529,12.05394],[-4.51028,12.22005],[-4.37869,12.69123],[-4.21903,13.23883],[-4.04009,13.41152],[-3.91723,13.43767],[-3.78529,13.31131],[-3.53704,13.14751],[-3.33478,13.19321],[-3.25627,13.29538],[-3.07936,13.6651],[-2.85804,13.96516],[-2.5711,14.24654],[-2.44829,14.29176],[-2.21522,14.19778],[-2.06932,14.11602],[-1.94594,14.10403],[-1.80446,14.46082],[-1.66762,14.56333],[-1.24145,14.76925],[-0.69263,15.09031],[-0.52591,15.12308],[-0.36571,15.06682],[0.27397,14.96253],[0.53555,14.92592],[0.84059,14.9023],[1.10115,15.02461],[1.35414,15.21678],[1.44836,15.24913],[2.26148,15.30476],[3.40162,15.34326],[3.5322,15.40124],[3.68443,15.5229],[3.95249,15.88043],[4.14786,16.44092],[4.21281,16.85446],[4.24877,17.2551],[4.24839,17.68732],[4.23321,18.67878],[4.20384,19.13626],[3.22517,18.95255],[3.1589,19.2064],[3.2314,19.51193],[3.18709,19.74686],[3.06243,19.90502],[2.9233,19.95506],[2.5867,19.9658],[2.41814,20.0411],[2.15372,20.2938],[1.942,20.15272],[1.83948,20.16484],[1.33928,20.63228],[1.16277,20.75838],[1.12567,20.84079],[1.16865,21.01902],[1.08737,21.13296],[-0.02486,21.79389],[-0.20366,21.90792],[-0.78538,22.2789],[-1.65116,22.84594],[-3.12872,23.85442],[-3.4936,24.11292],[-4.41793,24.71781],[-4.82077,24.95702],[-4.86576,24.9949]]]}},{"type":"Feature","id":9,"properties":{"name":"Oman","subjecto":"Oman","partof":"Oman","precision":3},"geometry":{"type":"MultiPolygon","coordinates":[[[[56.15673,25.96648],[56.22418,25.89411],[56.11254,25.70479],[56.06418,25.57038],[56.06259,25.49112],[56.10691,25.46238],[56.16131,25.47334],[56.21485,25.54334],[56.40503,25.86138],[56.36705,26.23612],[56.29731,26.15973],[56.15673,25.96648]]],[[[56.40526,24.91875],[56.18477,24.90362],[56.00409,24.94069],[55.95562,24.76255],[55.9889,24.16564],[55.89931,24.01267],[55.65806,23.74447],[55.65925,23.31886],[55.67,22.38512],[55.69875,22.3027],[55.9602,21.89131],[56.03019,21.2374],[53.62436,19.89562],[52.56737,19.34945],[51.80605,18.98288],[51.8475,18.68452],[51.94877,18.39922],[52.2209,17.96244],[52.6405,17.34864],[52.69754,17.23462],[52.69492,17.10118],[52.91244,16.79114],[53.02095,16.65377],[53.33573,16.76338],[53.68125,16.89754],[54.08426,17.01912],[54.40687,17.04522],[54.75608,16.95067],[54.91061,16.97006],[55.19484,17.14856],[55.23564,17.28843],[55.23444,17.44726],[55.29041,17.6761],[55.38949,17.80974],[55.56107,17.93717],[55.70812,17.95018],[55.88155,17.93151],[56.01284,17.93179],[56.25759,17.97677],[56.45755,18.09156],[56.54936,18.21883],[56.6086,18.46674],[56.73889,18.68938],[56.90431,18.8168],[57.18621,18.93811],[57.65703,18.97089],[57.83863,19.03481],[57.77843,19.31421],[57.77755,19.66999],[57.80608,20.17196],[57.93127,20.40094],[58.04437,20.43295],[58.15045,20.39506],[58.40309,20.35747],[58.51205,20.42123],[58.86135,21.11448],[59.25885,21.47745],[59.53569,21.80205],[59.83728,22.27918],[59.82569,22.37445],[59.46142,22.53887],[59.25432,22.72901],[59.02164,23.02076],[58.62849,23.4583],[58.46466,23.50877],[58.20529,23.49552],[58.08072,23.50161],[57.90422,23.57111],[57.45101,23.80522],[57.1462,23.98247],[56.79419,24.26761],[56.6108,24.47688],[56.40538,24.81951],[56.40526,24.91875]]]]}},{"type":"Feature","id":10,"properties":{"name":"Niger","subjecto":"Niger","partof":"Niger","precision":3},"geometry":{"type":"Polygon","coordinates":[[[2.32013,12.17146],[2.57993,12.30648],[2.7245,12.33911],[2.87704,12.2129],[3.20376,11.94787],[3.6097,11.72144],[3.65144,12.15391],[3.72241,12.5357],[3.88092,12.75275],[4.19021,13.47918],[4.49414,13.65896],[4.9731,13.7434],[5.50139,13.79203],[6.00154,13.73777],[6.37119,13.61283],[6.86371,13.06276],[6.95783,13.01882],[7.12439,13.01981],[7.7258,13.2649],[7.93596,13.31699],[8.09527,13.27979],[8.62328,12.94604],[9.05742,12.82148],[9.47736,12.82396],[9.60053,12.85011],[9.88356,13.02976],[10.0652,13.17701],[10.41347,13.30619],[10.69622,13.35235],[11.01511,13.3733],[11.25408,13.35564],[11.65193,13.2563],[11.97735,13.16925],[12.25197,13.07552],[12.36802,13.10164],[12.7107,13.41509],[12.91462,13.54977],[13.11101,13.63991],[13.53873,13.65515],[13.53256,13.77587],[13.47752,14.09969],[13.48041,14.40478],[13.73799,14.76222],[14.12949,15.36196],[14.39534,15.71309],[15.48863,16.88894],[15.51387,17.09883],[15.52936,17.58829],[15.5376,18.05865],[15.56524,18.37658],[15.55514,18.61803],[15.59286,19.06312],[15.66841,19.55293],[15.78739,19.9985],[15.96228,20.32364],[15.64554,20.59508],[15.39632,20.95588],[15.20761,21.41872],[15.13139,22.00297],[14.96771,22.96803],[14.28439,22.63993],[14.1801,22.56941],[13.64361,22.97939],[13.52738,23.06133],[13.07379,23.21123],[12.33359,23.41031],[11.95901,23.47169],[11.8399,23.38837],[11.10569,23.00913],[9.30031,22.00078],[8.57708,21.57073],[7.53845,20.91636],[7.16313,20.6218],[5.77547,19.44419],[4.95654,19.28049],[4.20384,19.13626],[4.23321,18.67878],[4.24839,17.68732],[4.24877,17.2551],[4.21281,16.85446],[4.14786,16.44092],[3.95249,15.88043],[3.68443,15.5229],[3.5322,15.40124],[3.40162,15.34326],[2.26148,15.30476],[1.44836,15.24913],[1.35414,15.21678],[1.10115,15.02461],[0.84059,14.9023],[0.53555,14.92592],[0.27397,14.96253],[0.19632,14.66332],[0.20489,14.48539],[0.3965,14.06699],[0.58655,13.84564],[0.76132,13.7259],[0.98723,13.53656],[1.06771,13.41626],[1.07557,13.32096],[0.92473,13.12302],[0.97608,13.02162],[1.41266,12.68096],[1.64478,12.5997],[1.81115,12.61975],[2.06455,12.60854],[2.32013,12.17146]]]}},{"type":"Feature","id":11,"properties":{"name":"Chad","subjecto":"Chad","partof":"Chad","precision":3},"geometry":{"type":"Polygon","coordinates":[[[14.03344,13.06062],[14.31544,13.01145],[14.40924,12.97386],[14.82424,12.41701],[15.00175,12.01764],[15.05536,11.47771],[14.9954,11.18499],[15.07121,10.63248],[15.16351,10.37243],[15.33514,10.08743],[15.42845,9.99265],[15.44983,9.93557],[15.34847,9.87141],[15.04521,9.85691],[14.51134,9.94273],[14.29491,9.97957],[14.18645,9.93444],[14.05601,9.79383],[13.91086,9.55146],[14.40007,9.07129],[15.00443,8.54098],[15.29155,8.05962],[15.46344,7.58394],[15.55696,7.50187],[15.60012,7.46399],[15.70818,7.45192],[15.91013,7.52304],[16.52362,7.83177],[16.74617,7.53435],[16.84697,7.50317],[16.94791,7.51648],[17.1573,7.63849],[17.49668,7.81211],[17.86479,7.93506],[18.26125,7.93106],[18.42712,7.94476],[18.54276,8.009],[18.83387,8.53827],[18.88647,8.90087],[18.9808,8.99041],[19.17575,9.01699],[20.15707,9.04188],[20.33051,9.08104],[21.52312,10.10504],[21.61123,10.23267],[21.61339,10.41699],[21.6877,10.58904],[21.85514,10.69172],[22.27784,10.96752],[22.4229,11.00651],[22.56736,11.00101],[22.81895,10.90717],[22.88672,11.09823],[22.8747,11.2634],[22.75497,11.47244],[22.55533,11.65556],[22.48508,11.78861],[22.42371,12.0234],[22.32437,12.57575],[22.26096,12.67705],[22.10903,12.68251],[21.87672,12.64301],[21.77804,12.80131],[21.9204,13.07544],[22.16432,13.3438],[22.20342,13.49656],[22.04971,13.79437],[22.07357,13.90254],[22.39646,14.09511],[22.4637,14.19084],[22.40485,14.49555],[22.4599,14.69288],[22.72214,15.05667],[22.90978,15.61704],[23.01307,15.6812],[23.57317,15.70357],[23.95094,15.69943],[23.96883,15.82664],[23.95474,16.37945],[23.93839,16.83056],[23.95551,17.16748],[23.91733,18.29209],[23.93394,18.57816],[23.94084,19.00396],[23.94972,19.47428],[23.05789,19.90755],[20.54801,21.16387],[18.32473,22.23128],[15.97052,23.38059],[15.78583,23.3541],[14.96771,22.96803],[15.13139,22.00297],[15.20761,21.41872],[15.39632,20.95588],[15.64554,20.59508],[15.96228,20.32364],[15.78739,19.9985],[15.66841,19.55293],[15.59286,19.06312],[15.55514,18.61803],[15.56524,18.37658],[15.5376,18.05865],[15.52936,17.58829],[15.51387,17.09883],[15.48863,16.88894],[14.39534,15.71309],[14.12949,15.36196],[13.73799,14.76222],[13.48041,14.40478],[13.47752,14.09969],[13.53256,13.77587],[13.53873,13.65515],[13.61689,13.47765],[13.87568,13.244],[14.03344,13.06062]]]}},{"type":"Feature","id":12,"properties":{"name":"Vietnam","subjecto":"Vietnam","partof":"Vietnam","precision":3},"geometry":{"type":"Polygon","coordinates":[[[101.96785,22.53372],[102.17059,22.19838],[102.44641,21.93967],[102.69068,21.66806],[102.84288,21.24988],[102.99294,20.93963],[103.26622,20.7444],[103.47792,20.65673],[103.60707,20.68288],[103.83614,20.9001],[104.0112,20.97732],[104.12909,20.93991],[104.32408,20.63628],[104.71582,20.20044],[104.71968,19.97188],[104.60506,19.82517],[104.48754,19.74194],[104.35847,19.71579],[104.14458,19.74629],[104.00476,19.70102],[103.88008,19.53521],[103.89931,19.31309],[104.52772,18.93579],[104.81216,18.72157],[105.09864,18.43116],[105.41265,18.08375],[106.16977,17.12932],[106.42636,16.71806],[106.63819,16.48434],[106.94635,16.30833],[107.10752,16.16957],[107.16857,15.9921],[107.06714,15.79464],[107.09976,15.66782],[107.33808,15.45329],[107.43399,15.25698],[107.46341,14.99676],[107.39329,14.58353],[107.29675,14.17648],[107.3097,13.87805],[107.51459,13.42195],[107.4803,13.2566],[107.45782,13.06591],[107.48226,12.58332],[107.3845,12.35408],[107.21138,12.22601],[106.9419,12.14185],[106.52295,11.94245],[106.28805,11.83942],[105.84255,11.58271],[105.73685,11.3915],[105.83406,11.20151],[106.09005,11.0061],[106.10337,10.91723],[106.02708,10.79608],[105.71723,10.88318],[105.49371,10.88822],[105.22409,10.78498],[104.8126,10.54749],[104.52182,10.44412],[104.38718,10.31441],[104.42781,10.28468],[104.76486,10.1774],[104.97853,9.98091],[104.98728,9.82209],[104.89044,9.69481],[104.82238,9.4723],[104.77762,8.88132],[104.74248,8.49367],[104.90708,8.47497],[105.02568,8.51971],[105.20842,8.65353],[105.29659,8.77443],[105.50308,9.02902],[105.69075,9.12472],[105.92659,9.18877],[106.1184,9.33532],[106.22927,9.55158],[106.33506,9.52003],[106.48203,9.55212],[106.65628,9.7431],[106.74861,10.06733],[106.72699,10.22611],[106.70439,10.44842],[106.77316,10.63917],[106.8538,10.57582],[107.03562,10.43642],[107.26572,10.34798],[107.41204,10.36736],[107.67288,10.52676],[107.93872,10.80687],[108.16428,10.96619],[108.35282,11.04283],[108.58152,11.08779],[108.6959,11.14522],[108.8973,11.3426],[109.06131,11.59073],[109.07335,11.63522],[109.04843,11.93377],[109.09095,12.11809],[109.06843,12.48651],[109.17454,12.70909],[109.30712,12.90633],[109.07115,14.17003],[108.91777,14.79226],[108.78612,15.09056],[108.49894,15.36311],[108.36306,15.62327],[108.23615,16.08038],[108.09535,16.25159],[107.80917,16.28274],[107.69202,16.37143],[107.11497,16.95461],[106.62226,17.32836],[106.43306,17.55028],[106.39384,17.66454],[106.37519,17.89954],[106.36444,18.0075],[105.86413,18.4892],[105.65332,18.74284],[105.53258,18.84421],[105.70697,19.28288],[105.84339,19.70241],[105.96487,19.88052],[106.04167,19.93785],[106.28143,20.04636],[106.38092,20.11009],[106.77157,20.63814],[106.74625,20.81595],[106.80704,20.90501],[107.37434,20.88079],[107.46579,20.97627],[107.41781,21.18579],[107.78977,21.40254],[107.87561,21.46207],[107.78662,21.52631],[107.37753,21.57472],[107.09812,21.64929],[106.67344,21.92617],[106.55056,22.09054],[106.5074,22.32519],[106.71984,22.66293],[106.69453,22.8342],[106.58803,22.92881],[106.23814,22.90774],[105.94114,22.9314],[105.59397,23.03732],[105.31343,23.296],[105.17943,23.25078],[104.94455,23.10339],[104.63144,22.85396],[104.47811,22.78323],[104.115,22.73033],[103.39727,22.70711],[103.24778,22.65544],[102.98506,22.46979],[102.83885,22.51338],[102.57036,22.6896],[102.41699,22.69506],[102.18545,22.63658],[101.96785,22.53372]]]}},{"type":"Feature","id":13,"properties":{"name":"Cuba","subjecto":"Cuba","partof":"Cuba","precision":3},"geometry":{"type":"Polygon","coordinates":[[[-82.17723,22.36591],[-81.79231,22.2078],[-81.57234,22.16377],[-81.05317,22.13309],[-80.77649,22.1019],[-80.44417,21.99453],[-80.01403,21.77296],[-79.73455,21.67185],[-79.35811,21.60909],[-78.90589,21.62911],[-78.72788,21.61679],[-78.62955,21.54707],[-78.51363,21.30577],[-78.45036,20.969],[-78.15738,20.81707],[-77.88634,20.76679],[-77.57123,20.76746],[-77.29118,20.7045],[-77.2099,20.64746],[-77.09873,20.53328],[-77.17661,20.35513],[-77.5041,20.07475],[-77.66295,19.90279],[-77.46084,19.87143],[-77.24315,19.88461],[-76.81869,19.93637],[-76.39846,20.0199],[-75.99336,20.00169],[-75.51906,19.90735],[-75.23723,19.93338],[-74.71964,20.11245],[-74.27816,20.15154],[-74.17339,20.18989],[-74.34485,20.32301],[-74.61083,20.44957],[-74.83906,20.62072],[-75.06189,20.69652],[-75.40194,20.66401],[-75.65366,20.68255],[-75.75853,20.75225],[-75.60392,21.01319],[-75.75091,21.12094],[-76.20891,21.19625],[-76.97577,21.42981],[-77.19126,21.44841],[-77.33982,21.51166],[-77.5078,21.75921],[-77.71177,21.89863],[-78.17057,22.12013],[-78.72329,22.27787],[-79.06899,22.32799],[-79.33042,22.40372],[-79.50222,22.51778],[-79.75995,22.75878],[-79.98462,22.87909],[-80.19896,22.88499],[-80.4497,22.93531],[-80.72122,23.02373],[-81.10256,23.06106],[-81.43115,23.13666],[-81.6857,23.11704],[-82.05678,23.13533],[-82.43557,23.0646],[-82.95926,23.02536],[-83.69039,22.81403],[-84.25644,22.53949],[-84.30804,22.49488],[-84.43469,22.32298],[-84.37718,22.05612],[-84.58989,21.91581],[-84.7064,21.76959],[-84.35246,21.80826],[-84.20862,21.82764],[-84.0305,21.95514],[-83.9453,22.15874],[-83.85055,22.20979],[-83.55667,22.21041],[-83.38968,22.22349],[-82.85274,22.63782],[-82.56241,22.70836],[-82.33875,22.68975],[-82.04561,22.69674],[-81.87978,22.67165],[-81.73938,22.62111],[-81.66259,22.50684],[-82.04057,22.38527],[-82.17723,22.36591]]]}},{"type":"Feature","id":14,"properties":{"name":"Laos","subjecto":"Laos","partof":"Laos","precision":3},"geometry":{"type":"Polygon","coordinates":[[[105.05653,14.2395],[105.29619,14.12658],[105.62772,14.05233],[105.78102,14.00241],[105.99176,13.88933],[106.1037,13.9154],[106.14619,14.02362],[106.10009,14.11862],[106.01619,14.20069],[105.9679,14.33378],[106.14398,14.46185],[106.358,14.54568],[106.55778,14.46429],[106.72598,14.30649],[106.86072,14.33904],[107.29942,14.53217],[107.39329,14.58353],[107.46341,14.99676],[107.43399,15.25698],[107.33808,15.45329],[107.09976,15.66782],[107.06714,15.79464],[107.16857,15.9921],[107.10752,16.16957],[106.94635,16.30833],[106.63819,16.48434],[106.42636,16.71806],[106.16977,17.12932],[105.41265,18.08375],[105.09864,18.43116],[104.81216,18.72157],[104.52772,18.93579],[103.89931,19.31309],[103.88008,19.53521],[104.00476,19.70102],[104.14458,19.74629],[104.35847,19.71579],[104.48754,19.74194],[104.60506,19.82517],[104.71968,19.97188],[104.71582,20.20044],[104.32408,20.63628],[104.12909,20.93991],[104.0112,20.97732],[103.83614,20.9001],[103.60707,20.68288],[103.47792,20.65673],[103.26622,20.7444],[102.99294,20.93963],[102.84288,21.24988],[102.69068,21.66806],[102.44641,21.93967],[102.17059,22.19838],[101.96785,22.53372],[101.66243,22.39226],[101.55436,22.28369],[101.53504,22.13754],[101.59694,21.87122],[101.69947,21.70674],[101.75289,21.47213],[101.70378,21.31944],[101.58416,21.22351],[101.23848,21.25959],[101.09375,21.35399],[101.01399,21.44242],[100.78778,21.28237],[100.54933,21.00793],[100.35039,20.74643],[100.08844,20.54171],[100.00115,20.45865],[100.24482,20.38388],[100.37747,20.30211],[100.4306,20.22621],[100.43525,20.03575],[100.3871,19.67354],[100.41723,19.50862],[100.50041,19.43926],[100.69066,19.44037],[100.91085,19.53055],[101.09709,19.5507],[101.1176,19.50001],[101.22945,18.91013],[101.19157,18.72576],[100.95364,18.01951],[100.9009,17.82234],[100.88843,17.60001],[100.95364,17.45433],[101.17005,17.39209],[101.33676,17.57723],[101.86465,18.1074],[102.01998,18.12102],[102.39606,17.96447],[102.66149,17.84537],[102.76139,17.87771],[103.00592,17.99344],[103.09616,18.23527],[103.22453,18.43922],[103.40609,18.43393],[103.80767,18.34739],[103.92756,18.27824],[103.95049,18.15138],[104.07908,17.91082],[104.38873,17.61419],[104.58425,17.32958],[104.6104,16.64388],[104.65861,16.47905],[104.77342,16.27016],[105.2143,15.69483],[105.40268,15.37839],[105.47316,15.15017],[105.47441,14.72465],[105.4197,14.52745],[105.05653,14.2395]]]}},{"type":"Feature","id":15,"properties":{"name":"United States","subjecto":"United States","partof":"United States","precision":3},"geometry":{"type":"MultiPolygon","coordinates":[[[[-156.55082,20.97474],[-156.71566,21.06908],[-156.77999,21.04325],[-156.8225,20.93991],[-156.61498,20.79524],[-156.57636,20.63507],[-156.5067,20.5989],[-156.25298,20.6299],[-156.12085,20.71257],[-156.11854,20.79007],[-156.39588,20.95024],[-156.55082,20.97474]]],[[[-158.43441,21.45204],[-158.29761,21.2765],[-158.15171,21.2993],[-158.07192,21.29702],[-158.02176,21.23774],[-157.89637,21.25142],[-157.84165,21.29018],[-157.94652,21.41557],[-158.04683,21.45888],[-158.09472,21.59111],[-158.17907,21.68914],[-158.31357,21.57515],[-158.46633,21.57059],[-158.43441,21.45204]]],[[[-168.3559,53.54953],[-168.50734,53.42886],[-168.55404,53.37529],[-168.51413,53.29515],[-168.37433,53.23528],[-168.04072,53.30943],[-167.86544,53.32341],[-167.96077,53.49011],[-168.22347,53.58995],[-168.3559,53.54953]]],[[[-166.49317,53.73384],[-166.38349,53.85458],[-166.57966,53.96141],[-166.77057,54.00124],[-167.14843,53.94022],[-167.00263,53.72617],[-166.92722,53.45891],[-166.64284,53.57292],[-166.6101,53.70683],[-166.49317,53.73384]]],[[[-156.03244,20.19588],[-155.96238,20.07894],[-155.94658,19.98922],[-156.16333,19.80837],[-156.05416,19.50353],[-156.03417,19.10569],[-155.78283,18.94551],[-155.65012,19.13669],[-155.48197,19.24002],[-155.13718,19.32786],[-155.05991,19.41959],[-154.94768,19.48287],[-154.92002,19.5552],[-155.05764,19.62237],[-155.1115,19.75154],[-155.21848,19.77221],[-155.21166,19.89621],[-155.47876,20.08738],[-155.77216,20.21286],[-155.93128,20.28372],[-156.00907,20.26306],[-156.03244,20.19588]]],[[[-122.90025,49.06718],[-122.60557,48.83473],[-122.53463,48.69743],[-122.37436,48.26612],[-122.34529,48.07669],[-122.39111,47.86761],[-122.48594,47.60636],[-122.66283,47.46904],[-122.73528,47.36455],[-122.7483,47.26223],[-122.86107,47.33822],[-122.94404,47.42283],[-123.18336,47.48833],[-122.9973,47.64451],[-122.80843,47.82762],[-122.82604,48.02348],[-123.07205,48.16673],[-123.25892,48.20558],[-123.50459,48.18549],[-123.79303,48.19801],[-124.14605,48.24959],[-124.43046,48.34708],[-124.67528,48.38583],[-124.73342,48.32688],[-124.72606,48.11776],[-124.30879,47.45929],[-124.24902,47.01889],[-124.19484,47.04205],[-124.2141,47.0942],[-124.19026,47.11447],[-124.13232,47.11447],[-124.0605,47.05075],[-123.90528,47.04205],[-124.16961,46.94071],[-124.17708,46.81623],[-124.13073,46.66864],[-124.15863,46.3505],[-123.88215,46.29558],[-123.78711,46.29847],[-123.81508,46.25511],[-123.90927,46.24644],[-124.05423,46.28979],[-124.05224,46.26378],[-124.03835,46.21754],[-124.01732,46.13374],[-124.00367,46.04996],[-124.07431,46.0153],[-124.02785,45.94021],[-124.0638,45.83627],[-123.99469,45.76409],[-124.04446,45.33319],[-124.07173,45.04792],[-124.14049,44.78911],[-124.33127,44.07199],[-124.30169,43.92364],[-124.1373,43.66596],[-124.30166,43.34328],[-124.48282,43.25269],[-124.58679,43.14293],[-124.62967,43.014],[-124.56067,42.602],[-124.24943,41.93351],[-124.15261,41.58015],[-124.17913,41.19464],[-124.25388,41.03396],[-124.36724,40.75131],[-124.41187,40.46892],[-124.36481,40.33432],[-124.03277,39.98238],[-123.93385,39.82276],[-123.81973,39.60737],[-123.89215,39.41376],[-123.74488,39.07595],[-123.79631,39.03041],[-123.74096,38.96677],[-123.46048,38.70407],[-123.22155,38.53344],[-123.05201,38.30193],[-122.99081,38.13884],[-122.75864,37.95679],[-122.70501,37.97575],[-122.57306,37.88853],[-122.53138,37.89611],[-122.55303,38.09711],[-122.54827,38.16159],[-122.48977,38.16453],[-122.46683,38.00988],[-122.38383,37.96057],[-122.37464,37.85439],[-122.2926,37.78992],[-122.11918,37.53588],[-122.21055,37.54347],[-122.26291,37.59655],[-122.39092,37.65342],[-122.46006,37.74443],[-122.4212,37.78992],[-122.45413,37.82406],[-122.49872,37.85439],[-122.55206,37.84302],[-122.57808,37.77476],[-122.55814,37.56622],[-122.5,37.53588],[-122.45914,37.39561],[-122.4941,37.30084],[-122.25331,37.06961],[-122.11722,37.01276],[-122.01837,37.02934],[-121.93206,37.00898],[-121.83827,36.89572],[-121.85145,36.74897],[-121.91786,36.67548],[-121.99804,36.67849],[-121.9972,36.57645],[-121.9268,36.33827],[-121.7429,36.23977],[-121.65174,36.09962],[-121.56112,36.06552],[-121.38519,35.78526],[-121.19852,35.68679],[-121.08413,35.55813],[-120.92773,35.47474],[-120.9148,35.3763],[-120.94856,35.33466],[-120.94864,35.28923],[-120.83676,35.22865],[-120.77958,35.23244],[-120.67729,35.18933],[-120.73717,34.98071],[-120.66633,34.75397],[-120.70843,34.70106],[-120.68786,34.6217],[-120.58254,34.59147],[-120.52868,34.50833],[-120.20444,34.53101],[-119.78493,34.45921],[-119.61284,34.4781],[-119.42016,34.3685],[-119.29154,34.22112],[-118.87236,34.06996],[-118.73174,34.10776],[-118.60435,34.09642],[-118.50195,33.98305],[-118.46909,33.89235],[-118.50314,33.85834],[-118.43768,33.79417],[-118.3927,33.7752],[-118.35273,33.78654],[-118.35371,33.82811],[-118.28837,33.84322],[-118.23708,33.82004],[-118.00659,33.73146],[-117.70934,33.52854],[-117.49672,33.32543],[-117.34807,33.05341],[-117.34906,32.75487],[-117.33117,32.71329],[-117.31843,32.73597],[-117.30405,32.75487],[-117.28206,32.72463],[-117.19301,32.56283],[-117.17368,32.52055],[-117.02062,32.52801],[-115.95562,32.59778],[-114.88409,32.63572],[-114.74173,32.49635],[-114.62181,32.42696],[-114.08806,32.25159],[-112.82338,31.83193],[-111.24122,31.33132],[-111.08886,31.3067],[-110.34123,31.29823],[-109.64615,31.28945],[-109.21128,31.27282],[-108.37104,31.27761],[-108.2752,31.32275],[-108.23211,31.7243],[-107.39566,31.72269],[-106.54451,31.70206],[-106.45022,31.65163],[-106.16616,31.35388],[-105.82148,31.06923],[-105.44467,30.83572],[-105.12631,30.61463],[-105.0458,30.51319],[-104.91794,30.20821],[-104.77479,29.82693],[-104.57435,29.57973],[-104.08303,29.28326],[-103.58601,29.05688],[-103.43451,29.02591],[-103.20897,29.02084],[-103.02207,29.09195],[-102.89479,29.25824],[-102.70673,29.44398],[-102.4477,29.68744],[-102.23722,29.77779],[-101.948,29.78581],[-101.73417,29.74884],[-101.38176,29.60439],[-101.1966,29.49085],[-101.03329,29.32623],[-100.73522,28.86313],[-100.40048,28.31113],[-100.02049,27.84219],[-99.7249,27.58288],[-99.60427,27.46897],[-99.56925,27.2591],[-99.41984,26.83981],[-99.26847,26.57332],[-99.09999,26.40879],[-98.68535,26.26478],[-98.22223,26.01285],[-98.10344,25.98171],[-97.91639,26.03371],[-97.78328,26.03448],[-97.41586,25.86476],[-97.25996,25.81137],[-97.45142,26.21791],[-97.57327,26.56098],[-97.63799,26.84694],[-97.6323,27.22843],[-97.56321,27.3621],[-97.26657,27.67428],[-97.3167,27.75047],[-97.56782,27.90889],[-97.44715,27.98545],[-97.11537,28.10695],[-96.83146,28.1584],[-96.68453,28.24773],[-96.57712,28.42599],[-96.77358,28.62267],[-96.71656,28.71181],[-96.38913,28.66163],[-96.20308,28.63659],[-96.01457,28.65606],[-95.60277,28.79866],[-95.23919,29.05825],[-94.84458,29.34635],[-95.05766,29.67538],[-95.00703,29.75816],[-94.8574,29.7839],[-94.79687,29.56335],[-94.60209,29.54917],[-94.42585,29.54269],[-94.14153,29.69002],[-93.44552,29.76777],[-93.04219,29.6923],[-92.64325,29.57869],[-92.1167,29.54164],[-91.97833,29.62536],[-92.22781,29.80209],[-91.95101,29.83203],[-91.42898,29.54307],[-91.24035,29.32091],[-90,29.10867],[-90,29.50137],[-89.97789,29.40621],[-89.62235,29.28435],[-89.49815,29.09566],[-89.27152,29.05798],[-89.03153,29.11901],[-89.2917,29.36701],[-89.55887,29.43251],[-89.67697,29.59122],[-89.686,29.70565],[-89.38002,29.87336],[-89.68429,30.09037],[-89.86672,30.1317],[-90,30.0387],[-90,30.39005],[-89.71074,30.18337],[-89.53548,30.20827],[-89.23281,30.40601],[-88.6352,30.38818],[-88.34287,30.38878],[-88.14183,30.32805],[-88.03457,30.67939],[-87.77459,30.2628],[-87.69217,30.26298],[-87.40405,30.30737],[-87.38301,30.44164],[-87.08911,30.35904],[-86.61546,30.41071],[-86.38868,30.47271],[-86.28961,30.36762],[-86.05757,30.23458],[-85.71918,30.20348],[-85.60032,30.15287],[-85.48667,30.03866],[-85.4276,29.75969],[-85.30478,29.66391],[-84.76381,29.79856],[-84.55865,29.95794],[-84.31743,30.09196],[-84.12382,30.12415],[-83.88618,30.04835],[-83.49242,29.68676],[-83.11821,29.24248],[-82.89488,29.18573],[-82.77892,29.10967],[-82.64696,28.9065],[-82.7181,28.43698],[-82.78439,28.09597],[-82.84134,27.838],[-82.71655,27.74463],[-82.50467,27.9277],[-82.42929,27.82615],[-82.45076,27.72438],[-82.61963,27.52762],[-82.75273,27.52762],[-82.58389,27.31062],[-82.31009,26.82493],[-82.14231,26.86676],[-82.07762,26.55109],[-81.88733,26.44776],[-81.83656,26.07909],[-81.74466,25.92074],[-81.40104,25.85874],[-81.14558,25.37822],[-81.15179,25.27316],[-81.09792,25.12505],[-80.86892,25.18705],[-80.73805,25.13021],[-80.56696,25.19175],[-80.45173,25.20772],[-80.44022,25.14571],[-80.49836,25.03721],[-80.49076,24.99588],[-80.3141,25.24388],[-80.30528,25.35755],[-80.35404,25.5482],[-80.21441,25.73473],[-80.18538,25.86006],[-80.04998,26.55109],[-80.07789,26.9231],[-80.13326,27.07294],[-80.26209,27.19695],[-80.22851,27.23828],[-80.44718,27.77563],[-80.60546,28.56099],[-81.02594,29.26367],[-81.23108,29.65635],[-81.40537,30.07258],[-81.51155,30.72725],[-81.30479,31.28907],[-81.18198,31.64041],[-80.81801,32.14658],[-80.73827,32.23576],[-80.58064,32.49678],[-80.22191,32.53567],[-80.02908,32.62508],[-79.71711,32.79741],[-79.34852,33.10973],[-79.30545,33.26878],[-79.20414,33.45975],[-78.89894,33.702],[-78.62114,33.81067],[-78.38356,33.86835],[-77.96292,33.93281],[-77.90457,33.99015],[-77.68516,34.26403],[-77.29592,34.6666],[-76.62176,34.76295],[-76.50419,34.79547],[-76.49839,34.8339],[-76.30581,34.97876],[-76.32749,35.01429],[-76.42532,35.03205],[-76.44311,35.112],[-76.49266,35.02021],[-76.62417,35.03205],[-76.75988,34.95511],[-76.95346,35.02909],[-77.06258,35.20677],[-76.84615,35.03797],[-76.7787,35.03797],[-76.65252,35.10016],[-76.56698,35.21269],[-76.67806,35.21565],[-76.49952,35.28081],[-76.48432,35.33412],[-76.85936,35.48517],[-76.98053,35.49702],[-77.05335,35.57996],[-76.8572,35.51183],[-76.61518,35.45555],[-76.58149,35.46147],[-76.64481,35.57107],[-76.57686,35.5774],[-76.51577,35.4674],[-76.44948,35.43778],[-76.35832,35.40816],[-76.14105,35.38447],[-76.02676,35.47332],[-75.88424,35.6866],[-75.85591,35.64217],[-75.78284,35.63624],[-75.70816,35.74881],[-75.72925,35.88213],[-75.84875,36.02138],[-75.92976,35.97398],[-76.0321,35.69252],[-76.09495,35.72214],[-76.06253,35.88805],[-76.01174,35.97398],[-76.06772,36.04805],[-76.32475,35.98287],[-76.7269,35.99176],[-76.67875,36.06286],[-76.73114,36.15769],[-76.75093,36.2614],[-76.70981,36.35327],[-76.67342,36.32956],[-76.71069,36.25844],[-76.7,36.16065],[-76.587,36.06583],[-76.50922,36.05694],[-76.34036,36.15176],[-76.44172,36.24363],[-76.20479,36.15176],[-76.0937,36.2051],[-76.2132,36.34142],[-76.18624,36.36809],[-75.9525,36.23177],[-75.95323,36.33253],[-75.85806,36.16065],[-75.79331,36.13694],[-75.896,36.39773],[-75.96057,36.44219],[-76.03827,36.56964],[-75.90698,36.54],[-75.92203,36.62892],[-75.9828,36.62892],[-75.95752,36.76825],[-75.89119,36.64374],[-75.72954,36.1162],[-75.70331,36.05694],[-75.58525,35.89991],[-75.52215,35.85842],[-75.72384,36.21992],[-75.90645,36.76528],[-75.97459,36.93723],[-76.31117,36.9906],[-76.3254,36.93723],[-76.52443,36.9224],[-76.50324,37.02914],[-76.72301,37.20111],[-76.92103,37.26635],[-76.94189,37.28637],[-76.85231,37.35828],[-76.63884,37.26932],[-76.41729,37.02914],[-76.28306,37.05582],[-76.29094,37.19518],[-76.37706,37.29007],[-76.45905,37.27821],[-76.5982,37.34938],[-76.78685,37.56292],[-76.77661,37.57478],[-76.48146,37.3227],[-76.38411,37.33159],[-76.43104,37.42649],[-76.39921,37.45911],[-76.25847,37.37311],[-76.24334,37.48581],[-76.27048,37.5125],[-76.25045,37.54809],[-76.39557,37.58369],[-76.28428,37.62521],[-76.56606,37.70232],[-76.88504,38.06722],[-76.41624,37.70529],[-76.31416,37.73199],[-76.21518,37.94261],[-76.28637,38.00195],[-76.53557,38.07612],[-76.5143,38.11765],[-76.94346,38.25118],[-77.03441,38.36394],[-77.24007,38.38471],[-77.33178,38.48858],[-77.24636,38.6993],[-77.05369,38.73492],[-77.24592,38.58948],[-77.25252,38.4589],[-77.10397,38.47671],[-76.86055,38.33129],[-76.89032,38.44406],[-76.82049,38.42032],[-76.76746,38.29272],[-76.60791,38.28976],[-76.32401,38.10875],[-76.38353,38.33723],[-76.57313,38.44406],[-76.65166,38.542],[-76.6633,38.63401],[-76.61814,38.53904],[-76.40835,38.39658],[-76.38382,38.4589],[-76.50627,38.67853],[-76.53785,38.78538],[-76.4055,39.08521],[-76.58661,39.31086],[-76.38521,39.27523],[-76.33888,39.46231],[-76.29522,39.43261],[-76.27235,39.36135],[-76.23599,39.39995],[-76.25909,39.50092],[-76.21724,39.52467],[-76.20136,39.42371],[-76.05952,39.50982],[-76.10904,39.54546],[-76.06598,39.60486],[-75.94014,39.64643],[-76.00566,39.46231],[-75.85812,39.43558],[-76.15147,39.36728],[-76.26009,39.201],[-76.18875,39.17428],[-76.06257,39.19506],[-76.14952,39.0674],[-76.30101,39.07631],[-76.34394,39.02583],[-76.31461,38.97537],[-76.15564,38.94568],[-76.11171,38.84476],[-76.17063,38.81804],[-76.26513,38.88929],[-76.30523,38.88037],[-76.35347,38.73492],[-76.321,38.73492],[-76.27932,38.80913],[-76.00765,38.66666],[-76.00526,38.63995],[-76.16627,38.61619],[-76.32606,38.53904],[-76.22268,38.36097],[-76.15187,38.38471],[-76.04351,38.29272],[-75.84593,38.42626],[-75.81136,38.27789],[-75.92031,38.26008],[-75.92593,38.17403],[-75.84652,38.13249],[-75.7484,38.15029],[-75.85003,37.97821],[-75.68165,38.03161],[-75.63996,38.00491],[-75.66752,37.89811],[-75.77839,37.84471],[-75.86614,37.71419],[-76.0199,37.32566],[-75.95808,37.20705],[-75.85659,37.22483],[-75.86853,37.28118],[-75.70007,37.60741],[-75.65202,37.55106],[-75.59338,37.61037],[-75.60869,37.63411],[-75.43081,37.99305],[-75.2115,38.29272],[-75.15538,38.28679],[-75.08737,38.39065],[-75.0421,38.49749],[-75.08867,38.84178],[-75.21488,38.87147],[-75.38875,39.13272],[-75.40381,39.29305],[-75.62382,39.67317],[-75.46101,39.8395],[-75.33946,39.89296],[-75.40728,39.78306],[-75.54908,39.66722],[-75.40106,39.42371],[-75.33439,39.39995],[-75.13318,39.24554],[-74.93995,39.25148],[-74.88921,39.17131],[-74.96902,39.03178],[-74.93535,38.97834],[-74.8601,38.99021],[-74.72847,39.12677],[-74.52056,39.35244],[-74.41391,39.41777],[-74.38616,39.50092],[-74.40558,39.61377],[-74.28892,39.57219],[-74.15281,39.76524],[-73.94569,40.4468],[-74.19452,40.48852],[-74.29293,40.6316],[-74.11007,40.76278],[-74.07444,40.72699],[-73.88996,41.17438],[-73.85808,41.18631],[-73.8687,41.13858],[-74.00715,40.79855],[-73.99299,40.78067],[-73.928,40.85819],[-73.78397,40.88205],[-73.74051,40.97749],[-73.38649,41.13858],[-72.85444,41.29374],[-72.09216,41.36536],[-71.44922,41.42505],[-71.40983,41.72361],[-71.37301,41.83711],[-71.30364,41.7714],[-71.1044,41.82515],[-71.1936,41.67584],[-71.17315,41.52655],[-71.04087,41.54446],[-70.96714,41.56237],[-70.89547,41.6818],[-70.84794,41.63403],[-70.83458,41.67584],[-70.76081,41.69375],[-70.71164,41.79528],[-70.65623,41.76543],[-70.64161,41.59222],[-69.92204,41.72361],[-69.93578,41.91476],[-70.03408,42.0761],[-70.13782,42.13586],[-70.22596,42.13586],[-70.22181,42.10598],[-70.1782,42.08804],[-70.06406,41.96256],[-70.00081,41.95062],[-69.99098,41.86697],[-70.30209,41.75944],[-70.48159,41.80722],[-70.50623,41.98646],[-70.77593,42.30322],[-70.90262,42.34508],[-71.05439,42.35703],[-71.0238,42.42879],[-70.84755,42.56035],[-70.87148,42.60222],[-70.62524,42.65006],[-70.57024,42.71587],[-70.64629,42.72185],[-70.68366,42.68595],[-70.75945,42.70988],[-70.79017,42.80561],[-70.86808,42.87143],[-70.68628,43.09886],[-70.53633,43.40422],[-70.37821,43.45213],[-70.30587,43.61986],[-70.18728,43.63783],[-70.21647,43.79962],[-69.92204,43.91349],[-69.96925,43.8116],[-69.82613,43.75168],[-69.67975,43.88352],[-69.75374,43.95545],[-69.60751,44.06935],[-69.66227,43.93148],[-69.50658,43.89551],[-69.39454,44.09333],[-69.24887,43.99142],[-69.09475,44.14131],[-68.94546,44.3932],[-68.78167,44.6272],[-68.71459,44.6092],[-68.80407,44.3932],[-68.50435,44.29723],[-68.55826,44.48319],[-68.46656,44.44119],[-68.13104,44.56719],[-68.05237,44.4112],[-67.98496,44.48319],[-67.90805,44.47719],[-67.86269,44.60319],[-67.73821,44.6632],[-67.63406,44.6272],[-67.59958,44.57919],[-67.5373,44.6092],[-67.53167,44.72322],[-67.39778,44.6692],[-67.16887,44.71122],[-66.93894,44.87929],[-67.01581,44.92131],[-67.15028,44.90331],[-67.02982,45.02951],[-67.18676,45.25232],[-67.27174,45.18366],[-67.34385,45.31456],[-67.25746,45.34922],[-67.26612,45.46476],[-67.20206,45.49558],[-67.22073,45.56493],[-67.32132,45.56493],[-67.59397,45.66898],[-67.55924,45.77225],[-67.69854,47.04101],[-67.77694,47.1645],[-67.99641,47.29381],[-68.34302,47.305],[-68.52741,47.2257],[-68.6989,47.26393],[-68.92591,47.42588],[-69.04907,47.46438],[-69.33332,47.22787],[-69.56453,46.94614],[-70.07699,45.94711],[-70.58943,45.29462],[-71.11183,45.35021],[-71.2929,45.32325],[-71.45622,45.12764],[-71.53465,44.95861],[-72.02668,45.00128],[-72.86158,45.0032],[-73.99035,45.01653],[-74.78241,45.01223],[-75.21804,44.77684],[-75.45849,44.6397],[-76.13289,44.32667],[-76.01695,44.33589],[-76.01543,44.28594],[-76.10348,44.2218],[-76.28109,44.14347],[-76.34776,44.06851],[-76.30349,43.9969],[-76.2624,43.9909],[-76.22449,44.05051],[-76.182,44.07178],[-76.13491,44.05471],[-76.13361,44.0267],[-76.1781,43.98772],[-76.18982,43.96605],[-76.16877,43.9617],[-76.13571,43.97387],[-76.09064,44.00258],[-76.06242,44.01396],[-76.05104,44.00803],[-76.08542,43.9661],[-76.16554,43.88817],[-76.21892,43.85739],[-76.24554,43.87375],[-76.26891,43.87122],[-76.28905,43.84981],[-76.2634,43.79318],[-76.19195,43.70133],[-76.17388,43.62518],[-76.20918,43.56473],[-76.27431,43.53125],[-76.36927,43.52473],[-76.51905,43.45926],[-76.72363,43.33484],[-76.86253,43.27368],[-76.93574,43.2758],[-76.96073,43.26358],[-76.93749,43.23703],[-77.0297,43.23798],[-77.23735,43.26642],[-77.38928,43.26959],[-77.48549,43.24749],[-77.53004,43.22102],[-77.52296,43.1902],[-77.57953,43.21638],[-77.69975,43.29957],[-77.84576,43.34975],[-78.01753,43.36692],[-78.23674,43.371],[-78.50337,43.36199],[-78.82082,43.30795],[-79.14005,43.22208],[-79.13787,43.18299],[-79.06566,42.97131],[-79.05016,42.85226],[-78.95021,42.88651],[-78.89286,42.87049],[-78.87492,42.80435],[-78.97677,42.70441],[-79.19839,42.57067],[-79.56392,42.387],[-80.07337,42.15338],[-80.56637,41.96976],[-81.04294,41.83613],[-81.39681,41.69896],[-81.628,41.55822],[-81.81078,41.49482],[-81.94516,41.50876],[-82.13081,41.48197],[-82.36773,41.41447],[-82.56756,41.4045],[-82.7303,41.45205],[-82.84485,41.46186],[-82.91122,41.43393],[-82.97202,41.42793],[-83.02725,41.44386],[-82.96903,41.47297],[-82.79734,41.51527],[-82.74802,41.5337],[-82.82107,41.52825],[-82.85137,41.54116],[-82.83893,41.57243],[-82.85778,41.56978],[-82.90793,41.53318],[-83.03371,41.56257],[-83.23511,41.65792],[-83.37146,41.70447],[-83.44277,41.70222],[-83.44986,41.7539],[-83.39275,41.8595],[-83.33645,41.92052],[-83.28096,41.93695],[-83.26341,41.9583],[-83.28379,41.98456],[-83.26368,42.00206],[-83.20307,42.0108],[-83.17766,42.03],[-83.18745,42.05965],[-83.12511,42.05105],[-83.05604,42.02698],[-83.06046,42.14537],[-83.04053,42.24337],[-82.72241,42.4796],[-82.53621,42.61223],[-82.41758,42.80698],[-82.29784,43.0287],[-82.35441,43.01539],[-82.46467,43.19544],[-82.56362,43.58413],[-82.6581,43.83964],[-82.7481,43.96196],[-82.83565,44.0345],[-82.92074,44.05726],[-83.07351,44.0305],[-83.29396,43.95424],[-83.38391,43.91063],[-83.34336,43.89968],[-83.41203,43.81785],[-83.58991,43.66512],[-83.74407,43.62068],[-83.87452,43.68453],[-83.91701,43.78438],[-83.87155,43.92021],[-83.78136,44.00337],[-83.64645,44.03386],[-83.5686,44.09897],[-83.5478,44.1987],[-83.4868,44.26993],[-83.38558,44.31267],[-83.31862,44.42897],[-83.28591,44.61883],[-83.28016,44.75605],[-83.30136,44.84063],[-83.34842,44.91341],[-83.42134,44.97439],[-83.43788,45.02286],[-83.39803,45.05883],[-83.36875,45.06807],[-83.35004,45.05057],[-83.32166,45.03629],[-83.28362,45.02525],[-83.26323,45.02108],[-83.26048,45.02379],[-83.4309,45.27498],[-83.63648,45.39169],[-83.9331,45.45857],[-84.11505,45.52782],[-84.18232,45.59946],[-84.35524,45.67385],[-84.63379,45.75098],[-84.74677,45.85443],[-84.69415,45.98419],[-84.63279,46.02885],[-84.56267,45.98841],[-84.39415,45.96241],[-84.12724,45.95084],[-83.97163,45.95052],[-83.92733,45.96144],[-83.91474,45.99092],[-83.93385,46.03895],[-83.92736,46.08672],[-83.89526,46.13421],[-83.86269,46.15082],[-83.82965,46.13655],[-83.82065,46.15038],[-83.86512,46.18461],[-84.27732,46.26578],[-84.3602,46.39805],[-84.44015,46.45869],[-84.72309,46.44766],[-84.74364,46.46844],[-84.88765,46.47726],[-85.0149,46.55777],[-84.98177,46.70117],[-85.10019,46.74866],[-85.37015,46.70025],[-85.66778,46.67476],[-85.99307,46.6722],[-86.27786,46.60575],[-86.52214,46.47541],[-86.73446,46.44114],[-86.91484,46.50295],[-87.09422,46.52653],[-87.27263,46.51189],[-87.41886,46.57404],[-87.53294,46.71299],[-87.64681,46.80961],[-87.76048,46.8639],[-87.88341,46.89843],[-88.01558,46.91321],[-88.11348,46.91406],[-88.1771,46.90099],[-88.22277,46.87821],[-88.25047,46.84573],[-88.27037,46.82762],[-88.28248,46.82388],[-88.25253,46.85829],[-88.18053,46.93083],[-88.23273,46.91411],[-88.40913,46.80813],[-88.48376,46.80999],[-88.45662,46.91969],[-88.38961,47.03052],[-88.28272,47.14248],[-88.16117,47.24572],[-88.02496,47.34024],[-87.89512,47.39214],[-87.77166,47.40142],[-87.76703,47.4246],[-87.88122,47.46165],[-88.05865,47.45317],[-88.29931,47.39914],[-88.55963,47.27899],[-88.83959,47.0927],[-89.09019,46.96018],[-89.31141,46.88141],[-89.51415,46.83614],[-89.69841,46.82435],[-89.95256,46.75397],[-90.27661,46.62499],[-90.52736,46.60314],[-90.7048,46.68842],[-90.7677,46.71336],[-90.71605,46.67795],[-90.75495,46.64149],[-90.8844,46.60399],[-90.89961,46.66091],[-90.80057,46.81225],[-90.77798,46.90661],[-90.83185,46.94398],[-91.09187,46.8956],[-91.55804,46.76149],[-91.86824,46.70782],[-92.02246,46.73459],[-92.11102,46.73367],[-92.13391,46.70504],[-92.14918,46.69568],[-92.15682,46.70559],[-92.16364,46.71047],[-92.16961,46.71033],[-92.16285,46.70018],[-92.14336,46.68002],[-92.14539,46.67761],[-92.16893,46.69294],[-92.18662,46.68805],[-92.19846,46.66293],[-92.21609,46.64903],[-92.23952,46.64635],[-92.25597,46.64685],[-92.26546,46.65053],[-91.89692,46.89078],[-91.15034,47.36761],[-90.45666,47.70515],[-89.81585,47.9034],[-89.62203,47.96838],[-89.8714,47.99443],[-90,47.97229],[-90,48.24851],[-91.14085,48.21488],[-91.32612,48.12875],[-91.42446,48.10205],[-91.6821,48.03872],[-91.90996,48.08301],[-91.93885,48.16608],[-92.14982,48.20484],[-92.25805,48.32671],[-92.48405,48.33224],[-92.55614,48.22146],[-92.70808,48.43753],[-92.83005,48.43199],[-92.83901,48.51514],[-93.48024,48.60847],[-93.71324,48.57442],[-94.08768,48.77751],[-94.29831,48.98442],[-94.42395,49.1513],[-94.82732,49.48759],[-95.05278,49.47166],[-94.99382,49.31541],[-94.81984,49.05071],[-95.12574,49.05222],[-96.33502,49.03914],[-97.59413,49.05208],[-98.20086,49.04883],[-99.14808,49.0503],[-100.45978,49.04325],[-101.71109,49.05623],[-102.67024,49.05107],[-103.99101,49.05712],[-104.26153,49.05566],[-106.43958,49.06366],[-108.06732,49.06149],[-108.46074,49.05936],[-110.1801,49.06983],[-110.67026,49.05407],[-112.52905,49.06379],[-112.86184,49.06857],[-115.1646,49.05619],[-115.92358,49.05869],[-117.21516,49.05831],[-118.98721,49.06193],[-121.0518,49.05083],[-121.65236,49.06074],[-122.81288,49.06108],[-122.90025,49.06718]],[[-87.78322,42.20361],[-87.81488,42.41605],[-87.77659,42.65996],[-87.79241,42.84147],[-87.86235,42.96059],[-87.901,43.07738],[-87.90837,43.19183],[-87.85997,43.35785],[-87.75579,43.57543],[-87.70734,43.74817],[-87.71461,43.87607],[-87.66672,44.0032],[-87.56368,44.12955],[-87.52034,44.22566],[-87.53671,44.29154],[-87.48699,44.44153],[-87.37119,44.67563],[-87.34329,44.81772],[-87.40329,44.8678],[-87.47013,44.88267],[-87.5438,44.86233],[-87.6265,44.79982],[-87.71822,44.69514],[-87.82387,44.61672],[-87.94345,44.56456],[-87.99902,44.5828],[-87.99057,44.67144],[-87.94965,44.76989],[-87.87624,44.87817],[-87.78658,44.94408],[-87.68065,44.96764],[-87.62074,45.02208],[-87.60684,45.10742],[-87.46487,45.29003],[-87.19482,45.56991],[-87.03826,45.76116],[-86.99518,45.86378],[-86.97205,45.8532],[-86.96888,45.72941],[-86.93518,45.68112],[-86.87094,45.70834],[-86.82442,45.75664],[-86.79559,45.82601],[-86.72007,45.86716],[-86.59785,45.88009],[-86.54256,45.85775],[-86.5542,45.80016],[-86.59957,45.74809],[-86.67867,45.70156],[-86.69223,45.65881],[-86.64025,45.61983],[-86.60596,45.62819],[-86.58937,45.6839],[-86.52445,45.73161],[-86.41118,45.77134],[-86.33486,45.82925],[-86.29549,45.90534],[-86.1297,45.94701],[-85.83751,45.95425],[-85.64469,45.99245],[-85.55125,46.06162],[-85.38185,46.07484],[-85.1365,46.0321],[-84.94843,45.96783],[-84.81766,45.88203],[-84.76297,45.81673],[-84.78435,45.77192],[-84.84955,45.75318],[-84.95858,45.76049],[-84.99567,45.7508],[-84.96085,45.72412],[-84.98715,45.67798],[-85.0746,45.61238],[-85.10438,45.54742],[-85.0765,45.48311],[-85.02567,45.43669],[-84.9519,45.40815],[-85.02689,45.36729],[-85.25063,45.31409],[-85.36921,45.20261],[-85.3826,45.03286],[-85.4234,44.89806],[-85.4916,44.79821],[-85.53839,44.75148],[-85.56378,44.75785],[-85.5511,44.81867],[-85.50036,44.93394],[-85.50481,44.93572],[-85.56446,44.824],[-85.60883,44.78855],[-85.63793,44.82939],[-85.63076,44.89907],[-85.58732,44.9976],[-85.57782,45.06684],[-85.60224,45.10677],[-85.60046,45.12841],[-85.57248,45.13176],[-85.55062,45.14672],[-85.53487,45.1733],[-85.53,45.19238],[-85.5405,45.21041],[-85.54344,45.21175],[-85.7433,45.01493],[-85.87354,44.93847],[-86.00177,44.9172],[-86.07201,44.86523],[-86.08427,44.78256],[-86.13167,44.72877],[-86.21421,44.70385],[-86.25857,44.60538],[-86.26475,44.43334],[-86.32968,44.27486],[-86.45337,44.12994],[-86.49407,43.99907],[-86.45177,43.88226],[-86.45835,43.77617],[-86.51378,43.68082],[-86.46972,43.4955],[-86.32617,43.22021],[-86.24258,42.9879],[-86.21895,42.79857],[-86.23006,42.61661],[-86.27589,42.44203],[-86.37181,42.24819],[-86.51783,42.0351],[-86.67447,41.87438],[-86.84175,41.76602],[-87.02508,41.68611],[-87.22445,41.63462],[-87.37513,41.63438],[-87.47709,41.68539],[-87.55376,41.7662],[-87.60512,41.87682],[-87.68161,42.02262],[-87.78322,42.20361]]],[[[-133.28069,56.23157],[-133.48555,56.25834],[-133.5178,56.21072],[-133.2663,55.83106],[-133.27102,55.62098],[-133.01601,55.37103],[-132.17379,54.84631],[-132.17721,55.28475],[-132.55471,55.45311],[-132.68808,55.64918],[-132.62078,55.75095],[-132.59437,55.81202],[-132.63326,55.90011],[-133.15726,56.11631],[-133.28069,56.23157]]],[[[-135.48392,57.33171],[-135.46605,57.2292],[-135.19733,56.82012],[-134.94567,56.4535],[-134.80277,56.67095],[-134.76378,56.79368],[-134.82126,56.91634],[-135.00234,57.32577],[-135.25808,57.41421],[-135.44123,57.42755],[-135.48392,57.33171]]],[[[-164.56449,54.33414],[-164.42504,54.40153],[-164.24598,54.59665],[-164.07189,54.65746],[-163.57271,54.63153],[-163.32181,54.69923],[-163.2064,54.73719],[-163.36019,54.92106],[-163.56742,55.02175],[-163.74279,55.06192],[-164.13125,54.90614],[-164.56093,54.83132],[-164.78615,54.68969],[-165.00974,54.528],[-164.94884,54.42738],[-164.56449,54.33414]]],[[[-162.8006,54.99619],[-162.74593,55.06385],[-162.7876,55.15162],[-163.09089,55.27272],[-163.26241,55.17098],[-163.19971,55.04272],[-162.96799,54.94873],[-162.8006,54.99619]]],[[[-161.81046,55.78314],[-162.07729,55.59282],[-162.22379,55.49771],[-162.5846,55.38871],[-162.58974,55.2534],[-162.54619,55.14531],[-162.21831,55.13242],[-161.69585,55.37688],[-161.57512,55.47864],[-161.09034,55.56084],[-160.86709,55.57482],[-160.52776,55.54161],[-160.3913,55.56219],[-160.35572,55.65711],[-160.676,55.76495],[-161.31807,55.87905],[-161.60892,55.84456],[-161.81046,55.78314]]],[[[-172.05233,63.59953],[-171.85837,63.49976],[-171.72774,63.45713],[-171.32258,63.48649],[-170.9664,63.45857],[-170.62897,63.36633],[-169.90311,63.07521],[-169.66587,63.23965],[-169.37531,63.25447],[-169.11924,63.24068],[-169.13988,63.2906],[-169.33294,63.39733],[-170.10889,63.56027],[-170.48153,63.68837],[-170.72348,63.6879],[-170.9681,63.65168],[-171.22863,63.65118],[-171.73937,63.75045],[-171.97161,63.72853],[-172.05233,63.59953]]],[[[-154.16015,56.98174],[-153.87775,56.94135],[-153.67002,56.96904],[-153.49213,57.05131],[-153.2712,57.26356],[-153.22645,57.36624],[-153.17707,57.4074],[-152.91156,57.49002],[-152.7185,57.49039],[-152.37832,57.51844],[-152.43839,57.6142],[-152.67949,57.76454],[-153.17782,57.82532],[-153.39588,57.80432],[-153.42482,57.63974],[-153.52181,57.54364],[-153.73127,57.42687],[-153.86637,57.46769],[-154.18865,57.63143],[-154.34203,57.48732],[-154.58518,57.36365],[-154.66135,57.23357],[-154.59258,57.14484],[-154.16015,56.98174]]],[[[-135.81644,57.45421],[-135.7914,57.55691],[-135.82174,57.75552],[-135.54253,57.7218],[-135.14702,57.59923],[-135.11499,57.67463],[-135.32489,58.09267],[-135.67185,58.04393],[-136.02453,58.21497],[-136.30008,58.18009],[-136.41823,58.11119],[-136.59644,57.90492],[-136.23702,57.72731],[-135.81644,57.45421]]],[[[-141.05925,69.59546],[-141.16135,69.59894],[-141.70397,69.73444],[-142.80248,70.09034],[-143.30758,70.19675],[-144.36034,70.13343],[-145.27254,70.11638],[-145.60703,70.19242],[-146.18264,70.2681],[-147.72355,70.32667],[-148.12078,70.37976],[-148.74062,70.49404],[-149.28632,70.53923],[-149.93851,70.49948],[-150.63855,70.47509],[-151.1442,70.48183],[-151.72561,70.53467],[-151.91501,70.49578],[-152.13712,70.5339],[-152.48952,70.6952],[-152.6512,70.81853],[-152.97117,70.93401],[-153.77106,70.97123],[-154.46129,70.99316],[-155.09986,71.07727],[-155.23369,70.98398],[-155.47481,70.8519],[-155.66579,70.86703],[-156.13797,70.92808],[-156.14545,71.08307],[-155.97292,71.14548],[-156.04322,71.22303],[-156.34713,71.33133],[-156.47402,71.35444],[-156.90474,71.34586],[-157.31788,71.1585],[-157.81194,70.9714],[-158.41686,70.90831],[-158.85517,70.88427],[-159.36936,70.89876],[-160.24033,70.85846],[-160.24831,70.76564],[-159.90958,70.60413],[-159.83912,70.51174],[-159.90467,70.42692],[-160.71656,70.45616],[-161.1876,70.43989],[-161.69739,70.33124],[-162.17724,70.28422],[-162.51104,70.18375],[-162.87912,69.99907],[-163.15621,69.76277],[-163.51073,69.50418],[-163.71424,69.22389],[-164.06719,69.06468],[-164.8902,68.93497],[-165.33555,68.90402],[-166.2968,68.87962],[-166.33539,68.66138],[-166.70107,68.4805],[-166.84353,68.40521],[-165.93999,68.15982],[-164.74297,67.86329],[-164.51267,67.79666],[-164.04397,67.58904],[-163.82598,67.44822],[-163.73874,67.21833],[-163.03089,67.17517],[-162.59874,67.16119],[-161.93573,67.08837],[-161.79561,66.74863],[-161.21837,66.72757],[-160.34266,66.59653],[-160.03228,66.56762],[-160.03541,66.48663],[-160.12523,66.33931],[-160.58469,66.31643],[-160.92296,66.36724],[-161.26143,66.39603],[-161.37917,66.35901],[-161.62682,66.22629],[-161.9795,66.11555],[-162.27507,66.07098],[-162.7585,66.06276],[-163.37005,66.1056],[-163.84308,66.17811],[-163.8534,66.30294],[-163.78244,66.53849],[-164.46314,66.59616],[-165.09273,66.46976],[-165.52137,66.36595],[-165.99724,66.20342],[-166.4282,66.1072],[-167.02422,65.95947],[-167.73,65.86296],[-168.08133,65.74523],[-168.1798,65.69389],[-167.60157,65.6],[-166.99906,65.4917],[-166.13866,65.3548],[-165.66329,65.24649],[-165.86377,65.16608],[-166.31743,65.16523],[-166.6038,65.15015],[-166.66852,65.08462],[-166.58603,64.7304],[-166.34774,64.6371],[-165.74068,64.55899],[-165.17119,64.54565],[-164.59992,64.61876],[-164.26511,64.605],[-163.8834,64.59127],[-163.02521,64.44165],[-162.80195,64.47088],[-162.56151,64.60096],[-162.13665,64.78922],[-161.29062,64.96411],[-161.12569,64.92829],[-160.9022,64.81319],[-160.78966,64.64032],[-160.94391,64.52477],[-161.361,64.50956],[-161.37294,64.46637],[-161.00631,64.15789],[-160.89,63.85678],[-160.97394,63.64182],[-161.13302,63.56284],[-161.56257,63.54059],[-161.91076,63.52564],[-162.47446,63.41024],[-162.77811,63.21694],[-162.97005,63.10251],[-163.30863,63.03774],[-163.52701,63.08008],[-163.96799,63.20045],[-164.29177,63.24977],[-164.46703,63.17097],[-164.70446,62.95676],[-164.87786,62.82125],[-165.02964,62.65037],[-165.43123,62.42954],[-165.53347,62.2734],[-165.57923,62.13877],[-165.80214,62.03929],[-165.83408,61.83429],[-166.18953,61.74891],[-165.90917,61.30549],[-165.89809,61.27034],[-165.51204,61.257],[-165.42334,61.26419],[-165.14318,61.18036],[-164.53925,60.94973],[-164.30166,60.94317],[-164.05811,61.04192],[-163.89489,61.04223],[-163.68877,60.92329],[-163.51998,60.70629],[-163.62696,60.60103],[-163.93779,60.61446],[-164.5281,60.75341],[-164.84467,60.81589],[-164.99634,60.61945],[-165.128,60.54221],[-165.04755,60.41647],[-164.59421,60.20777],[-164.38472,60.06167],[-164.2076,59.902],[-164.02741,59.79824],[-163.5364,59.84079],[-163.35376,59.93137],[-163.02179,59.96671],[-162.3781,60.16312],[-161.98914,59.71193],[-161.92518,59.51803],[-162.06011,59.28933],[-162.00393,58.82661],[-161.96731,58.77841],[-161.93819,58.72328],[-161.64596,58.68247],[-161.11713,58.74553],[-160.82761,58.89784],[-160.84014,58.95994],[-160.43053,59.00217],[-160.06521,58.95451],[-159.81359,58.94119],[-159.58442,58.81052],[-159.36554,58.63167],[-159.1101,58.48751],[-158.93267,58.43278],[-158.85645,58.45357],[-158.86553,58.61196],[-158.97315,58.77029],[-158.91187,58.8739],[-158.63616,58.97105],[-158.51667,58.99888],[-158.29142,58.73021],[-157.9874,58.717],[-157.42423,58.80082],[-157.13942,58.85579],[-157.15456,58.67034],[-157.24186,58.49105],[-157.55373,58.27026],[-157.66456,57.93339],[-157.66533,57.60424],[-157.78513,57.50813],[-158.12465,57.34321],[-158.4507,57.21267],[-158.6621,57.07558],[-158.67104,56.84347],[-158.6173,56.74809],[-159.24871,56.78097],[-159.77594,56.58231],[-159.976,56.41848],[-160.11387,56.32299],[-160.4573,56.19991],[-160.60662,56.04336],[-160.60743,55.96187],[-160.16941,55.80664],[-159.61396,55.88911],[-159.07692,55.99196],[-158.73809,56.18962],[-158.61484,56.36668],[-158.52674,56.44851],[-157.98029,56.65388],[-157.74747,56.77022],[-157.39708,56.8459],[-156.99343,56.9149],[-156.49576,57.10023],[-156.4507,57.17548],[-156.68458,57.4007],[-156.36939,57.56561],[-155.90319,57.71726],[-155.59815,57.89616],[-154.95322,58.03468],[-154.64931,58.07648],[-154.40448,58.24876],[-154.21386,58.42796],[-153.96358,58.55239],[-153.6823,58.64247],[-153.48861,58.79449],[-153.45496,58.87734],[-153.66443,58.98046],[-153.96482,59.02825],[-154.12693,59.04175],[-154.29821,59.1174],[-154.28228,59.24878],[-153.97602,59.51921],[-153.70975,59.64444],[-153.40636,59.70737],[-153.15217,59.74253],[-152.89869,59.89562],[-152.81887,60.13243],[-152.87772,60.27887],[-152.7436,60.34197],[-152.56101,60.38423],[-152.18969,60.6577],[-151.73101,60.78466],[-151.34189,60.95366],[-151.0841,61.15072],[-150.88225,61.19328],[-150.78057,61.2919],[-150.31124,61.31388],[-149.87436,61.13898],[-149.31695,60.92944],[-149.42469,60.85912],[-149.91282,60.91428],[-150.43717,60.90628],[-150.8284,60.80038],[-151.15955,60.65965],[-151.23037,60.47061],[-151.41503,60.25371],[-151.78299,59.99496],[-151.78467,59.9463],[-151.4899,59.71102],[-151.44797,59.53785],[-151.77225,59.35726],[-151.80069,59.30188],[-151.88097,59.16345],[-151.38796,59.21278],[-150.92232,59.41425],[-150.50098,59.61584],[-150.02109,59.71377],[-149.58115,59.98519],[-149.32563,60.02748],[-149.06191,60.00011],[-148.69988,59.90356],[-148.49352,59.90396],[-148.30091,60.10611],[-148.25754,60.28062],[-148.33609,60.4132],[-148.83967,60.54508],[-148.7278,60.7273],[-148.55266,60.83973],[-148.46587,60.86794],[-148.49262,61.06434],[-148.18898,61.10002],[-147.94013,61.20585],[-147.63799,61.05192],[-147.2701,60.94031],[-146.57833,60.83647],[-146.18587,60.72511],[-145.99839,60.66244],[-145.89316,60.5157],[-145.4927,60.38365],[-145.13839,60.45422],[-145.00286,60.55236],[-144.81078,60.31509],[-144.51793,60.14117],[-144.40642,60.09257],[-144.05295,60.05143],[-143.08368,60.07418],[-142.42458,60.01967],[-141.95846,60.04146],[-141.74712,60.1325],[-141.58555,60.13975],[-141.43944,60.09123],[-141.3729,60.00773],[-141.3852,59.89656],[-140.90452,59.78648],[-140.42836,59.75968],[-140.13291,59.76717],[-139.92891,59.82994],[-139.57256,59.9],[-139.39982,59.83095],[-139.30663,59.70634],[-139.36736,59.63],[-139.78507,59.51838],[-139.20009,59.27734],[-138.78019,59.18139],[-138.7445,59.18145],[-138.44573,59.16188],[-138.20122,59.03053],[-137.57666,58.60416],[-137.08501,58.44677],[-136.35608,58.52387],[-136.37031,58.62024],[-136.9388,58.94318],[-136.39011,58.84077],[-136.14838,58.90328],[-135.96842,58.69679],[-135.73827,58.46998],[-135.6159,58.43579],[-135.30033,58.37449],[-135.27912,58.44331],[-135.32572,58.58089],[-135.51484,58.9735],[-135.46946,59.33974],[-135.30861,59.34696],[-135.14376,59.16753],[-135.04586,58.90538],[-134.8303,58.56118],[-134.38007,58.37623],[-134.12349,58.23922],[-134.01664,58.12261],[-133.84044,57.99935],[-133.64031,57.96542],[-133.5048,57.89707],[-133.47411,57.84226],[-133.64129,57.73913],[-133.59685,57.64329],[-133.34084,57.37682],[-133.40043,57.21945],[-133.19674,57.15837],[-132.87128,57.0156],[-132.55932,56.70248],[-132.27108,56.50553],[-132.10096,56.34938],[-132.18375,56.25405],[-132.27916,56.13156],[-132.25559,55.85004],[-132.03246,55.8935],[-131.96361,55.96609],[-131.767,56.01001],[-131.19051,56.03476],[-131.10103,55.91288],[-130.89237,55.7692],[-130.69536,55.46538],[-130.7734,55.06622],[-130.69033,54.97168],[-130.54572,54.90974],[-130.41288,55.02074],[-130.26734,55.07184],[-130.06501,55.10212],[-130.00269,55.28854],[-130.1796,55.63822],[-130.10639,55.99259],[-130.28743,56.10749],[-131.19881,56.45078],[-131.63984,56.59196],[-131.72487,56.60519],[-131.95545,56.78188],[-132.70697,57.62873],[-133.50284,58.42426],[-133.86931,58.68512],[-134.79105,59.21399],[-134.94852,59.35899],[-135.11548,59.5806],[-135.25773,59.67031],[-135.63216,59.70314],[-135.85482,59.64632],[-136.18375,59.42204],[-136.7349,59.12053],[-137.11632,59.02835],[-137.22333,58.88223],[-137.64856,59.18515],[-138.62143,59.77807],[-138.77802,59.90965],[-138.8557,60.08398],[-139.00515,60.25838],[-139.33786,60.28469],[-140.42879,60.22991],[-140.80695,60.26297],[-140.89492,60.38882],[-140.93511,60.8597],[-140.94664,61.83505],[-140.92728,63.78551],[-140.91555,64.76773],[-140.97377,66.0258],[-140.99724,67.07674],[-141.01449,68.09328],[-141.01313,69.3782],[-141.05925,69.59546]]]]}},{"type":"Feature","id":16,"properties":{"name":"China","subjecto":"China","partof":"China","precision":3},"geometry":{"type":"MultiPolygon","coordinates":[[[[109.42965,18.09662],[109.66907,18.41474],[110.13131,18.58724],[110.26252,18.62563],[110.36147,18.76558],[110.29872,18.89884],[110.42704,19.22942],[110.61251,19.47119],[110.81181,19.63041],[110.88536,19.70678],[110.61735,20.01746],[110.25833,19.94048],[110.06062,19.94005],[109.91588,19.80001],[109.65766,19.90109],[109.55033,19.91356],[109.44226,19.73548],[109.42012,19.65921],[109.19816,19.68414],[108.87368,19.40396],[108.68498,19.29558],[108.5769,19.18737],[108.56047,19.0603],[108.65193,18.48245],[108.93859,18.3306],[109.42965,18.09662]]],[[[101.96785,22.53372],[102.18545,22.63658],[102.41699,22.69506],[102.57036,22.6896],[102.83885,22.51338],[102.98506,22.46979],[103.24778,22.65544],[103.39727,22.70711],[104.115,22.73033],[104.47811,22.78323],[104.63144,22.85396],[104.94455,23.10339],[105.17943,23.25078],[105.31343,23.296],[105.59397,23.03732],[105.94114,22.9314],[106.23814,22.90774],[106.58803,22.92881],[106.69453,22.8342],[106.71984,22.66293],[106.5074,22.32519],[106.55056,22.09054],[106.67344,21.92617],[107.09812,21.64929],[107.37753,21.57472],[107.78662,21.52631],[107.87561,21.46207],[107.90003,21.47901],[108.1167,21.49851],[108.26594,21.47342],[108.38727,21.53085],[108.45893,21.70886],[108.46665,21.7851],[108.555,21.8234],[108.81304,21.49364],[109.1174,21.39901],[109.32188,21.4312],[109.41432,21.56479],[109.51608,21.59677],[109.77982,21.48298],[109.78676,21.40678],[109.60815,21.05705],[109.60293,20.87918],[109.7116,20.56816],[109.92826,20.24467],[110.27129,20.31527],[110.43366,20.4363],[110.41412,20.5252],[110.29317,20.58211],[110.07722,20.86748],[110.07243,20.91829],[110.20257,21.09643],[110.23883,21.2807],[110.36344,21.24285],[110.56642,21.23058],[110.7496,21.37706],[111.0856,21.4794],[111.43422,21.4611],[111.53608,21.49307],[111.734,21.70946],[111.8312,21.75412],[112.03952,21.65929],[112.30786,21.67891],[112.47251,21.73008],[112.74952,21.75607],[112.81533,21.82607],[112.81556,21.93406],[112.87131,22.06122],[113.09672,21.97912],[113.28368,22.03033],[113.3777,22.16391],[113.39909,22.47519],[113.41929,22.57051],[113.37662,22.64665],[113.46257,22.77385],[113.53598,22.70415],[113.71678,22.48222],[113.84516,22.46344],[113.98914,22.55267],[114.30387,22.6486],[114.53746,22.6745],[114.55875,22.46495],[114.84781,22.51002],[115.04354,22.59936],[115.18553,22.74575],[115.3088,22.77141],[115.54251,22.69568],[115.70671,22.63887],[115.86005,22.8361],[116.0847,22.88738],[116.34062,22.91333],[116.40022,22.98332],[116.4039,23.19929],[116.45206,23.2502],[116.70913,23.34602],[116.96271,23.55616],[117.2454,23.63297],[117.40589,23.69047],[117.75325,23.98338],[117.84909,24.0471],[117.79609,24.42171],[117.86126,24.51077],[117.92491,24.56173],[118.12424,24.53039],[118.34563,24.46734],[118.53121,24.69004],[118.81295,24.84941],[118.94535,25.1355],[119.02367,25.31349],[119.09586,25.44065],[119.33538,25.53007],[119.42861,25.65093],[119.47035,25.77168],[119.43603,26.03834],[119.55489,26.26721],[119.4289,26.59083],[119.60071,26.6928],[119.85704,26.70603],[119.97135,26.78884],[120.08409,26.98594],[120.35181,27.17701],[120.40888,27.31049],[120.5059,27.5901],[120.6865,27.8699],[120.94238,28.21333],[121.00856,28.27698],[121.16591,28.1249],[121.25971,28.18225],[121.35852,28.38566],[121.34584,28.54438],[121.43251,28.83666],[121.56675,29.17348],[121.64917,29.31971],[121.5582,29.35762],[121.41146,29.3446],[121.36191,29.41435],[121.49844,29.52258],[121.67039,29.62454],[121.77436,29.76445],[121.77032,29.83428],[121.56523,29.84656],[121.39127,29.9224],[121.15525,30.18858],[121.08252,30.21383],[120.86273,30.18798],[120.43786,29.99661],[120.26755,30.02165],[119.94367,30.11622],[120.22693,30.25015],[120.60867,30.34618],[121.03547,30.5947],[121.32843,30.69055],[121.56893,30.7101],[121.63187,30.79277],[121.64023,30.92612],[121.49887,31.28139],[121.30789,31.42066],[121.26827,31.45234],[121.62331,31.61815],[121.64504,31.68803],[121.60596,31.82763],[121.48367,31.94801],[121.23053,32.06177],[121.05076,32.32805],[120.73831,32.46073],[120.66086,32.54312],[120.71939,32.84798],[120.64059,33.04462],[120.34028,33.33606],[120.14943,33.89433],[119.9736,34.13522],[119.62048,34.36938],[119.29992,34.59093],[119.02086,34.69193],[119.00325,34.93947],[119.06016,35.04127],[119.68883,35.54497],[119.90734,35.76806],[119.97557,35.9336],[119.91378,36.14344],[120.13934,36.1948],[120.19649,36.15674],[120.20367,36.03587],[120.26972,35.9851],[120.50483,36.05557],[120.53731,36.38652],[120.85549,36.58445],[121.60988,36.83423],[121.8467,36.86018],[121.98013,36.82225],[122.25559,36.73369],[122.28127,36.98201],[122.39286,37.30057],[122.26949,37.30032],[122.05757,37.36356],[121.89485,37.37596],[121.43434,37.33684],[121.18978,37.42548],[120.7874,37.70488],[120.65811,37.73647],[120.41806,37.67866],[120.16939,37.57626],[119.9407,37.35291],[119.59886,37.11662],[119.2844,37.04597],[118.9546,37.07712],[118.837,37.20422],[118.81165,37.44613],[118.86726,37.70737],[118.87525,37.94943],[118.74465,38.06383],[118.20027,38.04361],[117.84067,38.16392],[117.58947,38.28448],[117.47904,38.44992],[117.4395,38.60277],[117.57505,38.91534],[117.75289,39.20254],[117.91011,39.26024],[118.06993,39.25419],[118.27459,38.99961],[118.41243,39.05088],[118.55934,39.17229],[118.78127,39.16636],[118.97764,39.22414],[119.09059,39.3391],[119.14942,39.45398],[119.21067,39.63903],[119.38549,39.84343],[119.54779,39.93304],[119.82382,40.04216],[120.11273,40.0811],[120.27275,40.15177],[120.78842,40.68381],[121.01061,40.85068],[121.08528,40.85723],[121.36801,40.87061],[121.42673,40.86433],[121.75362,40.73695],[122.08235,40.48801],[122.10791,40.35372],[122.03652,40.26404],[121.78899,40.07808],[121.66813,39.90541],[121.23941,39.55383],[121.21334,39.48364],[121.28218,39.34989],[121.44896,39.3821],[121.66015,39.33152],[121.51178,39.17186],[121.1237,38.86512],[121.06533,38.75028],[121.21648,38.75696],[121.48841,38.8786],[121.74317,39.08945],[122.02749,39.25576],[123.03906,39.6722],[123.36643,39.74939],[123.91653,39.80788],[124.10408,39.88478],[124.13388,39.84314],[124.30433,40.08068],[124.4911,40.27958],[124.72513,40.4277],[125.41501,40.6997],[125.8795,40.94503],[126.16551,41.18944],[126.47418,41.65151],[126.64752,41.71003],[126.84933,41.71753],[126.97238,41.53911],[127.1943,41.42522],[127.42281,41.35616],[127.86146,41.37773],[128.09849,41.44936],[128.07814,41.50039],[127.84928,41.84455],[127.86077,41.99817],[127.98405,42.10764],[128.16029,42.1342],[128.30996,42.07742],[128.51364,42.05294],[128.75553,42.06065],[129.03454,42.17738],[129.46447,42.41661],[129.56819,42.7374],[129.74046,42.89849],[129.85426,42.95679],[129.9656,42.95739],[130.22589,42.6513],[130.27627,42.6772],[130.83966,42.88527],[131.06948,43.07876],[131.13964,43.22656],[131.08921,43.36092],[131.13269,43.41887],[131.14396,43.59208],[131.14674,43.86796],[131.11836,44.16303],[130.96923,44.56677],[130.99053,44.81743],[131.73954,45.2593],[131.91783,45.24093],[132.22618,45.13299],[132.5314,45.03153],[132.77761,44.98774],[132.98899,45.14357],[133.23666,45.45443],[133.38484,45.6488],[133.66674,46.13466],[133.90898,46.61443],[134.03442,47.01644],[134.16528,47.3346],[134.46244,47.51123],[134.71737,47.69421],[134.70967,47.9213],[134.65745,48.09629],[134.6284,48.21305],[134.51783,48.26445],[134.11167,48.24927],[133.58026,48.15548],[132.9694,48.01586],[132.54046,47.87722],[132.26875,47.77841],[131.52279,47.75496],[131.23046,47.74689],[130.92454,47.73229],[130.80735,47.93288],[130.60942,48.51002],[130.47583,48.89962],[130.38357,48.96421],[129.18659,49.34207],[128.50119,49.45575],[127.94001,49.6092],[127.71199,49.69929],[127.51589,49.87439],[127.09901,50.73064],[126.67561,51.44515],[126.18639,52.51815],[125.85267,52.94654],[125.50918,53.15679],[125.26661,53.16876],[124.6432,53.11246],[124.336,53.19702],[123.8694,53.41345],[123.35261,53.5103],[122.93983,53.48823],[122.39868,53.43893],[122.02236,53.38384],[121.18775,53.31973],[120.91706,53.25862],[120.70224,53.18452],[120.16529,52.8305],[119.99655,52.70382],[119.94269,52.59102],[120.31288,52.62606],[120.56357,52.61416],[120.77311,52.47634],[120.82109,52.3642],[120.74595,52.00713],[120.12898,51.73336],[119.85977,51.48807],[119.55948,51.13757],[119.37221,50.89329],[119.18235,50.70172],[119.13661,50.58985],[119.16394,50.52436],[119.32167,50.36771],[119.34646,50.23013],[119.2912,50.12498],[118.94031,49.97246],[117.84202,49.6338],[117.64499,49.59362],[117.49053,49.58628],[116.98408,49.84456],[116.75978,49.92989],[116.62705,49.79047],[116.31808,49.24752],[115.76748,48.36573],[115.59636,48.1048],[115.71697,47.72874],[115.74008,47.71586],[115.89382,47.73618],[116.31165,47.91374],[116.65096,47.94153],[116.91011,47.94941],[117.05288,47.9112],[117.24689,47.72393],[117.37805,47.69219],[117.91449,48.04573],[118.11149,48.0468],[118.52913,47.95157],[118.77116,47.86196],[119.12989,47.63665],[119.52555,47.19125],[119.79476,46.96586],[119.81624,46.84291],[119.76784,46.74552],[119.58139,46.6474],[119.37266,46.70454],[118.88927,46.70843],[118.69506,46.7527],[118.31108,46.73768],[117.88975,46.63831],[117.64714,46.57227],[117.27308,46.4473],[117.11465,46.36233],[116.89696,46.41939],[116.68805,46.39886],[116.47667,46.30716],[116.31324,46.15751],[116.17289,45.78837],[116.0641,45.69089],[115.90814,45.60611],[115.62135,45.49479],[115.21769,45.43453],[114.93695,45.45883],[114.73961,45.46421],[114.63913,45.47013],[114.10256,45.06077],[113.76871,44.86583],[113.43374,44.84474],[112.99144,44.84235],[112.72541,44.89878],[112.42466,45.07103],[112.10168,45.14022],[111.95933,45.10721],[111.75373,45.00292],[111.51117,44.73791],[111.41461,44.5574],[111.41619,44.40317],[111.59087,44.14714],[111.86063,43.96235],[111.9453,43.86007],[111.88981,43.7378],[111.74307,43.62146],[111.17386,43.49002],[110.87231,43.31515],[110.37228,42.84426],[110.25324,42.76669],[109.37953,42.43508],[109.08669,42.40786],[108.64215,42.44387],[107.96108,42.41453],[107.35881,42.41124],[106.81687,42.25453],[106.4494,42.12441],[106.11817,42.00093],[105.98173,41.95536],[105.33361,41.71494],[105.02497,41.58524],[104.80842,41.57765],[104.61393,41.66619],[104.4998,41.79998],[104.22555,41.83049],[103.92692,41.80325],[103.50889,41.85859],[102.78973,42.05317],[102.33692,42.21723],[101.97019,42.46513],[101.73601,42.54076],[100.97538,42.5943],[100.45111,42.60426],[100.02993,42.61478],[98.74238,42.58853],[98.21802,42.59848],[97.85725,42.6478],[97.29847,42.74094],[96.40847,42.7489],[96.20859,42.86326],[95.99815,43.06096],[95.29106,44.03305],[95.24398,44.27703],[94.90885,44.32021],[94.53164,44.4596],[93.79154,44.8222],[93.50711,44.94292],[93.05796,45.04362],[92.75746,45.08071],[92.30939,45.09764],[91.63235,45.10688],[91.15475,45.18822],[90,45.32849],[90,45.68309],[90,46.0143],[91.06154,46.35141],[91.15825,46.55271],[90,46.84983],[90,47.50258],[90,47.84468],[89.79634,47.90952],[89.46733,47.98444],[89.19094,48.01545],[88.81552,48.20209],[88.22992,48.53742],[88.06298,48.73194],[87.95492,48.98551],[87.89637,49.1678],[87.8684,49.23289],[87.75842,49.19967],[87.5023,49.1983],[87.39988,49.19203],[87.15222,49.17687],[86.90806,49.11036],[86.78273,48.99231],[86.77767,48.86842],[86.76209,48.65332],[86.62434,48.55488],[86.49449,48.52814],[85.95442,48.48618],[85.76194,48.36145],[85.60925,48.10034],[85.65257,47.76247],[85.74855,47.44462],[85.67801,47.26895],[85.47765,47.09266],[85.29041,47.04624],[84.96707,47.01854],[84.33619,47.05408],[84.06906,47.11752],[83.74472,47.18068],[83.25171,47.29488],[83.05952,47.06667],[82.82748,46.55318],[82.62998,46.19588],[82.50125,45.92337],[82.43989,45.73548],[82.71967,45.50428],[82.77655,45.37536],[82.70616,45.26516],[82.60192,45.20003],[82.42506,45.16678],[81.91517,45.27381],[81.69031,45.35656],[81.53267,45.32986],[81.04586,45.23679],[80.23663,45.12263],[80.05999,45.03777],[79.96292,44.9019],[79.93244,44.80518],[80.03676,44.72208],[80.20168,44.74871],[80.41951,44.68554],[80.43286,44.07457],[80.58789,43.79259],[80.71862,43.59412],[80.77206,43.38246],[80.6725,43.23422],[80.35507,42.98854],[80.2109,42.80808],[80.20231,42.6284],[80.2647,42.24144],[80.27875,42.1543],[80.25599,42.08367],[80.10928,41.99955],[79.67309,41.90105],[79.07109,41.74398],[78.87063,41.67883],[78.68827,41.54332],[78.40126,41.22802],[78.11065,41.07281],[77.89607,41.02684],[77.6892,41.0193],[77.12774,41.12502],[77.0204,41.11162],[76.81067,40.89929],[76.60213,40.54635],[76.48164,40.43697],[76.0836,40.37724],[75.85559,40.31206],[75.70093,40.33678],[75.61861,40.59209],[75.5917,40.62392],[75.43,40.61024],[74.64845,40.27985],[74.00865,39.9632],[73.88494,39.87966],[73.82708,39.78373],[73.76456,39.45108],[73.75993,39.4201],[73.77018,38.95587],[73.677,38.85574],[73.71202,38.71873],[73.85832,38.54151],[74.0666,38.56177],[74.16917,38.63443],[74.26818,38.60747],[74.57975,38.59008],[74.70292,38.52071],[74.83551,38.29855],[74.83176,38.17084],[74.84434,38.06022],[74.91275,38.05495],[74.9347,37.99982],[74.87815,37.80743],[74.98837,37.70092],[74.92008,37.53888],[75.01016,37.46552],[74.92869,37.38233],[74.89279,37.27038],[74.73327,37.2094],[74.64683,37.14403],[74.38845,37.17036],[74.39273,37.04929],[74.49906,37.04403],[74.52053,37.00458],[74.66171,36.94175],[74.70906,36.89139],[74.8358,36.98613],[74.96863,36.96507],[75.21801,36.91244],[75.21974,36.7072],[75.34684,36.76508],[75.62776,36.76897],[75.79565,36.62359],[75.89147,36.5125],[75.8946,36.28699],[75.75437,36.0548],[75.88974,36.02324],[76.09233,35.79842],[76.32637,35.88649],[76.43391,35.88649],[76.48086,35.79707],[76.56105,35.75655],[76.81542,35.56043],[77.41709,35.51338],[77.5541,35.46329],[77.62023,35.40644],[77.84622,35.47484],[77.84622,35.243],[78.04495,34.77933],[78.14431,34.54749],[78.50862,34.49781],[78.70734,34.31565],[78.8067,34.19974],[78.65766,34.10038],[78.57485,34.01758],[78.60797,33.75262],[78.62454,33.50423],[78.75701,33.40487],[79.07998,33.3618],[79.12106,33.32679],[79.1409,33.24495],[79.44696,33.20031],[79.40038,33.0143],[79.56533,32.70181],[79.30527,32.53812],[79.13616,32.41164],[78.97055,32.38932],[78.81879,32.50836],[78.80397,32.67205],[78.45069,32.58276],[78.52111,32.27027],[78.7818,32.00242],[78.73492,31.80153],[78.85763,31.63784],[78.76068,31.54112],[78.80533,31.34767],[78.89427,31.31791],[79.10879,31.45928],[79.28126,31.34767],[79.62859,30.96822],[79.79214,31.0203],[80.27718,30.75989],[80.22518,30.5962],[80.5651,30.4846],[80.63442,30.51436],[81.0213,30.24651],[81.12931,30.05306],[81.26399,30.03074],[81.38832,30.17211],[81.44868,30.40275],[81.57261,30.37299],[81.65575,30.45483],[82.14168,30.36555],[82.20094,30.09026],[82.59117,29.97122],[82.91757,29.70337],[83.12976,29.60664],[83.19741,29.66616],[83.40201,29.53968],[83.69781,29.18255],[83.76889,29.25695],[84.0884,29.30903],[84.21854,29.23463],[84.29831,29.0635],[84.26696,28.93702],[84.92028,28.53524],[85.06985,28.64685],[85.21659,28.63941],[85.13805,28.46084],[85.14417,28.34179],[85.56481,28.31204],[85.72919,28.34179],[85.97205,28.11859],[86.03566,27.91026],[86.14224,27.9549],[86.13785,28.11859],[86.44574,27.94746],[86.56805,27.98466],[86.60394,28.13347],[86.78721,28.13347],[87.07066,28.00698],[87.21437,27.84329],[87.59651,27.87306],[87.74962,27.82097],[87.90232,27.94746],[88.19726,27.87575],[88.35231,27.93378],[88.56407,27.97943],[88.66831,27.94828],[88.7307,27.86612],[88.7072,27.47878],[88.80258,27.18099],[89.36553,27.87613],[89.63974,28.11889],[89.86341,28.27251],[90,28.27993],[90,28.05347],[91.15225,28.03237],[91.31903,28.01427],[91.45962,27.91988],[91.60775,27.64145],[91.69297,27.68638],[92.04607,27.7011],[92.36727,27.79814],[92.54606,27.91977],[93.05136,28.41773],[93.29558,28.58414],[93.66897,28.70052],[94.1662,29.02703],[94.41172,29.1617],[94.57171,29.20071],[94.70052,29.12528],[95.13931,28.98184],[95.30896,29.00184],[95.92863,29.3798],[96.13342,29.20329],[96.45533,28.88148],[96.47584,28.71024],[96.31657,28.50626],[96.25457,28.38531],[96.30007,28.3602],[96.43511,28.33558],[96.73091,28.29919],[97.05964,28.21859],[97.34042,28.18212],[97.34069,28.23923],[97.47847,28.39233],[97.60302,28.4121],[97.83,28.28646],[98.00866,28.09076],[98.11808,27.6852],[98.21602,27.54614],[98.3451,27.52784],[98.57173,27.54183],[98.63723,27.47874],[98.72536,26.73666],[98.73374,26.34318],[98.57541,25.95507],[98.38229,25.63022],[98.10718,25.39376],[97.88797,25.27188],[97.80182,25.18252],[97.52405,24.8],[97.55812,24.59067],[97.63117,24.27363],[97.53086,24.01274],[97.5306,23.8921],[97.62801,23.86091],[97.76786,23.89983],[98.13675,24.09879],[98.48349,24.13889],[98.69876,24.14649],[98.76916,24.08976],[98.89397,23.29683],[98.985,23.15132],[99.23399,23.18451],[99.46893,23.14143],[99.48357,23.02088],[99.15594,22.30784],[99.20855,22.14941],[99.31092,22.10556],[99.53886,22.10689],[99.7555,22.12718],[99.88667,21.95651],[100.04021,21.62088],[100.20996,21.50122],[100.3208,21.46378],[100.61217,21.53532],[100.89466,21.72111],[100.94499,21.54996],[101.01399,21.44242],[101.09375,21.35399],[101.23848,21.25959],[101.58416,21.22351],[101.70378,21.31944],[101.75289,21.47213],[101.69947,21.70674],[101.59694,21.87122],[101.53504,22.13754],[101.55436,22.28369],[101.66243,22.39226],[101.96785,22.53372]]]]}},{"type":"Feature","id":17,"properties":{"name":"Haiti","subjecto":"Haiti","partof":"Haiti","precision":3},"geometry":{"type":"Polygon","coordinates":[[[-71.77706,19.77101],[-71.84329,19.73085],[-72.10269,19.75571],[-72.58876,19.88817],[-72.94039,19.94462],[-73.26623,19.9185],[-73.42115,19.87368],[-73.47451,19.83543],[-73.49257,19.75275],[-73.35537,19.6577],[-72.94464,19.59501],[-72.76716,19.52548],[-72.67647,19.39218],[-72.75936,19.07419],[-72.69836,18.94084],[-72.38687,18.73174],[-72.29777,18.66202],[-72.47154,18.59173],[-72.74589,18.5085],[-73.04027,18.52694],[-73.54632,18.60214],[-73.83024,18.65239],[-74.30323,18.69587],[-74.424,18.61298],[-74.44179,18.52395],[-74.36477,18.37792],[-73.91777,18.13098],[-73.85704,18.11205],[-73.68714,18.27131],[-73.47379,18.31626],[-73.21523,18.29139],[-72.91549,18.22847],[-72.52073,18.22295],[-72.1783,18.28725],[-71.97818,18.26224],[-71.67703,18.0025],[-71.89529,18.61396],[-71.8906,18.69031],[-71.72013,18.89486],[-71.72536,18.99025],[-71.76923,19.53704],[-71.77706,19.77101]]]}},{"type":"Feature","id":18,"properties":{"name":"Dominican Republic","subjecto":"Dominican Republic","partof":"Dominican Republic","precision":3},"geometry":{"type":"Polygon","coordinates":[[[-71.67703,18.0025],[-71.53067,17.75471],[-71.40075,17.70413],[-71.21653,17.99692],[-71.06151,18.34683],[-70.76542,18.49366],[-70.69552,18.51924],[-70.62098,18.50668],[-70.47738,18.28452],[-70.29922,18.25948],[-69.95595,18.50174],[-69.80802,18.54655],[-69.64013,18.54691],[-69.51069,18.5027],[-69.15605,18.52887],[-68.9859,18.51018],[-68.77204,18.24367],[-68.66472,18.19941],[-68.52345,18.36497],[-68.45883,18.49858],[-68.37293,18.57504],[-68.47713,18.71466],[-68.65685,18.87318],[-69.06878,19.0757],[-69.3582,19.17042],[-69.50909,19.20824],[-69.74663,19.35393],[-69.89752,19.50615],[-69.99339,19.68393],[-70.28919,19.65152],[-70.73888,19.7904],[-70.81868,19.84109],[-70.8816,19.92993],[-71.04739,19.91052],[-71.22026,19.83388],[-71.3739,19.83354],[-71.55059,19.89672],[-71.77706,19.77101],[-71.76923,19.53704],[-71.72536,18.99025],[-71.72013,18.89486],[-71.8906,18.69031],[-71.89529,18.61396],[-71.67703,18.0025]]]}},{"type":"Feature","id":19,"properties":{"name":"Philippines","subjecto":"Philippines","partof":"Philippines","precision":3},"geometry":{"type":"MultiPolygon","coordinates":[[[[120.36363,14.53095],[120.47143,14.80434],[120.70641,14.72861],[120.89659,14.55115],[121.21723,14.41843],[121.28544,14.34236],[121.10497,14.25303],[120.94382,14.29081],[120.7986,14.38577],[120.51063,14.112],[120.59851,13.92162],[120.86451,13.75702],[121.00936,13.65569],[121.1871,13.68148],[121.24972,13.71338],[121.33172,13.8279],[121.48617,13.89175],[121.62493,13.89841],[122.06729,13.65161],[122.39409,13.30291],[122.492,13.43017],[122.32527,13.77921],[122.36934,13.88095],[122.48541,13.8812],[122.82416,13.62147],[123.09369,13.38064],[123.19697,13.24111],[123.23899,13.02521],[123.42121,12.98113],[123.67697,12.89274],[123.8189,12.97563],[123.39762,13.52742],[123.49137,13.6229],[123.66124,13.69314],[123.7369,13.76319],[123.7019,13.82028],[123.63851,13.83286],[123.3592,13.95295],[123.13177,13.69201],[122.98506,13.72981],[122.85634,13.88834],[122.77617,14.17403],[122.67462,14.26911],[122.48648,14.31952],[122.39741,14.30663],[122.17926,14.06477],[122.10659,13.91849],[121.97345,13.94997],[121.77041,14.09564],[121.72879,14.10826],[121.61164,14.38752],[121.45681,14.88268],[121.2993,15.21266],[121.24221,15.30783],[121.36817,15.49867],[121.40357,15.75283],[121.40227,15.87353],[121.43898,15.91808],[121.6886,16.05836],[122.06395,16.3323],[122.20331,16.54222],[122.39558,17.11433],[122.31364,17.26025],[122.07029,17.43758],[122.00743,17.79316],[122.02781,18.00917],[122.14715,18.20633],[122.13901,18.38417],[122.04959,18.44749],[121.92465,18.37101],[121.83985,18.27555],[121.58078,18.29405],[121.03637,18.52791],[120.80042,18.55282],[120.64887,18.48897],[120.56437,18.43162],[120.39308,18.04379],[120.35981,17.75788],[120.32303,17.37033],[120.31154,17.07176],[120.24656,16.8747],[120.25813,16.61429],[120.30345,16.41746],[120.29312,16.23323],[120.20211,16.04247],[119.76203,16.35914],[119.68141,16.18745],[119.81296,15.97812],[119.78871,15.66044],[119.77185,15.46983],[119.97168,14.9049],[120.30511,14.57529],[120.36363,14.53095]]],[[[121.09404,12.2011],[121.17733,12.39821],[121.27364,12.52547],[121.31684,12.74156],[121.30448,13.12905],[121.18067,13.33207],[121.03918,13.408],[120.64859,13.41351],[120.3405,13.38743],[120.54695,13.15283],[120.71096,12.65132],[120.73374,12.54972],[120.89079,12.36583],[121.09404,12.2011]]],[[[125.32305,11.12385],[125.39842,11.14943],[125.44869,11.20671],[125.33315,11.56223],[125.27773,11.92422],[125.24641,12.29261],[125.11907,12.47657],[124.95214,12.52703],[124.4945,12.46252],[124.26405,12.41756],[124.33041,12.20806],[124.62807,11.9927],[124.87549,11.83441],[124.91656,11.64392],[124.85421,11.49131],[124.88334,11.4342],[124.98977,11.35819],[125.06996,11.24402],[125.32305,11.12385]]],[[[121.873,10.46841],[122.29727,10.64721],[122.70619,10.94033],[122.78874,11.02945],[122.89682,11.15039],[122.93236,11.32835],[122.91992,11.52526],[122.63502,11.44206],[122.47016,11.45442],[122.21064,11.58091],[121.99364,11.75833],[121.96632,11.23098],[121.88314,10.62726],[121.873,10.46841]]],[[[118.86455,10.02356],[119.0338,10.12558],[119.21701,10.29115],[119.51552,10.45062],[119.56431,10.50156],[119.4689,10.75547],[119.34454,11.00297],[119.41674,11.13019],[119.35385,11.21264],[119.207,11.12974],[119.14522,10.9009],[119.10812,10.62763],[118.98916,10.39231],[118.84784,10.21412],[118.75656,10.16945],[118.69967,10.03591],[118.86455,10.02356]]],[[[122.94163,9.04759],[123.03713,9.06685],[123.133,9.25131],[123.03656,9.46076],[122.96222,9.59401],[123.10443,10.22965],[123.14427,10.33138],[123.31205,10.73834],[123.29034,10.86535],[123.23907,10.92242],[123.11762,10.93487],[122.92015,10.85184],[122.70074,10.03183],[122.6021,9.9109],[122.34745,9.81506],[122.30313,9.64978],[122.39563,9.47843],[122.7686,9.2124],[122.94163,9.04759]]],[[[117.27062,8.45083],[117.44409,8.63546],[117.71009,8.71227],[117.85714,8.8333],[117.96719,9.11309],[118.04425,9.17044],[118.27627,9.26624],[118.38455,9.34907],[118.50457,9.48275],[118.55771,9.67346],[118.50807,9.92114],[118.0885,9.43102],[117.80207,9.20803],[117.53589,9.04863],[117.37879,8.8958],[117.22448,8.68581],[117.12781,8.46958],[117.27062,8.45083]]],[[[126.04524,6.60819],[126.19463,6.88806],[126.32173,7.14884],[126.37204,7.33956],[126.37268,7.53652],[126.27994,7.73327],[126.25449,8.04454],[126.3063,8.23526],[126.27188,8.42578],[126.02999,8.38079],[125.9232,8.48222],[126.07461,8.81292],[126.03709,8.95896],[125.93395,9.17475],[125.61384,9.53621],[125.42805,9.78358],[125.36229,9.6246],[125.4395,9.37064],[125.46097,9.05302],[125.40132,8.95124],[125.22485,8.99533],[125.13256,8.9316],[124.99087,8.71527],[124.87213,8.92469],[124.74164,8.91805],[124.67058,8.42869],[124.3716,8.56145],[124.2104,8.44674],[124.11721,8.19241],[124.02394,8.10962],[123.80547,8.08373],[123.6628,8.01353],[123.61695,8.33746],[123.48587,8.49602],[123.13582,8.45079],[122.88877,8.34225],[122.7965,8.27216],[122.73632,8.06236],[122.638,8.00496],[122.38403,7.98536],[122.2117,7.90239],[122.09367,7.77507],[122.01049,7.53345],[121.84885,7.19636],[121.8245,7.05652],[121.83991,6.96761],[121.8936,6.91055],[121.99188,6.87263],[122.22834,7.26072],[122.45516,7.69325],[122.63507,7.78258],[122.71332,7.67475],[122.72541,7.4524],[123.02298,7.47845],[123.2479,7.5933],[123.30616,7.69508],[123.33368,7.77139],[123.46498,7.79073],[123.81526,7.65807],[124.02478,7.47427],[124.07358,7.25835],[123.86418,6.85127],[123.8806,6.56539],[123.97346,6.33686],[124.22406,6.08961],[124.72531,5.81113],[124.803,5.78587],[124.96577,6.08485],[125.12946,6.05344],[125.16346,5.90737],[125.07285,5.72292],[125.15203,5.60237],[125.28927,5.4883],[125.46145,5.71741],[125.53286,5.93994],[125.46598,6.24478],[125.39131,6.42252],[125.28044,6.59383],[125.44321,6.96269],[125.61458,7.23626],[125.74778,7.18572],[125.91082,6.84934],[125.95463,6.65247],[126.04524,6.60819]]]]}},{"type":"Feature","id":20,"properties":{"name":"Puerto Rico","subjecto":"Puerto Rico","partof":"Puerto Rico","precision":3},"geometry":{"type":"Polygon","coordinates":[[[-66.9056,17.93621],[-66.74636,18.01282],[-66.45086,18.04522],[-66.11842,18.00781],[-65.96735,18.02719],[-65.84002,18.12916],[-65.80848,18.17373],[-65.72408,18.33281],[-65.77501,18.39626],[-65.9515,18.47216],[-66.62883,18.52156],[-66.81061,18.51481],[-67.05517,18.54608],[-67.16099,18.51406],[-67.21058,18.43769],[-67.16168,18.32974],[-67.18457,18.0818],[-67.15195,17.98652],[-66.9056,17.93621]]]}},{"type":"Feature","id":21,"properties":{"name":"Jamaica","subjecto":"Jamaica","partof":"Jamaica","precision":3},"geometry":{"type":"Polygon","coordinates":[[[-77.29083,17.80597],[-77.15229,17.86347],[-77.05026,17.9781],[-76.80555,18.00405],[-76.46769,17.87129],[-76.31859,17.90339],[-76.30069,17.99241],[-76.42635,18.11926],[-76.71916,18.23942],[-77.15585,18.39739],[-77.7695,18.5105],[-78.08642,18.47803],[-78.32486,18.3504],[-78.26113,18.2552],[-78.05181,18.2175],[-77.8405,18.05269],[-77.73734,17.93213],[-77.42531,17.8311],[-77.29083,17.80597]]]}},{"type":"Feature","id":22,"properties":{"name":"Burkina Faso","subjecto":"Burkina Faso","partof":"Burkina Faso","precision":3},"geometry":{"type":"Polygon","coordinates":[[[0.06401,11.06482],[0.51982,10.99124],[0.79494,10.9166],[0.92512,10.8983],[0.9536,10.96202],[1.06152,11.03258],[1.22612,11.28146],[1.41328,11.40333],[1.60112,11.42351],[1.93393,11.38099],[2.08533,11.4518],[2.27217,11.66267],[2.37887,12.00654],[2.32013,12.17146],[2.06455,12.60854],[1.81115,12.61975],[1.64478,12.5997],[1.41266,12.68096],[0.97608,13.02162],[0.92473,13.12302],[1.07557,13.32096],[1.06771,13.41626],[0.98723,13.53656],[0.76132,13.7259],[0.58655,13.84564],[0.3965,14.06699],[0.20489,14.48539],[0.19632,14.66332],[0.27397,14.96253],[-0.36571,15.06682],[-0.52591,15.12308],[-0.69263,15.09031],[-1.24145,14.76925],[-1.66762,14.56333],[-1.80446,14.46082],[-1.94594,14.10403],[-2.06932,14.11602],[-2.21522,14.19778],[-2.44829,14.29176],[-2.5711,14.24654],[-2.85804,13.96516],[-3.07936,13.6651],[-3.25627,13.29538],[-3.33478,13.19321],[-3.53704,13.14751],[-3.78529,13.31131],[-3.91723,13.43767],[-4.04009,13.41152],[-4.21903,13.23883],[-4.37869,12.69123],[-4.51028,12.22005],[-4.6529,12.05394],[-4.89728,11.93172],[-5.09888,11.8606],[-5.21452,11.85357],[-5.2781,11.73877],[-5.25202,11.40202],[-5.312,11.00756],[-5.42955,10.59369],[-5.50715,10.44702],[-5.52793,10.37697],[-5.56379,10.3577],[-5.44729,10.28211],[-5.20178,10.28357],[-5.06318,10.16997],[-4.99568,9.9606],[-4.76175,9.70772],[-4.55851,9.60723],[-4.39932,9.57003],[-4.23388,9.62186],[-4.03305,9.73747],[-3.75951,9.80901],[-3.41338,9.84285],[-3.12387,9.76828],[-2.84041,9.57292],[-2.75456,9.6497],[-2.76359,9.83398],[-2.88078,10.70413],[-2.82456,10.85702],[-2.70245,10.92766],[-1.74881,10.94602],[-1.35846,10.92927],[-0.71534,10.92672],[-0.2762,11.13273],[0.06401,11.06482]]]}},{"type":"Feature","id":23,"properties":{"name":"Nicaragua","subjecto":"Nicaragua","partof":"Nicaragua","precision":3},"geometry":{"type":"Polygon","coordinates":[[[-85.83966,11.07758],[-85.64633,11.19961],[-84.90328,10.93019],[-84.63197,11.04303],[-84.45505,10.99467],[-84.32679,11.02921],[-84.21842,10.82197],[-83.87314,10.75501],[-83.74664,10.87846],[-83.83133,11.04181],[-83.91413,11.25138],[-83.92833,11.49922],[-83.88305,12.1222],[-83.79818,12.45287],[-83.68814,12.96159],[-83.70726,13.36833],[-83.66237,13.7053],[-83.418,14.06811],[-83.32193,14.38612],[-83.29642,14.615],[-83.31352,14.76751],[-83.4172,15.00086],[-84.05857,14.78237],[-84.24955,14.67947],[-84.36108,14.64066],[-84.56938,14.68396],[-84.71702,14.76577],[-84.83382,14.77144],[-84.96595,14.66253],[-85.19227,14.305],[-85.73531,13.85657],[-86.06141,14.04546],[-86.29239,13.78332],[-86.68933,13.76825],[-86.69157,13.33573],[-86.82337,13.15052],[-86.95397,13.08614],[-87.40427,13.02987],[-87.68543,13.01655],[-87.67491,12.91487],[-87.58677,12.83244],[-87.26145,12.6234],[-86.88497,12.25555],[-86.43359,11.76713],[-86.01414,11.36762],[-85.83966,11.07758]]]}},{"type":"Feature","id":24,"properties":{"name":"Cambodia","subjecto":"Cambodia","partof":"Cambodia","precision":3},"geometry":{"type":"Polygon","coordinates":[[[105.05653,14.2395],[104.92099,14.31491],[104.65161,14.36413],[104.39269,14.38166],[104.14186,14.34842],[103.78292,14.37807],[103.25549,14.33686],[103.08303,14.29137],[102.84838,14.0931],[102.43457,13.53807],[102.36847,13.40429],[102.33451,13.23258],[102.34619,12.94682],[102.4449,12.6552],[102.66412,12.33254],[102.73595,12.11698],[102.67078,12.03772],[102.96259,11.36794],[103.03959,10.89797],[103.19204,10.90464],[103.40012,11.03851],[103.52489,11.05784],[103.65232,10.88022],[103.67031,10.76591],[103.58846,10.66408],[103.52487,10.52417],[103.60692,10.47351],[103.73876,10.49286],[103.83095,10.474],[104.00306,10.5379],[104.1603,10.51918],[104.27201,10.39871],[104.38718,10.31441],[104.52182,10.44412],[104.8126,10.54749],[105.22409,10.78498],[105.49371,10.88822],[105.71723,10.88318],[106.02708,10.79608],[106.10337,10.91723],[106.09005,11.0061],[105.83406,11.20151],[105.73685,11.3915],[105.84255,11.58271],[106.28805,11.83942],[106.52295,11.94245],[106.9419,12.14185],[107.21138,12.22601],[107.3845,12.35408],[107.48226,12.58332],[107.45782,13.06591],[107.4803,13.2566],[107.51459,13.42195],[107.3097,13.87805],[107.29675,14.17648],[107.39329,14.58353],[107.29942,14.53217],[106.86072,14.33904],[106.72598,14.30649],[106.55778,14.46429],[106.358,14.54568],[106.14398,14.46185],[105.9679,14.33378],[106.01619,14.20069],[106.10009,14.11862],[106.14619,14.02362],[106.1037,13.9154],[105.99176,13.88933],[105.78102,14.00241],[105.62772,14.05233],[105.29619,14.12658],[105.05653,14.2395]]]}},{"type":"Feature","id":25,"properties":{"name":"Costa Rica","subjecto":"Costa Rica","partof":"Costa Rica","precision":3},"geometry":{"type":"Polygon","coordinates":[[[-83.74664,10.87846],[-83.87314,10.75501],[-84.21842,10.82197],[-84.32679,11.02921],[-84.45505,10.99467],[-84.63197,11.04303],[-84.90328,10.93019],[-85.64633,11.19961],[-85.83966,11.07758],[-85.73269,11.08546],[-85.70701,10.98316],[-85.87022,10.92789],[-85.62086,10.82658],[-85.61733,10.65157],[-85.76652,10.55025],[-85.8243,10.36071],[-85.77779,10.13835],[-85.7116,10.03046],[-85.56641,9.92273],[-85.31415,9.82793],[-85.15362,9.70117],[-85.0888,9.58311],[-84.84417,9.84102],[-84.9256,9.96076],[-85.11556,9.9809],[-85.15429,10.0805],[-85.25545,10.31076],[-85.06826,10.19102],[-84.8089,10.03241],[-84.69706,9.98839],[-84.6313,9.8739],[-84.63474,9.68443],[-84.49248,9.53735],[-84.18226,9.491],[-84.14669,9.42653],[-83.83384,9.29726],[-83.61494,9.15156],[-83.53289,8.9992],[-83.55082,8.82757],[-83.66388,8.6748],[-83.60548,8.54782],[-83.27895,8.41334],[-83.22823,8.44097],[-83.26606,8.54219],[-83.41244,8.72651],[-83.36232,8.76335],[-83.25492,8.7173],[-83.08515,8.65063],[-83.08956,8.39492],[-82.95614,8.25676],[-82.95746,8.04721],[-82.86564,8.32123],[-82.975,8.40413],[-82.80674,8.56992],[-82.86274,8.8094],[-82.68433,8.9752],[-82.91258,9.11336],[-82.91264,9.37443],[-82.90659,9.51864],[-82.80779,9.61075],[-82.59305,9.52785],[-82.55993,9.58311],[-82.55355,9.58602],[-82.75197,9.74448],[-82.96154,10.03444],[-83.06267,10.05524],[-83.20409,10.20024],[-83.37719,10.48038],[-83.74664,10.87846]]]}},{"type":"Feature","id":26,"properties":{"name":"Central African Republic","subjecto":"Central African Republic","partof":"Central African Republic","precision":3},"geometry":{"type":"Polygon","coordinates":[[[16.07674,2.12768],[16.21281,2.26832],[16.37741,2.49177],[16.44862,2.72738],[16.5481,3.30639],[16.66301,3.40877],[16.87871,3.45454],[17.31733,3.53343],[17.48277,3.50898],[17.76328,3.44709],[18.16603,3.405],[18.50399,3.53413],[18.5759,3.55999],[18.60469,3.82711],[18.61198,3.98606],[18.569,4.18919],[18.61234,4.32293],[18.96581,4.7636],[19.12454,4.91708],[19.36233,5.05197],[19.57827,5.07868],[19.7725,5.00356],[20.10998,4.77039],[20.26055,4.59333],[20.3322,4.4857],[20.56206,4.34087],[21.20214,4.25569],[22.072,4.0257],[22.33809,3.9955],[22.41739,4.0659],[22.72173,4.67788],[22.88043,4.76145],[23.0528,4.69256],[23.30394,4.53515],[23.42629,4.54223],[23.84469,4.76082],[24.26301,4.92856],[24.52956,4.97464],[24.91761,4.8816],[25.09745,4.86996],[25.21275,4.89607],[25.27099,5.00447],[25.30797,5.25257],[25.48818,5.31085],[26.0057,5.14867],[26.31465,5.02974],[26.44378,4.95424],[26.58763,4.94238],[27.02028,5.09749],[27.24373,5.16238],[27.22949,5.19408],[27.26713,5.49939],[27.19607,5.65785],[26.94539,5.87247],[26.57865,5.94656],[26.41366,6.04728],[26.28531,6.24354],[26.25872,6.56754],[26.16628,6.73223],[26.0732,6.80796],[25.7505,7.00308],[25.49964,7.17319],[25.29912,7.33089],[25.22129,7.50839],[25.28799,7.72489],[25.18813,7.84505],[25.03031,7.93309],[24.67079,8.03902],[24.31209,8.24027],[24.21205,8.34137],[24.09869,8.56315],[24.00546,8.6198],[23.88285,8.61907],[23.52216,8.61058],[23.4509,8.70549],[23.44647,9.00418],[23.63362,9.66629],[23.57852,9.90748],[23.42272,10.15443],[22.81895,10.90717],[22.56736,11.00101],[22.4229,11.00651],[22.27784,10.96752],[21.85514,10.69172],[21.6877,10.58904],[21.61339,10.41699],[21.61123,10.23267],[21.52312,10.10504],[20.33051,9.08104],[20.15707,9.04188],[19.17575,9.01699],[18.9808,8.99041],[18.88647,8.90087],[18.83387,8.53827],[18.54276,8.009],[18.42712,7.94476],[18.26125,7.93106],[17.86479,7.93506],[17.49668,7.81211],[17.1573,7.63849],[16.94791,7.51648],[16.84697,7.50317],[16.74617,7.53435],[16.52362,7.83177],[15.91013,7.52304],[15.70818,7.45192],[15.60012,7.46399],[15.55696,7.50187],[15.46316,7.45047],[15.30435,7.30333],[14.91438,6.51922],[14.7342,6.28933],[14.49653,6.10994],[14.43173,6.02058],[14.40297,5.82972],[14.45352,5.48044],[14.57629,4.94724],[14.66976,4.68084],[14.84966,4.38318],[15.04404,4.11103],[15.07316,3.75526],[15.12371,3.60936],[15.6713,3.05327],[15.89512,2.69231],[15.98254,2.33052],[16.07674,2.12768]]]}},{"type":"Feature","id":27,"properties":{"name":"Sierra Leone","subjecto":"Sierra Leone","partof":"Sierra Leone","precision":3},"geometry":{"type":"Polygon","coordinates":[[[-13.16425,8.85077],[-13.17435,8.77289],[-13.14487,8.72211],[-12.92725,8.62726],[-12.912,8.55739],[-12.99016,8.45555],[-13.21249,8.34704],[-13.04414,8.13769],[-12.86915,7.97284],[-12.51305,7.72578],[-12.27409,7.63098],[-12.25158,7.54841],[-12.27901,7.4149],[-12.26394,7.35139],[-12.04676,7.2629],[-11.74939,7.07925],[-11.4654,6.8439],[-11.43783,6.89027],[-11.30982,7.00545],[-11.02634,7.33132],[-10.49336,7.84937],[-10.37703,8.07561],[-10.49386,8.37063],[-10.56814,8.98678],[-10.68173,9.32936],[-10.89548,9.60779],[-11.10067,9.79728],[-11.29004,9.89786],[-11.49969,9.91569],[-12.0111,9.8491],[-12.2785,9.86658],[-12.38555,9.79602],[-12.67468,9.40654],[-13.16425,8.85077]]]}},{"type":"Feature","id":28,"properties":{"name":"Sri Lanka","subjecto":"Sri Lanka","partof":"Sri Lanka","precision":3},"geometry":{"type":"Polygon","coordinates":[[[80.5629,5.93167],[80.8518,5.95135],[81.20269,6.07919],[81.43388,6.27031],[81.59992,6.44858],[81.77902,6.75396],[81.86617,7.08456],[81.80486,7.31317],[81.44597,7.92872],[81.32614,8.25887],[81.06008,8.41079],[81.04908,8.4743],[81.09344,8.62688],[81.01492,8.77285],[80.76763,9.12178],[80.66242,9.29946],[80.3476,9.47033],[80.10958,9.6866],[80.17807,9.44519],[80.07653,9.27913],[80.05262,9.11388],[79.89601,8.92039],[79.70579,8.93088],[79.67463,8.80493],[79.8087,8.64749],[79.72418,8.41658],[79.83217,8.10315],[79.84073,7.69651],[79.83873,7.35339],[79.85409,7.06115],[80.01677,6.496],[80.12767,6.21666],[80.22216,6.05801],[80.34107,5.96931],[80.5629,5.93167]]]}},{"type":"Feature","id":29,"properties":{"name":"Panama","subjecto":"Panama","partof":"Panama","precision":3},"geometry":{"type":"Polygon","coordinates":[[[-82.55993,9.58311],[-82.59305,9.52785],[-82.80779,9.61075],[-82.90659,9.51864],[-82.91264,9.37443],[-82.91258,9.11336],[-82.68433,8.9752],[-82.86274,8.8094],[-82.80674,8.56992],[-82.975,8.40413],[-82.86564,8.32123],[-82.95746,8.04721],[-82.79511,8.26993],[-82.65389,8.32107],[-82.3844,8.32123],[-82.18936,8.20149],[-81.75741,8.14622],[-81.66427,8.16465],[-81.56211,7.82385],[-81.19686,7.63963],[-81.11725,7.94307],[-81.00741,7.78443],[-80.85047,7.40936],[-80.89904,7.33567],[-80.81377,7.27006],[-80.66141,7.25133],[-80.40582,7.29883],[-80.21183,7.47473],[-80.10269,7.4559],[-79.97635,7.49226],[-79.97116,7.55787],[-80.05132,7.73174],[-80.26014,7.92517],[-80.40261,8.05901],[-80.42465,8.19243],[-80.26944,8.37707],[-80.1187,8.3901],[-79.95043,8.47309],[-79.71209,8.61598],[-79.74871,8.72138],[-79.71689,8.88309],[-79.54493,8.93155],[-79.32061,9.04007],[-79.06765,9.03427],[-78.86239,8.94757],[-78.80318,8.82783],[-78.75351,8.87388],[-78.65199,8.74493],[-78.59241,8.81285],[-78.50551,8.68594],[-78.49125,8.56521],[-78.3815,8.39492],[-78.18371,8.41334],[-78.04477,8.5515],[-78.00187,8.33965],[-77.94562,8.26597],[-77.79425,8.17933],[-78.14776,8.23547],[-78.24659,8.19713],[-78.32712,8.08891],[-78.26545,7.88567],[-78.06694,7.54292],[-77.89673,7.17175],[-77.78147,7.51068],[-77.67872,7.54752],[-77.69926,7.75016],[-77.61375,7.71332],[-77.57552,7.57516],[-77.31278,7.75937],[-77.27028,7.9528],[-77.12526,7.98043],[-77.35437,8.44726],[-77.45681,8.51466],[-77.4947,8.66148],[-77.67754,8.96101],[-77.96716,9.2146],[-78.26649,9.38555],[-78.61175,9.48013],[-78.9667,9.47258],[-78.99839,9.54285],[-79.33252,9.57391],[-79.50042,9.63838],[-80.12429,9.22389],[-80.35566,9.20308],[-80.9625,8.86494],[-81.16841,8.82783],[-81.49503,8.86467],[-81.67404,9.0581],[-81.78364,8.96599],[-82.06641,8.97696],[-82.22959,9.04651],[-82.23839,9.21468],[-82.32602,9.44495],[-82.55993,9.58311]]]}},{"type":"Feature","id":30,"properties":{"name":"Guyana","subjecto":"Guyana","partof":"Guyana","precision":3},"geometry":{"type":"Polygon","coordinates":[[[-60.55302,5.00911],[-60.38441,5.12454],[-60.2486,5.15079],[-60.01629,5.09494],[-59.89935,5.04479],[-59.88138,4.94953],[-60.08486,4.45877],[-59.94817,4.45959],[-59.70841,4.39744],[-59.51294,3.9663],[-59.5936,3.80053],[-59.8396,3.16333],[-59.93537,2.73048],[-59.86528,2.52111],[-59.73873,2.34387],[-59.66359,2.20445],[-59.69598,2.04534],[-59.69223,1.86737],[-59.62485,1.73427],[-59.12872,1.33039],[-58.85274,1.15405],[-58.54422,1.18766],[-58.23179,1.41837],[-58.00429,1.55957],[-57.55423,1.70846],[-57.13395,1.90166],[-56.70963,1.89148],[-56.68282,1.98699],[-56.83206,2.24038],[-57.05272,2.74763],[-57.16346,3.12204],[-57.24638,3.25505],[-57.49894,3.28534],[-57.73829,3.58906],[-57.99506,3.96261],[-57.84772,4.275],[-57.80507,4.48506],[-57.8401,4.83451],[-57.76399,4.91125],[-57.25469,4.95243],[-57.17265,5.07371],[-57.13584,5.46173],[-57.07191,5.68462],[-57.06514,5.8374],[-57.23322,6.12938],[-57.41367,6.35141],[-57.73216,6.59856],[-57.96034,6.73152],[-58.00565,6.78863],[-58.27532,6.87065],[-58.37455,6.82596],[-58.50853,6.55897],[-58.57507,6.9844],[-58.55891,7.3149],[-58.61664,7.49908],[-58.88106,7.7972],[-59.19375,8.03167],[-59.57889,8.26598],[-59.8344,8.44018],[-59.79181,8.30692],[-59.81891,8.12239],[-60.5639,7.56483],[-60.60906,7.45011],[-60.57591,7.35494],[-60.29713,7.08322],[-60.23395,6.95643],[-60.37223,6.82209],[-60.55674,6.75742],[-61.02131,6.67202],[-61.0487,6.46841],[-61.04511,6.20776],[-61.22255,5.96511],[-61.25475,5.86956],[-61.10882,5.6352],[-60.77948,5.3002],[-60.55302,5.00911]]]}},{"type":"Feature","id":31,"properties":{"name":"Liberia","subjecto":"Liberia","partof":"Liberia","precision":3},"geometry":{"type":"Polygon","coordinates":[[[-10.37703,8.07561],[-10.49336,7.84937],[-11.02634,7.33132],[-11.30982,7.00545],[-11.43783,6.89027],[-11.4654,6.8439],[-11.16827,6.59755],[-10.76262,6.35695],[-10.43712,6.20513],[-9.93726,5.86306],[-9.42929,5.36214],[-9.2479,5.17188],[-8.79248,4.91869],[-8.24328,4.64028],[-7.56249,4.35118],[-7.54434,4.76488],[-7.49698,5.01942],[-7.38611,5.40148],[-7.35964,5.60505],[-7.41869,5.73182],[-7.98743,6.33231],[-8.25372,6.31802],[-8.4199,6.36153],[-8.50735,6.44365],[-8.52998,6.52615],[-8.30437,6.91524],[-8.27805,7.11245],[-8.33166,7.36004],[-8.30383,7.43649],[-8.45648,7.53728],[-8.6084,7.58088],[-8.67276,7.54235],[-9.01316,7.12716],[-9.15742,7.13901],[-9.3395,7.28413],[-9.46398,7.42959],[-9.4441,7.55684],[-9.44813,7.84922],[-9.54722,8.23004],[-9.62169,8.39486],[-9.77375,8.43846],[-10.01142,8.41798],[-10.17632,8.35343],[-10.29008,8.2447],[-10.37703,8.07561]]]}},{"type":"Feature","id":32,"properties":{"name":"Zaire","subjecto":"Zaire","partof":"Zaire","precision":3},"geometry":{"type":"Polygon","coordinates":[[[13.0172,-4.76824],[12.75478,-5.02408],[12.61207,-5.11392],[12.56978,-5.17773],[12.52499,-5.57847],[12.53272,-5.61656],[12.19966,-5.75135],[12.19425,-5.77524],[12.33938,-6.18982],[12.38988,-6.19587],[12.64152,-6.16895],[12.95626,-6.02723],[13.35907,-5.99941],[13.50239,-5.95406],[13.6966,-5.9402],[14.04927,-5.93174],[14.47443,-5.95464],[15.0652,-5.97655],[15.34598,-5.97489],[15.74175,-5.95982],[16.23862,-5.96323],[16.41152,-5.96855],[16.55635,-6.01854],[16.59331,-6.07554],[16.64769,-6.31042],[16.67377,-6.57089],[16.91561,-7.20514],[17.18401,-7.68666],[17.47198,-8.04092],[17.60324,-8.11643],[17.99946,-8.10136],[18.45862,-7.99058],[18.86343,-8.04538],[19.31035,-8.04273],[19.39302,-7.8579],[19.52175,-7.45664],[19.5092,-7.18973],[19.54929,-7.03057],[19.59971,-7.03027],[20.50674,-6.9931],[20.58804,-7.09433],[20.56365,-7.31061],[20.65889,-7.38632],[21.05505,-7.37762],[21.60903,-7.33618],[21.75409,-7.37983],[21.77749,-7.46232],[21.69781,-7.77429],[21.6725,-7.93336],[21.80841,-8.20589],[21.85796,-8.47896],[21.82594,-8.95592],[21.69292,-9.42077],[21.70249,-9.51607],[21.75536,-9.61112],[22.13498,-10.06022],[22.27267,-10.33911],[22.27137,-10.54891],[22.18198,-10.9563],[22.18535,-11.0707],[22.27468,-11.15918],[22.54927,-11.15755],[22.93601,-11.04083],[23.38203,-10.97462],[23.9405,-11.04124],[24.24534,-11.08394],[24.40977,-11.25462],[24.48717,-11.41309],[24.57473,-11.438],[25.09094,-11.3078],[25.16939,-11.27554],[25.43051,-11.73172],[25.65048,-11.81944],[26.06666,-11.9314],[26.48158,-12.00524],[26.62805,-12.05523],[26.79301,-12.01611],[27.02785,-11.70956],[27.12338,-11.55006],[27.45051,-12.19023],[27.62169,-12.31637],[28.02424,-12.43479],[28.23855,-12.54796],[28.42577,-12.70578],[28.67805,-13.03489],[28.84954,-13.32633],[29.00568,-13.42077],[29.61604,-13.46167],[29.78291,-13.46705],[29.80114,-13.21899],[29.7886,-12.57694],[29.77413,-12.22099],[29.71296,-12.1387],[29.54991,-12.22231],[29.34825,-12.42695],[29.11648,-12.42197],[28.9161,-12.296],[28.53974,-11.91677],[28.33428,-11.64461],[28.31492,-11.51122],[28.45016,-11.05268],[28.61958,-10.52402],[28.45222,-9.58412],[28.46553,-9.30432],[28.82398,-8.73005],[28.89355,-8.64064],[29.04947,-8.54436],[30.40593,-8.32017],[30.6595,-8.28903],[30.34927,-7.47761],[30.15686,-7.12649],[29.73588,-6.72215],[29.51704,-6.43839],[29.46208,-6.12621],[29.50777,-5.74463],[29.31646,-5.09724],[29.34553,-4.7545],[29.33795,-4.15628],[29.2312,-3.87086],[29.22541,-3.58484],[29.24314,-3.38767],[29.20396,-3.21626],[28.894,-2.76677],[28.80519,-2.61475],[29.02581,-2.00319],[29.08062,-1.81216],[29.20125,-1.69702],[29.33679,-1.61993],[29.52845,-1.43446],[29.61305,-1.30047],[29.64754,-1.17949],[29.6222,-0.84274],[29.63327,-0.51214],[29.62366,-0.24521],[29.67208,-0.01697],[29.76945,0.44214],[29.94738,0.7483],[30.06174,0.87611],[30.62056,1.32438],[31.15857,1.80429],[31.24464,2.0082],[31.19425,2.14773],[31.07207,2.22963],[30.8564,2.24743],[30.77014,2.25962],[30.71266,2.37369],[30.82947,3.21974],[30.83742,3.41046],[30.76586,3.49267],[30.73715,3.50521],[30.15781,4.09921],[29.69308,4.51594],[29.59983,4.55352],[29.48417,4.48291],[29.28813,4.22116],[29.2159,4.17624],[28.90843,4.46042],[28.73578,4.46576],[28.49727,4.29908],[28.3815,4.19034],[28.22319,4.18305],[28.05824,4.27105],[27.82216,4.48575],[27.66537,4.70727],[27.30796,5.05471],[27.24373,5.16238],[27.02028,5.09749],[26.58763,4.94238],[26.44378,4.95424],[26.31465,5.02974],[26.0057,5.14867],[25.48818,5.31085],[25.30797,5.25257],[25.27099,5.00447],[25.21275,4.89607],[25.09745,4.86996],[24.91761,4.8816],[24.52956,4.97464],[24.26301,4.92856],[23.84469,4.76082],[23.42629,4.54223],[23.30394,4.53515],[23.0528,4.69256],[22.88043,4.76145],[22.72173,4.67788],[22.41739,4.0659],[22.33809,3.9955],[22.072,4.0257],[21.20214,4.25569],[20.56206,4.34087],[20.3322,4.4857],[20.26055,4.59333],[20.10998,4.77039],[19.7725,5.00356],[19.57827,5.07868],[19.36233,5.05197],[19.12454,4.91708],[18.96581,4.7636],[18.61234,4.32293],[18.569,4.18919],[18.61198,3.98606],[18.60469,3.82711],[18.5759,3.55999],[18.50399,3.53413],[18.56154,3.44549],[18.54721,3.37548],[18.36809,2.83414],[18.1173,2.45763],[17.96028,2.08803],[17.91808,1.83989],[17.8477,1.49623],[17.75941,0.58676],[17.64536,-0.01697],[17.59351,-0.29141],[17.51722,-0.6097],[17.45471,-0.84525],[17.24816,-1.03718],[17.012,-1.14028],[16.6482,-1.40943],[16.46351,-1.61393],[16.25208,-1.99023],[16.09792,-2.32804],[16.01102,-2.8498],[15.97742,-3.02798],[16.0322,-3.35184],[15.99358,-3.66991],[15.53232,-4.09219],[15.36842,-4.19487],[14.94959,-4.5597],[14.70058,-4.73917],[14.44386,-4.8869],[14.37759,-4.79194],[14.35857,-4.49329],[14.33412,-4.30273],[13.6614,-4.54194],[13.51425,-4.80343],[13.31462,-4.9254],[13.23537,-4.91951],[13.0172,-4.76824]]]}},{"type":"Feature","id":33,"properties":{"name":"Tanzania, United Republic of","subjecto":"Tanzania, United Republic of","partof":"Tanzania, United Republic of","precision":3},"geometry":{"type":"Polygon","coordinates":[[[30.59596,-1.15476],[30.65043,-1.49134],[30.81406,-1.89084],[30.88923,-2.11287],[30.84228,-2.32928],[30.77883,-2.40594],[30.60025,-2.47693],[30.46377,-2.4841],[30.39223,-2.92314],[30.48742,-3.01792],[30.66775,-3.04864],[30.79105,-3.10511],[30.85779,-3.21278],[30.83805,-3.30824],[30.68224,-3.42995],[30.37361,-3.81321],[30.08337,-4.35527],[29.90911,-4.59787],[29.34553,-4.7545],[29.31646,-5.09724],[29.50777,-5.74463],[29.46208,-6.12621],[29.51704,-6.43839],[29.73588,-6.72215],[30.15686,-7.12649],[30.34927,-7.47761],[30.6595,-8.28903],[30.97596,-8.57742],[31.09418,-8.67208],[31.42235,-8.79093],[31.99341,-9.06089],[32.70153,-9.31734],[33.03145,-9.47433],[33.2046,-9.65777],[33.30441,-9.65071],[33.76076,-9.69887],[34.05902,-9.94125],[34.26078,-10.31957],[34.32136,-10.74542],[34.34529,-11.00821],[34.40596,-11.35283],[34.49441,-11.60422],[34.89836,-11.61212],[35.35686,-11.67934],[35.5937,-11.63979],[35.88304,-11.47914],[35.93834,-11.42159],[36.0412,-11.45913],[36.18647,-11.63629],[36.41663,-11.76844],[36.85012,-11.75951],[37.28388,-11.75695],[37.47305,-11.78126],[37.6508,-11.71663],[37.89516,-11.37186],[37.98966,-11.22507],[38.11423,-11.26248],[38.40486,-11.4515],[38.60662,-11.43759],[39.16598,-11.18631],[39.71406,-11.00505],[39.94543,-10.85109],[40.46619,-10.47526],[40.38687,-10.37248],[40.20879,-10.25211],[39.83822,-10.00506],[39.65761,-9.79574],[39.57677,-9.54171],[39.39183,-8.73502],[39.40043,-8.30921],[39.47773,-7.99765],[39.4243,-7.89609],[39.28673,-7.87733],[39.27013,-7.80109],[39.43721,-7.33047],[39.55542,-7.17134],[39.56643,-7.04422],[39.22088,-6.78441],[38.92153,-6.34021],[38.87237,-6.09247],[38.93381,-5.63479],[39.12247,-5.03702],[39.22912,-4.84489],[38.74885,-4.48173],[37.65682,-3.6936],[37.62555,-3.5857],[37.67745,-3.33748],[37.61619,-3.1662],[36.01729,-2.27305],[33.91917,-1.11734],[33.26721,-1.13211],[31.17068,-1.13227],[30.59596,-1.15476]]]}},{"type":"Feature","id":34,"properties":{"name":"Rwanda","subjecto":"Rwanda","partof":"Rwanda","precision":3},"geometry":{"type":"Polygon","coordinates":[[[28.894,-2.76677],[29.20335,-2.77765],[29.55815,-2.92174],[29.73689,-2.86346],[29.80812,-2.8249],[29.9835,-2.56959],[30.2124,-2.4983],[30.46377,-2.4841],[30.60025,-2.47693],[30.77883,-2.40594],[30.84228,-2.32928],[30.88923,-2.11287],[30.81406,-1.89084],[30.65043,-1.49134],[30.59596,-1.15476],[30.45229,-1.16198],[30.20291,-1.34144],[29.99693,-1.53337],[29.80311,-1.55359],[29.55747,-1.45335],[29.52845,-1.43446],[29.33679,-1.61993],[29.20125,-1.69702],[29.08062,-1.81216],[29.02581,-2.00319],[28.80519,-2.61475],[28.894,-2.76677]]]}},{"type":"Feature","id":35,"properties":{"name":"Burundi","subjecto":"Burundi","partof":"Burundi","precision":3},"geometry":{"type":"Polygon","coordinates":[[[29.34553,-4.7545],[29.90911,-4.59787],[30.08337,-4.35527],[30.37361,-3.81321],[30.68224,-3.42995],[30.83805,-3.30824],[30.85779,-3.21278],[30.79105,-3.10511],[30.66775,-3.04864],[30.48742,-3.01792],[30.39223,-2.92314],[30.46377,-2.4841],[30.2124,-2.4983],[29.9835,-2.56959],[29.80812,-2.8249],[29.73689,-2.86346],[29.55815,-2.92174],[29.20335,-2.77765],[28.894,-2.76677],[29.20396,-3.21626],[29.24314,-3.38767],[29.22541,-3.58484],[29.2312,-3.87086],[29.33795,-4.15628],[29.34553,-4.7545]]]}},{"type":"Feature","id":36,"properties":{"name":"Angola","subjecto":"Angola","partof":"Angola","precision":3},"geometry":{"type":"MultiPolygon","coordinates":[[[[11.99969,-5.00411],[12.22651,-5.3621],[12.26348,-5.47005],[12.19966,-5.75135],[12.53272,-5.61656],[12.52499,-5.57847],[12.56978,-5.17773],[12.61207,-5.11392],[12.75478,-5.02408],[13.0172,-4.76824],[12.70427,-4.52856],[12.54681,-4.58671],[12.24076,-4.81737],[11.99969,-5.00411]]],[[[12.33938,-6.18982],[12.37169,-6.25781],[12.67148,-6.69564],[12.79571,-6.86059],[12.877,-7.05105],[12.96859,-7.51475],[13.16704,-7.84478],[13.38709,-8.15568],[13.47683,-8.41603],[13.47953,-8.63209],[13.43143,-8.82283],[13.36017,-8.89289],[13.14586,-9.06493],[13.08376,-9.28749],[13.20385,-9.63673],[13.41803,-9.98578],[13.63945,-10.30304],[13.72988,-10.54433],[13.81629,-10.97627],[13.83707,-11.35752],[13.81323,-11.65625],[13.64904,-12.19676],[13.45904,-12.5022],[13.33857,-12.64862],[13.05074,-12.75091],[12.93046,-12.91004],[12.84809,-13.16442],[12.58539,-13.46366],[12.44073,-13.87704],[12.33288,-14.31575],[12.2506,-14.94506],[12.17723,-15.27566],[12.06003,-15.59366],[11.9607,-15.71462],[11.782,-15.86751],[11.79518,-16.15981],[11.80263,-16.52201],[11.78128,-17.33602],[11.89254,-17.24707],[12.05102,-17.18256],[12.39175,-17.39035],[12.7422,-17.15943],[13.008,-17.03073],[13.23256,-16.99126],[13.36468,-17.02863],[13.56755,-17.24358],[13.77561,-17.38222],[14.06177,-17.45047],[15.0524,-17.44465],[15.63534,-17.44759],[15.91961,-17.45227],[16.65574,-17.46066],[17.82117,-17.45382],[18.26596,-17.46392],[18.44972,-17.50734],[18.5871,-17.67183],[18.76758,-17.817],[19.04725,-17.88529],[19.36117,-17.89616],[20.27201,-17.88446],[20.42903,-17.9789],[20.61287,-18.01596],[21.13668,-17.98747],[21.45908,-18.02371],[21.92903,-17.93194],[22.81084,-17.76148],[23.22916,-17.66365],[22.9541,-17.37916],[22.34463,-16.75333],[22.13274,-16.55748],[21.99454,-16.38028],[21.95023,-16.18346],[21.9396,-15.9165],[21.93194,-15.5351],[21.9429,-14.0728],[21.93628,-13.46888],[21.95912,-13.0746],[23.49299,-13.03375],[23.72535,-13.05144],[23.78191,-13.01297],[23.83766,-12.74563],[24.03343,-12.54739],[24.09285,-12.38174],[24.05276,-12.26754],[23.93208,-12.12204],[23.84404,-11.64575],[23.9405,-11.04124],[23.38203,-10.97462],[22.93601,-11.04083],[22.54927,-11.15755],[22.27468,-11.15918],[22.18535,-11.0707],[22.18198,-10.9563],[22.27137,-10.54891],[22.27267,-10.33911],[22.13498,-10.06022],[21.75536,-9.61112],[21.70249,-9.51607],[21.69292,-9.42077],[21.82594,-8.95592],[21.85796,-8.47896],[21.80841,-8.20589],[21.6725,-7.93336],[21.69781,-7.77429],[21.77749,-7.46232],[21.75409,-7.37983],[21.60903,-7.33618],[21.05505,-7.37762],[20.65889,-7.38632],[20.56365,-7.31061],[20.58804,-7.09433],[20.50674,-6.9931],[19.59971,-7.03027],[19.54929,-7.03057],[19.5092,-7.18973],[19.52175,-7.45664],[19.39302,-7.8579],[19.31035,-8.04273],[18.86343,-8.04538],[18.45862,-7.99058],[17.99946,-8.10136],[17.60324,-8.11643],[17.47198,-8.04092],[17.18401,-7.68666],[16.91561,-7.20514],[16.67377,-6.57089],[16.64769,-6.31042],[16.59331,-6.07554],[16.55635,-6.01854],[16.41152,-5.96855],[16.23862,-5.96323],[15.74175,-5.95982],[15.34598,-5.97489],[15.0652,-5.97655],[14.47443,-5.95464],[14.04927,-5.93174],[13.6966,-5.9402],[13.50239,-5.95406],[13.35907,-5.99941],[12.95626,-6.02723],[12.64152,-6.16895],[12.38988,-6.19587],[12.33938,-6.18982]]]]}},{"type":"Feature","id":37,"properties":{"name":"Zambia","subjecto":"Zambia","partof":"Zambia","precision":3},"geometry":{"type":"Polygon","coordinates":[[[23.22916,-17.66365],[24.05965,-17.49982],[24.13366,-17.52482],[24.17216,-17.5691],[24.66235,-17.61073],[24.79471,-17.63538],[25.00001,-17.8122],[25.08359,-17.88165],[25.1571,-17.89393],[25.22645,-17.96981],[25.34529,-18.01363],[25.61251,-18.10743],[25.79445,-18.1],[26.02859,-17.97147],[26.17876,-17.91337],[26.36814,-18.05213],[26.72933,-18.12631],[26.88873,-18.10629],[27.26011,-17.67812],[27.51255,-17.34602],[27.86239,-16.92434],[28.0002,-16.77094],[28.27942,-16.68028],[28.72913,-16.6522],[28.85745,-16.60058],[28.9329,-16.51113],[28.94146,-16.2504],[29.08195,-16.00796],[29.36782,-15.76468],[29.72535,-15.64813],[30.17472,-15.62641],[30.40217,-15.66958],[30.36314,-15.4727],[30.2946,-15.26329],[30.29816,-15.04076],[30.38242,-14.98303],[31.35675,-14.72296],[31.77594,-14.54247],[32.5393,-14.28365],[33.1076,-14.04505],[32.93081,-13.98888],[32.81312,-13.80519],[32.72307,-13.58955],[32.85811,-13.22636],[32.9002,-12.88278],[32.96566,-12.7298],[33.32233,-12.61326],[33.53426,-12.49756],[33.62344,-12.38895],[33.59054,-12.30014],[33.36096,-12.1807],[33.26364,-12.10499],[33.22783,-11.94626],[33.26853,-11.18945],[33.25059,-10.92253],[33.25553,-10.86528],[33.57455,-10.71081],[33.65649,-10.58953],[33.65082,-10.44334],[33.45565,-10.05669],[33.2046,-9.65777],[33.03145,-9.47433],[32.70153,-9.31734],[31.99341,-9.06089],[31.42235,-8.79093],[31.09418,-8.67208],[30.97596,-8.57742],[30.6595,-8.28903],[30.40593,-8.32017],[29.04947,-8.54436],[28.89355,-8.64064],[28.82398,-8.73005],[28.46553,-9.30432],[28.45222,-9.58412],[28.61958,-10.52402],[28.45016,-11.05268],[28.31492,-11.51122],[28.33428,-11.64461],[28.53974,-11.91677],[28.9161,-12.296],[29.11648,-12.42197],[29.34825,-12.42695],[29.54991,-12.22231],[29.71296,-12.1387],[29.77413,-12.22099],[29.7886,-12.57694],[29.80114,-13.21899],[29.78291,-13.46705],[29.61604,-13.46167],[29.00568,-13.42077],[28.84954,-13.32633],[28.67805,-13.03489],[28.42577,-12.70578],[28.23855,-12.54796],[28.02424,-12.43479],[27.62169,-12.31637],[27.45051,-12.19023],[27.12338,-11.55006],[27.02785,-11.70956],[26.79301,-12.01611],[26.62805,-12.05523],[26.48158,-12.00524],[26.06666,-11.9314],[25.65048,-11.81944],[25.43051,-11.73172],[25.16939,-11.27554],[25.09094,-11.3078],[24.57473,-11.438],[24.48717,-11.41309],[24.40977,-11.25462],[24.24534,-11.08394],[23.9405,-11.04124],[23.84404,-11.64575],[23.93208,-12.12204],[24.05276,-12.26754],[24.09285,-12.38174],[24.03343,-12.54739],[23.83766,-12.74563],[23.78191,-13.01297],[23.72535,-13.05144],[23.49299,-13.03375],[21.95912,-13.0746],[21.93628,-13.46888],[21.9429,-14.0728],[21.93194,-15.5351],[21.9396,-15.9165],[21.95023,-16.18346],[21.99454,-16.38028],[22.13274,-16.55748],[22.34463,-16.75333],[22.9541,-17.37916],[23.22916,-17.66365]]]}},{"type":"Feature","id":38,"properties":{"name":"Malawi","subjecto":"Malawi","partof":"Malawi","precision":3},"geometry":{"type":"Polygon","coordinates":[[[34.49441,-11.60422],[34.40596,-11.35283],[34.34529,-11.00821],[34.32136,-10.74542],[34.26078,-10.31957],[34.05902,-9.94125],[33.76076,-9.69887],[33.30441,-9.65071],[33.2046,-9.65777],[33.45565,-10.05669],[33.65082,-10.44334],[33.65649,-10.58953],[33.57455,-10.71081],[33.25553,-10.86528],[33.25059,-10.92253],[33.26853,-11.18945],[33.22783,-11.94626],[33.26364,-12.10499],[33.36096,-12.1807],[33.59054,-12.30014],[33.62344,-12.38895],[33.53426,-12.49756],[33.32233,-12.61326],[32.96566,-12.7298],[32.9002,-12.88278],[32.85811,-13.22636],[32.72307,-13.58955],[32.81312,-13.80519],[32.93081,-13.98888],[33.1076,-14.04505],[33.19552,-14.06361],[33.36744,-14.31056],[33.5219,-14.49402],[33.64287,-14.58868],[33.95903,-14.52959],[34.26229,-14.50238],[34.37969,-14.52711],[34.47821,-14.7427],[34.52344,-15.1748],[34.51171,-15.48642],[34.45933,-15.58846],[34.2351,-15.86318],[34.21873,-15.95865],[34.32419,-16.14878],[34.54228,-16.39546],[34.88533,-16.89576],[35.13847,-17.1041],[35.22172,-17.15447],[35.26471,-17.02706],[35.25132,-16.81096],[35.21548,-16.58226],[35.24951,-16.30229],[35.35286,-16.20631],[35.49784,-16.1991],[35.69221,-16.16616],[35.78822,-16.07022],[35.80634,-15.88572],[35.87637,-14.82984],[35.81366,-14.61403],[35.60891,-14.31641],[35.07392,-13.79184],[34.7127,-13.52694],[34.60532,-13.40677],[34.53837,-13.22279],[34.4586,-12.76549],[34.34545,-12.3529],[34.39356,-12.13644],[34.49441,-11.60422]]]}},{"type":"Feature","id":39,"properties":{"name":"Bolivia","subjecto":"Bolivia","partof":"Bolivia","precision":3},"geometry":{"type":"Polygon","coordinates":[[[-69.58988,-10.90223],[-69.09073,-11.73164],[-68.67603,-12.47256],[-68.6399,-12.58036],[-68.8366,-12.9119],[-68.90407,-13.14737],[-68.96827,-13.52896],[-68.94249,-13.76388],[-68.83616,-14.16985],[-68.90629,-14.32274],[-69.00563,-14.4758],[-69.24476,-14.73768],[-69.29081,-14.94125],[-69.11774,-15.26189],[-69.24655,-15.4624],[-69.33224,-15.53964],[-69.39624,-15.63984],[-69.25095,-16.15222],[-69.10243,-16.22089],[-68.95679,-16.1902],[-68.80682,-16.32828],[-68.987,-16.45082],[-69.01232,-16.61674],[-68.99194,-16.66774],[-69.15866,-16.73612],[-69.1842,-16.79869],[-69.30805,-16.9562],[-69.35641,-17.0621],[-69.4053,-17.11517],[-69.44966,-17.1009],[-69.55513,-17.17135],[-69.60004,-17.22711],[-69.64117,-17.28549],[-69.601,-17.28633],[-69.57326,-17.29461],[-69.46759,-17.37316],[-69.45763,-17.60148],[-69.32359,-17.73889],[-69.24229,-17.96024],[-69.11993,-17.99643],[-69.06061,-18.05526],[-69.11115,-18.16439],[-69.05347,-18.24477],[-69.02545,-18.32845],[-68.99881,-18.48579],[-68.97629,-18.70037],[-68.88823,-18.89014],[-68.93399,-18.9488],[-68.88029,-19.03396],[-68.80215,-19.06895],[-68.3958,-19.4184],[-68.51404,-19.56457],[-68.62184,-19.72341],[-68.52036,-19.84467],[-68.51077,-19.92105],[-68.52483,-19.98409],[-68.56643,-20.0538],[-68.68158,-20.07873],[-68.68584,-20.21941],[-68.65274,-20.33964],[-68.71783,-20.43215],[-68.4278,-20.64091],[-68.54029,-20.72122],[-68.17862,-21.25076],[-68.17366,-21.58726],[-68.04921,-21.77918],[-68.05225,-21.98248],[-67.94629,-22.05392],[-67.83938,-22.5331],[-67.87543,-22.83036],[-67.78757,-22.88433],[-67.56564,-22.89493],[-67.17618,-22.81255],[-66.27725,-22.04451],[-66.14586,-21.92306],[-66.00097,-22.00478],[-65.91416,-22.0805],[-65.63767,-22.16782],[-65.23195,-22.15276],[-64.9946,-22.13232],[-64.7556,-22.16269],[-64.5892,-22.25065],[-64.43583,-22.3895],[-64.24864,-22.87751],[-63.78358,-22.07445],[-63.47491,-22.07266],[-62.87644,-22.10729],[-62.61002,-22.15655],[-62.54277,-22.01007],[-62.36502,-21.51355],[-62.19189,-20.97896],[-62.19918,-20.69315],[-62.13927,-20.46411],[-62.01399,-20.31092],[-61.70012,-19.8136],[-61.5508,-19.64122],[-61.40252,-19.62129],[-61.04969,-19.5303],[-60.55263,-19.45752],[-60.0685,-19.36575],[-60.01175,-19.30824],[-59.63213,-19.31239],[-59.21472,-19.30358],[-59.05629,-19.32806],[-58.17795,-19.77396],[-58.13773,-19.81184],[-57.94815,-19.51216],[-57.77709,-19.16811],[-57.66975,-18.79268],[-57.58646,-18.26491],[-57.59641,-18.04261],[-57.73444,-17.69401],[-57.87674,-17.47885],[-58.20559,-17.3156],[-58.4017,-17.13251],[-58.43199,-16.87857],[-58.3148,-16.50305],[-58.33349,-16.36973],[-58.6454,-16.35886],[-59.37206,-16.35042],[-59.59712,-16.3454],[-60.03219,-16.3289],[-60.1009,-16.27848],[-60.21289,-15.85348],[-60.27516,-14.93897],[-60.28877,-14.62137],[-60.38002,-14.15811],[-60.36295,-13.90386],[-60.40139,-13.82784],[-60.5828,-13.7209],[-60.8243,-13.64608],[-61.11054,-13.59059],[-61.62733,-13.6254],[-61.72629,-13.58787],[-61.90553,-13.44914],[-62.07855,-13.10072],[-62.12162,-13.09462],[-62.51887,-13.0779],[-62.65365,-13.03423],[-62.99122,-12.76301],[-63.3011,-12.62505],[-63.60531,-12.51248],[-63.76539,-12.52613],[-64.11937,-12.51552],[-64.26138,-12.47188],[-64.75632,-12.04911],[-65.12208,-11.63192],[-65.27308,-11.36593],[-65.33659,-11.08039],[-65.35283,-10.71194],[-65.32385,-10.43219],[-65.28813,-10.15239],[-65.30873,-9.81573],[-65.88579,-9.80644],[-66.30597,-9.84071],[-66.46798,-9.91156],[-66.86106,-10.12994],[-67.52279,-10.62948],[-67.70937,-10.7386],[-67.92547,-10.72718],[-68.07652,-10.71536],[-68.50223,-11.08641],[-68.662,-11.10006],[-69.1671,-10.96326],[-69.58988,-10.90223]]]}},{"type":"Feature","id":40,"properties":{"name":"Mozambique","subjecto":"Mozambique","partof":"Mozambique","precision":3},"geometry":{"type":"Polygon","coordinates":[[[32.84904,-26.97888],[32.91597,-26.51846],[32.89596,-26.37233],[32.63101,-26.22034],[32.49971,-26.06809],[32.6511,-25.83896],[32.94486,-25.53962],[33.34727,-25.30361],[33.65691,-25.20127],[34.01503,-25.0607],[34.5848,-24.87518],[34.88372,-24.72202],[35.19803,-24.47984],[35.43009,-24.22513],[35.50087,-24.08517],[35.51223,-23.93895],[35.444,-23.91367],[35.29743,-23.82501],[35.42541,-23.45611],[35.53088,-22.45807],[35.51176,-22.18482],[35.44829,-22.22309],[35.37144,-22.28045],[35.26076,-22.27433],[35.23385,-22.20448],[35.20165,-21.95032],[34.99419,-21.27073],[35.03267,-21.18803],[35.10715,-20.98449],[35.02254,-20.81307],[34.69902,-20.57225],[34.67332,-20.51511],[34.7103,-20.29258],[34.7262,-19.86038],[34.84679,-19.80293],[35.37789,-19.42682],[35.91478,-19.03164],[36.31359,-18.64946],[36.89233,-17.99997],[37.27532,-17.71316],[37.86389,-17.45133],[38.19268,-17.34893],[38.85897,-17.05516],[39.47126,-16.71702],[39.79506,-16.42397],[40.02516,-16.14384],[40.3858,-15.73633],[40.57407,-15.4817],[40.61016,-15.35452],[40.52744,-15.1831],[40.78104,-14.92198],[40.85544,-14.69938],[40.84862,-14.57865],[40.70134,-14.54084],[40.61833,-14.48381],[40.59921,-14.40124],[40.60086,-14.03262],[40.60333,-13.53055],[40.53394,-13.30827],[40.36584,-12.99086],[40.48177,-12.84444],[40.52702,-12.58378],[40.44549,-12.08189],[40.45038,-11.87215],[40.39252,-11.54817],[40.31134,-11.34497],[40.40044,-11.23039],[40.53641,-11.02673],[40.61952,-10.76599],[40.52401,-10.55012],[40.46619,-10.47526],[39.94543,-10.85109],[39.71406,-11.00505],[39.16598,-11.18631],[38.60662,-11.43759],[38.40486,-11.4515],[38.11423,-11.26248],[37.98966,-11.22507],[37.89516,-11.37186],[37.6508,-11.71663],[37.47305,-11.78126],[37.28388,-11.75695],[36.85012,-11.75951],[36.41663,-11.76844],[36.18647,-11.63629],[36.0412,-11.45913],[35.93834,-11.42159],[35.88304,-11.47914],[35.5937,-11.63979],[35.35686,-11.67934],[34.89836,-11.61212],[34.49441,-11.60422],[34.39356,-12.13644],[34.34545,-12.3529],[34.4586,-12.76549],[34.53837,-13.22279],[34.60532,-13.40677],[34.7127,-13.52694],[35.07392,-13.79184],[35.60891,-14.31641],[35.81366,-14.61403],[35.87637,-14.82984],[35.80634,-15.88572],[35.78822,-16.07022],[35.69221,-16.16616],[35.49784,-16.1991],[35.35286,-16.20631],[35.24951,-16.30229],[35.21548,-16.58226],[35.25132,-16.81096],[35.26471,-17.02706],[35.22172,-17.15447],[35.13847,-17.1041],[34.88533,-16.89576],[34.54228,-16.39546],[34.32419,-16.14878],[34.21873,-15.95865],[34.2351,-15.86318],[34.45933,-15.58846],[34.51171,-15.48642],[34.52344,-15.1748],[34.47821,-14.7427],[34.37969,-14.52711],[34.26229,-14.50238],[33.95903,-14.52959],[33.64287,-14.58868],[33.5219,-14.49402],[33.36744,-14.31056],[33.19552,-14.06361],[33.1076,-14.04505],[32.5393,-14.28365],[31.77594,-14.54247],[31.35675,-14.72296],[30.38242,-14.98303],[30.29816,-15.04076],[30.2946,-15.26329],[30.36314,-15.4727],[30.40217,-15.66958],[30.4185,-15.98738],[30.47995,-16.0506],[31.12712,-16.05315],[31.42329,-16.15314],[31.89235,-16.35384],[32.4175,-16.5097],[32.64875,-16.61007],[32.84776,-16.78058],[32.92755,-17.14888],[32.94155,-17.50488],[32.98038,-18.01968],[33.03959,-18.38176],[32.94917,-18.56669],[32.74736,-18.83493],[32.68985,-18.96244],[32.74086,-19.18469],[32.79402,-19.54681],[33.06108,-19.92677],[32.98568,-20.1116],[32.89328,-20.26476],[32.56205,-20.57189],[32.45917,-20.78869],[32.4255,-21.16405],[32.46589,-21.32914],[32.41409,-21.43117],[31.65838,-22.19862],[31.47988,-22.38406],[31.27841,-22.55691],[31.35013,-22.63915],[31.48272,-23.17888],[31.5639,-23.60442],[31.76265,-23.91486],[31.91114,-24.34002],[31.97756,-24.64486],[32.01014,-24.98805],[31.98454,-25.57323],[31.97107,-25.93579],[32.01337,-26.08181],[32.04725,-26.21516],[32.01507,-26.43792],[32.13273,-26.83789],[32.16332,-27.00942],[32.24998,-26.98348],[32.84904,-26.97888]]]}},{"type":"Feature","id":41,"properties":{"name":"Madagascar","subjecto":"Madagascar","partof":"Madagascar","precision":3},"geometry":{"type":"Polygon","coordinates":[[[44.6722,-16.23558],[44.45443,-16.2424],[44.45145,-16.72542],[44.37802,-16.92261],[44.215,-17.18988],[43.98252,-17.50181],[43.97165,-17.55268],[44.07576,-17.87658],[44.10704,-18.09897],[44.15953,-18.40391],[44.39422,-18.79112],[44.28093,-19.02016],[44.25101,-19.10284],[44.4105,-19.26776],[44.53574,-19.36917],[44.58539,-19.52797],[44.5171,-20.02385],[44.47034,-20.17014],[44.16165,-20.69831],[43.81647,-21.31556],[43.60322,-21.39863],[43.50103,-21.49419],[43.32483,-22.11107],[43.29126,-22.40985],[43.37636,-22.63213],[43.65537,-23.05101],[43.78473,-23.26683],[43.82708,-23.41292],[43.67171,-23.90265],[43.67141,-24.22679],[43.72719,-24.35379],[43.93417,-24.51861],[43.98099,-24.62656],[43.98976,-24.88077],[44.03676,-24.98872],[44.42533,-25.31205],[44.54635,-25.33722],[44.713,-25.30509],[44.95852,-25.3872],[45.04681,-25.45058],[45.21051,-25.65998],[45.57618,-25.62108],[45.7895,-25.41088],[46.2391,-25.26374],[46.85506,-25.21795],[46.94546,-25.16692],[47.17381,-24.88042],[47.25848,-24.76583],[47.4916,-24.05983],[48.08738,-22.04376],[48.65166,-20.33921],[49.02306,-19.18165],[49.34185,-18.22762],[49.42284,-17.8016],[49.40464,-17.40123],[49.42471,-17.19781],[49.76034,-16.74585],[49.89824,-16.45955],[49.86275,-16.28166],[49.68498,-16.04688],[49.59774,-15.65302],[49.62028,-15.46231],[49.75376,-15.39847],[50.00356,-15.73477],[50.08852,-15.89984],[50.18732,-15.95683],[50.42933,-15.59404],[50.4551,-15.5495],[50.4863,-15.47952],[50.50334,-15.31423],[50.43015,-15.10466],[50.25442,-14.77455],[50.1502,-14.41886],[50.10845,-14.12025],[49.97619,-13.30068],[49.88047,-12.91956],[49.81719,-12.83071],[49.54175,-12.7042],[49.3366,-12.41229],[49.17633,-12.26647],[48.93483,-12.47671],[48.93342,-12.5784],[48.99329,-12.73716],[48.91746,-13.04874],[48.85724,-13.25224],[48.75134,-13.41771],[48.43965,-13.65353],[48.34961,-13.83803],[48.2236,-13.79381],[48.10995,-13.59704],[48.05727,-13.56537],[47.94246,-13.58469],[47.91555,-13.73728],[48.04899,-14.13103],[47.97167,-14.28372],[47.85039,-14.31576],[47.74116,-14.30964],[47.69896,-14.44319],[47.81255,-14.62726],[47.88372,-14.71608],[47.63287,-14.98355],[47.52952,-14.95835],[47.42627,-14.8251],[47.19931,-15.01626],[47.10613,-15.14357],[47.24464,-15.36571],[47.06953,-15.46143],[46.92457,-15.36005],[46.73442,-15.44943],[46.38755,-15.69169],[46.46436,-15.85677],[46.4192,-15.93948],[46.28194,-15.95249],[46.14228,-15.82568],[45.73227,-15.8901],[45.55457,-16.05573],[45.43355,-16.09412],[45.27778,-16.04997],[45.19694,-16.03743],[44.91735,-16.20327],[44.6722,-16.23558]]]}},{"type":"Feature","id":42,"properties":{"name":"Zimbabwe","subjecto":"Zimbabwe","partof":"Zimbabwe","precision":3},"geometry":{"type":"Polygon","coordinates":[[[30.40217,-15.66958],[30.17472,-15.62641],[29.72535,-15.64813],[29.36782,-15.76468],[29.08195,-16.00796],[28.94146,-16.2504],[28.9329,-16.51113],[28.85745,-16.60058],[28.72913,-16.6522],[28.27942,-16.68028],[28.0002,-16.77094],[27.86239,-16.92434],[27.51255,-17.34602],[27.26011,-17.67812],[26.88873,-18.10629],[26.72933,-18.12631],[26.36814,-18.05213],[26.17876,-17.91337],[26.02859,-17.97147],[25.79445,-18.1],[25.61251,-18.10743],[25.34529,-18.01363],[25.2993,-18.11562],[25.41889,-18.31837],[25.61228,-18.53341],[25.8235,-18.80557],[25.93408,-19.23728],[26.10373,-19.53511],[26.35727,-19.75616],[26.61412,-19.9009],[26.85396,-20.00122],[27.10209,-20.12058],[27.15023,-20.1966],[27.12714,-20.43834],[27.17642,-20.53343],[27.2668,-20.57742],[27.61789,-20.56899],[27.67534,-20.67675],[27.6607,-20.93118],[27.73412,-21.18507],[27.97003,-21.57791],[28.12825,-21.64693],[28.55027,-21.70804],[28.79706,-21.78291],[29.01236,-21.94062],[29.14987,-22.14329],[29.23345,-22.18731],[29.26402,-22.2062],[29.58795,-22.21704],[29.85639,-22.27905],[30.30176,-22.46086],[30.44094,-22.45369],[30.67917,-22.38872],[30.87835,-22.40027],[31.12459,-22.45606],[31.27841,-22.55691],[31.47988,-22.38406],[31.65838,-22.19862],[32.41409,-21.43117],[32.46589,-21.32914],[32.4255,-21.16405],[32.45917,-20.78869],[32.56205,-20.57189],[32.89328,-20.26476],[32.98568,-20.1116],[33.06108,-19.92677],[32.79402,-19.54681],[32.74086,-19.18469],[32.68985,-18.96244],[32.74736,-18.83493],[32.94917,-18.56669],[33.03959,-18.38176],[32.98038,-18.01968],[32.94155,-17.50488],[32.92755,-17.14888],[32.84776,-16.78058],[32.64875,-16.61007],[32.4175,-16.5097],[31.89235,-16.35384],[31.42329,-16.15314],[31.12712,-16.05315],[30.47995,-16.0506],[30.4185,-15.98738],[30.40217,-15.66958]]]}},{"type":"Feature","id":43,"properties":{"name":"Namibia","subjecto":"Namibia","partof":"Namibia","precision":3},"geometry":{"type":"Polygon","coordinates":[[[19.84276,-24.94411],[19.83987,-24.58172],[19.83429,-23.8506],[19.83826,-23.31016],[19.88604,-22.11461],[19.95155,-22.10151],[20.65556,-22.07834],[20.919,-22.05772],[20.91825,-20.45556],[20.93774,-19.91503],[20.94886,-19.52078],[20.95204,-18.94221],[20.94998,-18.39545],[21.48221,-18.38597],[22.81502,-18.1747],[23.28635,-18.11472],[23.56538,-18.46276],[23.6596,-18.4495],[24.10629,-18.02725],[24.23448,-17.96292],[24.63508,-17.95422],[25.00001,-17.8122],[24.79471,-17.63538],[24.66235,-17.61073],[24.17216,-17.5691],[24.13366,-17.52482],[24.05965,-17.49982],[23.22916,-17.66365],[22.81084,-17.76148],[21.92903,-17.93194],[21.45908,-18.02371],[21.13668,-17.98747],[20.61287,-18.01596],[20.42903,-17.9789],[20.27201,-17.88446],[19.36117,-17.89616],[19.04725,-17.88529],[18.76758,-17.817],[18.5871,-17.67183],[18.44972,-17.50734],[18.26596,-17.46392],[17.82117,-17.45382],[16.65574,-17.46066],[15.91961,-17.45227],[15.63534,-17.44759],[15.0524,-17.44465],[14.06177,-17.45047],[13.77561,-17.38222],[13.56755,-17.24358],[13.36468,-17.02863],[13.23256,-16.99126],[13.008,-17.03073],[12.7422,-17.15943],[12.39175,-17.39035],[12.05102,-17.18256],[11.89254,-17.24707],[11.78128,-17.33602],[11.77461,-17.59605],[11.79468,-17.84386],[11.84974,-18.02167],[12.07951,-18.49144],[12.52433,-19.06244],[12.9294,-19.74156],[13.30755,-20.47157],[13.80365,-21.44282],[13.95757,-21.69034],[14.41547,-22.26767],[14.53272,-22.4962],[14.57677,-22.73125],[14.57006,-22.75814],[14.7753,-22.76106],[14.80973,-23.09781],[14.79158,-23.40307],[14.44404,-23.41169],[14.66757,-24.42148],[14.90904,-25.01835],[14.9098,-25.23442],[14.84333,-25.62222],[14.94742,-26.00966],[15.15325,-26.33335],[15.12991,-26.48591],[15.07561,-26.60677],[15.13691,-26.82907],[15.29195,-27.15286],[15.4538,-27.61646],[15.65979,-27.8893],[16.12818,-28.33954],[16.33421,-28.5608],[16.66563,-28.40854],[16.80856,-28.22153],[16.85756,-28.12398],[17.0085,-28.07187],[17.15658,-28.12901],[17.44299,-28.28527],[17.53001,-28.3851],[17.54881,-28.53998],[17.57368,-28.77771],[17.7066,-28.87307],[17.93896,-28.89082],[18.34055,-28.86944],[18.67568,-28.88832],[18.93719,-28.96296],[19.12899,-28.94758],[19.39055,-28.72353],[19.63587,-28.58753],[19.84039,-28.44422],[19.86592,-28.35201],[19.85424,-27.34108],[19.84025,-26.48916],[19.84276,-24.94411]]]}},{"type":"Feature","id":44,"properties":{"name":"Chile","subjecto":"Chile","partof":"Chile","precision":3},"geometry":{"type":"MultiPolygon","coordinates":[[[[-70.38049,-18.35011],[-70.34613,-18.43888],[-70.40984,-18.83474],[-70.20475,-19.9474],[-70.27863,-20.74134],[-70.17157,-21.73166],[-70.3115,-22.20386],[-70.32705,-22.43039],[-70.33629,-22.7543],[-70.34768,-22.9628],[-70.49123,-23.02153],[-70.59225,-23.02643],[-70.65871,-23.33678],[-70.69858,-23.59526],[-70.41322,-23.5212],[-70.45136,-23.64397],[-70.55769,-23.88483],[-70.58693,-24.32404],[-70.65339,-24.47172],[-70.49184,-24.81716],[-70.39093,-25.23501],[-70.68875,-25.79515],[-70.66006,-26.34065],[-70.70788,-26.72995],[-70.85741,-27.31438],[-70.93462,-27.72742],[-71.14201,-27.99464],[-71.19902,-28.24496],[-71.2972,-28.66828],[-71.43015,-29.10048],[-71.38621,-29.28459],[-71.23364,-29.5193],[-71.23666,-29.84959],[-71.32951,-30.10385],[-71.49607,-30.34556],[-71.68158,-30.6],[-71.69539,-30.85409],[-71.6515,-31.24145],[-71.51985,-32.18118],[-71.44536,-32.54305],[-71.40336,-32.64458],[-71.41605,-32.75257],[-71.50858,-32.90519],[-71.71337,-33.10885],[-71.7504,-33.19149],[-71.60992,-33.57228],[-71.61574,-33.70565],[-71.73862,-33.87738],[-71.82276,-33.93471],[-71.96271,-34.24619],[-72.07612,-34.67194],[-72.16658,-34.95791],[-72.33002,-35.28258],[-72.62885,-35.64588],[-72.70962,-35.9388],[-72.84636,-36.3592],[-72.95996,-36.57589],[-73.14423,-37.1558],[-73.1879,-37.21957],[-73.27789,-37.28346],[-73.35967,-37.32185],[-73.58405,-37.27772],[-73.69027,-37.3671],[-73.67254,-37.50085],[-73.43501,-37.90178],[-73.40069,-38.09928],[-73.44044,-38.35431],[-73.44117,-38.62841],[-73.19634,-39.41867],[-73.19384,-39.56537],[-73.43432,-39.91036],[-73.75937,-40.24339],[-73.82081,-40.42911],[-73.90523,-40.83904],[-73.84526,-41.15283],[-73.66562,-41.47936],[-73.59364,-41.69724],[-73.46355,-41.78677],[-73.42417,-41.7867],[-73.1777,-41.76055],[-72.96338,-41.57414],[-72.89089,-41.52911],[-72.76747,-41.53527],[-72.58718,-41.61828],[-72.62617,-41.75945],[-72.73108,-41.9072],[-72.6086,-41.99678],[-72.46592,-42.03499],[-72.4138,-42.16326],[-72.43805,-42.30452],[-72.68747,-42.37563],[-72.74736,-42.4464],[-72.7236,-42.79961],[-72.52966,-43.06271],[-72.83393,-43.18544],[-72.99853,-43.33366],[-72.97188,-43.70668],[-73.01934,-43.9127],[-73.08199,-44.02225],[-73.05803,-44.18961],[-72.76008,-44.36934],[-72.5827,-44.43985],[-72.55525,-44.54287],[-72.67706,-44.74932],[-72.94659,-44.94323],[-73.20363,-45.05345],[-73.31409,-45.08598],[-73.3597,-45.20893],[-73.33457,-45.28002],[-73.1377,-45.34431],[-73.04726,-45.37649],[-73.33136,-45.4741],[-73.36693,-45.50007],[-73.47365,-45.66858],[-73.49872,-45.96011],[-73.57109,-46.26491],[-73.96972,-46.71343],[-73.99524,-46.4863],[-73.97867,-46.34354],[-74.0875,-46.29836],[-74.16999,-46.33744],[-74.29072,-46.51284],[-74.37647,-46.55845],[-74.42935,-46.53259],[-74.47889,-46.30562],[-74.33361,-46.18213],[-74.0418,-46.0908],[-74.06846,-45.93531],[-73.85135,-45.57293],[-73.46093,-44.36464],[-73.64377,-43.8433],[-74.19955,-43.75396],[-73.73739,-44.05957],[-74.29452,-44.03227],[-74.33462,-44.32842],[-74.86432,-44.54889],[-74.4528,-44.86835],[-74.61741,-45.2574],[-74.89597,-45.71899],[-75.07957,-45.89111],[-74.86388,-46.22855],[-74.97676,-46.28066],[-75.44137,-46.51509],[-75.49602,-46.58011],[-75.44431,-46.62543],[-75.02187,-46.55322],[-75.0112,-46.77391],[-74.86197,-46.81907],[-74.46321,-46.79881],[-74.30359,-46.85693],[-73.97876,-47.0317],[-73.98341,-47.12919],[-74.08675,-47.29842],[-74.32801,-47.2924],[-74.41158,-47.3836],[-74.38109,-47.42257],[-74.39259,-47.53319],[-74.54526,-47.68316],[-74.53776,-47.78729],[-74.29663,-47.76079],[-74.15407,-47.83864],[-73.76372,-47.77276],[-73.36047,-47.97385],[-73.36164,-48.04552],[-73.43873,-48.15644],[-73.75891,-48.12448],[-73.94345,-48.01408],[-74.21032,-48.00809],[-74.2162,-48.10583],[-74.13297,-48.47726],[-74.31235,-48.74513],[-74.46872,-48.8993],[-74.67232,-48.02559],[-75.42526,-47.58697],[-75.65576,-48.47069],[-75.63271,-50.0549],[-75.4099,-50.80857],[-74.4572,-50.0401],[-74.42646,-49.66361],[-74.42262,-49.30173],[-74.27157,-49.43103],[-73.96309,-49.24083],[-73.89993,-49.4303],[-74.24048,-49.63373],[-74.18662,-49.8234],[-73.93245,-49.99314],[-74.19024,-50.17102],[-74.51633,-50.23345],[-74.7817,-50.65009],[-74.15638,-50.85953],[-73.87525,-50.7383],[-73.93423,-50.50605],[-73.81846,-50.45975],[-73.53017,-50.43286],[-73.55211,-50.53822],[-73.73059,-50.70325],[-73.77561,-50.83514],[-73.8894,-50.90789],[-74.26941,-50.99436],[-74.20848,-51.02063],[-74.99715,-50.7067],[-75.48058,-51.6325],[-74.16164,-51.46585],[-73.86053,-51.21135],[-73.70286,-51.19783],[-73.67885,-51.23079],[-73.63794,-51.35619],[-73.68936,-51.43558],[-73.8753,-51.56152],[-73.77849,-51.61423],[-73.59121,-51.79248],[-73.42886,-51.72599],[-73.25849,-51.70582],[-73.27673,-51.78525],[-73.40807,-52.02384],[-73.10692,-52.10275],[-72.8102,-51.92997],[-72.64995,-52.12838],[-72.44915,-52.16113],[-72.44601,-52.2473],[-72.56517,-52.38677],[-72.55881,-52.57257],[-71.95034,-52.57139],[-71.678,-52.64391],[-72.23311,-52.79111],[-72.35263,-52.77805],[-72.78421,-52.8985],[-72.84179,-52.98503],[-72.75087,-53.13783],[-72.50551,-53.06418],[-72.05114,-53.06997],[-71.44254,-52.82945],[-71.31958,-52.88238],[-71.15202,-52.96183],[-71.16356,-53.02835],[-71.42531,-53.20848],[-73.12786,-53.23349],[-71.87228,-53.69565],[-71.44229,-53.88161],[-71.20199,-53.83445],[-70.99803,-53.82071],[-70.95145,-53.75391],[-70.87806,-53.47379],[-70.9051,-53.2341],[-70.85383,-53.08096],[-70.73359,-52.80151],[-70.57267,-52.70818],[-70.41564,-52.66803],[-69.8952,-52.62719],[-69.67135,-52.54045],[-69.44348,-52.38735],[-69.41986,-52.27622],[-69.1875,-52.22473],[-69.03644,-52.29438],[-68.84912,-52.33193],[-68.51404,-52.35742],[-68.4559,-52.42018],[-68.4101,-52.38462],[-68.41191,-52.34132],[-69.19008,-52.14818],[-69.48462,-52.15041],[-69.99271,-52.0001],[-71.91568,-51.9996],[-71.95296,-51.9716],[-72.01799,-51.95899],[-71.92598,-51.92047],[-71.92525,-51.85742],[-72.22032,-51.68799],[-72.28757,-51.595],[-72.39523,-51.56256],[-72.29965,-51.52364],[-72.2331,-51.29218],[-72.23476,-51.24723],[-72.33453,-51.14627],[-72.32794,-51.05619],[-72.24124,-51.03827],[-72.21616,-50.9129],[-72.24871,-50.80414],[-72.33291,-50.69272],[-72.33615,-50.6134],[-72.40196,-50.6209],[-72.4893,-50.59744],[-72.50665,-50.60722],[-72.56223,-50.62141],[-72.60342,-50.65953],[-72.74188,-50.61287],[-72.90294,-50.66512],[-72.96366,-50.72194],[-73.04156,-50.76019],[-73.11244,-50.77828],[-73.14395,-50.78014],[-73.17169,-50.80056],[-73.19102,-50.80941],[-73.20019,-50.81906],[-73.19926,-50.81061],[-73.14272,-50.76211],[-73.18515,-50.73944],[-73.12904,-50.63729],[-73.30161,-50.56793],[-73.35352,-50.4308],[-73.38469,-50.39158],[-73.36629,-50.37055],[-73.39622,-50.36757],[-73.40701,-50.37845],[-73.41648,-50.37972],[-73.43396,-50.36274],[-73.4262,-50.35466],[-73.43653,-50.34403],[-73.42397,-50.33686],[-73.40282,-50.33601],[-73.35942,-50.30121],[-73.44141,-50.23727],[-73.41243,-50.19546],[-73.43241,-50.17775],[-73.46489,-50.1801],[-73.49812,-50.14699],[-73.51405,-50.14607],[-73.50314,-50.10084],[-73.46819,-50.08885],[-73.48755,-50.05777],[-73.45775,-50.05169],[-73.43317,-50.01096],[-73.44618,-49.95892],[-73.4929,-49.9647],[-73.55505,-49.94392],[-73.54035,-49.89894],[-73.50815,-49.89179],[-73.4791,-49.84396],[-73.48913,-49.81685],[-73.44422,-49.7978],[-73.44573,-49.79059],[-73.17603,-49.71307],[-73.02878,-49.53402],[-73.0064,-49.45001],[-73.04351,-49.41413],[-73.12687,-49.39161],[-73.13237,-49.35065],[-73.09637,-49.33547],[-73.09444,-49.28683],[-73.04032,-49.27753],[-73.04198,-49.27128],[-73.07172,-49.26498],[-73.08909,-49.25136],[-73.10989,-49.26481],[-73.12795,-49.26315],[-73.13406,-49.25466],[-73.14031,-49.23142],[-73.13736,-49.18412],[-73.11635,-49.17758],[-73.1022,-49.15503],[-73.0816,-49.1527],[-73.07577,-49.13428],[-73.05798,-49.12607],[-73.04439,-49.09705],[-73.02571,-49.07602],[-73.0036,-49.06533],[-72.99893,-49.04849],[-73.00676,-49.04066],[-73.00175,-49.03143],[-72.98019,-49.02945],[-72.98403,-49.01405],[-72.98465,-48.99292],[-72.95444,-48.9814],[-72.94798,-48.96354],[-72.93164,-48.94581],[-72.87479,-48.95001],[-72.85199,-48.96814],[-72.79308,-48.97933],[-72.76747,-48.96635],[-72.51524,-48.788],[-72.54228,-48.53147],[-72.42675,-48.52658],[-72.21536,-48.32759],[-72.30075,-48.14259],[-72.42751,-47.9554],[-72.49433,-47.92971],[-72.30515,-47.60877],[-72.25631,-47.47988],[-72.11536,-47.35982],[-72.04422,-47.35393],[-71.98737,-47.29488],[-71.97995,-47.22662],[-71.868,-47.25332],[-71.82161,-47.15835],[-71.90744,-46.85396],[-71.6341,-46.67944],[-71.66691,-46.53265],[-71.75446,-46.3507],[-71.72246,-46.29727],[-71.72397,-46.26054],[-71.7697,-46.20057],[-71.87379,-46.14892],[-71.75555,-46.1258],[-71.6906,-46.07787],[-71.58844,-45.96109],[-71.73777,-45.73325],[-71.69897,-45.55493],[-71.45343,-45.51051],[-71.50356,-45.40933],[-71.43393,-45.39884],[-71.39272,-45.3758],[-71.31638,-45.31315],[-71.32214,-45.23619],[-71.55862,-44.97036],[-71.76984,-44.91704],[-71.897,-44.92531],[-71.99155,-44.89497],[-72.03392,-44.87543],[-72.02705,-44.85976],[-72.04271,-44.84389],[-72.02788,-44.80999],[-72.04477,-44.77481],[-71.92351,-44.80757],[-71.81941,-44.80514],[-71.77327,-44.76719],[-71.62578,-44.79334],[-71.48488,-44.76152],[-71.32415,-44.81411],[-71.26721,-44.81791],[-71.22903,-44.79609],[-71.19086,-44.74244],[-71.18729,-44.68585],[-71.20363,-44.64952],[-71.18715,-44.60836],[-71.09926,-44.60153],[-71.07275,-44.51676],[-71.13029,-44.42667],[-71.38202,-44.3838],[-71.67346,-44.37193],[-71.77986,-44.37607],[-71.77396,-44.22896],[-71.77499,-44.12033],[-71.64142,-43.95805],[-71.64771,-43.92093],[-71.66471,-43.90098],[-71.70358,-43.89112],[-71.70282,-43.85462],[-71.75885,-43.83947],[-71.74004,-43.78706],[-71.69259,-43.72965],[-71.65977,-43.7227],[-71.65633,-43.70418],[-71.62866,-43.70903],[-71.62324,-43.70397],[-71.59804,-43.69965],[-71.59818,-43.68794],[-71.6095,-43.67939],[-71.58918,-43.67835],[-71.58163,-43.67363],[-71.57495,-43.65598],[-71.59137,-43.63107],[-71.63608,-43.61653],[-71.69554,-43.61942],[-71.7009,-43.58231],[-71.71559,-43.57452],[-71.75473,-43.57903],[-71.76283,-43.53801],[-71.88766,-43.42658],[-71.71819,-43.32453],[-71.72369,-43.16563],[-71.90663,-43.0511],[-72.05165,-42.98641],[-72.12277,-42.81418],[-72.11646,-42.73187],[-72.14996,-42.69028],[-72.08817,-42.65254],[-72.00986,-42.49856],[-72.00742,-42.39788],[-72.11398,-42.35711],[-72.12412,-42.19845],[-72.14832,-42.16931],[-72.03845,-42.14627],[-71.92322,-42.20067],[-71.72836,-42.13916],[-71.69838,-42.05642],[-71.8048,-41.57374],[-71.86021,-40.74825],[-71.81546,-40.58169],[-71.63484,-40.34952],[-71.67328,-40.33792],[-71.44337,-39.24588],[-71.41951,-39.10557],[-71.3628,-39.02881],[-71.42267,-38.95088],[-71.22491,-38.83667],[-71.06342,-38.78148],[-70.93493,-38.79072],[-70.84413,-38.72652],[-70.8176,-38.54711],[-70.98981,-38.30373],[-70.97388,-38.10022],[-71.18619,-37.68773],[-71.11656,-37.59488],[-71.09583,-37.45606],[-71.15876,-37.28923],[-71.07962,-37.18337],[-71.09505,-36.80522],[-70.99119,-36.66465],[-70.96289,-36.5423],[-70.69095,-36.41528],[-70.58881,-36.24646],[-70.39072,-36.1651],[-70.35578,-36.01861],[-70.37128,-35.53043],[-70.38446,-35.32405],[-70.53497,-35.26261],[-70.38403,-35.17838],[-70.18781,-34.68289],[-69.98676,-34.40483],[-69.94693,-34.31077],[-69.79367,-34.24609],[-69.8155,-34.07171],[-69.84002,-33.76085],[-69.75549,-33.32995],[-69.80603,-33.25658],[-69.98175,-33.2541],[-69.96423,-32.90451],[-70.13013,-32.45274],[-70.28429,-32.23539],[-70.19989,-31.9209],[-70.48747,-31.5827],[-70.43451,-31.25703],[-70.25592,-31.04355],[-70.26002,-30.71646],[-70.10651,-30.44292],[-69.92496,-30.39322],[-69.85182,-30.35863],[-69.79312,-30.14795],[-69.82553,-30.10164],[-69.92963,-30.08791],[-69.85135,-29.81997],[-69.95096,-29.35613],[-69.78351,-29.1518],[-69.61652,-28.46913],[-69.46078,-28.28162],[-69.31958,-28.17757],[-69.18033,-28.01839],[-68.97119,-27.64257],[-68.79199,-27.30787],[-68.78183,-27.14952],[-68.57117,-27.19037],[-68.41159,-27.09794],[-68.28607,-27.05153],[-68.29129,-26.9823],[-68.24899,-26.91407],[-68.57446,-26.49144],[-68.54123,-26.29362],[-68.38715,-26.1855],[-68.46213,-25.71161],[-68.52173,-25.62985],[-68.50497,-25.57145],[-68.56219,-25.43674],[-68.51319,-25.36799],[-68.4841,-25.21114],[-68.34155,-25.1147],[-68.48554,-24.74405],[-68.3935,-24.60379],[-68.24432,-24.40512],[-67.32175,-24.03766],[-66.98254,-23.00206],[-67.17618,-22.81255],[-67.56564,-22.89493],[-67.78757,-22.88433],[-67.87543,-22.83036],[-67.83938,-22.5331],[-67.94629,-22.05392],[-68.05225,-21.98248],[-68.04921,-21.77918],[-68.17366,-21.58726],[-68.17862,-21.25076],[-68.54029,-20.72122],[-68.4278,-20.64091],[-68.71783,-20.43215],[-68.65274,-20.33964],[-68.68584,-20.21941],[-68.68158,-20.07873],[-68.56643,-20.0538],[-68.52483,-19.98409],[-68.51077,-19.92105],[-68.52036,-19.84467],[-68.62184,-19.72341],[-68.51404,-19.56457],[-68.3958,-19.4184],[-68.80215,-19.06895],[-68.88029,-19.03396],[-68.93399,-18.9488],[-68.88823,-18.89014],[-68.97629,-18.70037],[-68.99881,-18.48579],[-69.02545,-18.32845],[-69.05347,-18.24477],[-69.11115,-18.16439],[-69.06061,-18.05526],[-69.11993,-17.99643],[-69.24229,-17.96024],[-69.32359,-17.73889],[-69.45763,-17.60148],[-69.46242,-17.49176],[-69.5547,-17.57488],[-69.66918,-17.65768],[-69.79827,-17.64375],[-69.8275,-17.70486],[-69.82587,-17.7474],[-69.80233,-17.76131],[-69.8007,-17.86412],[-69.78203,-17.90739],[-69.75169,-17.94719],[-69.75447,-17.98892],[-69.81943,-18.11721],[-69.86094,-18.16847],[-69.91036,-18.2054],[-69.96589,-18.26078],[-69.98144,-18.26869],[-70.05196,-18.26922],[-70.14969,-18.31877],[-70.19791,-18.32181],[-70.27239,-18.30962],[-70.3113,-18.30962],[-70.32403,-18.31202],[-70.33911,-18.31802],[-70.35493,-18.32704],[-70.3652,-18.33598],[-70.37632,-18.3501],[-70.38049,-18.35011]]],[[[-68.60907,-54.89685],[-68.59635,-54.87299],[-68.60407,-53.23291],[-68.60608,-52.66137],[-68.60341,-52.65661],[-68.75793,-52.5265],[-69.15591,-52.66421],[-69.26248,-52.5683],[-69.40723,-52.44791],[-69.58932,-52.52568],[-69.61734,-52.64504],[-69.88019,-52.82474],[-70.12628,-52.71362],[-70.42236,-52.76617],[-70.32898,-52.82096],[-70.44873,-53.03293],[-70.48828,-53.18235],[-70.46471,-53.37307],[-70.33333,-53.47274],[-69.51458,-53.34461],[-69.36932,-53.39413],[-69.36822,-53.48053],[-69.50517,-53.57269],[-69.95745,-53.67037],[-70.14554,-53.80573],[-70.04246,-53.98574],[-69.89022,-54.13905],[-69.80562,-54.12552],[-69.7257,-54.16546],[-69.47352,-54.21842],[-69.33532,-54.29168],[-69.05546,-54.60198],[-69.37307,-54.60481],[-69.56778,-54.4593],[-70.213,-54.43378],[-70.34072,-54.32514],[-70.45596,-53.55636],[-71.16281,-54.06444],[-72.10783,-53.72944],[-74.85837,-52.67097],[-73.61371,-53.84291],[-71.23962,-55.13415],[-70.40985,-55.20436],[-70.21009,-54.96249],[-70.07761,-54.82176],[-69.86099,-54.77446],[-69.67172,-54.77409],[-69.42404,-54.88081],[-69.21397,-54.93402],[-69.08133,-54.95992],[-68.60907,-54.89685]]],[[[-73.77129,-43.50883],[-73.69581,-43.38648],[-73.6086,-42.9106],[-73.83052,-42.56413],[-73.7649,-42.46126],[-73.45524,-42.26161],[-73.47507,-42.11402],[-73.6372,-41.96676],[-74.00481,-42.01882],[-74.1686,-42.34649],[-74.17348,-42.53272],[-74.13408,-42.76387],[-74.20158,-43.05959],[-74.29605,-43.2655],[-74.23627,-43.36826],[-74.1418,-43.44525],[-73.94838,-43.45772],[-73.77129,-43.50883]]],[[[-68.15914,-55.26403],[-67.09415,-55.3989],[-66.30124,-55.20419],[-66.73268,-55.08424],[-67.0514,-54.96838],[-67.38566,-54.9081],[-67.95702,-54.88351],[-68.45454,-54.9081],[-69.12696,-54.99069],[-69.89266,-55.08868],[-70.32067,-55.26603],[-69.55528,-55.64492],[-68.65626,-55.73395],[-67.89087,-55.73395],[-68.03666,-55.93181],[-67.39276,-56.06769],[-66.80961,-55.89777],[-67.16193,-55.5763],[-67.72079,-55.42492],[-68.07311,-55.38353],[-68.15914,-55.26403]]],[[[-73.08036,-53.03204],[-72.96489,-52.79915],[-72.84486,-52.64615],[-72.86903,-52.28125],[-72.96131,-52.23502],[-73.19004,-52.32829],[-73.56045,-52.2826],[-74.38141,-51.66324],[-75.08416,-51.72995],[-74.90783,-52.36115],[-73.62555,-52.60782],[-73.24333,-52.57389],[-73.28059,-52.95263],[-73.08036,-53.03204]]]]}},{"type":"Feature","id":45,"properties":{"name":"Botswana","subjecto":"Botswana","partof":"Botswana","precision":3},"geometry":{"type":"Polygon","coordinates":[[[25.00001,-17.8122],[24.63508,-17.95422],[24.23448,-17.96292],[24.10629,-18.02725],[23.6596,-18.4495],[23.56538,-18.46276],[23.28635,-18.11472],[22.81502,-18.1747],[21.48221,-18.38597],[20.94998,-18.39545],[20.95204,-18.94221],[20.94886,-19.52078],[20.93774,-19.91503],[20.91825,-20.45556],[20.919,-22.05772],[20.65556,-22.07834],[19.95155,-22.10151],[19.88604,-22.11461],[19.83826,-23.31016],[19.83429,-23.8506],[19.83987,-24.58172],[19.84276,-24.94411],[20.08059,-24.97452],[20.40289,-25.3287],[20.64901,-25.75328],[20.74319,-26.09608],[20.66878,-26.33813],[20.55935,-26.61217],[20.55773,-26.82836],[20.60733,-26.91073],[20.77331,-26.95428],[21.15789,-26.93299],[21.52799,-26.91814],[21.88817,-26.75075],[22.17237,-26.55835],[22.46548,-26.27687],[22.63713,-26.06607],[22.90078,-25.55586],[22.93836,-25.44755],[23.08841,-25.36402],[23.33348,-25.38168],[23.77364,-25.67162],[24.10874,-25.81593],[24.47725,-25.90282],[24.70707,-25.90784],[24.91989,-25.88118],[25.11315,-25.89278],[25.37595,-25.84039],[25.48292,-25.78255],[25.61237,-25.62283],[25.7674,-25.18954],[25.86498,-24.87106],[25.97724,-24.77503],[26.4184,-24.62622],[26.70364,-24.46561],[26.81493,-24.35687],[26.91436,-24.05746],[26.96306,-23.77105],[27.13739,-23.61107],[27.47362,-23.45016],[27.63661,-23.34748],[27.90003,-23.08525],[28.21541,-22.71462],[28.3519,-22.66296],[28.688,-22.62922],[28.91636,-22.51979],[29.09082,-22.37253],[29.23345,-22.18731],[29.14987,-22.14329],[29.01236,-21.94062],[28.79706,-21.78291],[28.55027,-21.70804],[28.12825,-21.64693],[27.97003,-21.57791],[27.73412,-21.18507],[27.6607,-20.93118],[27.67534,-20.67675],[27.61789,-20.56899],[27.2668,-20.57742],[27.17642,-20.53343],[27.12714,-20.43834],[27.15023,-20.1966],[27.10209,-20.12058],[26.85396,-20.00122],[26.61412,-19.9009],[26.35727,-19.75616],[26.10373,-19.53511],[25.93408,-19.23728],[25.8235,-18.80557],[25.61228,-18.53341],[25.41889,-18.31837],[25.2993,-18.11562],[25.34529,-18.01363],[25.22645,-17.96981],[25.1571,-17.89393],[25.08359,-17.88165],[25.00001,-17.8122]]]}},{"type":"Feature","id":46,"properties":{"name":"Paraguay","subjecto":"Paraguay","partof":"Paraguay","precision":3},"geometry":{"type":"Polygon","coordinates":[[[-54.58041,-25.74335],[-54.60905,-25.55296],[-54.59694,-25.20355],[-54.4973,-24.83454],[-54.36321,-24.45898],[-54.21879,-24.12147],[-54.22724,-24.05799],[-54.44814,-23.90681],[-54.55372,-23.8566],[-55.13395,-24.0569],[-55.23467,-24.03207],[-55.34917,-23.77863],[-55.56828,-22.64282],[-55.62278,-22.44621],[-56.00204,-22.26419],[-56.32786,-22.13905],[-56.37932,-22.13934],[-56.69865,-22.32543],[-56.85429,-22.33903],[-57.27066,-22.23981],[-57.63862,-22.17207],[-57.80576,-22.15399],[-57.80309,-21.83],[-57.76407,-21.50579],[-57.70468,-21.11795],[-57.75164,-20.68624],[-57.98581,-20.29374],[-58.02388,-19.9954],[-58.13773,-19.81184],[-58.17795,-19.77396],[-59.05629,-19.32806],[-59.21472,-19.30358],[-59.63213,-19.31239],[-60.01175,-19.30824],[-60.0685,-19.36575],[-60.55263,-19.45752],[-61.04969,-19.5303],[-61.40252,-19.62129],[-61.5508,-19.64122],[-61.70012,-19.8136],[-62.01399,-20.31092],[-62.13927,-20.46411],[-62.19918,-20.69315],[-62.19189,-20.97896],[-62.36502,-21.51355],[-62.54277,-22.01007],[-62.61002,-22.15655],[-62.52457,-22.18147],[-62.42351,-22.33333],[-62.07144,-22.74416],[-61.4996,-23.36334],[-61.24046,-23.61591],[-60.86474,-23.88051],[-60.64077,-23.9872],[-60.11288,-24.07943],[-59.81109,-24.21741],[-59.07682,-24.71497],[-58.42508,-25.0288],[-58.1323,-25.10967],[-57.70993,-25.33588],[-57.71782,-25.4566],[-57.99548,-25.99807],[-58.27679,-26.38076],[-58.29822,-26.4825],[-58.20362,-26.76141],[-58.25331,-26.85061],[-58.47182,-27.02968],[-58.66295,-27.22131],[-58.69179,-27.31673],[-58.60631,-27.34166],[-58.07206,-27.19251],[-57.79887,-27.20364],[-57.35245,-27.35349],[-57.09859,-27.39649],[-56.77883,-27.39464],[-56.44353,-27.33556],[-56.26925,-27.25834],[-56.16338,-27.24503],[-56.00606,-27.28858],[-55.73178,-27.45213],[-55.57353,-27.22259],[-55.43804,-27.10113],[-54.98512,-26.76826],[-54.81656,-26.5577],[-54.57147,-25.85127],[-54.58041,-25.74335]]]}},{"type":"Feature","id":47,"properties":{"name":"South Africa","subjecto":"South Africa","partof":"South Africa","precision":3},"geometry":{"type":"MultiPolygon","coordinates":[[[[19.84276,-24.94411],[19.84025,-26.48916],[19.85424,-27.34108],[19.86592,-28.35201],[19.84039,-28.44422],[19.63587,-28.58753],[19.39055,-28.72353],[19.12899,-28.94758],[18.93719,-28.96296],[18.67568,-28.88832],[18.34055,-28.86944],[17.93896,-28.89082],[17.7066,-28.87307],[17.57368,-28.77771],[17.54881,-28.53998],[17.53001,-28.3851],[17.44299,-28.28527],[17.15658,-28.12901],[17.0085,-28.07187],[16.85756,-28.12398],[16.80856,-28.22153],[16.66563,-28.40854],[16.33421,-28.5608],[16.53016,-28.77085],[16.7883,-29.13892],[17.07853,-29.79927],[17.35429,-30.42151],[17.56654,-30.82782],[17.90387,-31.29107],[18.17856,-31.8053],[18.26231,-32.04027],[18.33569,-32.33882],[18.3087,-32.70751],[18.23151,-32.89832],[17.94546,-32.91798],[17.86761,-32.99441],[17.92774,-33.09597],[18.07305,-33.22279],[18.45908,-33.83213],[18.41277,-34.02288],[18.29292,-34.24558],[18.34633,-34.34716],[18.48716,-34.39772],[18.50307,-34.3087],[18.57027,-34.19417],[18.72424,-34.21927],[18.84006,-34.43512],[18.96636,-34.39673],[19.18137,-34.42172],[19.27935,-34.50413],[19.32089,-34.73286],[19.88381,-34.99229],[20.25607,-34.62289],[20.51483,-34.53339],[20.84691,-34.50092],[21.14706,-34.53845],[21.34551,-34.5444],[21.6693,-34.50561],[21.99722,-34.26341],[22.26213,-34.16753],[22.54913,-34.14788],[22.68178,-34.10312],[22.97186,-34.19785],[23.18892,-34.2419],[23.35976,-34.1208],[23.49922,-34.06966],[23.74292,-34.07551],[24.08467,-34.15109],[24.42994,-34.3347],[24.59222,-34.35979],[24.69349,-34.30873],[24.81607,-34.16864],[24.92859,-34.07945],[25.06467,-34.0728],[25.51586,-34.17358],[25.56506,-34.13534],[25.5591,-34.07815],[25.61852,-33.91912],[25.86573,-33.88683],[26.30665,-33.89229],[26.65866,-33.84707],[26.96297,-33.71298],[27.40815,-33.42601],[27.65636,-33.25392],[28.27692,-32.76323],[28.92185,-32.29791],[29.29514,-31.90943],[29.83187,-31.43162],[30.39101,-30.81393],[30.6749,-30.43834],[31.29699,-29.54721],[31.56308,-29.2098],[31.97833,-28.94835],[32.23474,-28.74442],[32.34622,-28.58529],[32.39325,-28.37545],[32.30344,-28.13411],[32.34548,-28.02598],[32.52743,-27.9811],[32.60903,-27.89831],[32.76723,-27.51663],[32.84904,-26.97888],[32.24998,-26.98348],[32.16332,-27.00942],[32.10455,-27.01613],[31.96379,-27.09961],[31.9349,-27.18881],[31.90044,-27.45611],[31.63303,-27.45764],[31.33124,-27.4085],[31.12478,-27.26342],[30.98711,-27.05435],[30.81178,-26.75012],[30.81386,-26.60385],[30.94007,-26.34874],[31.23589,-25.90825],[31.36156,-25.81849],[32.01337,-26.08181],[31.97107,-25.93579],[31.98454,-25.57323],[32.01014,-24.98805],[31.97756,-24.64486],[31.91114,-24.34002],[31.76265,-23.91486],[31.5639,-23.60442],[31.48272,-23.17888],[31.35013,-22.63915],[31.27841,-22.55691],[31.12459,-22.45606],[30.87835,-22.40027],[30.67917,-22.38872],[30.44094,-22.45369],[30.30176,-22.46086],[29.85639,-22.27905],[29.58795,-22.21704],[29.26402,-22.2062],[29.23345,-22.18731],[29.09082,-22.37253],[28.91636,-22.51979],[28.688,-22.62922],[28.3519,-22.66296],[28.21541,-22.71462],[27.90003,-23.08525],[27.63661,-23.34748],[27.47362,-23.45016],[27.13739,-23.61107],[26.96306,-23.77105],[26.91436,-24.05746],[26.81493,-24.35687],[26.70364,-24.46561],[26.4184,-24.62622],[25.97724,-24.77503],[25.86498,-24.87106],[25.7674,-25.18954],[25.61237,-25.62283],[25.48292,-25.78255],[25.37595,-25.84039],[25.11315,-25.89278],[24.91989,-25.88118],[24.70707,-25.90784],[24.47725,-25.90282],[24.10874,-25.81593],[23.77364,-25.67162],[23.33348,-25.38168],[23.08841,-25.36402],[22.93836,-25.44755],[22.90078,-25.55586],[22.63713,-26.06607],[22.46548,-26.27687],[22.17237,-26.55835],[21.88817,-26.75075],[21.52799,-26.91814],[21.15789,-26.93299],[20.77331,-26.95428],[20.60733,-26.91073],[20.55773,-26.82836],[20.55935,-26.61217],[20.66878,-26.33813],[20.74319,-26.09608],[20.64901,-25.75328],[20.40289,-25.3287],[20.08059,-24.97452],[19.84276,-24.94411]],[[27.84792,-30.78635],[27.51525,-30.53386],[27.38674,-30.36924],[27.12519,-29.9828],[27.07081,-29.7987],[27.38217,-29.52345],[27.50615,-29.3256],[27.73691,-29.0699],[28.02956,-28.92196],[28.47745,-28.7604],[28.61561,-28.72145],[28.80561,-28.84119],[28.95402,-28.99297],[29.38902,-29.32753],[29.43618,-29.42901],[29.37199,-29.5375],[29.25173,-29.68446],[28.98967,-30.1375],[28.87136,-30.22721],[28.40548,-30.36343],[28.12105,-30.51768],[28.03351,-30.76621],[27.84792,-30.78635]]],[[[14.57006,-22.75814],[14.52443,-22.94107],[14.39609,-23.07479],[14.409,-23.25271],[14.44404,-23.41169],[14.79158,-23.40307],[14.80973,-23.09781],[14.7753,-22.76106],[14.57006,-22.75814]]]]}},{"type":"Feature","id":48,"properties":{"name":"Swaziland","subjecto":"Swaziland","partof":"Swaziland","precision":3},"geometry":{"type":"Polygon","coordinates":[[[32.01337,-26.08181],[31.36156,-25.81849],[31.23589,-25.90825],[30.94007,-26.34874],[30.81386,-26.60385],[30.81178,-26.75012],[30.98711,-27.05435],[31.12478,-27.26342],[31.33124,-27.4085],[31.63303,-27.45764],[31.90044,-27.45611],[31.9349,-27.18881],[31.96379,-27.09961],[32.10455,-27.01613],[32.16332,-27.00942],[32.13273,-26.83789],[32.01507,-26.43792],[32.04725,-26.21516],[32.01337,-26.08181]]]}},{"type":"Feature","id":49,"properties":{"name":"Lesotho","subjecto":"Lesotho","partof":"Lesotho","precision":3},"geometry":{"type":"Polygon","coordinates":[[[27.84792,-30.78635],[28.03351,-30.76621],[28.12105,-30.51768],[28.40548,-30.36343],[28.87136,-30.22721],[28.98967,-30.1375],[29.25173,-29.68446],[29.37199,-29.5375],[29.43618,-29.42901],[29.38902,-29.32753],[28.95402,-28.99297],[28.80561,-28.84119],[28.61561,-28.72145],[28.47745,-28.7604],[28.02956,-28.92196],[27.73691,-29.0699],[27.50615,-29.3256],[27.38217,-29.52345],[27.07081,-29.7987],[27.12519,-29.9828],[27.38674,-30.36924],[27.51525,-30.53386],[27.84792,-30.78635]]]}},{"type":"Feature","id":50,"properties":{"name":"New Zealand","subjecto":"New Zealand","partof":"New Zealand","precision":3},"geometry":{"type":"MultiPolygon","coordinates":[[[[175.30769,-37.32098],[175.24664,-37.29383],[175.23518,-37.23066],[175.24932,-37.16749],[175.30093,-37.13591],[175.20076,-37.07274],[175.09906,-37.07274],[174.98007,-37.08327],[174.88742,-37.06221],[174.92828,-36.96748],[174.78237,-36.8938],[174.64482,-36.83064],[174.64712,-36.76749],[174.73947,-36.78854],[174.84106,-36.78854],[174.97265,-36.77802],[174.85726,-36.69382],[174.74958,-36.53596],[174.70637,-36.4623],[174.82379,-36.48335],[174.81549,-36.38864],[174.78688,-36.28342],[174.62889,-36.15717],[174.52514,-36.05196],[174.41206,-35.9678],[174.3479,-35.91521],[174.42669,-35.93625],[174.53569,-35.94677],[174.49394,-35.87313],[174.52821,-35.7995],[174.60903,-35.78898],[174.50383,-35.66277],[174.39192,-35.57863],[174.29016,-35.42088],[174.30015,-35.34728],[174.21687,-35.33677],[174.15127,-35.42088],[174.06791,-35.41037],[174.07299,-35.34728],[174.01524,-35.23161],[173.89178,-35.20007],[173.70297,-35.1475],[173.46962,-35.03185],[173.34878,-35.02134],[173.33035,-35.08442],[173.15272,-34.95836],[173.07316,-34.8639],[172.98963,-34.72744],[173.05665,-34.64347],[173.01918,-34.51752],[172.96031,-34.5595],[172.79878,-34.58049],[172.70669,-34.53851],[172.6332,-34.5595],[172.78921,-34.67496],[172.9598,-34.8639],[173.04849,-35.04237],[173.07012,-35.12647],[173.06442,-35.18956],[173.0462,-35.25264],[173.16665,-35.36831],[173.1665,-35.42088],[173.39932,-35.67329],[173.67898,-36.0204],[173.91563,-36.30446],[174.01048,-36.43073],[174.08654,-36.43073],[174.0644,-36.3676],[173.84071,-36.13612],[173.78804,-36.03092],[174.06983,-36.18872],[174.20066,-36.34655],[174.26577,-36.48335],[174.22006,-36.557],[174.47856,-36.86222],[174.69412,-37.15696],[174.76466,-37.29654],[174.72805,-37.55203],[174.94512,-37.92838],[174.93066,-38.10088],[174.7526,-38.29928],[174.71345,-38.43992],[174.74864,-38.75298],[174.65473,-38.98326],[174.02992,-39.29137],[173.84127,-39.3621],[173.8048,-39.4197],[173.85466,-39.49633],[173.99211,-39.61116],[174.4331,-39.81492],[174.69996,-39.89754],[174.88934,-39.9803],[175.23175,-40.24248],[175.35359,-40.29998],[175.36737,-40.45394],[175.18841,-40.67896],[175.05021,-40.98103],[174.92073,-41.15472],[174.89535,-41.29614],[175.00218,-41.44376],[175.21368,-41.58476],[175.36528,-41.66161],[175.67106,-41.51956],[176.01144,-41.25534],[176.39216,-40.77924],[176.79649,-40.2714],[177.08747,-40.03992],[177.15574,-39.95017],[177.15657,-39.85422],[177.04208,-39.61781],[177.0238,-39.4452],[177.14601,-39.31706],[177.3403,-39.22717],[177.67611,-39.2201],[177.86671,-39.20692],[177.92239,-39.13648],[177.93852,-38.82962],[178.28062,-38.80336],[178.4082,-38.77115],[178.58903,-38.21484],[178.59947,-38.12539],[178.56916,-37.92104],[178.42129,-37.84468],[178.24128,-37.83228],[177.84288,-37.98639],[177.52839,-38.20422],[177.36183,-38.23651],[177.13423,-38.18585],[176.34552,-37.87444],[176.12924,-37.79823],[176.00445,-37.36425],[175.83767,-37.02623],[175.66268,-36.94999],[175.5579,-36.94383],[175.53469,-37.07155],[175.64364,-37.30753],[175.63996,-37.40969],[175.30769,-37.32098]]],[[[172.06266,-43.92314],[172.22123,-43.85182],[172.44061,-43.7933],[172.66726,-43.92634],[172.88502,-43.89442],[173.00964,-43.8438],[172.82003,-43.71357],[172.62757,-43.6923],[172.44053,-43.50942],[172.56239,-43.39307],[172.73742,-43.32178],[172.84385,-43.20552],[172.97639,-43.14723],[173.23654,-42.98557],[173.62712,-42.64977],[173.8413,-42.48834],[173.95861,-42.30782],[174.23355,-42.01123],[174.20362,-41.88906],[174.06919,-41.69592],[174.15824,-41.51616],[174.0585,-41.29139],[173.89334,-41.24032],[173.70147,-41.25356],[173.26403,-41.54367],[173.12323,-41.43467],[173.01925,-41.07503],[172.93527,-40.9917],[172.7837,-40.96485],[172.76904,-40.84837],[172.60466,-40.77402],[172.43737,-40.7531],[172.20707,-41.04454],[172.14788,-41.57806],[172.0868,-41.70678],[171.88659,-41.82937],[171.62548,-41.94567],[171.59553,-42.01407],[171.45835,-41.99285],[171.38357,-42.19067],[171.34907,-42.28729],[171.39842,-42.51254],[171.19676,-42.64818],[171.07711,-42.71282],[171.08064,-42.79011],[171.02406,-42.88688],[170.72493,-43.06792],[170.37092,-43.21689],[170.20297,-43.22367],[169.98699,-43.35951],[169.95686,-43.4821],[169.64877,-43.74076],[169.47914,-43.78628],[169.23457,-43.94813],[168.91375,-44.09723],[168.41574,-44.22091],[167.96672,-44.48018],[167.9208,-44.61595],[167.66862,-44.78449],[167.52096,-44.95287],[167.2648,-45.06343],[167.13749,-45.19985],[167.1643,-45.32953],[167.25492,-45.42667],[167.31806,-45.50443],[167.2812,-45.56292],[166.85525,-45.49237],[166.80067,-45.55738],[167.00949,-45.81673],[166.64028,-45.6971],[166.84391,-45.91451],[166.699,-45.91479],[166.55108,-45.96708],[166.65129,-46.06436],[166.45697,-46.1041],[166.52276,-46.23272],[166.75408,-46.2756],[166.85046,-46.35011],[167.20162,-46.30776],[167.22912,-46.23228],[167.33755,-46.16841],[167.54754,-46.21214],[167.62049,-46.35065],[167.78842,-46.38079],[168.15406,-46.45163],[168.41734,-46.65103],[168.69964,-46.60027],[169.22016,-46.71643],[169.3993,-46.70957],[169.66629,-46.52676],[169.92735,-46.42211],[170.04411,-46.35682],[170.1208,-46.24609],[170.42375,-46.08943],[170.61157,-45.94606],[170.70703,-45.69901],[170.8992,-45.29619],[171.02447,-45.07543],[170.63406,-44.86267],[171.07333,-44.90706],[171.17121,-44.93921],[171.20031,-44.74519],[171.19123,-44.62888],[171.25462,-44.5512],[171.06153,-44.36422],[170.99417,-44.26746],[171.06617,-44.22858],[171.37786,-44.33775],[171.48843,-44.22773],[171.63337,-44.18224],[171.77227,-44.05283],[172.02348,-43.99423],[172.06266,-43.92314]]]]}},{"type":"Feature","id":51,"properties":{"name":"Argentina","subjecto":"Argentina","partof":"Argentina","precision":3},"geometry":{"type":"MultiPolygon","coordinates":[[[[-68.4101,-52.38462],[-68.32297,-52.31921],[-68.42003,-52.19652],[-68.83097,-51.90242],[-69.07692,-51.49935],[-69.16695,-51.14944],[-69.14271,-50.91847],[-69.04092,-50.5624],[-68.89541,-50.38437],[-68.70603,-50.28531],[-68.27004,-50.17266],[-67.83347,-49.96821],[-67.72589,-49.82397],[-67.64982,-49.62094],[-67.69995,-49.38557],[-67.65802,-49.18283],[-67.5776,-49.05853],[-67.25715,-48.74445],[-66.56371,-48.37772],[-66.07773,-48.14207],[-65.99265,-48.07673],[-65.83886,-47.86797],[-65.7812,-47.71158],[-65.71326,-47.35355],[-65.77598,-47.23012],[-65.93883,-47.19144],[-66.37552,-47.12729],[-66.67089,-47.01737],[-67.11191,-46.73243],[-67.32807,-46.53162],[-67.46863,-46.26589],[-67.49597,-46.09736],[-67.47248,-45.92232],[-67.22535,-45.55268],[-66.97349,-45.30628],[-66.69494,-45.1311],[-66.41058,-45.02063],[-66.19433,-44.9815],[-65.65723,-44.94176],[-65.43618,-44.88974],[-65.62661,-44.72252],[-65.63664,-44.62587],[-65.26982,-44.25792],[-65.23327,-44.14194],[-65.30584,-43.78802],[-65.30717,-43.6014],[-65.04729,-43.33073],[-64.698,-43.20144],[-64.30934,-43.02709],[-64.33642,-43.01428],[-64.5399,-42.96327],[-64.75125,-42.91227],[-65.01706,-42.88067],[-65.08506,-42.78442],[-64.98956,-42.73925],[-64.68794,-42.64871],[-64.21732,-42.61565],[-64.1654,-42.64767],[-64.11845,-42.78249],[-64.00108,-42.85295],[-63.79941,-42.82042],[-63.66458,-42.77517],[-63.59997,-42.70437],[-63.62366,-42.5695],[-63.72898,-42.10101],[-63.90142,-42.1206],[-64.29368,-42.20484],[-64.11974,-42.38425],[-64.28588,-42.47448],[-64.64391,-42.43667],[-64.99203,-42.19339],[-65.03349,-42.02017],[-64.92475,-41.73124],[-64.9414,-41.5517],[-65.13463,-41.24435],[-65.15316,-40.97525],[-65.04944,-40.85331],[-64.93895,-40.82748],[-64.27733,-41.00552],[-63.84194,-41.15844],[-63.47564,-41.18976],[-62.96398,-41.13746],[-62.40079,-40.92489],[-62.35331,-40.89917],[-62.25975,-40.80291],[-62.28934,-40.67487],[-62.4658,-40.36791],[-62.43494,-40.19506],[-62.27949,-39.97094],[-62.10818,-39.68983],[-62.06777,-39.55578],[-62.20636,-39.47312],[-62.35104,-39.33307],[-62.36728,-38.96955],[-62.30993,-38.88016],[-61.88954,-38.98135],[-61.36071,-39.0313],[-60.9357,-39.01131],[-60.32303,-38.95906],[-59.51543,-38.87452],[-58.65121,-38.69424],[-58.18312,-38.54026],[-57.80888,-38.38649],[-57.64335,-38.25866],[-57.50211,-37.92692],[-57.17393,-37.58212],[-56.83651,-37.16093],[-56.69811,-36.94407],[-56.79973,-36.54303],[-56.84879,-36.4922],[-57.08357,-36.41626],[-57.29357,-36.27024],[-57.37169,-36.14944],[-57.41924,-35.99675],[-57.39962,-35.81847],[-57.23683,-35.58266],[-57.22551,-35.43626],[-57.3519,-35.29017],[-57.47928,-35.21407],[-57.80093,-35.08749],[-58.10705,-34.96096],[-58.52278,-34.58706],[-58.52974,-34.48545],[-58.41247,-34.33913],[-58.33968,-34.21614],[-58.31543,-34.06413],[-58.40291,-33.80434],[-58.39772,-33.56942],[-58.28964,-33.34662],[-58.07356,-33.1105],[-58.02055,-32.96418],[-58.09627,-32.5202],[-58.11837,-32.13939],[-58.07226,-31.90421],[-57.80452,-30.84235],[-57.77521,-30.63899],[-57.57567,-30.40292],[-57.47941,-30.28173],[-57.10455,-29.8859],[-56.29215,-29.06842],[-55.64639,-28.45507],[-54.91134,-27.80306],[-54.75472,-27.6942],[-53.9654,-27.3594],[-53.73108,-27.21833],[-53.6588,-27.00832],[-53.61648,-26.27131],[-53.84891,-25.75183],[-53.94185,-25.66343],[-54.14989,-25.67098],[-54.58041,-25.74335],[-54.57147,-25.85127],[-54.81656,-26.5577],[-54.98512,-26.76826],[-55.43804,-27.10113],[-55.57353,-27.22259],[-55.73178,-27.45213],[-56.00606,-27.28858],[-56.16338,-27.24503],[-56.26925,-27.25834],[-56.44353,-27.33556],[-56.77883,-27.39464],[-57.09859,-27.39649],[-57.35245,-27.35349],[-57.79887,-27.20364],[-58.07206,-27.19251],[-58.60631,-27.34166],[-58.69179,-27.31673],[-58.66295,-27.22131],[-58.47182,-27.02968],[-58.25331,-26.85061],[-58.20362,-26.76141],[-58.29822,-26.4825],[-58.27679,-26.38076],[-57.99548,-25.99807],[-57.71782,-25.4566],[-57.70993,-25.33588],[-58.1323,-25.10967],[-58.42508,-25.0288],[-59.07682,-24.71497],[-59.81109,-24.21741],[-60.11288,-24.07943],[-60.64077,-23.9872],[-60.86474,-23.88051],[-61.24046,-23.61591],[-61.4996,-23.36334],[-62.07144,-22.74416],[-62.42351,-22.33333],[-62.52457,-22.18147],[-62.61002,-22.15655],[-62.87644,-22.10729],[-63.47491,-22.07266],[-63.78358,-22.07445],[-64.24864,-22.87751],[-64.43583,-22.3895],[-64.5892,-22.25065],[-64.7556,-22.16269],[-64.9946,-22.13232],[-65.23195,-22.15276],[-65.63767,-22.16782],[-65.91416,-22.0805],[-66.00097,-22.00478],[-66.14586,-21.92306],[-66.27725,-22.04451],[-67.17618,-22.81255],[-66.98254,-23.00206],[-67.32175,-24.03766],[-68.24432,-24.40512],[-68.3935,-24.60379],[-68.48554,-24.74405],[-68.34155,-25.1147],[-68.4841,-25.21114],[-68.51319,-25.36799],[-68.56219,-25.43674],[-68.50497,-25.57145],[-68.52173,-25.62985],[-68.46213,-25.71161],[-68.38715,-26.1855],[-68.54123,-26.29362],[-68.57446,-26.49144],[-68.24899,-26.91407],[-68.29129,-26.9823],[-68.28607,-27.05153],[-68.41159,-27.09794],[-68.57117,-27.19037],[-68.78183,-27.14952],[-68.79199,-27.30787],[-68.97119,-27.64257],[-69.18033,-28.01839],[-69.31958,-28.17757],[-69.46078,-28.28162],[-69.61652,-28.46913],[-69.68243,-28.75664],[-69.78351,-29.1518],[-69.95096,-29.35613],[-69.85135,-29.81997],[-69.92963,-30.08791],[-69.82553,-30.10164],[-69.79312,-30.14795],[-69.85182,-30.35863],[-69.92496,-30.39322],[-70.10651,-30.44292],[-70.26002,-30.71646],[-70.25592,-31.04355],[-70.43451,-31.25703],[-70.48747,-31.5827],[-70.19989,-31.9209],[-70.28429,-32.23539],[-70.13013,-32.45274],[-69.96423,-32.90451],[-69.98175,-33.2541],[-69.80603,-33.25658],[-69.75549,-33.32995],[-69.84002,-33.76085],[-69.8155,-34.07171],[-69.79367,-34.24609],[-69.94693,-34.31077],[-69.98676,-34.40483],[-70.18781,-34.68289],[-70.38401,-35.17833],[-70.53497,-35.26261],[-70.38446,-35.32405],[-70.37128,-35.53043],[-70.35578,-36.01861],[-70.39072,-36.1651],[-70.58881,-36.24646],[-70.69095,-36.41528],[-70.96289,-36.5423],[-70.99119,-36.66465],[-71.09505,-36.80522],[-71.07962,-37.18337],[-71.15876,-37.28923],[-71.09583,-37.45606],[-71.11656,-37.59488],[-71.18619,-37.68773],[-70.97388,-38.10022],[-70.98981,-38.30373],[-70.8176,-38.54711],[-70.84413,-38.72652],[-70.93493,-38.79072],[-71.06342,-38.78148],[-71.22491,-38.83667],[-71.42267,-38.95088],[-71.3628,-39.02881],[-71.41951,-39.10557],[-71.44337,-39.24588],[-71.67328,-40.33792],[-71.63484,-40.34952],[-71.81546,-40.58169],[-71.86021,-40.74825],[-71.8048,-41.57374],[-71.69838,-42.05642],[-71.72836,-42.13916],[-71.92322,-42.20067],[-72.03845,-42.14627],[-72.14832,-42.16931],[-72.12412,-42.19845],[-72.11398,-42.35711],[-72.00742,-42.39788],[-72.00986,-42.49856],[-72.08817,-42.65254],[-72.14996,-42.69028],[-72.11646,-42.73187],[-72.12277,-42.81418],[-72.05165,-42.98641],[-71.90663,-43.0511],[-71.72369,-43.16563],[-71.71773,-43.32792],[-71.88766,-43.42658],[-71.76283,-43.53801],[-71.75473,-43.57903],[-71.71559,-43.57452],[-71.7009,-43.58231],[-71.69554,-43.61942],[-71.63608,-43.61653],[-71.59137,-43.63107],[-71.57495,-43.65598],[-71.58163,-43.67363],[-71.58918,-43.67835],[-71.6095,-43.67939],[-71.59818,-43.68794],[-71.59804,-43.69965],[-71.62324,-43.70397],[-71.62866,-43.70903],[-71.65633,-43.70418],[-71.65977,-43.7227],[-71.69259,-43.72965],[-71.74004,-43.78706],[-71.75885,-43.83947],[-71.70282,-43.85462],[-71.70358,-43.89112],[-71.66471,-43.90098],[-71.64771,-43.92093],[-71.64142,-43.95805],[-71.77499,-44.12033],[-71.77986,-44.37607],[-71.67346,-44.37193],[-71.38202,-44.3838],[-71.13029,-44.42667],[-71.07275,-44.51676],[-71.09926,-44.60153],[-71.18715,-44.60836],[-71.20363,-44.64952],[-71.18729,-44.68585],[-71.19086,-44.74244],[-71.22903,-44.79609],[-71.26721,-44.81791],[-71.32415,-44.81411],[-71.48488,-44.76152],[-71.62578,-44.79334],[-71.77327,-44.76719],[-71.81941,-44.80514],[-71.92351,-44.80757],[-72.04477,-44.77481],[-72.02788,-44.80999],[-72.04271,-44.84389],[-72.02705,-44.85976],[-72.03392,-44.87543],[-71.99155,-44.89497],[-71.897,-44.92531],[-71.76984,-44.91704],[-71.55862,-44.97036],[-71.32214,-45.23619],[-71.31638,-45.31315],[-71.39272,-45.3758],[-71.43393,-45.39884],[-71.50356,-45.40933],[-71.45343,-45.51051],[-71.69897,-45.55493],[-71.73777,-45.73325],[-71.58844,-45.96109],[-71.6906,-46.07787],[-71.75555,-46.1258],[-71.87379,-46.14892],[-71.7697,-46.20057],[-71.72397,-46.26054],[-71.72246,-46.29727],[-71.75446,-46.3507],[-71.66691,-46.53265],[-71.6341,-46.67944],[-71.90744,-46.85396],[-71.82161,-47.15835],[-71.868,-47.25332],[-71.97995,-47.22662],[-71.98737,-47.29488],[-72.04422,-47.35393],[-72.11536,-47.35982],[-72.25631,-47.47988],[-72.30515,-47.60877],[-72.49433,-47.92971],[-72.42751,-47.9554],[-72.30075,-48.14259],[-72.21536,-48.32759],[-72.42675,-48.52658],[-72.54228,-48.53147],[-72.51524,-48.788],[-72.76747,-48.96635],[-72.79308,-48.97933],[-72.85199,-48.96814],[-72.87479,-48.95001],[-72.93164,-48.94581],[-72.94798,-48.96354],[-72.95444,-48.9814],[-72.98465,-48.99292],[-72.98403,-49.01405],[-72.98019,-49.02945],[-73.00175,-49.03143],[-73.00676,-49.04066],[-72.99893,-49.04849],[-73.0036,-49.06533],[-73.02571,-49.07602],[-73.04439,-49.09705],[-73.05798,-49.12607],[-73.07577,-49.13428],[-73.0816,-49.1527],[-73.1022,-49.15503],[-73.11635,-49.17758],[-73.13736,-49.18412],[-73.14031,-49.23142],[-73.13406,-49.25466],[-73.12795,-49.26315],[-73.10989,-49.26481],[-73.08909,-49.25136],[-73.07172,-49.26498],[-73.04198,-49.27128],[-73.04032,-49.27753],[-73.09444,-49.28683],[-73.09637,-49.33547],[-73.13237,-49.35065],[-73.12687,-49.39161],[-73.04351,-49.41413],[-73.0064,-49.45001],[-73.02878,-49.53402],[-73.17603,-49.71307],[-73.44573,-49.79059],[-73.44422,-49.7978],[-73.48913,-49.81685],[-73.4791,-49.84396],[-73.50815,-49.89179],[-73.54035,-49.89894],[-73.55505,-49.94392],[-73.4929,-49.9647],[-73.44618,-49.95892],[-73.43317,-50.01096],[-73.45775,-50.05169],[-73.48755,-50.05777],[-73.46819,-50.08885],[-73.50314,-50.10084],[-73.51405,-50.14607],[-73.49812,-50.14699],[-73.46489,-50.1801],[-73.43241,-50.17775],[-73.41243,-50.19546],[-73.44141,-50.23727],[-73.35942,-50.30121],[-73.40282,-50.33601],[-73.42397,-50.33686],[-73.43653,-50.34403],[-73.4262,-50.35466],[-73.43396,-50.36274],[-73.41648,-50.37972],[-73.40701,-50.37845],[-73.39622,-50.36757],[-73.36629,-50.37055],[-73.38469,-50.39158],[-73.35352,-50.4308],[-73.30161,-50.56793],[-73.12904,-50.63729],[-73.18515,-50.73944],[-73.14272,-50.76211],[-73.19926,-50.81061],[-73.20019,-50.81906],[-73.19102,-50.80941],[-73.17169,-50.80056],[-73.14395,-50.78014],[-73.11244,-50.77828],[-73.03665,-50.758],[-72.96497,-50.72259],[-72.90294,-50.66512],[-72.74021,-50.61371],[-72.60416,-50.6586],[-72.56223,-50.62141],[-72.50665,-50.60722],[-72.4893,-50.59744],[-72.40196,-50.6209],[-72.336,-50.61421],[-72.33291,-50.69272],[-72.24871,-50.80414],[-72.21616,-50.9129],[-72.24124,-51.03827],[-72.32794,-51.05619],[-72.33453,-51.14627],[-72.23476,-51.24723],[-72.2331,-51.29218],[-72.29965,-51.52364],[-72.39523,-51.56256],[-72.28757,-51.595],[-72.22082,-51.6861],[-71.92529,-51.85808],[-71.92598,-51.92047],[-72.01799,-51.95899],[-71.95296,-51.9716],[-71.91568,-51.9996],[-69.99271,-52.0001],[-69.48462,-52.15041],[-69.19008,-52.14818],[-68.41191,-52.34132],[-68.4101,-52.38462]]],[[[-68.60407,-53.23291],[-68.46482,-53.08301],[-68.30538,-52.94305],[-68.33215,-52.85004],[-68.60608,-52.66137],[-68.60407,-53.23291]]],[[[-68.60907,-54.89685],[-68.3755,-54.852],[-68.00917,-54.85801],[-67.4916,-54.87042],[-67.15256,-54.90998],[-66.62185,-55.07004],[-66.45801,-55.06973],[-66.1082,-54.98172],[-65.5691,-54.94046],[-65.34771,-54.91324],[-65.26216,-54.81925],[-65.25924,-54.71878],[-65.32306,-54.7256],[-65.90043,-54.71331],[-66.11799,-54.64008],[-66.30703,-54.64044],[-66.41753,-54.60718],[-66.74633,-54.44053],[-66.98282,-54.34066],[-67.42971,-54.00075],[-67.83812,-53.70125],[-68.12968,-53.37524],[-68.2844,-53.31561],[-68.60407,-53.23291],[-68.60366,-53.36308],[-68.59635,-54.87299],[-68.60907,-54.89685]]]]}},{"type":"Feature","id":52,"properties":{"name":"Iceland","subjecto":"Iceland","partof":"Iceland","precision":3},"geometry":{"type":"Polygon","coordinates":[[[-24.21885,65.53374],[-24.14689,65.43932],[-23.67845,65.3167],[-23.37423,65.35359],[-23.18324,65.42659],[-22.81372,65.4709],[-22.36159,65.44995],[-22.14649,65.38492],[-21.9548,65.37805],[-21.79376,65.29845],[-21.72895,65.18245],[-21.80916,65.03736],[-21.97829,64.95034],[-22.45029,64.90623],[-22.77842,64.8552],[-23.13565,64.84734],[-23.43667,64.80359],[-23.61117,64.7457],[-23.67458,64.65931],[-23.50831,64.55902],[-23.25753,64.57384],[-22.55359,64.62545],[-22.39242,64.6617],[-22.27861,64.6188],[-22.08618,64.43959],[-21.85671,64.38262],[-21.48847,64.37614],[-21.80411,64.11036],[-22.31134,63.95198],[-22.50659,63.86582],[-22.37291,63.77319],[-21.54751,63.71762],[-21.07912,63.71134],[-20.87988,63.74029],[-20.40395,63.69834],[-19.82675,63.4783],[-19.55309,63.41468],[-18.96079,63.33746],[-18.64186,63.32382],[-18.15692,63.36746],[-17.9441,63.42484],[-17.59146,63.68934],[-17.24438,63.73283],[-16.91754,63.73341],[-16.53384,63.78413],[-15.8765,63.99266],[-15.63414,64.05748],[-15.26654,64.28021],[-15.07681,64.2089],[-14.8212,64.19503],[-14.59754,64.26713],[-14.3659,64.47556],[-14.34812,64.66954],[-14.26032,64.71283],[-13.89342,64.72071],[-13.69419,64.77863],[-13.55737,65.00939],[-13.52557,65.18335],[-13.58979,65.43004],[-13.6469,65.49534],[-14.40011,65.56669],[-14.75407,65.69707],[-14.64068,65.94529],[-14.76334,66.05466],[-15.07075,66.06139],[-15.57399,66.20677],[-15.85989,66.41872],[-16.38522,66.45442],[-16.37569,66.13209],[-16.56799,66.02935],[-16.92214,65.97755],[-17.56967,66.01287],[-18.02248,66.07779],[-17.86104,65.83709],[-17.88377,65.75682],[-18.12793,65.78553],[-18.36903,65.8945],[-18.6763,66.0912],[-19.04412,66.01741],[-19.16544,66.00257],[-19.27453,65.9293],[-19.15589,65.72528],[-19.23918,65.66684],[-19.336,65.67393],[-19.55601,65.76826],[-19.74766,65.90653],[-19.97331,66.11073],[-20.21739,66.0006],[-20.14128,65.65057],[-20.16845,65.5559],[-20.38893,65.47545],[-20.67248,65.42405],[-20.83062,65.3656],[-21.07972,65.20545],[-21.49472,65.56797],[-21.29617,65.69941],[-21.24249,65.88182],[-21.44325,66.12992],[-21.77907,66.25373],[-22.20982,66.28955],[-22.67637,66.39131],[-22.84109,66.28104],[-22.56006,66.11319],[-22.47414,65.99638],[-22.6093,65.92308],[-22.91092,65.94441],[-23.3411,66.13366],[-23.46557,66.13343],[-23.60829,65.97963],[-23.42614,65.82667],[-23.26697,65.72486],[-23.57052,65.68057],[-23.97264,65.68711],[-24.16154,65.60662],[-24.21885,65.53374]]]}},{"type":"Feature","id":53,"properties":{"name":"Estonia","subjecto":"Estonia","partof":"Estonia","precision":3},"geometry":{"type":"Polygon","coordinates":[[[28.01309,59.45822],[28.01585,59.45415],[27.8936,59.34611],[27.70204,59.2975],[27.26509,59.33804],[26.99902,59.31773],[26.8619,59.37175],[26.34326,59.44665],[25.72112,59.45984],[25.48999,59.42004],[25.44879,59.49396],[25.24829,59.3618],[24.75122,59.44846],[24.71381,59.35183],[24.57092,59.37433],[24.53757,59.32341],[24.34157,59.36888],[24.28195,59.28414],[24.02956,59.23542],[24.03211,59.17574],[23.57018,59.13807],[23.41576,59.11896],[23.45698,59.00549],[23.33789,58.97239],[23.43198,58.85808],[23.36082,58.76742],[23.51187,58.58088],[23.69047,58.66548],[23.67086,58.24139],[23.90807,58.22445],[24.05835,58.11153],[24.33109,58.30793],[24.49679,58.21315],[24.4144,58.10589],[24.41564,57.94793],[24.34565,57.86222],[24.38439,57.86222],[24.43679,57.90807],[24.56123,57.94736],[24.67913,57.96046],[24.74463,57.98011],[24.84287,57.98666],[24.90182,57.99321],[24.94767,58.00631],[25.07211,58.05871],[25.11796,58.05871],[25.15726,58.04561],[25.16381,58.01286],[25.22276,57.98666],[25.27515,58.02596],[25.27515,58.05871],[25.3603,58.01941],[25.4127,57.97356],[25.52404,57.95391],[25.56989,57.90807],[25.70743,57.90152],[25.79913,57.84912],[25.91048,57.82947],[25.99562,57.82947],[26.02837,57.77707],[26.09387,57.75742],[26.18556,57.70502],[26.23796,57.62643],[26.32966,57.57403],[26.40825,57.57403],[26.46065,57.56093],[26.52615,57.52163],[26.59165,57.52818],[26.66369,57.56748],[26.72264,57.58713],[26.81434,57.57403],[26.87328,57.61988],[26.96498,57.60023],[27.04358,57.56748],[27.11562,57.54128],[27.29246,57.51508],[27.34886,57.52636],[27.31211,57.57403],[27.36451,57.60023],[27.37106,57.63953],[27.38416,57.69192],[27.44311,57.69192],[27.48241,57.74432],[27.50861,57.79017],[27.58065,57.81637],[27.69855,57.83602],[27.77714,57.86877],[27.75095,57.89497],[27.67235,57.91462],[27.6527,57.98011],[27.64615,58.01941],[27.64615,58.05216],[27.60685,58.08491],[27.51515,58.12421],[27.43656,58.229],[27.43656,58.3076],[27.51515,58.36654],[27.50206,58.43859],[27.46931,58.52374],[27.41036,58.72023],[27.39726,58.79227],[27.43656,58.86432],[27.52825,58.92327],[27.67235,58.98222],[27.77059,59.07391],[27.84919,59.19836],[27.87539,59.2573],[27.91469,59.27695],[28.05223,59.27695],[28.13083,59.2966],[28.15048,59.3752],[28.07843,59.43415],[28.01309,59.45822]]]}},{"type":"Feature","id":54,"properties":{"name":"Latvia","subjecto":"Latvia","partof":"Latvia","precision":3},"geometry":{"type":"Polygon","coordinates":[[[27.34886,57.52636],[27.29246,57.51508],[27.11562,57.54128],[27.04358,57.56748],[26.96498,57.60023],[26.87328,57.61988],[26.81434,57.57403],[26.72264,57.58713],[26.66369,57.56748],[26.59165,57.52818],[26.52615,57.52163],[26.46065,57.56093],[26.40825,57.57403],[26.32966,57.57403],[26.23796,57.62643],[26.18556,57.70502],[26.09387,57.75742],[26.02837,57.77707],[25.99562,57.82947],[25.91048,57.82947],[25.79913,57.84912],[25.70743,57.90152],[25.56989,57.90807],[25.52404,57.95391],[25.4127,57.97356],[25.3603,58.01941],[25.27515,58.05871],[25.27515,58.02596],[25.22276,57.98666],[25.16381,58.01286],[25.15726,58.04561],[25.11796,58.05871],[25.07211,58.05871],[24.94767,58.00631],[24.90182,57.99321],[24.84287,57.98666],[24.74463,57.98011],[24.67913,57.96046],[24.56123,57.94736],[24.43679,57.90807],[24.38439,57.86222],[24.34565,57.86222],[24.23619,57.72816],[24.32294,57.33689],[24.3465,57.15972],[24.26631,57.03015],[24.15838,56.97549],[23.76781,56.86588],[23.41447,56.89241],[23.21545,56.98067],[23.17466,57.04849],[23.07089,57.26132],[22.88137,57.33414],[22.58542,57.50865],[22.56364,57.61556],[22.43297,57.61556],[22.35993,57.58567],[22.2854,57.56504],[21.81025,57.47538],[21.67733,57.46366],[21.57951,57.3726],[21.45959,57.24961],[21.33975,57.17707],[21.32438,56.85442],[21.02205,56.68388],[20.96483,56.60902],[20.94905,56.47319],[20.91601,56.09667],[20.94545,56.06996],[21.18244,56.08181],[21.20556,56.1666],[21.32119,56.22827],[21.5139,56.27452],[21.7837,56.34389],[22.12287,56.42098],[22.32329,56.38244],[22.66246,56.37473],[22.74726,56.37473],[22.86288,56.40556],[22.93226,56.40556],[22.98622,56.34389],[23.03247,56.32077],[23.15581,56.3516],[23.22518,56.36702],[23.5181,56.31306],[23.64915,56.34389],[23.91894,56.33619],[24.0577,56.28994],[24.16562,56.25139],[24.28895,56.28994],[24.39687,56.28994],[24.57416,56.29765],[24.73604,56.37473],[24.81313,56.40556],[24.89792,56.41327],[24.93646,56.29765],[25.06751,56.21285],[25.21397,56.15889],[25.47606,56.14347],[25.64564,56.12806],[25.79981,56.02014],[26.02336,55.91993],[26.16982,55.85826],[26.30086,55.7118],[26.4242,55.68097],[26.59378,55.66555],[26.63233,55.68867],[26.67858,55.68097],[26.74795,55.68097],[26.84816,55.71951],[26.89442,55.78118],[26.9715,55.81201],[27.13338,55.81201],[27.27984,55.79659],[27.49568,55.76576],[27.58047,55.78118],[27.6113,55.87368],[27.64214,55.91993],[27.7038,55.95847],[27.76547,56.02785],[27.86568,56.04327],[27.91964,56.09722],[28.02756,56.12035],[28.13642,56.14042],[28.16358,56.15929],[28.17013,56.21169],[28.18978,56.25099],[28.15048,56.35578],[28.15703,56.44093],[28.09808,56.49332],[28.12428,56.53262],[28.05223,56.55227],[27.98674,56.59812],[27.97364,56.67017],[27.91469,56.69636],[27.86229,56.74221],[27.90814,56.81426],[27.87539,56.83391],[27.83609,56.84046],[27.77714,56.87321],[27.71165,56.86666],[27.61995,56.84046],[27.6396,56.88631],[27.68545,56.91906],[27.7182,56.95835],[27.7051,57.01075],[27.73785,57.0697],[27.6789,57.109],[27.72475,57.1221],[27.76404,57.12865],[27.80989,57.1614],[27.83609,57.29239],[27.7444,57.31859],[27.7051,57.35134],[27.6134,57.39064],[27.50861,57.42339],[27.50861,57.47578],[27.51515,57.52818],[27.34886,57.52636]]]}},{"type":"Feature","id":55,"properties":{"name":"Lithuania","subjecto":"Lithuania","partof":"Lithuania","precision":3},"geometry":{"type":"Polygon","coordinates":[[[22.69904,54.4149],[22.98706,54.42471],[23.31062,54.30889],[23.43854,54.08992],[23.5305,53.91629],[23.57206,53.90031],[23.64144,53.91573],[23.77248,53.90031],[23.8804,53.91573],[24.04999,53.92343],[24.15791,53.94656],[24.21187,53.92343],[24.2427,53.87719],[24.37374,53.87719],[24.54333,53.94656],[24.63583,53.96968],[24.6975,53.95427],[24.77458,53.96968],[24.80542,54.02364],[24.76688,54.10073],[24.89021,54.14698],[24.97501,54.13156],[25.04438,54.13156],[25.1523,54.18552],[25.18313,54.24719],[25.31418,54.23177],[25.36814,54.27032],[25.44522,54.29344],[25.48376,54.26261],[25.49918,54.22406],[25.49918,54.15469],[25.59939,54.12386],[25.72273,54.13156],[25.76127,54.21636],[25.6996,54.30886],[25.6071,54.30886],[25.53002,54.32428],[25.56085,54.38594],[25.59168,54.42448],[25.59168,54.48615],[25.6996,54.55553],[25.73044,54.6172],[25.68418,54.69428],[25.72273,54.77137],[25.73814,54.84074],[25.85377,54.95637],[26.04648,54.95637],[26.16211,54.98721],[26.20836,55.05658],[26.2469,55.12596],[26.31628,55.14137],[26.4242,55.12596],[26.47816,55.14908],[26.53212,55.11054],[26.6092,55.11825],[26.61691,55.18763],[26.66316,55.257],[26.7017,55.257],[26.75566,55.28012],[26.71712,55.30325],[26.59378,55.32638],[26.43961,55.34179],[26.47816,55.40346],[26.53212,55.46513],[26.54753,55.51909],[26.58608,55.58847],[26.59378,55.66555],[26.4242,55.68097],[26.30086,55.7118],[26.16982,55.85826],[26.02336,55.91993],[25.79981,56.02014],[25.64564,56.12806],[25.47606,56.14347],[25.21397,56.15889],[25.06751,56.21285],[24.93646,56.29765],[24.89792,56.41327],[24.81313,56.40556],[24.73604,56.37473],[24.57416,56.29765],[24.39687,56.28994],[24.28895,56.28994],[24.16562,56.25139],[24.0577,56.28994],[23.91894,56.33619],[23.64915,56.34389],[23.5181,56.31306],[23.22518,56.36702],[23.15581,56.3516],[23.03247,56.32077],[22.98622,56.34389],[22.93226,56.40556],[22.86288,56.40556],[22.74726,56.37473],[22.66246,56.37473],[22.32329,56.38244],[22.12287,56.42098],[21.7837,56.34389],[21.5139,56.27452],[21.32119,56.22827],[21.20556,56.1666],[21.18244,56.08181],[20.94545,56.06996],[20.99596,56.02413],[21.01845,55.63401],[21.2163,55.34367],[21.20093,55.26139],[21.14303,55.25584],[21.16232,55.22138],[21.37515,55.28012],[21.39827,55.21075],[21.43682,55.18763],[21.54474,55.18763],[21.64495,55.13367],[21.76057,55.10283],[21.99183,55.072],[22.03037,55.02574],[22.13058,55.04887],[22.44663,55.04887],[22.54684,55.05658],[22.58538,54.99491],[22.63163,54.94866],[22.71642,54.93325],[22.79351,54.90241],[22.80122,54.84074],[22.82434,54.78678],[22.72413,54.73283],[22.6933,54.66345],[22.66246,54.57095],[22.67017,54.49386],[22.68559,54.43219],[22.69904,54.4149]]]}},{"type":"Feature","id":56,"properties":{"name":"Byelarus","subjecto":"Byelarus","partof":"Byelarus","precision":3},"geometry":{"type":"Polygon","coordinates":[[[23.5305,53.91629],[23.60259,53.7802],[23.8792,53.10521],[23.95681,52.87941],[23.94606,52.773],[23.82786,52.67932],[23.62949,52.66594],[23.37263,52.55645],[23.24143,52.40868],[23.18414,52.27757],[23.31397,52.27196],[23.50338,52.20634],[23.57069,52.12706],[23.66863,52.06129],[23.67438,51.94868],[23.53266,51.61027],[23.58926,51.54843],[23.58926,51.56875],[23.60606,51.62756],[23.77408,51.61916],[23.89169,51.61916],[23.94209,51.56875],[24.11011,51.66116],[24.27812,51.73677],[24.29492,51.81237],[24.38733,51.89638],[24.60575,51.90478],[24.82417,51.88798],[25.1434,51.93838],[25.30302,51.91318],[25.52144,51.91318],[25.73145,51.94678],[25.96668,51.90478],[26.08429,51.91318],[26.17669,51.83758],[26.41192,51.83758],[26.44552,51.81237],[26.70594,51.78717],[26.94116,51.73677],[27.05037,51.77037],[27.17638,51.75357],[27.16798,51.65276],[27.25199,51.65276],[27.25199,51.58555],[27.49561,51.63596],[27.57962,51.61076],[27.68883,51.59396],[27.66363,51.49314],[27.70563,51.46794],[27.78124,51.50994],[27.78964,51.60236],[27.84004,51.60236],[27.95765,51.55195],[28.11727,51.57715],[28.17607,51.62756],[28.27688,51.58555],[28.33569,51.50154],[28.4365,51.55195],[28.5289,51.55195],[28.58771,51.51835],[28.62971,51.43434],[28.70532,51.43434],[28.76413,51.50154],[28.89854,51.56875],[28.97414,51.56875],[29.03295,51.60236],[29.09176,51.61916],[29.16736,51.56035],[29.21777,51.50154],[29.23457,51.40914],[29.31858,51.38393],[29.46139,51.40914],[29.5454,51.45114],[29.6462,51.48474],[29.71341,51.42594],[29.84782,51.43434],[29.95703,51.46794],[30.05784,51.48474],[30.15865,51.46794],[30.24266,51.43434],[30.29306,51.40914],[30.36027,51.31673],[30.42748,51.29153],[30.54508,51.28313],[30.60389,51.37553],[30.57869,51.44274],[30.46948,51.53515],[30.49468,51.62756],[30.61229,51.72837],[30.6963,51.84598],[30.83911,51.92998],[30.88952,51.98039],[30.91472,52.0392],[31.06593,52.0728],[31.14994,52.056],[31.24235,52.03079],[31.29275,52.0896],[31.52797,52.1148],[31.76131,52.1127],[31.76021,52.17643],[31.68626,52.20601],[31.64928,52.25778],[31.57533,52.29476],[31.59012,52.33913],[31.57533,52.44267],[31.56053,52.51662],[31.59751,52.561],[31.53095,52.62016],[31.48658,52.68672],[31.54574,52.7163],[31.54574,52.79026],[31.41263,52.86421],[31.2869,52.98254],[31.27951,53.0565],[31.38304,53.18961],[31.54574,53.19701],[31.69365,53.17482],[31.7824,53.11566],[32.01166,53.10826],[32.24832,53.15264],[32.44799,53.26357],[32.47018,53.29315],[32.53674,53.33013],[32.66986,53.33013],[32.69944,53.40408],[32.68465,53.46325],[32.55893,53.49283],[32.42581,53.55939],[32.38143,53.64074],[32.41841,53.64814],[32.44799,53.67032],[32.46279,53.6999],[32.34446,53.72948],[32.18176,53.77386],[32.01166,53.80344],[31.84896,53.77386],[31.76761,53.80344],[31.79719,53.88479],[31.84156,53.97354],[31.81198,54.0401],[31.73803,54.08447],[31.50877,54.15103],[31.30909,54.24717],[31.25732,54.35071],[31.18336,54.46904],[31.08722,54.47643],[31.07983,54.5208],[31.10941,54.57997],[31.15378,54.63174],[31.09462,54.64653],[31.01327,54.62434],[30.91713,54.75746],[30.76182,54.77965],[30.78401,54.84621],[30.7988,54.92016],[30.84317,54.94235],[30.89494,54.97932],[30.89494,55.0163],[30.94671,55.0163],[30.97629,55.07547],[30.9541,55.14942],[30.88755,55.19379],[30.7988,55.30473],[30.85796,55.37868],[30.87275,55.45264],[30.87275,55.48961],[30.90234,55.54138],[30.88015,55.59315],[30.81359,55.57836],[30.73963,55.59315],[30.67308,55.63752],[30.6287,55.6819],[30.50298,55.72627],[30.44381,55.78543],[30.19976,55.8372],[30.08883,55.81502],[30.04446,55.8372],[29.98529,55.85939],[29.88176,55.82241],[29.8152,55.77804],[29.74124,55.77804],[29.61552,55.77064],[29.51938,55.6819],[29.43063,55.6819],[29.35668,55.74845],[29.32709,55.81502],[29.33449,55.85939],[29.40844,55.90376],[29.40844,55.95553],[29.34189,55.96292],[29.20877,55.99251],[29.06825,56.01469],[28.90555,55.99251],[28.80941,55.96292],[28.72066,55.94813],[28.68369,56.01469],[28.62452,56.08125],[28.40266,56.10344],[28.31391,56.04428],[28.21037,56.07386],[28.13642,56.14042],[28.02756,56.12035],[27.91964,56.09722],[27.86568,56.04327],[27.76547,56.02785],[27.7038,55.95847],[27.64214,55.91993],[27.6113,55.87368],[27.58047,55.78118],[27.49568,55.76576],[27.27984,55.79659],[27.13338,55.81201],[26.9715,55.81201],[26.89442,55.78118],[26.84816,55.71951],[26.74795,55.68097],[26.67858,55.68097],[26.63233,55.68867],[26.59378,55.66555],[26.58608,55.58847],[26.54753,55.51909],[26.53212,55.46513],[26.47816,55.40346],[26.43961,55.34179],[26.59378,55.32638],[26.71712,55.30325],[26.75566,55.28012],[26.7017,55.257],[26.66316,55.257],[26.61691,55.18763],[26.6092,55.11825],[26.53212,55.11054],[26.47816,55.14908],[26.4242,55.12596],[26.31628,55.14137],[26.2469,55.12596],[26.20836,55.05658],[26.16211,54.98721],[26.04648,54.95637],[25.85377,54.95637],[25.73814,54.84074],[25.72273,54.77137],[25.68418,54.69428],[25.73044,54.6172],[25.6996,54.55553],[25.59168,54.48615],[25.59168,54.42448],[25.56085,54.38594],[25.53002,54.32428],[25.6071,54.30886],[25.6996,54.30886],[25.76127,54.21636],[25.72273,54.13156],[25.59939,54.12386],[25.49918,54.15469],[25.49918,54.22406],[25.48376,54.26261],[25.44522,54.29344],[25.36814,54.27032],[25.31418,54.23177],[25.18313,54.24719],[25.1523,54.18552],[25.04438,54.13156],[24.97501,54.13156],[24.89021,54.14698],[24.76688,54.10073],[24.80542,54.02364],[24.77458,53.96968],[24.6975,53.95427],[24.63583,53.96968],[24.54333,53.94656],[24.37374,53.87719],[24.2427,53.87719],[24.21187,53.92343],[24.15791,53.94656],[24.04999,53.92343],[23.8804,53.91573],[23.77248,53.90031],[23.64144,53.91573],[23.57206,53.90031],[23.5305,53.91629]]]}},{"type":"Feature","id":57,"properties":{"name":"United Kingdom","subjecto":"United Kingdom","partof":"United Kingdom","precision":3},"geometry":{"type":"MultiPolygon","coordinates":[[[[-0.20366,53.52328],[-0.31922,53.57891],[-0.23488,53.79938],[-0.2955,54.03317],[-0.6048,54.30016],[-0.8706,54.54717],[-1.19206,54.59536],[-1.38889,54.68048],[-1.55562,54.92161],[-1.69599,55.2725],[-1.66598,55.37959],[-1.71901,55.45374],[-1.942,55.55607],[-2.24501,55.81097],[-2.54035,55.8847],[-2.74213,55.95719],[-2.9279,55.94603],[-3.16146,55.84568],[-3.35585,55.84269],[-3.57718,55.8847],[-3.71304,55.8847],[-3.89496,55.98507],[-3.29351,55.97391],[-3.16981,56.06211],[-2.89534,56.0855],[-2.77286,56.17131],[-2.72086,56.17819],[-2.94943,56.25301],[-3.15241,56.33682],[-2.98053,56.35358],[-2.66714,56.471],[-2.51475,56.66734],[-2.41314,56.71725],[-2.15895,57.01432],[-2.20316,57.06481],[-2.10781,57.21033],[-1.94463,57.40166],[-2.15036,57.57198],[-2.85398,57.54332],[-3.09264,57.57703],[-3.40082,57.57645],[-3.79582,57.54153],[-4.14843,57.55453],[-4.2485,57.63633],[-4.15046,57.83482],[-3.9432,57.95842],[-3.16637,58.27511],[-3.02839,58.40575],[-3.16501,58.5222],[-3.44054,58.52855],[-3.83055,58.50719],[-4.13889,58.44482],[-4.50985,58.40293],[-4.92556,58.56696],[-5.11271,58.39492],[-4.90713,58.16896],[-5.34593,58.09274],[-5.05559,57.75102],[-5.22997,57.70964],[-5.56846,57.77739],[-5.76297,57.61978],[-5.46064,57.38815],[-5.5616,57.29926],[-5.72634,57.25801],[-5.62529,56.99921],[-5.66593,56.93784],[-5.90896,56.73326],[-6.04355,56.47477],[-5.82168,56.4005],[-5.6445,56.51628],[-5.54658,56.65235],[-5.45825,56.63214],[-5.2707,56.54415],[-5.30011,56.42866],[-5.49702,56.17727],[-5.63306,55.93986],[-5.57017,55.75052],[-5.33355,55.87952],[-5.13463,55.89343],[-4.84837,56.09716],[-4.71072,56.13131],[-4.62329,55.90796],[-4.75843,55.81971],[-4.8951,55.77211],[-4.90776,55.66387],[-4.77052,55.48842],[-4.63836,55.42791],[-4.90999,55.11034],[-5.06665,54.94847],[-5.11142,54.79407],[-4.90252,54.73412],[-4.59991,54.68776],[-4.50027,54.77511],[-4.4607,54.8624],[-4.12161,54.76244],[-3.90768,54.78967],[-3.57668,54.92448],[-3.3087,54.88473],[-3.15253,54.83806],[-3.43041,54.64308],[-3.56923,54.41503],[-3.47927,54.2746],[-3.26147,54.14118],[-2.88594,54.16867],[-2.86532,54.02827],[-2.97954,53.82085],[-3.05674,53.51361],[-2.91448,53.26714],[-3.32954,53.23302],[-3.95672,53.20515],[-4.31754,53.09121],[-4.49188,52.99098],[-4.62135,52.83098],[-4.46832,52.8113],[-4.14755,52.8319],[-4.09387,52.74551],[-4.12361,52.37326],[-4.29466,52.20032],[-4.61908,52.09352],[-5.06146,52.00643],[-5.24876,51.86021],[-5.1786,51.78747],[-4.99896,51.7017],[-4.15933,51.67681],[-3.49912,51.45966],[-3.17275,51.46691],[-2.75015,51.64403],[-2.89466,51.39385],[-3.03315,51.32989],[-3.06604,51.17774],[-3.483,51.18111],[-3.82523,51.23478],[-4.28099,51.18724],[-4.27728,51.06367],[-4.44256,50.96866],[-4.55154,50.99716],[-4.60456,50.77875],[-4.81527,50.60417],[-5.01665,50.56052],[-5.23777,50.34629],[-5.77781,50.13412],[-5.42922,50.06785],[-5.28234,49.96382],[-4.96703,50.21225],[-4.54057,50.35795],[-4.3033,50.32354],[-4.24263,50.39146],[-4.00424,50.31406],[-3.88174,50.2004],[-3.71504,50.21934],[-3.56318,50.36143],[-3.52147,50.61743],[-3.11088,50.65736],[-2.96062,50.7218],[-2.55051,50.57001],[-2.43199,50.64589],[-2.02369,50.57001],[-2.08536,50.70282],[-1.37251,50.76627],[-1.10336,50.81671],[-0.83904,50.7218],[-0.33571,50.81671],[0.19181,50.73128],[0.67257,50.93067],[0.88835,50.89267],[0.88602,50.98189],[1.33496,51.1207],[1.36468,51.3529],[1.18937,51.40547],[1.03007,51.35885],[0.80425,51.37827],[0.25417,51.4536],[0.68622,51.56039],[1.03129,51.81272],[1.51189,52.02576],[1.65687,52.21178],[1.69169,52.31142],[1.58571,52.65004],[1.37593,52.80924],[1.01266,52.88842],[0.74184,52.9012],[0.50467,52.84751],[0.32683,52.70748],[0.0055,52.78667],[0.25087,53.04005],[0.26785,53.12666],[0.17452,53.29306],[0.08102,53.38623],[-0.20366,53.52328]]],[[[-5.69817,55.33073],[-5.62034,55.32952],[-5.4824,55.4427],[-5.51784,55.66802],[-5.68866,55.62812],[-5.75568,55.47727],[-5.69817,55.33073]]],[[[-6.20639,53.95675],[-6.07171,53.97359],[-5.91215,54.02738],[-5.73139,54.17487],[-5.66151,54.32225],[-5.79993,54.52289],[-5.76368,54.65699],[-5.78489,54.73742],[-6.01819,55.093],[-6.11652,55.16022],[-6.27926,55.13969],[-6.45431,55.18655],[-6.6452,55.20643],[-6.99682,55.17202],[-7.22549,55.10419],[-7.42752,55.0638],[-7.41452,54.9579],[-7.5878,54.73999],[-7.95572,54.69178],[-7.73825,54.57608],[-8.12525,54.4508],[-8.08006,54.32558],[-7.89955,54.20044],[-7.54955,54.11383],[-7.21167,54.22931],[-7.09783,54.393],[-6.94714,54.34485],[-6.82987,54.22931],[-6.66618,54.16194],[-6.72155,54.0465],[-6.28637,54.07904],[-6.20639,53.95675]]]]}},{"type":"Feature","id":58,"properties":{"name":"Kazakhstan","subjecto":"Kazakhstan","partof":"Kazakhstan","precision":3},"geometry":{"type":"Polygon","coordinates":[[[80.2647,42.24144],[80.20231,42.6284],[80.2109,42.80808],[80.35507,42.98854],[80.6725,43.23422],[80.77206,43.38246],[80.71862,43.59412],[80.58789,43.79259],[80.43286,44.07457],[80.41951,44.68554],[80.20168,44.74871],[80.03676,44.72208],[79.93244,44.80518],[79.96292,44.9019],[80.05999,45.03777],[80.23663,45.12263],[81.04586,45.23679],[81.53267,45.32986],[81.69031,45.35656],[81.91517,45.27381],[82.42506,45.16678],[82.60192,45.20003],[82.70616,45.26516],[82.77655,45.37536],[82.71967,45.50428],[82.43989,45.73548],[82.50125,45.92337],[82.62998,46.19588],[82.82748,46.55318],[83.05952,47.06667],[83.25171,47.29488],[83.74472,47.18068],[84.06906,47.11752],[84.33619,47.05408],[84.96707,47.01854],[85.29041,47.04624],[85.47765,47.09266],[85.67801,47.26895],[85.74855,47.44462],[85.65257,47.76247],[85.60925,48.10034],[85.76194,48.36145],[85.95442,48.48618],[86.49449,48.52814],[86.62434,48.55488],[86.76209,48.65332],[86.77767,48.86842],[86.78273,48.99231],[86.90806,49.11036],[87.15222,49.17687],[87.39988,49.19203],[87.37081,49.25745],[87.10607,49.25745],[86.97371,49.47255],[86.77517,49.62145],[86.80826,49.77036],[86.52699,49.68763],[86.3119,49.52218],[85.86518,49.55527],[85.46809,49.58836],[85.17027,49.90272],[84.90554,50.15091],[84.47537,50.21709],[84.32646,50.49836],[83.979,50.76308],[83.66464,50.96163],[83.21791,50.94508],[82.87046,50.84581],[82.42374,50.74654],[81.71229,50.74654],[81.51374,50.94508],[81.29866,50.94508],[81.29866,51.11053],[81.1332,51.25944],[80.71957,51.25944],[80.55411,51.02781],[80.40521,50.91199],[80.17357,50.79617],[79.67721,51.44144],[79.29666,51.83853],[78.53558,52.79816],[78.05576,53.26143],[77.47667,53.60889],[77.11267,53.74125],[76.61631,54.00597],[76.66595,54.17143],[76.89759,54.22107],[76.89759,54.41961],[76.53359,54.38652],[76.30195,54.28725],[75.9545,54.18797],[75.52432,53.95634],[75.02796,53.84052],[74.68051,53.64198],[74.54814,53.50961],[74.29997,53.59234],[74.10142,53.60889],[73.75396,53.57579],[73.55542,53.52616],[73.40651,53.60889],[73.55542,53.80743],[73.75396,53.89016],[73.82015,54.02252],[73.6547,54.02252],[73.45615,53.92325],[73.24106,53.97288],[73.05906,54.10525],[72.84397,54.12179],[72.76124,54.05561],[72.69506,53.98943],[72.52961,54.0887],[72.39725,54.25415],[72.26488,54.30379],[72.11598,54.20452],[71.95052,54.23761],[71.78507,54.17143],[71.58653,54.22107],[71.45416,54.15488],[71.23907,54.18797],[71.15634,54.30379],[71.30525,54.32033],[71.27216,54.46925],[71.33834,54.58506],[71.38798,54.73397],[71.15634,54.83324],[71.09016,54.93251],[71.10671,55.08142],[70.94126,55.26342],[70.54417,55.24688],[70.2629,55.19724],[69.91544,55.31306],[69.68381,55.36269],[69.27018,55.42887],[68.93927,55.41233],[68.88963,55.31306],[68.6249,55.23033],[68.39327,55.21379],[68.39327,55.08142],[68.22782,54.91597],[67.94654,54.88288],[67.10273,54.84979],[66.19274,54.66779],[65.66328,54.65124],[65.38201,54.50233],[65.28274,54.35343],[65.13383,54.38652],[64.86911,54.35343],[64.1742,54.30379],[63.8433,54.25415],[63.38002,54.23761],[62.7513,54.05561],[62.58585,53.97288],[62.00675,53.97288],[61.52694,54.03907],[61.37803,54.00597],[61.29531,53.77434],[61.32839,53.57579],[61.46076,53.47652],[61.32839,53.44343],[61.32839,53.29452],[61.80821,53.24489],[62.23839,53.11253],[62.18875,52.99671],[61.95712,52.96362],[61.46076,53.0298],[61.1464,52.94707],[60.84858,52.71543],[60.91476,52.59962],[61.11331,52.38453],[60.9644,52.25217],[60.69967,52.18599],[60.36877,52.02053],[60.15872,51.9903],[60.23234,51.86692],[60.3403,51.86692],[60.50994,51.80523],[60.4791,51.72812],[60.64875,51.66643],[60.94178,51.63558],[61.06515,51.49678],[61.58951,51.41967],[61.69747,51.31171],[61.63578,51.00326],[61.57409,50.86446],[60.86466,50.67939],[60.43283,50.69481],[60.27861,50.84904],[60.17065,50.84904],[60.09354,50.71024],[59.80051,50.55601],[59.61544,50.63312],[59.27615,50.69481],[58.85974,50.83361],[58.73636,51.08038],[58.39707,51.12664],[57.91897,51.08038],[57.85728,50.89531],[57.57968,50.86446],[57.28665,51.04953],[56.99362,51.06495],[56.62348,51.0958],[56.39215,50.92615],[56.2225,50.77193],[56.09912,50.64855],[55.79068,50.57143],[55.60561,50.67939],[55.29716,50.74108],[55.03497,50.98784],[54.7111,51.01868],[54.72652,50.91073],[54.81906,50.69481],[54.7111,50.57143],[54.58772,50.63312],[54.55688,50.89531],[54.37181,51.01868],[54.01709,51.17291],[53.75491,51.26545],[53.75491,51.41967],[53.32308,51.49678],[53.04548,51.46593],[52.69076,51.48136],[52.50569,51.7127],[52.32062,51.74354],[52.04302,51.63558],[51.91964,51.57389],[51.62661,51.5122],[51.48781,51.63558],[51.2719,51.63558],[50.97887,51.66643],[50.74753,51.52763],[50.50077,51.3734],[50.14606,51.20375],[49.8993,51.17291],[49.66796,51.0958],[49.52916,50.957],[49.45205,50.84904],[49.05106,50.66397],[48.83515,50.57143],[48.86599,50.37094],[48.94311,50.18587],[48.91226,49.98538],[48.72719,49.87743],[48.43417,49.87743],[48.20283,50.06249],[47.98691,50.30925],[47.75558,50.41721],[47.57051,50.38636],[47.52424,50.24756],[47.37002,50.0008],[46.99988,49.93911],[46.90734,49.35306],[47.06157,49.27595],[47.16952,49.15257],[47.06157,49.06004],[46.86108,48.93665],[46.56805,48.41229],[47.18495,48.25807],[47.24663,48.08842],[47.21579,47.94962],[47.44713,47.71828],[47.4934,47.8725],[47.75558,47.77997],[47.9098,47.79539],[48.14114,47.77997],[48.37247,47.57948],[48.58839,47.48695],[48.74261,47.25561],[49.17444,46.74667],[49.11275,46.7004],[48.91226,46.74667],[48.77346,46.79293],[48.61924,46.74667],[48.65008,46.60786],[49.03564,46.43822],[49.3132,46.35269],[49.53451,46.54152],[49.72335,46.53252],[49.94814,46.5595],[50.27185,46.68539],[50.63152,46.91018],[50.82035,46.91918],[51.11708,47.06305],[51.36886,47.09002],[51.67458,47.03607],[51.79148,47.00909],[51.93535,46.8922],[52.14216,46.83825],[52.37595,46.87422],[52.46587,46.91018],[52.55579,46.98212],[52.86151,46.93716],[53.02336,46.91918],[53.18522,46.86523],[53.23018,46.73035],[53.28413,46.6764],[53.16723,46.58647],[53.12228,46.49656],[53.18522,46.42462],[53.25715,46.31672],[53.2032,46.19083],[53.14925,45.95705],[53.05034,45.83116],[52.92445,45.73225],[52.83453,45.64233],[52.84352,45.50745],[53.05933,45.4535],[53.21219,45.36358],[53.28413,45.32761],[53.05933,45.3366],[52.60974,45.39955],[52.10619,45.38156],[51.99829,45.38156],[51.84543,45.43552],[51.77349,45.39056],[51.62962,45.35459],[51.51273,45.37257],[51.45878,45.30963],[51.37785,45.17475],[51.34188,45.05786],[51.21599,45.03987],[51.0991,44.87802],[51.18902,44.77012],[51.36886,44.6802],[51.48575,44.62625],[51.57567,44.55431],[51.41382,44.51834],[51.33289,44.48238],[51.09011,44.5633],[50.8743,44.62625],[50.54161,44.64423],[50.40673,44.61726],[50.33479,44.5633],[50.3258,44.36548],[50.38874,44.29355],[50.70346,44.25758],[50.95523,44.20363],[50.9912,44.07774],[51.17103,43.71807],[51.26095,43.61016],[51.36886,43.55621],[51.45878,43.38537],[51.42281,43.25948],[51.42281,43.16956],[51.58466,43.17855],[51.73753,43.17855],[51.8814,43.05267],[51.9803,42.9088],[52.07022,42.82787],[52.29502,42.87283],[52.37595,42.8009],[52.58276,42.82787],[52.7626,42.75594],[52.83453,42.64804],[52.75361,42.55812],[52.73562,42.42324],[52.67268,42.27937],[52.58276,42.18945],[52.51982,42.07256],[52.57377,42.0186],[52.60075,41.93768],[52.55927,41.75784],[52.79756,41.96187],[53.21899,42.20132],[53.79366,42.33541],[54.23424,42.37372],[54.46411,42.26836],[54.77061,42.09596],[55.04837,41.92356],[55.1633,41.69369],[55.45064,41.37762],[55.65177,41.26268],[55.87207,41.28184],[56.02531,41.32973],[56.09652,41.32354],[56.12133,45.00164],[58.6677,45.58165],[61.24238,44.23773],[62.14775,43.48796],[63.30777,43.64357],[64.55267,43.5587],[65.0478,43.7426],[65.37317,43.41723],[65.64196,43.3182],[65.93903,42.86551],[66.23611,43.00698],[66.22196,42.54014],[66.13708,42.35624],[66.15123,42.01672],[66.60392,42.01672],[66.70294,41.64891],[66.85855,41.16793],[67.0849,41.13964],[67.39613,41.15378],[67.84881,41.19622],[68.00443,41.19622],[68.20248,41.05476],[68.23077,40.92744],[68.20248,40.80012],[68.40053,40.64451],[68.6976,40.64451],[68.75419,40.72938],[68.68346,40.91329],[68.9098,41.11134],[69.10785,41.19622],[69.20688,41.40842],[69.3342,41.4933],[69.7586,41.66306],[70.09812,41.74794],[70.3386,41.96014],[70.49422,42.08746],[70.59324,42.11575],[70.72056,42.05916],[70.89032,42.22892],[71.03527,42.24306],[71.01535,42.36591],[71.19201,42.56464],[71.33554,42.73026],[71.66677,42.78546],[71.96488,42.82963],[72.36235,42.76338],[72.75983,42.65297],[73.06898,42.56464],[73.43333,42.50944],[73.58791,42.45423],[73.57686,42.65297],[73.68727,42.9842],[73.89705,43.14981],[74.2062,43.20502],[74.47119,43.1719],[74.81346,43.05045],[75.14469,42.94004],[75.5532,42.85171],[75.79611,42.80754],[75.99485,42.929],[76.38127,42.94004],[76.72354,42.94004],[77.07686,43.00628],[77.39705,42.90691],[77.69516,42.86275],[78.30241,42.85171],[78.60052,42.88483],[79.04216,42.77442],[79.2961,42.7965],[79.36235,42.64193],[79.4838,42.57568],[79.57212,42.45423],[79.87023,42.45423],[80.08001,42.41007],[80.2647,42.24144]]]}},{"type":"Feature","id":59,"properties":{"name":"Ireland","subjecto":"Ireland","partof":"Ireland","precision":3},"geometry":{"type":"Polygon","coordinates":[[[-6.20639,53.95675],[-6.28637,54.07904],[-6.72155,54.0465],[-6.66618,54.16194],[-6.82987,54.22931],[-6.94714,54.34485],[-7.09783,54.393],[-7.21167,54.22931],[-7.54955,54.11383],[-7.89955,54.20044],[-8.08006,54.32558],[-8.12525,54.4508],[-7.73825,54.57608],[-7.95572,54.69178],[-7.5878,54.73999],[-7.41452,54.9579],[-7.42752,55.0638],[-7.49783,55.04974],[-7.65728,55.11683],[-7.75623,55.25273],[-8.11832,55.17663],[-8.34538,55.09528],[-8.47625,54.87985],[-8.50374,54.74964],[-8.76004,54.70143],[-8.82936,54.63392],[-8.21148,54.63392],[-8.30058,54.48935],[-8.68673,54.36411],[-8.59008,54.20285],[-9.08584,54.25819],[-9.32291,54.27507],[-9.47429,54.24131],[-9.89197,54.32558],[-9.98879,54.25372],[-10.15968,54.13307],[-10.17854,53.91187],[-9.91285,53.96956],[-9.69648,53.87342],[-9.87239,53.76772],[-9.8096,53.63242],[-10.15143,53.57564],[-10.02107,53.51186],[-10.15983,53.37412],[-9.88481,53.2974],[-9.80292,53.34535],[-9.6167,53.34588],[-9.44067,53.26621],[-9.29736,53.2798],[-9.15816,53.2207],[-9.00167,53.30038],[-8.92358,53.16058],[-8.997,53.12044],[-9.30935,53.11527],[-9.52576,52.90456],[-9.44156,52.83328],[-9.61569,52.63663],[-9.13429,52.6809],[-9.19263,52.55446],[-9.50399,52.54055],[-9.73572,52.48028],[-9.784,52.34071],[-9.80161,52.24108],[-9.89064,52.19443],[-10.46924,52.20665],[-10.49733,52.10165],[-9.96377,52.09211],[-10.29403,51.97763],[-10.21691,51.75835],[-9.83542,51.80326],[-9.79524,51.60463],[-9.81911,51.43455],[-9.24331,51.47263],[-8.84776,51.59982],[-8.56523,51.61545],[-8.15881,51.83964],[-7.86165,51.96809],[-7.75065,52.03271],[-7.37241,52.09211],[-6.96168,52.1112],[-6.8939,52.20665],[-6.61682,52.22066],[-6.48915,52.19436],[-6.40597,52.21444],[-6.3409,52.42706],[-6.23211,52.61333],[-6.07068,52.7666],[-6.04306,52.89309],[-6.17221,53.4392],[-6.33498,53.78598],[-6.4434,53.89938],[-6.34315,53.93964],[-6.20639,53.95675]]]}},{"type":"Feature","id":60,"properties":{"name":"Ukraine","subjecto":"Ukraine","partof":"Ukraine","precision":3},"geometry":{"type":"Polygon","coordinates":[[[23.58926,51.54843],[23.66152,51.46949],[23.62837,51.36051],[23.99563,50.98489],[24.13828,50.89788],[24.00387,50.87613],[23.96585,50.81633],[24.11354,50.68048],[24.1093,50.53926],[23.9947,50.43123],[23.80173,50.42526],[23.67317,50.34394],[23.40381,50.16484],[22.72464,49.61692],[22.68796,49.4793],[22.70777,49.23084],[22.86446,49.05843],[22.57044,49.06668],[22.09947,48.40459],[22.17416,48.41149],[22.47471,48.27612],[22.72394,48.18614],[23.02893,48.01223],[23.0902,48.05048],[23.44439,47.99612],[23.55292,48.04447],[23.98369,47.9575],[24.48564,47.92762],[24.64923,47.94778],[24.6607,47.84386],[24.80777,47.84576],[24.89216,47.74376],[25.04451,47.77061],[25.15422,47.82429],[25.23746,47.92094],[26.13426,48.00687],[26.25952,48.08704],[26.32733,48.22716],[26.6128,48.2629],[26.69608,48.33756],[26.73013,48.30918],[26.78687,48.30918],[26.7812,48.36025],[26.82092,48.40565],[26.96278,48.35458],[27.01952,48.37728],[27.13868,48.36025],[27.22947,48.36025],[27.28622,48.41132],[27.31459,48.42835],[27.39403,48.417],[27.47347,48.4397],[27.53589,48.45105],[27.57561,48.4397],[27.62668,48.417],[27.64937,48.42835],[27.70612,48.4397],[27.72314,48.43402],[27.81961,48.3943],[27.88203,48.33756],[27.94444,48.31486],[28.01254,48.30918],[28.05793,48.28081],[28.08063,48.25244],[28.11467,48.21839],[28.16007,48.22407],[28.21681,48.21272],[28.29625,48.22974],[28.34732,48.22974],[28.35867,48.20137],[28.31895,48.15597],[28.30193,48.13328],[28.34732,48.1503],[28.38704,48.13895],[28.38704,48.10491],[28.41542,48.08221],[28.44946,48.12761],[28.47783,48.1503],[28.60267,48.15597],[28.78993,48.12193],[28.81262,48.03682],[28.86937,47.9517],[28.96583,47.94035],[29.02257,47.929],[29.05095,47.9744],[29.11336,47.96872],[29.14174,47.91198],[29.17578,47.88361],[29.22685,47.87226],[29.15308,47.80416],[29.20983,47.77579],[29.18713,47.7531],[29.17578,47.70203],[29.17578,47.61691],[29.09634,47.55449],[29.11904,47.49207],[29.16443,47.42966],[29.22685,47.41831],[29.31197,47.37291],[29.35169,47.32752],[29.40276,47.2878],[29.44248,47.31049],[29.48787,47.33319],[29.53894,47.33319],[29.55597,47.29347],[29.56732,47.24808],[29.52759,47.21403],[29.53327,47.12891],[29.4822,47.11189],[29.51057,47.06082],[29.56732,47.07785],[29.58434,47.05515],[29.56732,47.01543],[29.54462,46.94733],[29.61271,46.93031],[29.6808,46.90194],[29.74889,46.8452],[29.78294,46.8452],[29.86238,46.81115],[29.90778,46.78278],[29.93048,46.72036],[29.93615,46.66362],[29.91913,46.61822],[29.93048,46.56715],[29.88508,46.53878],[29.87941,46.52175],[29.91345,46.49906],[29.95885,46.47636],[30.03261,46.41962],[30.08936,46.41394],[30.05531,46.37989],[30.03829,46.36855],[29.93615,46.36855],[29.87373,46.37422],[29.83968,46.34018],[29.76024,46.35152],[29.77727,46.43664],[29.69783,46.43664],[29.65243,46.42529],[29.64676,46.4026],[29.57866,46.3345],[29.52192,46.40827],[29.48787,46.40827],[29.44815,46.43664],[29.44815,46.47069],[29.38574,46.46501],[29.35169,46.44799],[29.34034,46.41394],[29.31197,46.43664],[29.26657,46.45366],[29.27225,46.42529],[29.27225,46.38557],[29.22118,46.38557],[29.19281,46.39125],[29.19848,46.48771],[29.19281,46.52743],[29.14174,46.53878],[29.08499,46.49906],[28.97718,46.48771],[28.88639,46.41962],[28.95448,46.30613],[28.93178,46.26073],[28.98285,46.20966],[28.98853,46.16994],[28.97151,46.14157],[28.91476,46.0905],[28.94313,46.05078],[28.95448,46.01106],[28.92044,45.97702],[28.78993,45.94864],[28.72751,45.94297],[28.73318,45.8919],[28.72183,45.83516],[28.68211,45.79544],[28.64239,45.76706],[28.60267,45.75571],[28.56863,45.75004],[28.54593,45.72167],[28.48918,45.69329],[28.47783,45.64223],[28.50621,45.59116],[28.50621,45.55144],[28.46649,45.50037],[28.38137,45.50037],[28.27356,45.51171],[28.22816,45.50037],[28.20348,45.46581],[28.27125,45.4747],[28.32481,45.36267],[28.50402,45.28799],[28.77848,45.26667],[28.79342,45.352],[28.99883,45.352],[29.2981,45.46936],[29.61592,45.41021],[29.53609,45.4522],[29.50043,45.52337],[29.62951,45.75036],[29.72975,45.76999],[30.06882,45.8614],[30.52046,46.25141],[30.83286,46.57659],[31.08723,46.63554],[31.53773,46.70138],[31.78105,46.70186],[31.95127,46.86463],[32.18879,46.59224],[31.92594,46.40993],[32.1141,46.21562],[32.20217,46.17036],[32.51644,46.12558],[32.97293,46.14595],[33.33253,46.16611],[33.52795,46.13406],[33.63884,45.92677],[33.53946,45.87471],[33.19165,45.78978],[32.90226,45.67258],[32.50324,45.4451],[32.5753,45.36108],[32.64345,45.38063],[32.92629,45.38767],[33.01349,45.38137],[33.39787,45.25268],[33.51667,45.12351],[33.55938,44.93614],[33.3955,44.60049],[33.66016,44.52366],[34.01372,44.49212],[34.13496,44.5375],[34.37224,44.75718],[34.61416,44.84147],[35.06732,44.86172],[35.38666,45.08192],[35.59956,45.10174],[35.86545,45.03112],[36.0047,45.04433],[36.26475,45.09659],[36.36711,45.16148],[36.41513,45.27157],[36.52105,45.38829],[36.32316,45.4397],[35.84976,45.44523],[35.54622,45.37989],[35.31668,45.32118],[35.06342,45.3401],[34.99001,45.45002],[35.0319,45.53427],[35.00805,45.61195],[34.12726,46.0639],[33.83908,46.19305],[34.06422,46.26487],[34.49565,46.2787],[34.69235,46.25313],[34.90681,46.27302],[35.04637,46.35765],[35.21237,46.63714],[35.4161,46.49469],[35.62433,46.52106],[35.85056,46.66439],[36.35397,46.7758],[36.86456,46.80929],[37.19263,46.89442],[37.42214,47.07688],[37.85925,47.10374],[38.20973,47.15046],[38.21488,47.20718],[38.22494,47.25744],[38.22494,47.35796],[38.26515,47.58916],[38.36567,47.62938],[38.52651,47.63943],[38.69739,47.69974],[38.79792,47.78016],[38.80797,47.86058],[38.9286,47.86058],[39.26032,47.88068],[39.62221,47.81032],[39.77299,47.87063],[39.77299,47.941],[39.84336,48.07168],[39.91372,48.29283],[39.88356,48.32298],[39.84336,48.41346],[39.82325,48.49387],[39.80315,48.55419],[39.72273,48.58434],[39.65236,48.6145],[39.67247,48.71502],[39.69257,48.79544],[39.94388,48.79544],[40.00419,48.86581],[39.87351,48.88591],[39.75288,48.92612],[39.65236,49.0367],[39.79309,49.0568],[39.95393,49.14727],[40.11477,49.21764],[40.13487,49.31816],[40.09466,49.39858],[40.0444,49.43879],[40.05445,49.51921],[40.09466,49.56947],[40.0243,49.60968],[39.93383,49.56947],[39.87351,49.54936],[39.75288,49.54936],[39.59205,49.61973],[39.54179,49.72025],[39.33069,49.7303],[39.20001,49.77051],[39.10954,49.85093],[38.9487,49.82077],[38.82807,49.87104],[38.61698,49.9213],[38.42598,49.95145],[38.2953,50.07208],[38.19478,50.04192],[38.17467,49.97156],[38.04399,49.91125],[37.94347,49.96151],[37.86306,50.04192],[37.68211,50.06203],[37.67206,50.12234],[37.58159,50.20276],[37.58159,50.26308],[37.46096,50.34349],[37.4107,50.41386],[37.24987,50.3837],[37.00861,50.32339],[36.88798,50.32339],[36.74725,50.27313],[36.55625,50.22287],[36.47584,50.29323],[36.39542,50.30328],[36.30495,50.27313],[36.09385,50.40381],[35.97322,50.43396],[35.76213,50.40381],[35.6415,50.32339],[35.51082,50.45407],[35.4304,50.49428],[35.39019,50.5948],[35.4304,50.67522],[35.39019,50.7858],[35.28967,50.90642],[35.28967,51.06726],[35.10873,51.06726],[35.10873,51.20799],[34.93784,51.21804],[34.70663,51.18788],[34.63627,51.23815],[34.34475,51.23815],[34.22412,51.36883],[34.17387,51.52966],[34.11355,51.66034],[34.25428,51.72066],[34.39501,51.71061],[34.39501,51.83123],[34.25428,51.9016],[34.14371,51.97197],[34.08339,52.06243],[33.97282,52.21322],[33.83208,52.27353],[33.74161,52.39416],[33.51041,52.33385],[33.19879,52.38411],[32.89722,52.28358],[32.65597,52.27353],[32.41471,52.38411],[32.3544,52.26348],[32.27398,52.1328],[32.13325,52.06243],[31.92215,52.07249],[31.76131,52.1127],[31.52797,52.1148],[31.29275,52.0896],[31.24235,52.03079],[31.14994,52.056],[31.06593,52.0728],[30.91472,52.0392],[30.88952,51.98039],[30.83911,51.92998],[30.6963,51.84598],[30.61229,51.72837],[30.49468,51.62756],[30.46948,51.53515],[30.57869,51.44274],[30.60389,51.37553],[30.54508,51.28313],[30.42748,51.29153],[30.36027,51.31673],[30.29306,51.40914],[30.24266,51.43434],[30.15865,51.46794],[30.05784,51.48474],[29.95703,51.46794],[29.84782,51.43434],[29.71341,51.42594],[29.6462,51.48474],[29.5454,51.45114],[29.46139,51.40914],[29.31858,51.38393],[29.23457,51.40914],[29.21777,51.50154],[29.16736,51.56035],[29.09176,51.61916],[29.03295,51.60236],[28.97414,51.56875],[28.89854,51.56875],[28.76413,51.50154],[28.70532,51.43434],[28.62971,51.43434],[28.58771,51.51835],[28.5289,51.55195],[28.4365,51.55195],[28.33569,51.50154],[28.27688,51.58555],[28.17607,51.62756],[28.11727,51.57715],[27.95765,51.55195],[27.84004,51.60236],[27.78964,51.60236],[27.78124,51.50994],[27.70563,51.46794],[27.66363,51.49314],[27.68883,51.59396],[27.57962,51.61076],[27.49561,51.63596],[27.25199,51.58555],[27.25199,51.65276],[27.16798,51.65276],[27.17638,51.75357],[27.05037,51.77037],[26.94116,51.73677],[26.70594,51.78717],[26.44552,51.81237],[26.41192,51.83758],[26.17669,51.83758],[26.08429,51.91318],[25.96668,51.90478],[25.73145,51.94678],[25.52144,51.91318],[25.30302,51.91318],[25.1434,51.93838],[24.82417,51.88798],[24.60575,51.90478],[24.38733,51.89638],[24.29492,51.81237],[24.27812,51.73677],[24.11011,51.66116],[23.94209,51.56875],[23.89169,51.61916],[23.77408,51.61916],[23.60606,51.62756],[23.58926,51.56875],[23.58926,51.54843]]]}},{"type":"Feature","id":61,"properties":{"name":"Mongolia","subjecto":"Mongolia","partof":"Mongolia","precision":3},"geometry":{"type":"Polygon","coordinates":[[[116.75978,49.92989],[116.56601,50.00563],[116.28618,49.99759],[115.73369,49.86403],[115.34658,49.94032],[115.19366,49.99834],[114.85554,50.22593],[114.52264,50.29628],[114.24833,50.27515],[114.09834,50.27435],[113.5744,50.05522],[113.23469,49.83119],[113.03314,49.6539],[112.7612,49.53502],[112.52449,49.46202],[111.61784,49.35286],[111.37829,49.319],[110.92029,49.29047],[110.19991,49.24102],[109.8669,49.25878],[109.42404,49.29554],[109.0169,49.40423],[108.42352,49.51848],[108.05832,49.68619],[107.54908,49.8271],[107.26837,49.9758],[106.6685,50.31352],[106.32295,50.41669],[105.68242,50.42642],[105.1551,50.44331],[104.79694,50.40858],[103.68076,50.16643],[103.37787,50.21731],[102.63903,50.45618],[102.4496,50.60624],[102.26569,50.809],[102.18424,51.02564],[102.18225,51.26923],[102.11743,51.36111],[101.77236,51.42517],[101.32698,51.56784],[101.01121,51.67171],[100.2246,51.81933],[99.7582,51.90269],[99.29542,51.94649],[98.91756,52.03696],[98.34689,51.60482],[97.93963,51.22694],[97.89543,51.095],[98.07954,50.70785],[98.25774,50.57079],[98.30989,50.47911],[98.23633,50.2424],[97.90158,49.98486],[97.76233,49.91223],[97.42279,49.78634],[97.16956,49.77845],[96.91001,49.86199],[96.76998,49.9135],[96.37613,49.94407],[95.99401,49.94204],[95.67063,49.97952],[95.01428,49.97604],[94.69997,50.0268],[94.52294,50.20953],[94.21046,50.54929],[93.83647,50.58671],[93.00798,50.64146],[92.5886,50.71154],[92.15972,50.75529],[91.78171,50.67438],[91.10168,50.46048],[90,50.3067],[90,50.12759],[89.79634,49.81644],[89.78878,49.81106],[89.4621,49.6395],[89.19085,49.57278],[88.56674,49.53679],[88.29727,49.44398],[87.93772,49.25282],[87.8684,49.23289],[87.89637,49.1678],[87.95492,48.98551],[88.06298,48.73194],[88.22992,48.53742],[88.81552,48.20209],[89.19094,48.01545],[89.46733,47.98444],[89.79634,47.90952],[90,47.84468],[90,47.50258],[90,46.84983],[91.15825,46.55271],[91.06154,46.35141],[90,46.0143],[90,45.68309],[90,45.32849],[91.15475,45.18822],[91.63235,45.10688],[92.30939,45.09764],[92.75746,45.08071],[93.05796,45.04362],[93.50711,44.94292],[93.79154,44.8222],[94.53164,44.4596],[94.90885,44.32021],[95.24398,44.27703],[95.29106,44.03305],[95.99815,43.06096],[96.20859,42.86326],[96.40847,42.7489],[97.29847,42.74094],[97.85725,42.6478],[98.21802,42.59848],[98.74238,42.58853],[100.02993,42.61478],[100.45111,42.60426],[100.97538,42.5943],[101.73601,42.54076],[101.97019,42.46513],[102.33692,42.21723],[102.78973,42.05317],[103.50889,41.85859],[103.92692,41.80325],[104.22555,41.83049],[104.4998,41.79998],[104.61393,41.66619],[104.80842,41.57765],[105.02497,41.58524],[105.33361,41.71494],[105.98173,41.95536],[106.11817,42.00093],[106.4494,42.12441],[106.81687,42.25453],[107.35881,42.41124],[107.96108,42.41453],[108.64215,42.44387],[109.08669,42.40786],[109.37953,42.43508],[110.25324,42.76669],[110.37228,42.84426],[110.87231,43.31515],[111.17386,43.49002],[111.74307,43.62146],[111.88981,43.7378],[111.9453,43.86007],[111.86063,43.96235],[111.59087,44.14714],[111.41619,44.40317],[111.41461,44.5574],[111.51117,44.73791],[111.75373,45.00292],[111.95933,45.10721],[112.10168,45.14022],[112.42466,45.07103],[112.72541,44.89878],[112.99144,44.84235],[113.43374,44.84474],[113.76871,44.86583],[114.10256,45.06077],[114.63913,45.47013],[114.73961,45.46421],[114.93695,45.45883],[115.21769,45.43453],[115.62135,45.49479],[115.90814,45.60611],[116.0641,45.69089],[116.17289,45.78837],[116.31324,46.15751],[116.47667,46.30716],[116.68805,46.39886],[116.89696,46.41939],[117.11465,46.36233],[117.27308,46.4473],[117.64714,46.57227],[117.88975,46.63831],[118.31108,46.73768],[118.69506,46.7527],[118.88927,46.70843],[119.37266,46.70454],[119.58139,46.6474],[119.76784,46.74552],[119.81624,46.84291],[119.79476,46.96586],[119.52555,47.19125],[119.12989,47.63665],[118.77116,47.86196],[118.52913,47.95157],[118.11149,48.0468],[117.91449,48.04573],[117.37805,47.69219],[117.24689,47.72393],[117.05288,47.9112],[116.91011,47.94941],[116.65096,47.94153],[116.31165,47.91374],[115.89382,47.73618],[115.74008,47.71586],[115.71697,47.72874],[115.59636,48.1048],[115.76748,48.36573],[116.31808,49.24752],[116.62705,49.79047],[116.75978,49.92989]]]}},{"type":"Feature","id":62,"properties":{"name":"Belgium","subjecto":"Belgium","partof":"Belgium","precision":3},"geometry":{"type":"Polygon","coordinates":[[[2.52213,51.09112],[2.61573,50.89022],[2.75548,50.73916],[2.87506,50.68182],[3.12284,50.80713],[3.19188,50.73072],[3.28276,50.52433],[3.37032,50.46461],[3.60338,50.47004],[3.67496,50.33437],[3.79146,50.33979],[4.05089,50.31809],[4.21957,50.24216],[4.14782,50.13372],[4.18846,50.05495],[4.15631,49.96578],[4.28463,49.91098],[4.46748,49.94473],[4.6681,49.96038],[4.75492,50.10119],[4.86541,50.13372],[4.81162,49.96578],[4.87707,49.8848],[4.85987,49.78224],[5.09771,49.76065],[5.25128,49.67433],[5.41809,49.58262],[5.47542,49.48014],[5.78785,49.55865],[5.8235,49.50711],[5.8844,49.66354],[5.74506,49.75526],[5.73792,49.90246],[5.83376,50.04741],[5.94378,50.11381],[6.00744,50.14997],[6.10851,50.11745],[6.29835,50.28687],[6.28143,50.4976],[6.15455,50.66176],[5.99958,50.7416],[5.69709,50.73072],[5.69676,50.88293],[5.77424,50.92643],[5.8239,51.11683],[5.48442,51.28556],[5.24365,51.23659],[5.11253,51.40545],[5.01012,51.4327],[4.93215,51.37822],[4.79138,51.4872],[4.67107,51.40545],[4.53312,51.40545],[4.39535,51.4109],[4.40672,51.34008],[4.17305,51.32488],[3.98952,51.34375],[3.77505,51.38774],[3.6813,51.32142],[3.47202,51.31439],[3.21361,51.35357],[2.99526,51.31348],[2.52213,51.09112]]]}},{"type":"Feature","id":63,"properties":{"name":"Slovakia","subjecto":"Slovakia","partof":"Slovakia","precision":3},"geometry":{"type":"Polygon","coordinates":[[[16.93879,48.66104],[16.9629,48.61903],[16.91925,48.35768],[16.98897,48.24063],[17.33122,47.99468],[17.44179,48.05999],[17.62151,47.98273],[17.89911,47.906],[18.08561,47.89397],[18.82847,47.87797],[18.97897,48.13346],[19.09354,48.13407],[19.4361,48.1946],[19.66032,48.22188],[19.92614,48.18954],[20.11807,48.21783],[20.57907,48.55958],[20.90172,48.58092],[21.37954,48.5965],[21.62014,48.43465],[21.81626,48.37044],[22.09947,48.40459],[22.57044,49.06668],[22.19643,49.21504],[22.00581,49.26047],[21.95916,49.35749],[21.64289,49.44101],[21.58501,49.49958],[21.33275,49.46552],[21.10421,49.48392],[21.07112,49.42218],[20.90317,49.34132],[20.69609,49.45559],[20.47884,49.4348],[20.40308,49.45993],[20.15238,49.36828],[20.10538,49.28886],[20.03809,49.22814],[19.9571,49.28204],[19.78216,49.2443],[19.7809,49.33593],[19.79279,49.37366],[19.76291,49.45454],[19.61372,49.44326],[19.58111,49.51924],[19.49344,49.62712],[19.37623,49.61634],[19.34842,49.56617],[19.26157,49.57318],[19.17931,49.46532],[18.98603,49.44375],[18.97213,49.54621],[18.8442,49.56454],[18.81188,49.56993],[18.78225,49.54029],[18.75261,49.52251],[18.70519,49.53436],[18.63999,49.54029],[18.58664,49.53436],[18.557,49.51658],[18.49772,49.48694],[18.47401,49.45137],[18.42066,49.40988],[18.36732,49.38617],[18.30804,49.3506],[18.20727,49.33875],[18.18356,49.29726],[18.17171,49.25576],[18.15985,49.19649],[18.13614,49.16092],[18.11243,49.1135],[18.04723,49.08387],[17.99981,49.06608],[17.95832,49.07794],[17.92275,49.04237],[17.90497,49.00088],[17.88126,48.96531],[17.86347,48.96531],[17.81605,48.95346],[17.78642,48.9416],[17.75085,48.91789],[17.6975,48.89418],[17.63823,48.89418],[17.53153,48.86455],[17.47225,48.88826],[17.43076,48.88826],[17.40112,48.8764],[17.32999,48.8764],[17.27072,48.90011],[17.22923,48.92382],[17.11067,48.88826],[17.09882,48.87047],[17.03362,48.81713],[16.99212,48.78749],[16.9862,48.72821],[16.95656,48.68079],[16.93879,48.66104]]]}},{"type":"Feature","id":64,"properties":{"name":"Hungary","subjecto":"Hungary","partof":"Hungary","precision":3},"geometry":{"type":"Polygon","coordinates":[[[18.81606,45.88912],[19.50673,46.12713],[19.90642,46.16173],[20.31473,46.13151],[20.39403,46.13076],[20.51258,46.1768],[20.83825,46.19802],[21.00062,46.27027],[21.33972,46.52525],[21.623,46.90353],[22.05867,47.55637],[22.32001,47.74009],[22.8263,47.86007],[23.02893,48.01223],[22.72394,48.18614],[22.47471,48.27612],[22.17416,48.41149],[22.09947,48.40459],[21.81626,48.37044],[21.62014,48.43465],[21.37954,48.5965],[20.90172,48.58092],[20.57907,48.55958],[20.11807,48.21783],[19.92614,48.18954],[19.66032,48.22188],[19.4361,48.1946],[19.09354,48.13407],[18.97897,48.13346],[18.82847,47.87797],[18.08561,47.89397],[17.89911,47.906],[17.62151,47.98273],[17.44179,48.05999],[17.33122,47.99468],[17.04519,47.86388],[17.03687,47.69881],[16.72155,47.67466],[16.64744,47.73504],[16.50116,47.73504],[16.40087,47.64648],[16.60452,47.6183],[16.66548,47.52978],[16.59506,47.43725],[16.41081,47.40908],[16.3929,47.24019],[16.4845,47.15577],[16.41522,47.02314],[16.25957,46.8888],[16.39637,46.62312],[16.56009,46.47294],[16.65675,46.38427],[17.2924,46.10868],[17.79441,45.80665],[18.05581,45.7627],[18.551,45.79778],[18.81606,45.88912]]]}},{"type":"Feature","id":65,"properties":{"name":"Moldova","subjecto":"Moldova","partof":"Moldova","precision":3},"geometry":{"type":"Polygon","coordinates":[[[26.6128,48.2629],[26.7137,48.27553],[26.99535,48.18954],[27.34018,47.66288],[27.80695,47.15915],[28.07869,47.03054],[28.23714,46.645],[28.22481,46.46307],[28.07973,46.02317],[28.1267,45.77068],[28.13583,45.65082],[28.06392,45.61878],[28.16182,45.57075],[28.18984,45.46402],[28.20348,45.46581],[28.22816,45.50037],[28.27356,45.51171],[28.38137,45.50037],[28.46649,45.50037],[28.50621,45.55144],[28.50621,45.59116],[28.47783,45.64223],[28.48918,45.69329],[28.54593,45.72167],[28.56863,45.75004],[28.60267,45.75571],[28.64239,45.76706],[28.68211,45.79544],[28.72183,45.83516],[28.73318,45.8919],[28.72751,45.94297],[28.78993,45.94864],[28.92044,45.97702],[28.95448,46.01106],[28.94313,46.05078],[28.91476,46.0905],[28.97151,46.14157],[28.98853,46.16994],[28.98285,46.20966],[28.93178,46.26073],[28.95448,46.30613],[28.88639,46.41962],[28.97718,46.48771],[29.08499,46.49906],[29.14174,46.53878],[29.19281,46.52743],[29.19848,46.48771],[29.19281,46.39125],[29.22118,46.38557],[29.27225,46.38557],[29.27225,46.42529],[29.26657,46.45366],[29.31197,46.43664],[29.34034,46.41394],[29.35169,46.44799],[29.38574,46.46501],[29.44815,46.47069],[29.44815,46.43664],[29.48787,46.40827],[29.52192,46.40827],[29.57866,46.3345],[29.64676,46.4026],[29.65243,46.42529],[29.69783,46.43664],[29.77727,46.43664],[29.76024,46.35152],[29.83968,46.34018],[29.87373,46.37422],[29.93615,46.36855],[30.03829,46.36855],[30.05531,46.37989],[30.08936,46.41394],[30.03261,46.41962],[29.95885,46.47636],[29.91345,46.49906],[29.87941,46.52175],[29.88508,46.53878],[29.93048,46.56715],[29.91913,46.61822],[29.93615,46.66362],[29.93048,46.72036],[29.90778,46.78278],[29.86238,46.81115],[29.78294,46.8452],[29.74889,46.8452],[29.6808,46.90194],[29.61271,46.93031],[29.54462,46.94733],[29.56732,47.01543],[29.58434,47.05515],[29.56732,47.07785],[29.51057,47.06082],[29.4822,47.11189],[29.53327,47.12891],[29.52759,47.21403],[29.56732,47.24808],[29.55597,47.29347],[29.53894,47.33319],[29.48787,47.33319],[29.44248,47.31049],[29.40276,47.2878],[29.35169,47.32752],[29.31197,47.37291],[29.22685,47.41831],[29.16443,47.42966],[29.11904,47.49207],[29.09634,47.55449],[29.17578,47.61691],[29.17578,47.70203],[29.18713,47.7531],[29.20983,47.77579],[29.15308,47.80416],[29.22685,47.87226],[29.17578,47.88361],[29.14174,47.91198],[29.11336,47.96872],[29.05095,47.9744],[29.02257,47.929],[28.96583,47.94035],[28.86937,47.9517],[28.81262,48.03682],[28.78993,48.12193],[28.60267,48.15597],[28.47783,48.1503],[28.44946,48.12761],[28.41542,48.08221],[28.38704,48.10491],[28.38704,48.13895],[28.34732,48.1503],[28.30193,48.13328],[28.31895,48.15597],[28.35867,48.20137],[28.34732,48.22974],[28.29625,48.22974],[28.21681,48.21272],[28.16007,48.22407],[28.11467,48.21839],[28.08063,48.25244],[28.05793,48.28081],[28.01254,48.30918],[27.94444,48.31486],[27.88203,48.33756],[27.81961,48.3943],[27.72314,48.43402],[27.70612,48.4397],[27.64937,48.42835],[27.62668,48.417],[27.57561,48.4397],[27.53589,48.45105],[27.47347,48.4397],[27.39403,48.417],[27.31459,48.42835],[27.28622,48.41132],[27.22947,48.36025],[27.13868,48.36025],[27.01952,48.37728],[26.96278,48.35458],[26.82092,48.40565],[26.7812,48.36025],[26.78687,48.30918],[26.73013,48.30918],[26.69608,48.33756],[26.6128,48.2629]]]}},{"type":"Feature","id":66,"properties":{"name":"Romania","subjecto":"Romania","partof":"Romania","precision":3},"geometry":{"type":"Polygon","coordinates":[[[20.31473,46.13151],[20.33922,45.99261],[20.59505,45.91247],[20.68109,45.80565],[20.77205,45.78963],[20.73826,45.62947],[20.78453,45.57609],[20.75869,45.53646],[21.07911,45.32453],[21.32854,45.26118],[21.46603,45.20802],[21.49739,45.14403],[21.41177,45.08694],[21.35578,45.02144],[21.43829,44.99479],[21.54577,44.95756],[21.42414,44.92547],[21.34425,44.88315],[21.36749,44.80875],[21.47765,44.7928],[21.58331,44.7928],[21.59185,44.70778],[21.8589,44.68122],[21.94651,44.61878],[22.1329,44.51123],[22.19941,44.56435],[22.2959,44.69185],[22.40953,44.7503],[22.6911,44.63872],[22.74237,44.58028],[22.58482,44.5856],[22.44057,44.4953],[22.50596,44.3466],[22.694,44.26309],[22.87038,44.17139],[23.02826,44.12361],[22.92311,43.98032],[22.94438,43.89541],[23.06406,43.90602],[23.41089,43.99092],[23.6383,43.99007],[24.15637,43.81261],[24.30952,43.82631],[24.62035,43.9439],[24.75502,43.93819],[25.37811,43.78062],[25.54909,43.8073],[26.40621,44.15442],[26.68438,44.25255],[26.93709,44.23461],[27.23873,44.06878],[27.37142,44.05017],[27.60274,43.94841],[28.20829,43.7972],[28.51011,43.74308],[28.52989,43.84347],[28.57311,44.19782],[28.68625,44.48805],[28.91824,44.76575],[29.08975,44.87573],[29.26158,44.89542],[29.45752,44.91515],[29.57896,45.0575],[29.71076,45.25833],[29.68321,45.37479],[29.61592,45.41021],[29.2981,45.46936],[28.99883,45.352],[28.79342,45.352],[28.77848,45.26667],[28.50402,45.28799],[28.32481,45.36267],[28.27125,45.4747],[28.20348,45.46581],[28.18984,45.46402],[28.16182,45.57075],[28.06392,45.61878],[28.13583,45.65082],[28.1267,45.77068],[28.07973,46.02317],[28.22481,46.46307],[28.23714,46.645],[28.07869,47.03054],[27.80695,47.15915],[27.34018,47.66288],[26.99535,48.18954],[26.7137,48.27553],[26.6128,48.2629],[26.32733,48.22716],[26.25952,48.08704],[26.13426,48.00687],[25.23746,47.92094],[25.15422,47.82429],[25.04451,47.77061],[24.89216,47.74376],[24.80777,47.84576],[24.6607,47.84386],[24.64923,47.94778],[24.48564,47.92762],[23.98369,47.9575],[23.55292,48.04447],[23.44439,47.99612],[23.0902,48.05048],[23.02893,48.01223],[22.8263,47.86007],[22.32001,47.74009],[22.05867,47.55637],[21.623,46.90353],[21.33972,46.52525],[21.00062,46.27027],[20.83825,46.19802],[20.51258,46.1768],[20.39403,46.13076],[20.31473,46.13151]]]}},{"type":"Feature","id":67,"properties":{"name":"Slovenia","subjecto":"Slovenia","partof":"Slovenia","precision":3},"geometry":{"type":"Polygon","coordinates":[[[13.5689,46.51043],[13.6211,46.42088],[13.34447,46.28451],[13.38871,46.21633],[13.522,46.21557],[13.60634,46.13214],[13.44074,46.00389],[13.59201,45.96381],[13.53506,45.80127],[13.69714,45.75176],[13.82496,45.66269],[13.79998,45.56637],[13.74909,45.49433],[13.55628,45.4596],[13.679,45.43128],[13.73598,45.43942],[13.76447,45.44756],[13.82552,45.4557],[13.83366,45.46384],[13.8825,45.47198],[13.89471,45.4557],[13.95576,45.45163],[13.97611,45.45977],[13.99646,45.47198],[13.99646,45.50454],[14.02088,45.50454],[14.086,45.48012],[14.13077,45.47605],[14.19589,45.48012],[14.24473,45.49233],[14.29356,45.48012],[14.40752,45.48012],[14.4238,45.48419],[14.45229,45.50861],[14.47264,45.51675],[14.50113,45.5371],[14.50927,45.57373],[14.54183,45.61036],[14.5459,45.62257],[14.56218,45.64699],[14.59067,45.65513],[14.60695,45.65106],[14.61102,45.62664],[14.61916,45.60222],[14.64358,45.59001],[14.67207,45.56559],[14.68428,45.55745],[14.69242,45.51675],[14.7494,45.50861],[14.80638,45.45977],[14.86743,45.45977],[14.9122,45.47198],[14.92441,45.49233],[14.93255,45.51268],[15.01395,45.48012],[15.05872,45.48012],[15.10349,45.45163],[15.13197,45.43942],[15.18895,45.42314],[15.24186,45.43128],[15.28663,45.45163],[15.31512,45.44349],[15.33954,45.47605],[15.31919,45.52082],[15.31919,45.55338],[15.29884,45.59001],[15.30291,45.61036],[15.35175,45.62664],[15.3721,45.65513],[15.35582,45.68769],[15.34361,45.6999],[15.31512,45.70397],[15.2907,45.71211],[15.30698,45.72432],[15.3314,45.75281],[15.37617,45.77316],[15.4128,45.78537],[15.4535,45.79351],[15.50641,45.81793],[15.55525,45.822],[15.59595,45.83421],[15.63258,45.83014],[15.68142,45.83014],[15.70177,45.87491],[15.72619,45.95224],[15.71805,45.99293],[15.70991,46.02143],[15.68956,46.04177],[15.66107,46.0662],[15.62444,46.09061],[15.60816,46.12317],[15.6163,46.1598],[15.64479,46.18422],[15.70177,46.21678],[15.77096,46.21271],[15.79538,46.23306],[15.84422,46.24934],[15.89713,46.26562],[15.97039,46.2819],[16.00701,46.28597],[16.04364,46.30632],[16.08027,46.33481],[16.10062,46.37144],[16.14132,46.39993],[16.19016,46.38365],[16.25121,46.37958],[16.2797,46.38365],[16.27563,46.42028],[16.26749,46.46098],[16.26749,46.49354],[16.29191,46.52203],[16.35703,46.5261],[16.43436,46.5261],[16.49948,46.50982],[16.54425,46.47726],[16.56009,46.47294],[16.39637,46.62312],[16.25957,46.8888],[15.94739,46.81827],[15.98458,46.64159],[15.58399,46.69379],[15.45004,46.60548],[15.06786,46.64159],[14.81286,46.59343],[14.52177,46.36873],[14.39295,46.43693],[14.11742,46.43292],[14.03665,46.48106],[13.5689,46.51043]]]}},{"type":"Feature","id":68,"properties":{"name":"Croatia","subjecto":"Croatia","partof":"Croatia","precision":3},"geometry":{"type":"MultiPolygon","coordinates":[[[[17.54798,42.92012],[17.6758,42.95771],[17.64567,43.05314],[17.53518,43.10838],[17.46989,43.15861],[17.38451,43.23394],[17.29411,43.2691],[17.25895,43.39465],[17.25895,43.44488],[17.21375,43.46999],[17.11331,43.50012],[17.01286,43.55537],[16.8421,43.71608],[16.74668,43.75124],[16.71152,43.77133],[16.70148,43.84666],[16.53574,44.00737],[16.46041,44.02244],[16.38507,44.04253],[16.33485,44.09275],[16.30974,44.148],[16.26956,44.19822],[16.19422,44.1932],[16.18418,44.25849],[16.1892,44.30369],[16.22436,44.3288],[16.15405,44.37902],[16.144,44.43427],[16.10382,44.49454],[16.03853,44.60001],[15.95818,44.68036],[15.91298,44.69543],[15.85773,44.71049],[15.81755,44.75067],[15.75729,44.78583],[15.74724,44.82601],[15.80249,44.85614],[15.78742,44.95156],[15.78742,44.98672],[15.76733,45.04699],[15.78742,45.12232],[15.8276,45.20268],[15.88284,45.22277],[16.02347,45.2077],[16.06867,45.15748],[16.13898,45.0721],[16.25449,45.01183],[16.34489,45.00179],[16.40014,45.09219],[16.46543,45.15748],[16.51063,45.2077],[16.60605,45.21775],[16.68139,45.20268],[16.83206,45.18761],[16.89232,45.24286],[16.9325,45.23783],[17.16855,45.15748],[17.19366,45.13237],[17.24388,45.14241],[17.28406,45.17757],[17.35437,45.13739],[17.42971,45.13237],[17.51509,45.10726],[17.66576,45.1173],[17.78629,45.07712],[17.8566,45.04699],[17.93194,45.08215],[17.98718,45.12232],[18.03741,45.12232],[18.08763,45.09219],[18.1479,45.0721],[18.20816,45.09219],[18.25839,45.12232],[18.3287,45.10223],[18.39399,45.10223],[18.42412,45.09219],[18.49444,45.05703],[18.53964,45.05201],[18.58484,45.09219],[18.65013,45.0721],[18.71542,45.04699],[18.72546,44.99676],[18.78071,44.99174],[18.8008,44.95156],[18.77568,44.90636],[18.84097,44.85112],[18.93137,44.84108],[19.05191,44.85614],[19.01675,44.89632],[19.04187,44.92645],[19.08204,44.91139],[19.12222,44.92645],[19.1172,44.96161],[19.10715,44.99676],[19.12222,45.03192],[19.10213,45.06206],[19.10213,45.13237],[19.13729,45.13237],[19.18249,45.17255],[19.16742,45.20268],[19.18751,45.2077],[19.21262,45.20268],[19.24276,45.18259],[19.27791,45.17757],[19.30805,45.18761],[19.34823,45.17255],[19.40849,45.16752],[19.42356,45.19263],[19.41854,45.22779],[19.35827,45.22779],[19.30302,45.23281],[19.26285,45.26797],[19.1624,45.26797],[19.10715,45.31317],[19.09209,45.34833],[19.01675,45.33828],[18.98662,45.3885],[19.00671,45.39855],[19.0268,45.41362],[19.01173,45.45882],[19.02178,45.49397],[19.04689,45.48393],[19.08204,45.48895],[19.06195,45.52913],[19.01675,45.5442],[18.95146,45.52913],[18.91631,45.55926],[18.92133,45.62455],[18.95648,45.64967],[18.95146,45.6798],[18.93137,45.69989],[18.94142,45.73504],[18.93137,45.78527],[18.90626,45.82544],[18.81606,45.88912],[18.551,45.79778],[18.05581,45.7627],[17.79441,45.80665],[17.2924,46.10868],[16.65675,46.38427],[16.56009,46.47294],[16.54425,46.47726],[16.49948,46.50982],[16.43436,46.5261],[16.35703,46.5261],[16.29191,46.52203],[16.26749,46.49354],[16.26749,46.46098],[16.27563,46.42028],[16.2797,46.38365],[16.25121,46.37958],[16.19016,46.38365],[16.14132,46.39993],[16.10062,46.37144],[16.08027,46.33481],[16.04364,46.30632],[16.00701,46.28597],[15.97039,46.2819],[15.89713,46.26562],[15.84422,46.24934],[15.79538,46.23306],[15.77096,46.21271],[15.70177,46.21678],[15.64479,46.18422],[15.6163,46.1598],[15.60816,46.12317],[15.62444,46.09061],[15.66107,46.0662],[15.68956,46.04177],[15.70991,46.02143],[15.71805,45.99293],[15.72619,45.95224],[15.70177,45.87491],[15.68142,45.83014],[15.63258,45.83014],[15.59595,45.83421],[15.55525,45.822],[15.50641,45.81793],[15.4535,45.79351],[15.4128,45.78537],[15.37617,45.77316],[15.3314,45.75281],[15.30698,45.72432],[15.2907,45.71211],[15.31512,45.70397],[15.34361,45.6999],[15.35582,45.68769],[15.3721,45.65513],[15.35175,45.62664],[15.30291,45.61036],[15.29884,45.59001],[15.31919,45.55338],[15.31919,45.52082],[15.33954,45.47605],[15.31512,45.44349],[15.28663,45.45163],[15.24186,45.43128],[15.18895,45.42314],[15.13197,45.43942],[15.10349,45.45163],[15.05872,45.48012],[15.01395,45.48012],[14.93255,45.51268],[14.92441,45.49233],[14.9122,45.47198],[14.86743,45.45977],[14.80638,45.45977],[14.7494,45.50861],[14.69242,45.51675],[14.68428,45.55745],[14.67207,45.56559],[14.64358,45.59001],[14.61916,45.60222],[14.61102,45.62664],[14.60695,45.65106],[14.59067,45.65513],[14.56218,45.64699],[14.5459,45.62257],[14.54183,45.61036],[14.50927,45.57373],[14.50113,45.5371],[14.47264,45.51675],[14.45229,45.50861],[14.4238,45.48419],[14.40752,45.48012],[14.29356,45.48012],[14.24473,45.49233],[14.19589,45.48012],[14.13077,45.47605],[14.086,45.48012],[14.02088,45.50454],[13.99646,45.50454],[13.99646,45.47198],[13.97611,45.45977],[13.95576,45.45163],[13.89471,45.4557],[13.8825,45.47198],[13.83366,45.46384],[13.82552,45.4557],[13.76447,45.44756],[13.73598,45.43942],[13.679,45.43128],[13.55628,45.4596],[13.52689,45.45431],[13.64359,45.17909],[13.67206,45.05036],[13.8951,44.75918],[13.99126,44.7831],[14.0604,44.8947],[14.18851,44.94255],[14.17461,45.01039],[14.23862,45.06235],[14.35449,45.32289],[14.52459,45.26628],[14.81539,45.07787],[14.94553,44.92659],[14.90696,44.72332],[14.98911,44.54003],[15.28594,44.32892],[15.54822,44.22935],[15.14947,44.23993],[15.41232,43.93476],[15.91284,43.65225],[16.05941,43.43348],[16.36675,43.51302],[16.54851,43.46131],[16.63981,43.38974],[16.99226,43.32272],[17.07509,43.22275],[17.54798,42.92012]]],[[[17.64638,42.8646],[18.00137,42.69446],[18.24871,42.52744],[18.51359,42.36214],[18.51426,42.40699],[18.50114,42.44823],[18.4643,42.4806],[18.44923,42.51575],[18.45928,42.55593],[18.45742,42.55779],[18.42914,42.58607],[18.38897,42.60113],[18.33372,42.61118],[18.27345,42.59611],[18.25336,42.62624],[18.11274,42.74176],[18.01732,42.74678],[17.93696,42.78194],[17.87167,42.82211],[17.84154,42.86229],[17.82145,42.89745],[17.7662,42.91251],[17.70594,42.91754],[17.64638,42.8646]]]]}},{"type":"Feature","id":69,"properties":{"name":"Serbia","subjecto":"Serbia","partof":"Serbia","precision":3},"geometry":{"type":"Polygon","coordinates":[[[22.694,44.26309],[22.50596,44.3466],[22.44057,44.4953],[22.58482,44.5856],[22.74237,44.58028],[22.6911,44.63872],[22.40953,44.7503],[22.2959,44.69185],[22.19941,44.56435],[22.1329,44.51123],[21.94651,44.61878],[21.8589,44.68122],[21.59185,44.70778],[21.58331,44.7928],[21.47765,44.7928],[21.36749,44.80875],[21.34425,44.88315],[21.42414,44.92547],[21.54577,44.95756],[21.43829,44.99479],[21.35578,45.02144],[21.41177,45.08694],[21.49739,45.14403],[21.46603,45.20802],[21.32854,45.26118],[21.07911,45.32453],[20.75869,45.53646],[20.78453,45.57609],[20.73826,45.62947],[20.77205,45.78963],[20.68109,45.80565],[20.59505,45.91247],[20.33922,45.99261],[20.31473,46.13151],[19.90642,46.16173],[19.50673,46.12713],[18.81606,45.88912],[18.90626,45.82544],[18.93137,45.78527],[18.94142,45.73504],[18.93137,45.69989],[18.95146,45.6798],[18.95648,45.64967],[18.92133,45.62455],[18.91631,45.55926],[18.95146,45.52913],[19.01675,45.5442],[19.06195,45.52913],[19.08204,45.48895],[19.04689,45.48393],[19.02178,45.49397],[19.01173,45.45882],[19.0268,45.41362],[19.00671,45.39855],[18.98662,45.3885],[19.01675,45.33828],[19.09209,45.34833],[19.10715,45.31317],[19.1624,45.26797],[19.26285,45.26797],[19.30302,45.23281],[19.35827,45.22779],[19.41854,45.22779],[19.42356,45.19263],[19.40849,45.16752],[19.34823,45.17255],[19.30805,45.18761],[19.27791,45.17757],[19.24276,45.18259],[19.21262,45.20268],[19.18751,45.2077],[19.16742,45.20268],[19.18249,45.17255],[19.13729,45.13237],[19.10213,45.13237],[19.10213,45.06206],[19.12222,45.03192],[19.10715,44.99676],[19.1172,44.96161],[19.12222,44.92645],[19.08204,44.91139],[19.04187,44.92645],[19.01675,44.89632],[19.05191,44.85614],[19.14733,44.90636],[19.21764,44.90636],[19.298,44.90134],[19.35325,44.8913],[19.36329,44.86116],[19.33818,44.81596],[19.32311,44.74063],[19.2528,44.64018],[19.18249,44.56987],[19.15235,44.53471],[19.12724,44.50961],[19.14231,44.4644],[19.14231,44.42422],[19.10715,44.39409],[19.1172,44.33382],[19.15235,44.28862],[19.22769,44.26351],[19.32311,44.26853],[19.3432,44.22333],[19.35827,44.17813],[19.42858,44.13795],[19.48383,44.1028],[19.524,44.06262],[19.58427,44.05257],[19.62445,44.03249],[19.59432,43.99733],[19.49387,43.93706],[19.39343,43.95715],[19.32814,43.98226],[19.28294,43.98729],[19.23773,43.99733],[19.28294,43.93204],[19.37836,43.87177],[19.51898,43.7211],[19.50894,43.57546],[19.48885,43.56541],[19.44365,43.57546],[19.40849,43.59555],[19.37836,43.61061],[19.3432,43.60559],[19.30302,43.55537],[19.22267,43.51017],[19.22267,43.46497],[19.32311,43.43985],[19.39343,43.39465],[19.46876,43.3595],[19.51898,43.30928],[19.56418,43.24398],[19.63952,43.18372],[19.66463,43.16865],[19.82534,43.12345],[19.87054,43.09834],[19.9057,43.09331],[19.93583,43.11341],[19.96597,43.10336],[20.00112,43.05816],[20.05637,43.01296],[20.07144,42.98283],[20.10659,42.96274],[20.15681,42.97278],[20.18193,42.95269],[20.24219,42.9326],[20.31753,42.90247],[20.36273,42.85727],[20.36775,42.81709],[20.32757,42.81207],[20.2673,42.80202],[20.22713,42.78194],[20.21708,42.7518],[20.19197,42.73673],[20.11664,42.7518],[20.05134,42.75682],[20.00112,42.74176],[19.99108,42.70158],[20.01619,42.67647],[20.06139,42.67647],[20.09655,42.64633],[20.09655,42.6162],[20.04705,42.48752],[20.073,42.48589],[20.24518,42.3198],[20.57498,41.92991],[20.58297,41.88071],[20.64562,41.8586],[20.73047,41.8586],[20.7631,41.89776],[20.77615,41.93039],[20.7631,41.98913],[20.78921,42.06419],[20.82837,42.09029],[20.92953,42.1164],[21.04048,42.1425],[21.09269,42.16861],[21.12858,42.19798],[21.16774,42.16534],[21.22648,42.13924],[21.2689,42.09029],[21.32112,42.09029],[21.33417,42.1164],[21.30806,42.14903],[21.35701,42.17514],[21.42554,42.22082],[21.49407,42.25998],[21.57239,42.2404],[21.60176,42.24366],[21.68986,42.2404],[21.75839,42.23387],[21.85629,42.32198],[21.88566,42.31219],[21.93134,42.29261],[21.9705,42.3024],[22.00966,42.32198],[22.05535,42.29914],[22.08145,42.30566],[22.13367,42.31546],[22.27072,42.33503],[22.30336,42.34809],[22.32924,42.34032],[22.33493,42.43403],[22.3384,42.66535],[22.44947,42.80094],[22.79225,42.95067],[22.92782,43.08643],[22.91516,43.1764],[22.31809,43.68146],[22.29336,43.80363],[22.37391,43.93929],[22.54654,44.10768],[22.694,44.26309]]]}},{"type":"Feature","id":70,"properties":{"name":"Uzbekistan","subjecto":"Uzbekistan","partof":"Uzbekistan","precision":3},"geometry":{"type":"Polygon","coordinates":[[[67.77927,36.94079],[67.94784,37.32007],[67.91954,37.48983],[68.0893,37.65958],[68.21662,37.88593],[68.44297,38.04154],[68.51371,38.14057],[68.45712,38.26789],[68.24491,38.40935],[68.18833,38.59326],[68.20248,38.80545],[68.25907,38.90448],[68.20248,39.00351],[68.04686,39.00351],[67.84881,39.01765],[67.77808,39.08839],[67.62247,39.17326],[67.5093,39.30058],[67.56588,39.51278],[67.77808,39.6401],[68.06102,39.58351],[68.542,39.54108],[68.66931,39.62595],[68.6976,39.80986],[68.81078,39.88059],[68.89566,39.88059],[68.9098,40.0362],[68.99469,40.0645],[69.10785,40.09279],[69.05127,40.13523],[68.81078,40.12108],[68.6976,40.17767],[68.92395,40.22011],[69.17859,40.26255],[69.39079,40.22011],[69.41908,40.27669],[69.43323,40.43231],[69.34835,40.57377],[69.47567,40.71524],[69.46152,40.81427],[69.61713,40.81427],[69.71616,40.74353],[69.82933,40.64451],[69.92836,40.71524],[70.23958,40.80012],[70.45178,40.95573],[70.55081,41.0689],[70.74886,40.89914],[70.86203,40.78597],[70.77715,40.68695],[70.59324,40.53133],[70.48007,40.47475],[70.53665,40.38987],[70.64983,40.36158],[70.73471,40.23426],[70.91861,40.2484],[71.07405,40.24603],[71.09264,40.2902],[71.23617,40.25708],[71.34658,40.2902],[71.44595,40.30124],[71.57844,40.25708],[71.72198,40.21291],[71.83239,40.14666],[71.93176,40.23499],[72.05321,40.25708],[72.15258,40.3454],[72.30715,40.43373],[72.38444,40.45581],[72.52797,40.45581],[72.52797,40.52206],[72.50589,40.59935],[72.6163,40.57726],[72.83712,40.56622],[72.93649,40.63247],[73.02481,40.69871],[73.24563,40.79808],[73.16835,40.85329],[72.95857,40.86433],[72.72671,40.89745],[72.6163,40.98578],[72.47277,41.05202],[72.31819,41.04098],[72.30715,41.08515],[72.27403,41.19556],[72.20778,41.18452],[72.03112,41.19556],[72.00904,41.26181],[71.93176,41.3943],[71.84342,41.47158],[71.7551,41.51575],[71.74406,41.40534],[71.65573,41.31701],[71.55636,41.33909],[71.53428,41.16244],[71.09264,41.16244],[70.92703,41.28389],[70.84974,41.38325],[70.80558,41.48262],[70.61788,41.41638],[70.55163,41.47158],[70.41914,41.50471],[70.28665,41.52679],[70.29769,41.58199],[70.37497,41.62616],[70.57371,41.75865],[70.66204,41.8249],[70.79454,41.90218],[70.92703,41.92427],[70.96015,42.01259],[71.05952,42.03468],[71.39075,42.18925],[71.19201,42.29966],[71.03527,42.24306],[70.89032,42.22892],[70.72056,42.05916],[70.59324,42.11575],[70.49422,42.08746],[70.3386,41.96014],[70.09812,41.74794],[69.7586,41.66306],[69.3342,41.4933],[69.20688,41.40842],[69.10785,41.19622],[68.9098,41.11134],[68.68346,40.91329],[68.75419,40.72938],[68.6976,40.64451],[68.40053,40.64451],[68.20248,40.80012],[68.23077,40.92744],[68.20248,41.05476],[68.00443,41.19622],[67.84881,41.19622],[67.39613,41.15378],[67.0849,41.13964],[66.85855,41.16793],[66.70294,41.64891],[66.60392,42.01672],[66.15123,42.01672],[66.13708,42.35624],[66.22196,42.54014],[66.23611,43.00698],[65.93903,42.86551],[65.64196,43.3182],[65.37317,43.41723],[65.0478,43.7426],[64.55267,43.5587],[63.30777,43.64357],[62.14775,43.48796],[61.24238,44.23773],[58.6677,45.58165],[56.12133,45.00164],[56.09652,41.32354],[56.55987,41.29525],[57.18232,41.30939],[57.23891,41.45086],[57.09744,41.63477],[57.12573,41.91769],[57.35208,42.1016],[57.57842,42.21477],[57.86135,42.21477],[57.98867,42.27136],[58.0877,42.42697],[58.14428,42.48356],[58.2716,42.48356],[58.54039,42.35624],[58.45551,42.526],[58.34233,42.63917],[58.59697,42.7099],[58.68185,42.73819],[58.89405,42.69575],[59.17698,42.526],[59.33259,42.51185],[59.43162,42.37038],[59.74284,42.32795],[59.98333,42.28551],[60.09651,42.18648],[60.11065,42.08746],[60.11065,41.98843],[60.3087,41.86111],[60.22383,41.79037],[60.20968,41.7055],[60.29456,41.60647],[60.22383,41.52159],[60.18138,41.42257],[60.49261,41.2811],[60.63407,41.21037],[60.86042,41.25281],[61.05847,41.26695],[61.29896,41.21037],[61.49702,41.23866],[61.58189,41.30939],[61.978,41.19622],[62.07702,41.02646],[62.13361,40.77182],[62.31752,40.50304],[62.44483,40.41816],[62.52971,40.22011],[62.52971,40.09279],[63.15216,39.65425],[63.68973,39.38546],[63.85948,39.18741],[64.31217,38.96107],[64.45364,38.98936],[64.87804,38.72058],[65.13268,38.62155],[65.64196,38.35276],[65.81171,38.23959],[66.02391,38.26789],[66.27854,38.18301],[66.51904,38.05569],[66.74538,38.01325],[66.71709,37.91422],[66.64636,37.80105],[66.67465,37.57471],[66.63383,37.24811],[66.67659,37.24093],[66.9677,37.23619],[67.51532,37.21378],[67.62175,37.15709],[67.77927,36.94079]]]}},{"type":"Feature","id":71,"properties":{"name":"Bosnia and Herzegovina","subjecto":"Bosnia and Herzegovina","partof":"Bosnia and Herzegovina","precision":3},"geometry":{"type":"Polygon","coordinates":[[[17.64638,42.8646],[17.70594,42.91754],[17.7662,42.91251],[17.82145,42.89745],[17.84154,42.86229],[17.87167,42.82211],[17.93696,42.78194],[18.01732,42.74678],[18.11274,42.74176],[18.25336,42.62624],[18.27345,42.59611],[18.33372,42.61118],[18.38897,42.60113],[18.42914,42.58607],[18.45742,42.55779],[18.53964,42.60616],[18.57981,42.64633],[18.55972,42.69153],[18.52457,42.73171],[18.49444,42.78194],[18.48941,42.80202],[18.47937,42.91754],[18.48439,42.97781],[18.52959,43.01798],[18.57981,43.02803],[18.64008,43.03305],[18.66519,43.05816],[18.66017,43.10336],[18.6451,43.14354],[18.69533,43.18874],[18.73551,43.27412],[18.81084,43.30928],[18.86608,43.33439],[18.92133,43.32936],[18.94644,43.30928],[18.97155,43.2691],[19.01173,43.24398],[19.06195,43.24398],[19.08707,43.28918],[19.06195,43.33439],[19.00671,43.40972],[18.96653,43.45492],[18.96151,43.49008],[18.99666,43.51519],[19.04689,43.53026],[19.07702,43.51017],[19.12724,43.50012],[19.19756,43.52523],[19.22267,43.51017],[19.30302,43.55537],[19.3432,43.60559],[19.37836,43.61061],[19.40849,43.59555],[19.44365,43.57546],[19.48885,43.56541],[19.50894,43.57546],[19.51898,43.7211],[19.37836,43.87177],[19.28294,43.93204],[19.23773,43.99733],[19.28294,43.98729],[19.32814,43.98226],[19.39343,43.95715],[19.49387,43.93706],[19.59432,43.99733],[19.62445,44.03249],[19.58427,44.05257],[19.524,44.06262],[19.48383,44.1028],[19.42858,44.13795],[19.35827,44.17813],[19.3432,44.22333],[19.32311,44.26853],[19.22769,44.26351],[19.15235,44.28862],[19.1172,44.33382],[19.10715,44.39409],[19.14231,44.42422],[19.14231,44.4644],[19.12724,44.50961],[19.15235,44.53471],[19.18249,44.56987],[19.2528,44.64018],[19.32311,44.74063],[19.33818,44.81596],[19.36329,44.86116],[19.35325,44.8913],[19.298,44.90134],[19.21764,44.90636],[19.14733,44.90636],[19.05191,44.85614],[18.93137,44.84108],[18.84097,44.85112],[18.77568,44.90636],[18.8008,44.95156],[18.78071,44.99174],[18.72546,44.99676],[18.71542,45.04699],[18.65013,45.0721],[18.58484,45.09219],[18.53964,45.05201],[18.49444,45.05703],[18.42412,45.09219],[18.39399,45.10223],[18.3287,45.10223],[18.25839,45.12232],[18.20816,45.09219],[18.1479,45.0721],[18.08763,45.09219],[18.03741,45.12232],[17.98718,45.12232],[17.93194,45.08215],[17.8566,45.04699],[17.78629,45.07712],[17.66576,45.1173],[17.51509,45.10726],[17.42971,45.13237],[17.35437,45.13739],[17.28406,45.17757],[17.24388,45.14241],[17.19366,45.13237],[17.16855,45.15748],[16.9325,45.23783],[16.89232,45.24286],[16.83206,45.18761],[16.68139,45.20268],[16.60605,45.21775],[16.51063,45.2077],[16.46543,45.15748],[16.40014,45.09219],[16.34489,45.00179],[16.25449,45.01183],[16.13898,45.0721],[16.06867,45.15748],[16.02347,45.2077],[15.88284,45.22277],[15.8276,45.20268],[15.78742,45.12232],[15.76733,45.04699],[15.78742,44.98672],[15.78742,44.95156],[15.80249,44.85614],[15.74724,44.82601],[15.75729,44.78583],[15.81755,44.75067],[15.85773,44.71049],[15.91298,44.69543],[15.95818,44.68036],[16.03853,44.60001],[16.10382,44.49454],[16.144,44.43427],[16.15405,44.37902],[16.22436,44.3288],[16.1892,44.30369],[16.18418,44.25849],[16.19422,44.1932],[16.26956,44.19822],[16.30974,44.148],[16.33485,44.09275],[16.38507,44.04253],[16.46041,44.02244],[16.53574,44.00737],[16.70148,43.84666],[16.71152,43.77133],[16.74668,43.75124],[16.8421,43.71608],[17.01286,43.55537],[17.11331,43.50012],[17.21375,43.46999],[17.25895,43.44488],[17.25895,43.39465],[17.29411,43.2691],[17.38451,43.23394],[17.46989,43.15861],[17.53518,43.10838],[17.64567,43.05314],[17.6758,42.95771],[17.54798,42.92012],[17.59568,42.8889],[17.64638,42.8646]]]}},{"type":"Feature","id":72,"properties":{"name":"Bulgaria","subjecto":"Bulgaria","partof":"Bulgaria","precision":3},"geometry":{"type":"Polygon","coordinates":[[[22.32924,42.34032],[22.32635,42.29267],[22.38622,42.19667],[22.68618,42.06347],[22.84723,41.89104],[22.94849,41.67981],[22.94604,41.45527],[22.89909,41.32034],[22.92024,41.23069],[22.96098,41.24373],[23.79562,41.33169],[24.15541,41.44909],[24.41806,41.4762],[25.08091,41.24898],[25.35932,41.15436],[25.53368,41.16813],[26.03642,41.2927],[26.0752,41.40833],[26.03179,41.55561],[26.18629,41.65268],[26.34988,41.64075],[26.57384,41.84088],[26.85712,42.0093],[27.08069,42.02978],[27.31794,41.97973],[27.91795,41.97767],[27.91341,42.0781],[27.73771,42.247],[27.72253,42.31622],[27.60787,42.41678],[27.4947,42.4009],[27.50195,42.51635],[27.65404,42.68374],[27.83616,42.73552],[27.86991,42.79988],[27.88732,43.06353],[28.03464,43.3919],[28.18706,43.45012],[28.3281,43.43753],[28.44569,43.47636],[28.48054,43.59228],[28.51011,43.74308],[28.20829,43.7972],[27.60274,43.94841],[27.37142,44.05017],[27.23873,44.06878],[26.93709,44.23461],[26.68438,44.25255],[26.40621,44.15442],[25.54909,43.8073],[25.37811,43.78062],[24.75502,43.93819],[24.62035,43.9439],[24.30952,43.82631],[24.15637,43.81261],[23.6383,43.99007],[23.41089,43.99092],[23.06406,43.90602],[22.94438,43.89541],[22.92311,43.98032],[23.02826,44.12361],[22.87038,44.17139],[22.694,44.26309],[22.54654,44.10768],[22.37391,43.93929],[22.29336,43.80363],[22.31809,43.68146],[22.91516,43.1764],[22.92782,43.08643],[22.79225,42.95067],[22.44947,42.80094],[22.3384,42.66535],[22.33493,42.43403],[22.32924,42.34032]]]}},{"type":"Feature","id":73,"properties":{"name":"Spain","subjecto":"Spain","partof":"Spain","precision":3},"geometry":{"type":"MultiPolygon","coordinates":[[[[1.212,38.898],[1.223,38.874],[1.246,38.86],[1.253,38.859],[1.271,38.878],[1.277,38.88],[1.346,38.871],[1.353,38.868],[1.362,38.861],[1.368,38.851],[1.372,38.831],[1.406,38.846],[1.532,38.952],[1.615,39.028],[1.609,39.081],[1.605,39.092],[1.601,39.096],[1.546,39.118],[1.52,39.118],[1.363,39.073],[1.329,39.055],[1.294,39.031],[1.228,38.948],[1.212,38.898]]],[[[3.372,39.549],[3.378,39.553],[3.464,39.661],[3.48,39.711],[3.48,39.722],[3.44,39.75],[3.383,39.773],[3.344,39.776],[3.324,39.759],[3.275,39.738],[3.261,39.734],[3.241,39.736],[3.181,39.76],[3.152,39.776],[3.138,39.787],[3.124,39.812],[3.089,39.886],[3.092,39.901],[3.097,39.911],[3.071,39.922],[2.988,39.911],[2.778,39.845],[2.684,39.794],[2.539,39.7],[2.386,39.613],[2.364,39.556],[2.389,39.525],[2.437,39.522],[2.543,39.52],[2.546,39.525],[2.656,39.564],[2.663,39.564],[2.694,39.552],[2.732,39.527],[2.754,39.508],[2.755,39.502],[2.753,39.497],[2.746,39.495],[2.728,39.473],[2.743,39.412],[2.746,39.406],[2.755,39.392],[2.786,39.365],[2.83,39.353],[2.986,39.319],[3.029,39.283],[3.057,39.263],[3.064,39.264],[3.082,39.273],[3.242,39.364],[3.267,39.413],[3.288,39.467],[3.306,39.502],[3.32,39.521],[3.332,39.526],[3.372,39.549]]],[[[4.088,39.891],[4.091,39.885],[4.116,39.868],[4.238,39.816],[4.263,39.809],[4.276,39.806],[4.289,39.807],[4.3,39.814],[4.314,39.832],[4.317,39.846],[4.316,39.879],[4.273,39.961],[4.241,39.994],[4.174,40.05],[4.122,40.056],[3.938,40.059],[3.868,40.058],[3.836,40.056],[3.831,40.053],[3.797,40.017],[3.827,39.922],[3.885,39.92],[3.938,39.932],[3.966,39.934],[4.029,39.92],[4.041,39.916],[4.08,39.899],[4.085,39.896],[4.088,39.891]]],[[[1.39,38.643],[1.444,38.683],[1.457,38.687],[1.494,38.676],[1.505,38.669],[1.518,38.657],[1.531,38.654],[1.569,38.654],[1.576,38.656],[1.588,38.667],[1.587,38.672],[1.578,38.688],[1.573,38.691],[1.445,38.741],[1.399,38.738],[1.383,38.721],[1.386,38.648],[1.39,38.643]]],[[[-1.91458,43.30542],[-2.06564,43.33327],[-2.36738,43.32624],[-2.76836,43.53788],[-3.00721,43.55027],[-3.19597,43.44688],[-3.417,43.37565],[-3.84761,43.43916],[-4.11022,43.45151],[-4.80234,43.46944],[-5.2249,43.50725],[-5.53742,43.57745],[-5.82045,43.70569],[-5.97966,43.70538],[-6.20805,43.64052],[-6.46757,43.56272],[-6.80798,43.52342],[-7.1513,43.55494],[-7.63627,43.72141],[-7.97953,43.74005],[-8.22022,43.61721],[-8.2507,43.43043],[-8.31041,43.35305],[-8.84922,43.32624],[-9.01359,43.28086],[-9.19747,43.15821],[-9.2708,43.04869],[-9.24686,42.90078],[-9.17312,42.8559],[-8.94172,42.8242],[-8.80505,42.63156],[-8.64406,42.41975],[-8.79857,42.19453],[-8.86049,42.01453],[-8.80606,41.88918],[-8.40505,42.00214],[-8.15726,42.08704],[-7.91856,41.88917],[-7.09844,41.86795],[-6.85952,41.98491],[-6.7087,41.96004],[-6.58608,41.85792],[-6.51843,41.7491],[-6.1395,41.52644],[-6.11154,41.41746],[-6.24115,41.32048],[-6.79663,41.09283],[-6.83445,41.06054],[-6.85717,40.86158],[-6.82486,40.65657],[-6.88417,40.21403],[-6.85868,39.79192],[-6.87832,39.7024],[-7.0842,39.59907],[-7.30126,39.57871],[-7.431,39.52052],[-7.21144,39.29821],[-6.93338,38.96135],[-7.08942,38.7945],[-7.31734,38.49963],[-7.39388,38.29499],[-7.0281,38.23958],[-6.84478,38.10021],[-7.24251,37.8109],[-7.35144,37.64444],[-7.4915,37.20816],[-7.22782,37.22586],[-7.0101,37.16526],[-6.94795,37.14931],[-6.63215,37.02175],[-6.42171,36.79216],[-6.50049,36.71883],[-6.44403,36.62318],[-6.28888,36.57218],[-6.30497,36.45422],[-6.20446,36.2821],[-5.85001,36.07174],[-5.66059,36.00801],[-5.48549,36.06537],[-5.48793,36.17372],[-5.45709,36.16736],[-5.42426,36.07174],[-5.38675,36.10998],[-5.37423,36.23748],[-5.21674,36.4096],[-4.7573,36.48611],[-4.44659,36.72202],[-2.96979,36.74115],[-2.91533,36.69014],[-2.7615,36.69014],[-2.62433,36.8113],[-2.3551,36.82405],[-2.2388,36.7284],[-1.94048,36.9516],[-1.81688,37.29248],[-1.62571,37.43949],[-1.36457,37.54839],[-0.91827,37.57034],[-0.80256,37.61501],[-0.87234,37.7598],[-0.66473,38.17657],[-0.56413,38.21487],[-0.43516,38.43034],[-0.107,38.5915],[0.17257,38.73835],[0.12612,38.82135],[-0.1657,38.95406],[-0.2359,39.0624],[-0.39485,39.43446],[-0.28452,39.63677],[-0.16063,39.88602],[0.23793,40.2402],[0.50514,40.59276],[0.78756,40.65689],[0.82713,40.72742],[0.70978,40.78515],[0.73375,40.87495],[0.8792,41.02174],[1.31124,41.15725],[1.60983,41.20916],[2.08072,41.29849],[2.20059,41.44615],[2.62826,41.61954],[3.12888,41.85723],[3.15655,42.07572],[3.08629,42.12072],[3.08708,42.36864],[2.9365,42.40964],[2.59927,42.34814],[2.58151,42.28666],[2.36317,42.29349],[2.17111,42.38232],[1.99367,42.30716],[1.9721,42.37683],[1.91263,42.45394],[1.72125,42.50624],[1.71889,42.50305],[1.65444,42.46777],[1.54167,42.43722],[1.51222,42.43639],[1.45472,42.44167],[1.42417,42.49333],[1.42139,42.54583],[1.44583,42.60194],[1.45437,42.6129],[1.43691,42.63422],[0.7442,42.77189],[0.58414,42.77189],[0.59192,42.62833],[0.34784,42.63517],[0.19627,42.60783],[0.17955,42.66252],[-0.16563,42.64884],[-0.21614,42.7172],[-0.40991,42.78557],[-0.46884,42.75139],[-0.58679,42.76506],[-0.61198,42.73088],[-0.84002,42.90865],[-0.90735,42.8813],[-1.39727,43.03176],[-1.44755,42.98388],[-1.51513,42.99756],[-1.55767,43.04543],[-1.46565,43.15489],[-1.49138,43.20962],[-1.70239,43.19594],[-1.91458,43.30542]]],[[[-13.8084,29.04859],[-14.14702,28.39104],[-14.50982,28.05005],[-13.88096,28.19937],[-13.78422,28.87929],[-13.42141,29.09087],[-13.51816,29.42848],[-13.8084,29.04859]]],[[[-15.21124,27.90053],[-15.40474,28.19937],[-15.57405,28.17805],[-15.91267,27.90053],[-15.57405,27.72939],[-15.21124,27.90053]]],[[[-16.08197,28.53988],[-16.88014,28.32719],[-17.29132,28.2846],[-17.33969,28.0287],[-16.63827,28.05005],[-16.22709,28.36976],[-16.08197,28.53988]]]]}},{"type":"Feature","id":74,"properties":{"name":"Georgia","subjecto":"Georgia","partof":"Georgia","precision":3},"geometry":{"type":"Polygon","coordinates":[[[40.09806,43.37755],[40.25162,43.26818],[40.55709,43.14659],[40.96934,43.07666],[41.12255,43.01909],[41.40974,42.78824],[41.50272,42.60848],[41.65184,42.12064],[41.68047,41.79334],[41.66611,41.72915],[41.52111,41.46584],[41.48396,41.43654],[42.02904,41.39981],[42.25011,41.36897],[42.35152,41.40158],[42.69378,41.56372],[42.87842,41.54551],[43.47534,41.08737],[43.48927,41.07473],[43.65894,41.12321],[43.79723,41.11257],[43.93551,41.15512],[44.12698,41.16576],[44.30781,41.21894],[44.57375,41.19767],[44.83968,41.24022],[45.00988,41.26149],[45.14101,41.30404],[45.329,41.44233],[45.43537,41.44233],[45.64812,41.43169],[45.79704,41.34659],[45.88214,41.25085],[46.16934,41.16576],[46.29699,41.18703],[46.38209,41.1764],[46.44591,41.14448],[46.56293,41.05938],[46.6693,41.08066],[46.77567,41.12321],[46.81822,41.27213],[46.76504,41.36787],[46.48846,41.44233],[46.39273,41.58061],[46.32891,41.69762],[46.37146,41.72953],[46.43528,41.79336],[46.55578,41.87846],[46.4991,41.96355],[46.39273,41.99547],[46.28636,41.98483],[46.15871,42.0061],[46.0417,42.04865],[45.91405,42.12312],[45.75449,42.25076],[45.80768,42.38905],[45.86086,42.47415],[45.80768,42.53797],[45.64812,42.54861],[45.47792,42.54861],[45.38219,42.62307],[45.29708,42.67625],[45.20135,42.67625],[45.13753,42.7188],[45.03115,42.77199],[44.97797,42.77199],[44.93542,42.74008],[44.87159,42.66562],[44.78649,42.72944],[44.66948,42.76135],[44.50992,42.76135],[44.41419,42.72944],[44.29718,42.61243],[44.16953,42.61243],[44.05252,42.55925],[43.95679,42.59116],[43.83977,42.64434],[43.86105,42.69753],[43.92487,42.75072],[43.78659,42.8039],[43.68021,42.85709],[43.52066,42.889],[43.28664,42.94219],[43.15899,43.03793],[43.11644,43.10175],[42.95688,43.17621],[42.82923,43.15493],[42.74413,43.15493],[42.5633,43.2294],[42.31864,43.2294],[42.12717,43.18685],[41.98888,43.18685],[41.82932,43.20812],[41.69104,43.24003],[41.57403,43.28258],[41.47829,43.35704],[41.23363,43.35704],[41.14854,43.37832],[40.93579,43.48469],[40.80814,43.52724],[40.4252,43.54851],[40.39329,43.56979],[40.26564,43.59106],[40.14863,43.5166],[40.09806,43.37755]]]}},{"type":"Feature","id":75,"properties":{"name":"Montenegro","subjecto":"Montenegro","partof":"Montenegro","precision":3},"geometry":{"type":"Polygon","coordinates":[[[19.36771,41.84637],[19.36866,42.00034],[19.30881,42.19265],[19.43462,42.42457],[19.5577,42.54733],[19.88456,42.49771],[20.04705,42.48752],[20.09655,42.6162],[20.09655,42.64633],[20.06139,42.67647],[20.01619,42.67647],[19.99108,42.70158],[20.00112,42.74176],[20.05134,42.75682],[20.11664,42.7518],[20.19197,42.73673],[20.21708,42.7518],[20.22713,42.78194],[20.2673,42.80202],[20.32757,42.81207],[20.36775,42.81709],[20.36273,42.85727],[20.31753,42.90247],[20.24219,42.9326],[20.18193,42.95269],[20.15681,42.97278],[20.10659,42.96274],[20.07144,42.98283],[20.05637,43.01296],[20.00112,43.05816],[19.96597,43.10336],[19.93583,43.11341],[19.9057,43.09331],[19.87054,43.09834],[19.82534,43.12345],[19.66463,43.16865],[19.63952,43.18372],[19.56418,43.24398],[19.51898,43.30928],[19.46876,43.3595],[19.39343,43.39465],[19.32311,43.43985],[19.22267,43.46497],[19.22267,43.51017],[19.19756,43.52523],[19.12724,43.50012],[19.07702,43.51017],[19.04689,43.53026],[18.99666,43.51519],[18.96151,43.49008],[18.96653,43.45492],[19.00671,43.40972],[19.06195,43.33439],[19.08707,43.28918],[19.06195,43.24398],[19.01173,43.24398],[18.97155,43.2691],[18.94644,43.30928],[18.92133,43.32936],[18.86608,43.33439],[18.81084,43.30928],[18.73551,43.27412],[18.69533,43.18874],[18.6451,43.14354],[18.66017,43.10336],[18.66519,43.05816],[18.64008,43.03305],[18.57981,43.02803],[18.52959,43.01798],[18.48439,42.97781],[18.47937,42.91754],[18.48941,42.80202],[18.49444,42.78194],[18.52457,42.73171],[18.55972,42.69153],[18.57981,42.64633],[18.53964,42.60616],[18.45742,42.55779],[18.45928,42.55593],[18.44923,42.51575],[18.4643,42.4806],[18.50114,42.44823],[18.51426,42.40699],[18.51359,42.36214],[18.52864,42.35274],[18.9099,42.21779],[19.13554,41.99954],[19.14304,41.93209],[19.33847,41.86202],[19.36771,41.84637]]]}},{"type":"Feature","id":76,"properties":{"name":"Kyrgyzstan","subjecto":"Kyrgyzstan","partof":"Kyrgyzstan","precision":3},"geometry":{"type":"Polygon","coordinates":[[[71.07405,40.24603],[70.93807,40.17979],[70.73933,40.09146],[70.72829,39.98105],[70.63996,39.98105],[70.5958,40.05834],[70.36393,40.14666],[70.13208,40.21291],[69.69043,40.12458],[69.63523,40.12458],[69.59107,40.00313],[69.61315,39.9148],[69.52482,39.88168],[69.48065,39.98105],[69.39233,39.89272],[69.34816,39.78231],[69.39233,39.66086],[69.41441,39.59462],[69.46962,39.55045],[69.7346,39.56149],[69.98854,39.56149],[70.29769,39.57253],[70.38602,39.53941],[70.60684,39.60566],[70.77245,39.56149],[70.83869,39.50629],[70.87182,39.41796],[71.04848,39.38483],[71.18097,39.40692],[71.16992,39.50629],[71.3245,39.52837],[71.52324,39.58357],[71.62261,39.57253],[71.64469,39.50629],[71.78823,39.45108],[71.84342,39.46212],[71.86551,39.38483],[71.89863,39.28547],[72.04216,39.36275],[72.20778,39.37379],[72.28507,39.23026],[72.37339,39.23026],[72.45069,39.29651],[72.82608,39.39588],[73.12419,39.36275],[73.36708,39.36275],[73.52166,39.44004],[73.67623,39.48421],[73.76456,39.45108],[73.82708,39.78373],[73.88494,39.87966],[74.00865,39.9632],[74.64845,40.27985],[75.43,40.61024],[75.5917,40.62392],[75.61861,40.59209],[75.70093,40.33678],[75.85559,40.31206],[76.0836,40.37724],[76.48164,40.43697],[76.60213,40.54635],[76.81067,40.89929],[77.0204,41.11162],[77.12774,41.12502],[77.6892,41.0193],[77.89607,41.02684],[78.11065,41.07281],[78.40126,41.22802],[78.68827,41.54332],[78.87063,41.67883],[79.07109,41.74398],[79.67309,41.90105],[80.10928,41.99955],[80.25599,42.08367],[80.27875,42.1543],[80.2647,42.24144],[80.08001,42.41007],[79.87023,42.45423],[79.57212,42.45423],[79.4838,42.57568],[79.36235,42.64193],[79.2961,42.7965],[79.04216,42.77442],[78.60052,42.88483],[78.30241,42.85171],[77.69516,42.86275],[77.39705,42.90691],[77.07686,43.00628],[76.72354,42.94004],[76.38127,42.94004],[75.99485,42.929],[75.79611,42.80754],[75.5532,42.85171],[75.14469,42.94004],[74.81346,43.05045],[74.47119,43.1719],[74.2062,43.20502],[73.89705,43.14981],[73.68727,42.9842],[73.57686,42.65297],[73.58791,42.45423],[73.43333,42.50944],[73.06898,42.56464],[72.75983,42.65297],[72.36235,42.76338],[71.96488,42.82963],[71.66677,42.78546],[71.33554,42.73026],[71.19201,42.56464],[71.01535,42.36591],[71.03527,42.24306],[71.19201,42.29966],[71.39075,42.18925],[71.05952,42.03468],[70.96015,42.01259],[70.92703,41.92427],[70.79454,41.90218],[70.66204,41.8249],[70.57371,41.75865],[70.37497,41.62616],[70.29769,41.58199],[70.28665,41.52679],[70.41914,41.50471],[70.55163,41.47158],[70.61788,41.41638],[70.80558,41.48262],[70.84974,41.38325],[70.92703,41.28389],[71.09264,41.16244],[71.53428,41.16244],[71.55636,41.33909],[71.65573,41.31701],[71.74406,41.40534],[71.7551,41.51575],[71.84342,41.47158],[71.93176,41.3943],[72.00904,41.26181],[72.03112,41.19556],[72.20778,41.18452],[72.27403,41.19556],[72.30715,41.08515],[72.31819,41.04098],[72.47277,41.05202],[72.6163,40.98578],[72.72671,40.89745],[72.95857,40.86433],[73.16835,40.85329],[73.24563,40.79808],[73.02481,40.69871],[72.93649,40.63247],[72.83712,40.56622],[72.6163,40.57726],[72.50589,40.59935],[72.52797,40.52206],[72.52797,40.45581],[72.38444,40.45581],[72.30715,40.43373],[72.15258,40.3454],[72.05321,40.25708],[71.93176,40.23499],[71.83239,40.14666],[71.72198,40.21291],[71.57844,40.25708],[71.44595,40.30124],[71.34658,40.2902],[71.23617,40.25708],[71.09264,40.2902],[71.07405,40.24603]]]}},{"type":"Feature","id":77,"properties":{"name":"Turkmenistan","subjecto":"Turkmenistan","partof":"Turkmenistan","precision":3},"geometry":{"type":"Polygon","coordinates":[[[61.22134,35.58162],[61.30818,35.53123],[61.72973,35.44456],[62.1795,35.28811],[62.43746,35.2514],[62.67759,35.26546],[62.96358,35.40061],[63.06273,35.49019],[63.06298,35.70007],[63.1166,35.78941],[63.37228,35.86081],[64.26583,36.17114],[64.49449,36.28057],[64.54072,36.33809],[64.63213,36.78402],[64.82598,37.14788],[65.33692,37.23984],[65.52441,37.33001],[65.72473,37.49028],[65.97913,37.358],[66.63383,37.24811],[66.67465,37.57471],[66.64636,37.80105],[66.71709,37.91422],[66.74538,38.01325],[66.51904,38.05569],[66.27854,38.18301],[66.02391,38.26789],[65.81171,38.23959],[65.64196,38.35276],[65.13268,38.62155],[64.87804,38.72058],[64.45364,38.98936],[64.31217,38.96107],[63.85948,39.18741],[63.68973,39.38546],[63.15216,39.65425],[62.52971,40.09279],[62.52971,40.22011],[62.44483,40.41816],[62.31752,40.50304],[62.13361,40.77182],[62.07702,41.02646],[61.978,41.19622],[61.58189,41.30939],[61.49702,41.23866],[61.29896,41.21037],[61.05847,41.26695],[60.86042,41.25281],[60.63407,41.21037],[60.49261,41.2811],[60.18138,41.42257],[60.22383,41.52159],[60.29456,41.60647],[60.20968,41.7055],[60.22383,41.79037],[60.3087,41.86111],[60.11065,41.98843],[60.11065,42.08746],[60.09651,42.18648],[59.98333,42.28551],[59.74284,42.32795],[59.43162,42.37038],[59.33259,42.51185],[59.17698,42.526],[58.89405,42.69575],[58.68185,42.73819],[58.59697,42.7099],[58.34233,42.63917],[58.45551,42.526],[58.54039,42.35624],[58.2716,42.48356],[58.14428,42.48356],[58.0877,42.42697],[57.98867,42.27136],[57.86135,42.21477],[57.57842,42.21477],[57.35208,42.1016],[57.12573,41.91769],[57.09744,41.63477],[57.23891,41.45086],[57.18232,41.30939],[56.55987,41.29525],[56.09652,41.32354],[56.02531,41.32973],[55.87207,41.28184],[55.65177,41.26268],[55.45064,41.37762],[55.1633,41.69369],[55.04837,41.92356],[54.77061,42.09596],[54.46411,42.26836],[54.23424,42.37372],[53.79366,42.33541],[53.21899,42.20132],[52.79756,41.96187],[52.55927,41.75784],[52.68262,41.69369],[52.71136,41.60749],[52.6922,41.53086],[52.85503,41.3872],[52.96996,41.13817],[52.96038,41.27226],[52.93165,41.37762],[52.96996,41.5596],[52.99869,41.68411],[52.94123,41.77031],[52.97954,41.9044],[53.06574,42.02892],[53.26688,42.08638],[53.45843,42.09596],[53.73619,42.13427],[53.98522,42.10554],[54.02353,42.04807],[54.02353,41.85651],[54.11931,41.77989],[54.13846,41.62664],[54.1672,41.48297],[54.35876,41.3872],[54.5982,41.24353],[54.75145,41.13817],[54.82807,40.98492],[54.8185,40.87957],[54.72272,40.85083],[54.60778,40.81252],[54.50243,40.85083],[54.45454,40.91788],[54.36833,40.89872],[54.38749,40.80294],[54.45454,40.71674],[54.41622,40.65928],[54.33002,40.68801],[54.22467,40.72632],[54.10973,40.67843],[53.97564,40.6497],[53.84155,40.64012],[53.79366,40.72632],[53.76493,40.86999],[53.69788,40.87957],[53.64999,40.87957],[53.65957,40.81252],[53.61168,40.74548],[53.43928,40.80294],[53.2573,40.76463],[53.18067,40.84125],[53.15194,40.89872],[53.05616,41.05197],[53.01785,40.94661],[52.96996,40.8221],[52.9508,40.70716],[52.90292,40.5635],[52.82629,40.46772],[52.84545,40.33363],[52.84545,40.18038],[52.91249,40.04629],[52.98912,39.93136],[53.04658,39.9984],[53.19025,39.96009],[53.36265,39.96009],[53.50632,39.9984],[53.6883,39.97925],[53.59252,39.89305],[53.5159,39.77811],[53.55421,39.6536],[53.66915,39.64402],[53.81282,39.54824],[53.79366,39.49077],[53.73619,39.50035],[53.54463,39.53866],[53.37223,39.51951],[53.31477,39.5674],[53.24772,39.45246],[53.20941,39.40457],[53.24772,39.29922],[53.33392,39.38542],[53.49675,39.33753],[53.58295,39.31837],[53.65957,39.31837],[53.67873,39.25133],[53.7745,39.13639],[53.91817,39.05019],[54.03311,38.99272],[54.07142,38.89695],[53.98522,38.6575],[53.93733,38.5713],[53.93733,38.15945],[53.87986,38.02536],[53.92775,37.82422],[53.98522,37.51773],[54.01511,37.34833],[54.21389,37.3371],[54.46658,37.39581],[54.67609,37.5307],[54.95576,37.82523],[55.16967,37.97292],[55.35566,38.03765],[55.62963,38.05191],[55.9807,38.03475],[56.13091,38.04833],[56.36326,38.2025],[56.51731,38.26069],[56.75085,38.2365],[57.22547,38.18819],[57.40651,37.99171],[57.72488,37.87883],[58.09499,37.72803],[58.44981,37.69817],[58.6749,37.67394],[58.97161,37.59917],[59.24048,37.44784],[60.0514,36.83485],[60.34631,36.60737],[60.65986,36.60276],[61.014,36.63656],[61.09688,36.54156],[61.11407,36.15988],[61.11868,35.90544],[61.18625,35.59415],[61.22134,35.58162]]]}},{"type":"Feature","id":78,"properties":{"name":"Albania","subjecto":"Albania","partof":"Albania","precision":3},"geometry":{"type":"Polygon","coordinates":[[[20.12238,39.55101],[20.38468,39.94857],[20.60791,40.16091],[20.78895,40.33477],[20.99117,40.71375],[21.03164,40.72679],[20.70698,41.00056],[20.57282,41.30114],[20.53956,41.58959],[20.59892,41.78242],[20.58297,41.88071],[20.57498,41.92991],[20.24518,42.3198],[20.073,42.48589],[20.04705,42.48752],[19.88456,42.49771],[19.5577,42.54733],[19.43462,42.42457],[19.30881,42.19265],[19.36866,42.00034],[19.36771,41.84637],[19.45789,41.79808],[19.60697,41.76154],[19.61938,41.5593],[19.49892,41.52362],[19.41699,41.34525],[19.52995,41.21844],[19.4454,40.9649],[19.52726,40.86589],[19.33922,40.58874],[19.49448,40.40272],[19.48371,40.29589],[19.38023,40.32358],[19.36907,40.26028],[19.80365,40.01696],[20.02856,39.81378],[20.09083,39.60253],[20.12238,39.55101]]]}},{"type":"Feature","id":79,"properties":{"name":"Macedonia","subjecto":"Macedonia","partof":"Macedonia","precision":3},"geometry":{"type":"Polygon","coordinates":[[[22.92024,41.23069],[22.89909,41.32034],[22.94604,41.45527],[22.94849,41.67981],[22.84723,41.89104],[22.68618,42.06347],[22.38622,42.19667],[22.32635,42.29267],[22.32924,42.34032],[22.30336,42.34809],[22.27072,42.33503],[22.13367,42.31546],[22.08145,42.30566],[22.05535,42.29914],[22.00966,42.32198],[21.9705,42.3024],[21.93134,42.29261],[21.88566,42.31219],[21.85629,42.32198],[21.75839,42.23387],[21.68986,42.2404],[21.60176,42.24366],[21.57239,42.2404],[21.49407,42.25998],[21.42554,42.22082],[21.35701,42.17514],[21.30806,42.14903],[21.33417,42.1164],[21.32112,42.09029],[21.2689,42.09029],[21.22648,42.13924],[21.16774,42.16534],[21.12858,42.19798],[21.09269,42.16861],[21.04048,42.1425],[20.92953,42.1164],[20.82837,42.09029],[20.78921,42.06419],[20.7631,41.98913],[20.77615,41.93039],[20.7631,41.89776],[20.73047,41.8586],[20.64562,41.8586],[20.58297,41.88071],[20.59892,41.78242],[20.53956,41.58959],[20.57282,41.30114],[20.70698,41.00056],[21.03164,40.72679],[21.39526,40.76083],[21.66839,40.82641],[21.8457,41.01964],[22.01025,41.09105],[22.17294,41.07272],[22.45258,41.04862],[22.69237,41.15892],[22.92024,41.23069]]]}},{"type":"Feature","id":80,"properties":{"name":"Portugal","subjecto":"Portugal","partof":"Portugal","precision":3},"geometry":{"type":"Polygon","coordinates":[[[-7.4915,37.20816],[-7.35144,37.64444],[-7.24251,37.8109],[-6.84478,38.10021],[-7.0281,38.23958],[-7.39388,38.29499],[-7.31734,38.49963],[-7.08942,38.7945],[-6.93338,38.96135],[-7.21144,39.29821],[-7.431,39.52052],[-7.30126,39.57871],[-7.0842,39.59907],[-6.87832,39.7024],[-6.85868,39.79192],[-6.88417,40.21403],[-6.82486,40.65657],[-6.85717,40.86158],[-6.83445,41.06054],[-6.79663,41.09283],[-6.24115,41.32048],[-6.11154,41.41746],[-6.1395,41.52644],[-6.51843,41.7491],[-6.58608,41.85792],[-6.7087,41.96004],[-6.85952,41.98491],[-7.09844,41.86795],[-7.91856,41.88917],[-8.15726,42.08704],[-8.40505,42.00214],[-8.80606,41.88918],[-8.92074,41.76702],[-8.85475,41.59685],[-8.85178,41.40783],[-8.69407,40.99217],[-8.96967,40.19002],[-8.91559,40.13815],[-9.11792,39.64403],[-9.29927,39.41774],[-9.41527,39.36668],[-9.39771,39.23036],[-9.45976,38.95308],[-9.54901,38.77452],[-9.5224,38.68994],[-9.36164,38.67115],[-9.17575,38.73223],[-9.04085,38.92018],[-8.96083,38.81846],[-8.94189,38.74192],[-9.06915,38.64296],[-9.28516,38.61947],[-9.23657,38.41745],[-9.02232,38.46102],[-8.85365,38.49964],[-8.78892,38.43598],[-8.8473,38.38457],[-8.82299,38.20607],[-8.93279,37.96184],[-8.85103,37.91018],[-8.84151,37.52515],[-9.01664,37.0698],[-8.99085,36.99001],[-8.66706,37.12144],[-8.54107,37.08858],[-8.28024,37.08858],[-8.03364,37.00879],[-7.83604,37.03225],[-7.60344,37.16298],[-7.4915,37.20816]]]}},{"type":"Feature","id":81,"properties":{"name":"Turkey","subjecto":"Turkey","partof":"Turkey","precision":3},"geometry":{"type":"MultiPolygon","coordinates":[[[[44.79459,37.13181],[44.78417,37.27037],[44.66006,37.28616],[44.47119,37.45463],[44.42675,37.64418],[44.49176,37.75434],[44.30091,37.80425],[44.20521,37.86743],[44.23192,37.92491],[44.36146,38.16556],[44.46448,38.29198],[44.44704,38.38493],[44.31756,38.47636],[44.26924,38.42894],[44.22908,38.48163],[44.12828,38.70292],[44.18318,38.87154],[44.06483,39.17329],[44.08211,39.29455],[44.34489,39.41442],[44.34893,39.60948],[44.45295,39.67275],[44.63728,39.6622],[44.66959,39.75699],[44.44808,39.95989],[43.81239,40.01388],[43.68453,40.10912],[43.66972,40.29455],[43.85886,40.66039],[43.84727,40.74997],[43.48927,41.07473],[43.47534,41.08737],[42.87842,41.54551],[42.69378,41.56372],[42.35152,41.40158],[42.25011,41.36897],[42.02904,41.39981],[41.48396,41.43654],[41.29312,41.28582],[40.60989,41.02803],[40.36101,40.96344],[40.00671,40.95633],[39.663,41.0005],[39.37018,41.064],[39.13864,41.04432],[38.65118,40.92157],[38.31396,40.9209],[37.82184,41.00963],[37.25283,41.02772],[36.81701,41.28968],[36.64125,41.31498],[36.3829,41.23752],[36.16137,41.3525],[35.95779,41.68565],[35.67786,41.62093],[35.41144,41.62682],[35.28607,41.67148],[35.09883,41.80586],[35.00187,42.04316],[34.66291,41.87558],[34.3039,41.89412],[33.89666,41.95108],[33.55554,41.9825],[33.15546,41.94961],[32.68791,41.84597],[32.41898,41.74917],[31.87129,41.49144],[31.66639,41.39481],[31.38567,41.28504],[31.40413,41.16354],[31.21768,41.05409],[30.74481,41.04032],[30.25609,41.18467],[30.13762,41.13184],[29.57778,41.15337],[29.16121,41.21637],[29.01453,40.97867],[29.28964,40.80669],[29.32036,40.74107],[29.41717,40.74107],[29.68345,40.75164],[29.88272,40.74636],[29.71315,40.69356],[29.5252,40.68829],[28.90162,40.62011],[28.77796,40.52468],[28.87322,40.47191],[29.08353,40.45608],[29.12229,40.41387],[29.05242,40.33473],[28.92676,40.35583],[28.75644,40.37645],[28.47772,40.3951],[28.00399,40.36213],[27.90822,40.35056],[28.00646,40.45081],[27.95381,40.48774],[27.80783,40.50357],[27.67929,40.46135],[27.79984,40.40332],[27.83016,40.34528],[27.76389,40.28725],[27.52599,40.29714],[27.44961,40.30979],[27.32923,40.35583],[27.27175,40.45081],[27.05612,40.42969],[26.99647,40.37166],[26.76528,40.37694],[26.48171,40.18704],[26.40305,40.17649],[26.32033,39.99192],[26.18601,39.9972],[26.12758,39.87856],[26.14071,39.74998],[26.1419,39.66058],[26.08489,39.60401],[26.06406,39.45551],[26.13898,39.43974],[26.54618,39.51335],[26.80427,39.56715],[26.95752,39.54833],[26.92615,39.47655],[26.85351,39.46077],[26.72016,39.33725],[26.60224,39.25573],[26.70405,39.25047],[26.70794,39.18213],[26.79714,39.12956],[26.87075,39.05597],[26.78985,39.02443],[26.78534,38.94033],[26.9368,38.92456],[27.00422,38.88483],[27.03491,38.8211],[26.96638,38.76993],[26.70947,38.69857],[26.6957,38.64077],[26.82882,38.58296],[26.81967,38.52725],[26.99743,38.40006],[26.74245,38.27839],[26.52741,38.41824],[26.46871,38.44476],[26.3916,38.21913],[26.39321,38.10436],[26.51232,38.06635],[26.67933,38.10494],[26.96138,37.94611],[27.13977,37.88909],[27.17978,37.77443],[27.14109,37.64687],[27.12256,37.49385],[27.16041,37.36008],[27.36463,37.32863],[27.49252,37.23967],[27.52564,37.13141],[27.26863,37.04168],[27.30811,36.92071],[27.55348,36.91483],[27.99881,36.90937],[28.05104,36.83302],[27.94186,36.75634],[27.9119,36.69894],[28.01419,36.52716],[28.26692,36.71241],[28.46985,36.73831],[28.81353,36.53516],[29.00225,36.6948],[29.29819,36.17312],[29.47193,36.09069],[29.66196,36.07835],[30.16613,36.18762],[30.27989,36.11781],[30.39486,36.11805],[30.47283,36.18825],[30.49665,36.37298],[30.54007,36.64696],[30.59359,36.76173],[30.90531,36.79422],[31.37069,36.71234],[31.90201,36.49686],[32.33498,36.12837],[32.64034,36.008],[32.90412,35.9767],[33.17134,35.97088],[33.4817,36.05428],[33.75318,36.14664],[33.8337,36.07057],[33.83588,36.1073],[33.89098,36.13877],[33.95405,36.15976],[33.95171,36.25158],[34.10322,36.38032],[34.48513,36.62678],[34.66238,36.64777],[34.86991,36.57692],[35.07137,36.48771],[35.22053,36.388],[35.35418,36.41424],[35.3887,36.45359],[35.41708,36.43261],[35.49459,36.4431],[35.5476,36.54018],[35.50617,36.55856],[35.56761,36.58742],[35.67174,36.60578],[35.89088,36.77111],[35.95679,36.74749],[36.08243,36.62153],[36.10452,36.56117],[36.09526,36.48246],[35.81724,36.30103],[35.70863,36.21223],[35.66495,36.13353],[35.7185,36.09156],[35.82905,35.88478],[35.9685,35.88557],[36.14396,35.82927],[36.19518,35.88648],[36.27206,35.86818],[36.36229,35.94434],[36.43282,36.11266],[36.71478,36.16983],[36.60542,36.36021],[36.55946,36.5637],[36.58432,36.70719],[36.64804,36.69154],[36.74796,36.6921],[37.09735,36.61764],[37.35659,36.60636],[37.69193,36.64006],[38.11026,36.80798],[38.23535,36.8214],[38.92492,36.62148],[39.17473,36.55283],[39.67129,36.63201],[39.92678,36.69075],[40.60068,36.9938],[40.79863,37.02675],[41.13498,36.97131],[41.45482,36.95398],[41.98783,37.05455],[42.29986,37.1914],[42.4077,37.32301],[42.50116,37.31248],[42.53003,37.20198],[42.63372,37.22167],[42.75331,37.28603],[42.9498,37.32828],[43.0865,37.25604],[43.25041,37.27037],[43.61513,37.20166],[43.76945,37.1914],[43.8793,37.29669],[44.04385,37.25985],[44.16743,37.192],[44.1537,37.0756],[44.19977,36.95454],[44.34297,36.90718],[44.4165,36.96413],[44.61141,37.13877],[44.79459,37.13181]]],[[[27.91795,41.97767],[27.31794,41.97973],[27.08069,42.02978],[26.85712,42.0093],[26.57384,41.84088],[26.34988,41.64075],[26.39711,41.64101],[26.58956,41.55226],[26.64646,41.44996],[26.34156,41.16616],[26.1676,40.91526],[26.02072,40.66932],[26.12404,40.60285],[26.41806,40.57782],[26.45484,40.58431],[26.55648,40.49829],[26.45755,40.43497],[26.19482,40.30307],[26.2228,40.22396],[26.21429,40.16067],[26.14089,40.04465],[26.25516,40.08156],[26.37586,40.21341],[26.51394,40.28197],[26.61357,40.39804],[26.88893,40.52468],[27.26376,40.66717],[27.31305,40.78991],[27.47417,40.96283],[27.93218,40.95755],[28.02637,41.02621],[28.17331,41.0579],[28.59615,40.94699],[28.82781,40.9147],[28.96445,40.98924],[29.0811,41.20051],[29.01237,41.25483],[28.74022,41.32483],[28.37146,41.43313],[28.1044,41.59297],[28.06984,41.62497],[28.01818,41.75321],[28.0262,41.88238],[27.91795,41.97767]]]]}},{"type":"Feature","id":82,"properties":{"name":"Azerbaijan","subjecto":"Azerbaijan","partof":"Azerbaijan","precision":3},"geometry":{"type":"MultiPolygon","coordinates":[[[[48.82495,38.30958],[48.98823,38.71918],[48.94568,38.83619],[48.99887,38.87873],[49.05206,38.93192],[49.02014,39.00638],[49.04142,39.14467],[49.11588,39.18722],[49.17971,39.14467],[49.22225,39.0383],[49.27544,39.01702],[49.30735,39.13403],[49.33926,39.28295],[49.38181,39.3255],[49.48818,39.29359],[49.49882,39.37869],[49.40309,39.48506],[49.44564,39.65526],[49.48818,39.76163],[49.54137,39.87864],[49.55201,40.09139],[49.57328,40.17649],[49.66902,40.24031],[49.84986,40.27222],[49.91368,40.32541],[50.03069,40.34668],[50.12643,40.34668],[50.30726,40.32541],[50.46682,40.26158],[50.46682,40.32541],[50.42427,40.41051],[50.3179,40.49561],[50.19025,40.57007],[50.02005,40.60198],[49.8073,40.5807],[49.6052,40.68708],[49.6052,40.76154],[49.47755,40.836],[49.3499,40.95301],[49.28608,41.05938],[49.24353,41.2934],[49.11588,41.43169],[48.99887,41.51679],[48.8925,41.68698],[48.68324,41.83591],[48.5521,41.6338],[48.32872,41.50615],[48.20107,41.4636],[48.06279,41.31468],[47.98833,41.21894],[47.81813,41.19767],[47.61602,41.26149],[47.35009,41.30404],[47.35009,41.44233],[47.22244,41.56998],[47.16925,41.56998],[47.1267,41.62316],[46.91396,41.75081],[46.85013,41.83591],[46.76504,41.83591],[46.6693,41.81463],[46.65866,41.88909],[46.55578,41.87846],[46.43528,41.79336],[46.37146,41.72953],[46.32891,41.69762],[46.39273,41.58061],[46.48846,41.44233],[46.76504,41.36787],[46.81822,41.27213],[46.77567,41.12321],[46.6693,41.08066],[46.56293,41.05938],[46.44591,41.14448],[46.38209,41.1764],[46.29699,41.18703],[46.16934,41.16576],[45.88214,41.25085],[45.79704,41.34659],[45.64812,41.43169],[45.43537,41.44233],[45.329,41.44233],[45.14101,41.30404],[45.18008,41.2083],[45.30772,41.16576],[45.27581,41.11257],[45.2439,41.07002],[45.37155,41.02747],[45.56302,40.99556],[45.65876,40.9211],[45.71194,40.81472],[45.53111,40.7509],[45.50983,40.62325],[45.63748,40.4637],[45.88214,40.31477],[45.96723,40.25095],[46.06297,40.24031],[46.06297,40.13394],[45.98851,40.02756],[45.74385,40.02756],[45.76513,39.98502],[45.89278,39.92119],[46.00978,39.76163],[46.11616,39.751],[46.21189,39.65526],[46.33954,39.60207],[46.4991,39.59143],[46.62675,39.57016],[46.5842,39.48506],[46.47783,39.43188],[46.5842,39.3255],[46.70121,39.2404],[46.62675,39.21913],[46.50974,39.17658],[46.59484,39.14467],[46.63739,39.04893],[46.59484,38.99575],[46.60105,38.98332],[46.71552,39.09816],[47.00435,39.18249],[47.17247,39.38279],[47.6486,39.60421],[47.85377,39.70966],[47.991,39.63498],[48.14875,39.5083],[48.36826,39.41387],[48.39548,39.363],[48.35318,39.29318],[48.06975,39.23519],[48.08213,39.15086],[48.27547,39.0718],[48.23286,38.97168],[47.99317,38.85046],[48.05176,38.68711],[48.22023,38.63969],[48.38042,38.44475],[48.50105,38.45201],[48.82495,38.30958]]],[[[44.66959,39.75699],[44.78303,39.66831],[44.90212,39.49677],[45.02874,39.30899],[45.27645,39.20884],[45.40878,39.0277],[45.55946,38.93291],[45.74924,38.87658],[45.97951,38.8651],[46.16667,38.88208],[46.28054,38.82215],[46.2844,38.82245],[46.09488,39.16594],[46.1268,39.27232],[45.97787,39.34677],[45.92469,39.35741],[45.91405,39.46379],[45.94596,39.55952],[45.71194,39.55952],[45.57366,39.50634],[45.47792,39.53825],[45.30772,39.60207],[45.27581,39.67653],[45.16944,39.78291],[45.05243,39.751],[44.9886,39.72972],[44.66959,39.75699]]]]}},{"type":"Feature","id":83,"properties":{"name":"Greece","subjecto":"Greece","partof":"Greece","precision":3},"geometry":{"type":"MultiPolygon","coordinates":[[[[24.69007,35.09244],[24.71564,35.03477],[24.69347,34.94047],[25.59072,35.01642],[25.74174,35.00885],[25.89868,35.04526],[26.16049,35.02428],[26.24267,35.14487],[26.23604,35.22876],[26.27351,35.31266],[26.16883,35.24711],[26.09935,35.21565],[26.06415,35.23925],[25.93549,35.21304],[25.78897,35.137],[25.7418,35.137],[25.66847,35.18682],[25.71353,35.32701],[25.67321,35.34937],[25.51164,35.29477],[25.37402,35.31791],[25.10009,35.34675],[25.0136,35.36248],[24.99748,35.42102],[24.76857,35.42803],[24.38828,35.37297],[24.2296,35.39132],[24.2197,35.449],[24.17774,35.46999],[24.07332,35.4962],[24.09146,35.5198],[24.13582,35.52243],[24.15268,35.56438],[24.08186,35.61158],[24.03326,35.59847],[24.039,35.56176],[23.95681,35.52767],[23.87945,35.55242],[23.74288,35.56176],[23.73368,35.62732],[23.69666,35.69812],[23.66513,35.66666],[23.67147,35.57225],[23.52944,35.56963],[23.46689,35.31791],[23.51313,35.27596],[23.56772,35.25498],[23.78559,35.26285],[24.0132,35.21041],[24.32436,35.20779],[24.69007,35.09244]]],[[[21.03164,40.72679],[20.99117,40.71375],[20.78895,40.33477],[20.60791,40.16091],[20.38468,39.94857],[20.12238,39.55101],[20.21181,39.40493],[20.67775,39.08042],[20.90115,39.06173],[21.00718,39.11299],[21.15952,39.00483],[21.10469,38.92178],[21.00651,38.87054],[20.8926,38.89583],[20.77183,38.85093],[21.1724,38.34784],[21.36446,38.41201],[21.66126,38.43811],[21.82647,38.46396],[22.33374,38.42671],[22.87564,38.2046],[22.99674,38.17934],[23.11635,38.15739],[22.89866,37.99755],[22.74721,37.95261],[21.99669,38.25078],[21.90577,38.26974],[21.7145,38.13544],[21.44045,38.17952],[21.22843,37.90491],[21.22113,37.8284],[21.29635,37.72654],[21.51731,37.53576],[21.61371,37.41485],[21.6265,37.30652],[21.53144,37.11515],[21.58817,36.98144],[21.78092,36.82254],[21.98417,37.02048],[22.19141,36.85524],[22.3903,36.52437],[22.52445,36.72213],[22.67355,36.75428],[22.98255,36.61475],[22.88689,37.04668],[22.79311,37.13856],[22.81335,37.21205],[22.72624,37.28851],[22.63875,37.49229],[22.64232,37.58487],[22.71329,37.54343],[22.94207,37.51839],[23.02535,37.47984],[22.97098,37.38532],[23.10956,37.34664],[23.18579,37.37483],[23.18498,37.42733],[23.41812,37.46934],[23.31216,37.54811],[23.32171,37.63738],[23.22055,37.60183],[23.15138,37.59012],[23.04887,37.64263],[23.04539,37.77358],[23.03997,37.85797],[22.89806,37.89999],[22.98061,37.95777],[23.19584,38.00504],[23.41926,38.06808],[23.4957,38.06808],[23.54072,38.0041],[23.63415,37.87898],[23.73368,37.85786],[23.83551,37.68464],[23.91818,37.68464],[23.9873,37.76343],[23.88002,38.11536],[23.96699,38.15213],[23.96074,38.20991],[23.80395,38.34651],[23.68275,38.34651],[23.55577,38.35176],[23.49384,38.48313],[23.35616,38.4895],[23.191,38.61034],[23.16949,38.66704],[23.0998,38.6723],[22.98423,38.66704],[22.89937,38.76689],[22.72329,38.79317],[22.60231,38.85624],[22.4905,38.87685],[22.78421,38.94033],[22.87106,39.02435],[22.83488,39.16636],[22.76606,39.20279],[22.72026,39.28727],[22.85085,39.36613],[22.91899,39.3451],[22.9813,39.32933],[23.04525,39.2715],[23.09981,39.18739],[23.05192,39.10329],[23.1585,39.14008],[23.23608,39.20316],[23.07417,39.41345],[22.81343,39.60274],[22.75447,39.81835],[22.6951,39.83448],[22.55513,39.98665],[22.52561,40.06417],[22.46736,40.11848],[22.48962,40.23053],[22.60227,40.39724],[22.49207,40.49829],[22.70125,40.57745],[22.76997,40.66717],[22.85195,40.65134],[22.87546,40.59632],[22.8639,40.53523],[22.74806,40.48247],[22.96016,40.31471],[23.14114,40.26615],[23.21478,40.18177],[23.27631,40.04992],[23.26053,39.97087],[23.37439,39.95509],[23.59689,39.93405],[23.63859,39.96034],[23.59219,40.00246],[23.52335,40.01829],[23.43647,40.04465],[23.36684,40.10793],[23.32103,40.15539],[23.25906,40.22923],[23.29314,40.24506],[23.29176,40.28726],[23.34908,40.28198],[23.44249,40.25561],[23.59577,40.19232],[23.79603,39.98665],[23.90662,39.9972],[23.92011,40.0552],[23.86866,40.16067],[23.80366,40.15539],[23.65175,40.22923],[23.6588,40.28726],[23.62723,40.34528],[23.72217,40.34824],[23.77477,40.39276],[23.92353,40.34528],[24.04778,40.30836],[24.05478,40.26088],[24.22064,40.14485],[24.29535,40.17649],[23.9237,40.45081],[23.78517,40.47719],[23.70906,40.63004],[23.63298,40.71317],[23.6347,40.77275],[23.74839,40.80443],[23.88595,40.73289],[24.02516,40.74636],[24.21906,40.82968],[24.3543,40.97096],[24.50495,40.98407],[24.51913,40.87307],[24.70066,40.87834],[24.81212,40.93342],[25.01893,41.01715],[25.04632,40.95227],[25.30111,40.89594],[25.63571,40.87738],[25.99288,40.85246],[26.02072,40.66932],[26.1676,40.91526],[26.34156,41.16616],[26.64646,41.44996],[26.58956,41.55226],[26.39711,41.64101],[26.34988,41.64075],[26.18629,41.65268],[26.03179,41.55561],[26.0752,41.40833],[26.03642,41.2927],[25.53368,41.16813],[25.35932,41.15436],[25.08091,41.24898],[24.41806,41.4762],[24.15541,41.44909],[23.79562,41.33169],[22.96098,41.24373],[22.92024,41.23069],[22.69237,41.15892],[22.45258,41.04862],[22.17294,41.07272],[22.01025,41.09105],[21.8457,41.01964],[21.66839,40.82641],[21.39526,40.76083],[21.03164,40.72679]]],[[[23.24241,39.04412],[23.01435,38.96141],[22.8699,38.83716],[23.12078,38.86677],[23.46288,38.62367],[23.63773,38.52263],[23.59972,38.45717],[23.66053,38.40357],[24.02544,38.3857],[24.19269,38.15293],[24.31433,37.98535],[24.52719,37.96737],[24.58801,38.15293],[24.29152,38.19476],[24.2079,38.55236],[24.13187,38.65336],[23.78977,38.71863],[23.40966,38.94367],[23.24241,39.04412]]],[[[25.78916,36.40489],[25.73594,36.38654],[25.71314,36.34981],[25.76635,36.33756],[25.87278,36.35593],[25.78916,36.40489]]],[[[25.37104,36.49662],[25.33302,36.45994],[25.31782,36.39877],[25.38624,36.31919],[25.49267,36.33144],[25.49267,36.42325],[25.37104,36.49662]]],[[[25.85758,36.8381],[25.75115,36.81376],[25.75115,36.78332],[25.83477,36.78332],[25.95641,36.84418],[26.08564,36.89892],[26.02483,36.95969],[25.9488,36.91107],[25.85758,36.8381]]],[[[24.42836,36.7955],[24.29912,36.75287],[24.46637,36.64925],[24.67923,36.75896],[24.58801,36.86851],[24.42836,36.7955]]],[[[24.82368,36.66145],[24.82368,36.63705],[24.94531,36.56992],[24.97572,36.63705],[24.87689,36.67974],[24.82368,36.66145]]],[[[25.16578,36.74069],[25.04414,36.66145],[25.05934,36.61875],[25.19618,36.67364],[25.16578,36.74069]]],[[[25.2494,36.75896],[25.2418,36.75287],[25.2646,36.70413],[25.38624,36.63705],[25.43185,36.69803],[25.29501,36.80767],[25.2494,36.75896]]],[[[24.53479,37.11746],[24.42836,37.20834],[24.44356,37.09927],[24.53479,37.11746]]],[[[24.39795,37.66709],[24.29912,37.66108],[24.26111,37.54061],[24.38275,37.57075],[24.39795,37.66709]]],[[[24.48918,37.3958],[24.39795,37.46824],[24.35994,37.3958],[24.35994,37.30515],[24.48918,37.3958]]],[[[24.94531,37.51047],[24.86169,37.52856],[24.84648,37.3656],[25.04414,37.37768],[24.94531,37.51047]]],[[[24.76286,38.00332],[24.65643,37.90141],[24.9225,37.69116],[25.31782,37.40184],[25.46986,37.43807],[25.27221,37.56472],[24.76286,38.00332]]],[[[24.71724,37.05075],[24.64882,37.01434],[24.67923,36.905],[24.78566,36.94754],[24.71724,37.05075]]],[[[25.31022,37.19623],[25.15057,37.172],[24.93771,36.95969],[25.11256,36.94146],[25.31022,37.0022],[25.31022,37.19623]]],[[[25.53828,37.22045],[25.37864,37.11746],[25.34063,37.08715],[25.36343,37.00827],[25.45466,36.92323],[25.54589,36.95969],[25.5991,37.02648],[25.6067,37.12352],[25.53828,37.22045]]]]}},{"type":"Feature","id":84,"properties":{"name":"Armenia","subjecto":"Armenia","partof":"Armenia","precision":3},"geometry":{"type":"Polygon","coordinates":[[[46.60105,38.98332],[46.59484,38.99575],[46.63739,39.04893],[46.59484,39.14467],[46.50974,39.17658],[46.62675,39.21913],[46.70121,39.2404],[46.5842,39.3255],[46.47783,39.43188],[46.5842,39.48506],[46.62675,39.57016],[46.4991,39.59143],[46.33954,39.60207],[46.21189,39.65526],[46.11616,39.751],[46.00978,39.76163],[45.89278,39.92119],[45.76513,39.98502],[45.74385,40.02756],[45.98851,40.02756],[46.06297,40.13394],[46.06297,40.24031],[45.96723,40.25095],[45.88214,40.31477],[45.63748,40.4637],[45.50983,40.62325],[45.53111,40.7509],[45.71194,40.81472],[45.65876,40.9211],[45.56302,40.99556],[45.37155,41.02747],[45.2439,41.07002],[45.27581,41.11257],[45.30772,41.16576],[45.18008,41.2083],[45.14101,41.30404],[45.00988,41.26149],[44.83968,41.24022],[44.57375,41.19767],[44.30781,41.21894],[44.12698,41.16576],[43.93551,41.15512],[43.79723,41.11257],[43.65894,41.12321],[43.48927,41.07473],[43.84727,40.74997],[43.85886,40.66039],[43.66972,40.29455],[43.68453,40.10912],[43.81239,40.01388],[44.44808,39.95989],[44.66959,39.75699],[44.9886,39.72972],[45.05243,39.751],[45.16944,39.78291],[45.27581,39.67653],[45.30772,39.60207],[45.47792,39.53825],[45.57366,39.50634],[45.71194,39.55952],[45.94596,39.55952],[45.91405,39.46379],[45.92469,39.35741],[45.97787,39.34677],[46.1268,39.27232],[46.09488,39.16594],[46.2844,38.82245],[46.45406,38.83586],[46.60105,38.98332]]]}},{"type":"Feature","id":85,"properties":{"name":"Tajikistan","subjecto":"Tajikistan","partof":"Tajikistan","precision":3},"geometry":{"type":"Polygon","coordinates":[[[74.73327,37.2094],[74.89279,37.27038],[74.92869,37.38233],[75.01016,37.46552],[74.92008,37.53888],[74.98837,37.70092],[74.87815,37.80743],[74.9347,37.99982],[74.91275,38.05495],[74.84434,38.06022],[74.83176,38.17084],[74.83551,38.29855],[74.70292,38.52071],[74.57975,38.59008],[74.26818,38.60747],[74.16917,38.63443],[74.0666,38.56177],[73.85832,38.54151],[73.71202,38.71873],[73.677,38.85574],[73.77018,38.95587],[73.75993,39.4201],[73.76456,39.45108],[73.67623,39.48421],[73.52166,39.44004],[73.36708,39.36275],[73.12419,39.36275],[72.82608,39.39588],[72.45069,39.29651],[72.37339,39.23026],[72.28507,39.23026],[72.20778,39.37379],[72.04216,39.36275],[71.89863,39.28547],[71.86551,39.38483],[71.84342,39.46212],[71.78823,39.45108],[71.64469,39.50629],[71.62261,39.57253],[71.52324,39.58357],[71.3245,39.52837],[71.16992,39.50629],[71.18097,39.40692],[71.04848,39.38483],[70.87182,39.41796],[70.83869,39.50629],[70.77245,39.56149],[70.60684,39.60566],[70.38602,39.53941],[70.29769,39.57253],[69.98854,39.56149],[69.7346,39.56149],[69.46962,39.55045],[69.41441,39.59462],[69.39233,39.66086],[69.34816,39.78231],[69.39233,39.89272],[69.48065,39.98105],[69.52482,39.88168],[69.61315,39.9148],[69.59107,40.00313],[69.63523,40.12458],[69.69043,40.12458],[70.13208,40.21291],[70.36393,40.14666],[70.5958,40.05834],[70.63996,39.98105],[70.72829,39.98105],[70.73933,40.09146],[70.93807,40.17979],[71.07405,40.24603],[70.91861,40.2484],[70.73471,40.23426],[70.64983,40.36158],[70.53665,40.38987],[70.48007,40.47475],[70.59324,40.53133],[70.77715,40.68695],[70.86203,40.78597],[70.74886,40.89914],[70.55081,41.0689],[70.45178,40.95573],[70.23958,40.80012],[69.92836,40.71524],[69.82933,40.64451],[69.71616,40.74353],[69.61713,40.81427],[69.46152,40.81427],[69.47567,40.71524],[69.34835,40.57377],[69.43323,40.43231],[69.41908,40.27669],[69.39079,40.22011],[69.17859,40.26255],[68.92395,40.22011],[68.6976,40.17767],[68.81078,40.12108],[69.05127,40.13523],[69.10785,40.09279],[68.99469,40.0645],[68.9098,40.0362],[68.89566,39.88059],[68.81078,39.88059],[68.6976,39.80986],[68.66931,39.62595],[68.542,39.54108],[68.06102,39.58351],[67.77808,39.6401],[67.56588,39.51278],[67.5093,39.30058],[67.62247,39.17326],[67.77808,39.08839],[67.84881,39.01765],[68.04686,39.00351],[68.20248,39.00351],[68.25907,38.90448],[68.20248,38.80545],[68.18833,38.59326],[68.24491,38.40935],[68.45712,38.26789],[68.51371,38.14057],[68.44297,38.04154],[68.21662,37.88593],[68.0893,37.65958],[67.91954,37.48983],[67.94784,37.32007],[67.77927,36.94079],[67.79718,36.91621],[67.85554,36.85289],[67.96542,36.83442],[68.18421,36.89928],[68.44501,37.05347],[68.70652,37.18222],[68.85298,37.18304],[69.13642,37.07642],[69.30783,37.08373],[69.40219,37.14154],[69.53726,37.28231],[69.53382,37.42233],[69.56701,37.50528],[69.69838,37.53147],[69.96237,37.46291],[70.02215,37.45688],[70.22142,37.52801],[70.31503,37.63039],[70.31236,37.74497],[70.33408,37.9361],[70.52996,38.12869],[70.59022,38.29198],[70.71881,38.36489],[70.89143,38.37221],[70.96062,38.34713],[71.2198,38.14477],[71.14936,37.87588],[71.36744,37.91802],[71.44411,37.83401],[71.38652,37.3704],[71.30323,37.17036],[71.39292,36.93625],[71.46695,36.75214],[71.52447,36.71428],[71.68982,36.70248],[71.84757,36.71607],[72.18286,36.93876],[72.44817,36.96758],[72.71422,37.18615],[73.04716,37.32829],[73.35198,37.34174],[73.44123,37.30723],[73.38334,37.22826],[73.44466,37.20194],[73.88265,37.26831],[74.13706,37.3704],[74.2555,37.3022],[74.47856,37.278],[74.73327,37.2094]]]}},{"type":"Feature","id":86,"properties":{"name":"Iran","subjecto":"Iran","partof":"Iran","precision":3},"geometry":{"type":"Polygon","coordinates":[[[44.79459,37.13181],[45.10514,36.50319],[45.35865,36.0145],[45.38811,35.92557],[45.73042,35.83204],[46.21102,35.78382],[46.00066,35.51543],[45.9949,35.40087],[46.18439,35.05844],[45.67085,34.61731],[45.56502,34.27383],[45.50501,33.87979],[45.50621,33.79725],[45.64644,33.63929],[46.10511,33.21007],[46.08993,32.84167],[46.12398,32.77201],[46.26843,32.82363],[46.50849,32.81228],[47.06758,32.39633],[47.26361,32.30219],[47.61201,32.03111],[47.74244,31.90484],[47.79304,31.79717],[47.78694,31.56851],[47.69817,31.28859],[47.67329,31.02808],[47.68875,30.8821],[47.93673,30.88351],[48.03346,30.87771],[48.10696,30.66855],[48.11039,30.49076],[48.08126,30.39533],[48.38982,30.14941],[48.54736,30.0487],[48.55365,29.99462],[48.71384,29.99996],[48.80133,30.08273],[48.94572,30.38794],[49.02017,30.43257],[49.22223,30.47746],[49.23508,30.22338],[49.32136,30.10286],[49.45236,30.07773],[49.51097,30.02068],[49.71785,30.00205],[50.13237,30.06643],[50.35984,29.74293],[50.70472,29.40061],[50.70246,29.13378],[50.79676,29.01329],[51.08226,28.51202],[51.35013,28.03613],[51.6113,27.82704],[51.96155,27.77695],[52.41039,27.58096],[52.63378,27.3146],[52.77987,27.18785],[52.89083,27.05232],[53.38068,26.90959],[53.63394,26.74794],[54.06494,26.70138],[54.64606,26.39132],[54.75988,26.41063],[54.92553,26.53803],[55.09813,26.73744],[55.34009,26.79935],[55.4249,26.96311],[55.65757,26.99695],[55.80532,27.00509],[55.89973,27.1048],[56.06777,27.11217],[56.43095,27.10657],[56.66782,27.0499],[56.68355,26.96836],[56.79043,26.97391],[56.92909,26.75187],[56.93498,26.46454],[57.06634,26.30747],[57.1124,26.07619],[57.24507,26.01846],[57.25477,25.79329],[57.32798,25.78709],[57.46488,25.70479],[57.80509,25.64833],[57.90045,25.54089],[58.10964,25.54732],[58.36868,25.54788],[58.74443,25.53596],[58.81801,25.47893],[59.03146,25.30787],[59.30209,25.3402],[59.65459,25.32188],[60.29818,25.32324],[60.47959,25.29821],[60.75223,25.18443],[60.85828,25.09571],[61.34399,25.02686],[61.56996,25.03957],[61.65141,25.46878],[61.67348,25.62768],[61.81274,25.98413],[61.94131,26.15635],[62.29843,26.36798],[62.61229,26.48411],[63.06232,26.51846],[63.1562,26.55075],[63.24054,26.66555],[63.25704,27.10381],[63.17317,27.23034],[62.87983,27.25405],[62.79671,27.43138],[62.7466,28.03435],[62.67098,28.20537],[62.48682,28.30591],[61.97238,28.48076],[61.65927,28.65676],[61.50096,28.8654],[61.18115,29.34615],[60.82046,29.83335],[61.20434,30.29872],[61.58781,30.65646],[61.77917,30.90515],[61.75819,31.10186],[61.69357,31.26656],[61.51324,31.34172],[60.97412,31.46564],[60.88005,31.48415],[60.79381,31.57888],[60.72948,31.92771],[60.65421,32.50499],[60.5401,32.99318],[60.55537,33.06309],[60.85309,33.48376],[60.84135,33.56621],[60.50893,33.67225],[60.46581,33.71644],[60.41224,34.01451],[60.41922,34.07802],[60.68726,34.25092],[60.78702,34.38478],[61.00772,34.95731],[61.11873,35.32031],[61.15631,35.47314],[61.22134,35.58162],[61.18625,35.59415],[61.11868,35.90544],[61.11407,36.15988],[61.09688,36.54156],[61.014,36.63656],[60.65986,36.60276],[60.34631,36.60737],[60.0514,36.83485],[59.24048,37.44784],[58.97161,37.59917],[58.6749,37.67394],[58.44981,37.69817],[58.09499,37.72803],[57.72488,37.87883],[57.40651,37.99171],[57.22547,38.18819],[56.75085,38.2365],[56.51731,38.26069],[56.36326,38.2025],[56.13091,38.04833],[55.9807,38.03475],[55.62963,38.05191],[55.35566,38.03765],[55.16967,37.97292],[54.95576,37.82523],[54.67609,37.5307],[54.46658,37.39581],[54.21389,37.3371],[54.01511,37.34833],[54.0087,37.34869],[54.06744,36.94152],[53.98449,36.78191],[53.79965,36.67904],[53.13901,36.64353],[52.60216,36.57688],[51.99305,36.4589],[51.79552,36.43235],[51.41704,36.45569],[50.56095,36.68643],[50.25221,36.89479],[50.11132,37.09776],[50.03871,37.2247],[49.84801,37.26821],[49.47581,37.29161],[49.05953,37.39756],[48.83723,37.51097],[48.74478,37.72702],[48.80919,37.98857],[48.83151,38.30631],[48.82495,38.30958],[48.50105,38.45201],[48.38042,38.44475],[48.22023,38.63969],[48.05176,38.68711],[47.99317,38.85046],[48.23286,38.97168],[48.27547,39.0718],[48.08213,39.15086],[48.06975,39.23519],[48.35318,39.29318],[48.39548,39.363],[48.36826,39.41387],[48.14875,39.5083],[47.991,39.63498],[47.85377,39.70966],[47.6486,39.60421],[47.17247,39.38279],[47.00435,39.18249],[46.71552,39.09816],[46.60105,38.98332],[46.45406,38.83586],[46.2844,38.82245],[46.28054,38.82215],[46.16667,38.88208],[45.97951,38.8651],[45.74924,38.87658],[45.55946,38.93291],[45.40878,39.0277],[45.27645,39.20884],[45.02874,39.30899],[44.90212,39.49677],[44.78303,39.66831],[44.66959,39.75699],[44.63728,39.6622],[44.45295,39.67275],[44.34893,39.60948],[44.34489,39.41442],[44.08211,39.29455],[44.06483,39.17329],[44.18318,38.87154],[44.12828,38.70292],[44.22908,38.48163],[44.26924,38.42894],[44.31756,38.47636],[44.44704,38.38493],[44.46448,38.29198],[44.36146,38.16556],[44.23192,37.92491],[44.20521,37.86743],[44.30091,37.80425],[44.49176,37.75434],[44.42675,37.64418],[44.47119,37.45463],[44.66006,37.28616],[44.78417,37.27037],[44.79459,37.13181]]]}},{"type":"Feature","id":87,"properties":{"name":"Afghanistan","subjecto":"Afghanistan","partof":"Afghanistan","precision":3},"geometry":{"type":"Polygon","coordinates":[[[60.82046,29.83335],[61.21954,29.68926],[61.50305,29.60198],[61.98403,29.49044],[62.36864,29.3847],[62.61209,29.36703],[62.94639,29.35626],[63.47998,29.45455],[63.6371,29.45545],[64.08926,29.39453],[64.64488,29.44852],[65.07828,29.52718],[65.61051,29.61276],[66.09057,29.73614],[66.20159,29.80661],[66.23277,29.88933],[66.27732,30.29591],[66.38171,30.6901],[66.46659,30.84295],[66.6523,31.00907],[66.92076,31.20739],[67.04814,31.23985],[67.33748,31.22246],[67.5699,31.18569],[67.6837,31.22443],[67.82871,31.5363],[67.99177,31.65784],[68.24272,31.76718],[68.4962,31.75592],[68.94656,31.58708],[69.05335,31.62578],[69.20641,31.79804],[69.21534,31.83617],[69.27774,32.38242],[69.40742,32.75764],[69.50792,32.94862],[69.63956,33.05091],[69.82672,33.10275],[70.05731,33.11675],[70.19915,33.16833],[70.28924,33.28308],[70.24929,33.4796],[70.19142,33.60621],[70.02722,33.78934],[69.86998,33.94077],[70.02968,33.9988],[70.47825,33.9442],[70.79246,33.92693],[71.02349,34.02342],[71.15354,34.13839],[71.13861,34.27792],[71.03838,34.49313],[71.09666,34.62039],[71.27684,34.77369],[71.51279,34.93368],[71.65888,35.12511],[71.56948,35.33959],[71.62325,35.55722],[71.5184,35.63404],[71.51419,35.78553],[71.329,35.90753],[71.32485,36.05157],[71.53342,36.2372],[71.64951,36.33361],[71.76033,36.32309],[72.13432,36.58617],[72.37272,36.71772],[72.88986,36.78614],[73.49485,36.7914],[73.78628,36.72689],[73.9382,36.80719],[74.08755,36.80492],[74.29263,36.93876],[74.45377,36.94059],[74.52053,37.00458],[74.49906,37.04403],[74.39273,37.04929],[74.38845,37.17036],[74.64683,37.14403],[74.73327,37.2094],[74.47856,37.278],[74.2555,37.3022],[74.13706,37.3704],[73.88265,37.26831],[73.44466,37.20194],[73.38334,37.22826],[73.44123,37.30723],[73.35198,37.34174],[73.04716,37.32829],[72.71422,37.18615],[72.44817,36.96758],[72.18286,36.93876],[71.84757,36.71607],[71.68982,36.70248],[71.52447,36.71428],[71.46695,36.75214],[71.39292,36.93625],[71.30323,37.17036],[71.38652,37.3704],[71.44411,37.83401],[71.36744,37.91802],[71.14936,37.87588],[71.2198,38.14477],[70.96062,38.34713],[70.89143,38.37221],[70.71881,38.36489],[70.59022,38.29198],[70.52996,38.12869],[70.33408,37.9361],[70.31236,37.74497],[70.31503,37.63039],[70.22142,37.52801],[70.02215,37.45688],[69.96237,37.46291],[69.69838,37.53147],[69.56701,37.50528],[69.53382,37.42233],[69.53726,37.28231],[69.40219,37.14154],[69.30783,37.08373],[69.13642,37.07642],[68.85298,37.18304],[68.70652,37.18222],[68.44501,37.05347],[68.18421,36.89928],[67.96542,36.83442],[67.85554,36.85289],[67.79718,36.91621],[67.77927,36.94079],[67.62175,37.15709],[67.51532,37.21378],[66.9677,37.23619],[66.67659,37.24093],[66.63383,37.24811],[65.97913,37.358],[65.72473,37.49028],[65.52441,37.33001],[65.33692,37.23984],[64.82598,37.14788],[64.63213,36.78402],[64.54072,36.33809],[64.49449,36.28057],[64.26583,36.17114],[63.37228,35.86081],[63.1166,35.78941],[63.06298,35.70007],[63.06273,35.49019],[62.96358,35.40061],[62.67759,35.26546],[62.43746,35.2514],[62.1795,35.28811],[61.72973,35.44456],[61.30818,35.53123],[61.22134,35.58162],[61.15631,35.47314],[61.11873,35.32031],[61.00772,34.95731],[60.78702,34.38478],[60.68726,34.25092],[60.41922,34.07802],[60.41224,34.01451],[60.46581,33.71644],[60.50893,33.67225],[60.84135,33.56621],[60.85309,33.48376],[60.55537,33.06309],[60.5401,32.99318],[60.65421,32.50499],[60.72948,31.92771],[60.79381,31.57888],[60.88005,31.48415],[60.97412,31.46564],[61.51324,31.34172],[61.69357,31.26656],[61.75819,31.10186],[61.77917,30.90515],[61.58781,30.65646],[61.20434,30.29872],[60.82046,29.83335]]]}},{"type":"Feature","id":88,"properties":{"name":"Iraq","subjecto":"Iraq","partof":"Iraq","precision":3},"geometry":{"type":"Polygon","coordinates":[[[38.75358,33.20666],[39.14487,32.47213],[39.28458,32.16172],[39.32647,32.13654],[39.36838,32.11137],[39.87617,31.90466],[40.21699,31.80497],[41.13203,31.38464],[41.64505,31.17161],[42.74319,30.6761],[42.85903,30.58785],[43.03903,30.30306],[43.10237,30.27167],[43.53986,30.29321],[43.60057,30.12843],[43.5475,29.95028],[43.56853,29.58202],[43.62165,29.46798],[43.98733,29.34305],[44.68786,29.02948],[46.50916,28.97005],[46.74396,29.22544],[46.95225,29.49974],[47.10673,29.81183],[47.33928,29.87032],[47.91136,29.89029],[47.95715,29.94756],[48.02828,29.97312],[48.21185,29.94809],[48.51058,29.99319],[48.55365,29.99462],[48.54736,30.0487],[48.38982,30.14941],[48.08126,30.39533],[48.11039,30.49076],[48.10696,30.66855],[48.03346,30.87771],[47.93673,30.88351],[47.68875,30.8821],[47.67329,31.02808],[47.69817,31.28859],[47.78694,31.56851],[47.79304,31.79717],[47.74244,31.90484],[47.61201,32.03111],[47.26361,32.30219],[47.06758,32.39633],[46.50849,32.81228],[46.26843,32.82363],[46.12398,32.77201],[46.08993,32.84167],[46.10511,33.21007],[45.64644,33.63929],[45.50621,33.79725],[45.50501,33.87979],[45.56502,34.27383],[45.67085,34.61731],[46.18439,35.05844],[45.9949,35.40087],[46.00066,35.51543],[46.21102,35.78382],[45.73042,35.83204],[45.38811,35.92557],[45.35865,36.0145],[45.10514,36.50319],[44.79459,37.13181],[44.61141,37.13877],[44.4165,36.96413],[44.34297,36.90718],[44.19977,36.95454],[44.1537,37.0756],[44.16743,37.192],[44.04385,37.25985],[43.8793,37.29669],[43.76945,37.1914],[43.61513,37.20166],[43.25041,37.27037],[43.0865,37.25604],[42.9498,37.32828],[42.75331,37.28603],[42.63372,37.22167],[42.53003,37.20198],[42.55647,37.09386],[42.13163,36.69668],[41.92574,36.53001],[41.53615,36.45142],[41.3969,36.35516],[41.29303,36.19543],[41.28896,36.08084],[41.37303,35.85219],[41.38396,35.64225],[41.11907,34.42665],[38.75358,33.20666]]]}},{"type":"Feature","id":89,"properties":{"name":"Syria","subjecto":"Syria","partof":"Syria","precision":3},"geometry":{"type":"Polygon","coordinates":[[[35.70218,32.71941],[36.55836,32.25423],[36.72256,32.17895],[36.83655,32.18594],[37.3491,32.48102],[38.68101,33.17449],[38.75358,33.20666],[41.11907,34.42665],[41.38396,35.64225],[41.37303,35.85219],[41.28896,36.08084],[41.29303,36.19543],[41.3969,36.35516],[41.53615,36.45142],[41.92574,36.53001],[42.13163,36.69668],[42.55647,37.09386],[42.53003,37.20198],[42.50116,37.31248],[42.4077,37.32301],[42.29986,37.1914],[41.98783,37.05455],[41.45482,36.95398],[41.13498,36.97131],[40.79863,37.02675],[40.60068,36.9938],[39.92678,36.69075],[39.67129,36.63201],[39.17473,36.55283],[38.92492,36.62148],[38.23535,36.8214],[38.11026,36.80798],[37.69193,36.64006],[37.35659,36.60636],[37.09735,36.61764],[36.74796,36.6921],[36.64804,36.69154],[36.58432,36.70719],[36.55946,36.5637],[36.60542,36.36021],[36.71478,36.16983],[36.43282,36.11266],[36.36229,35.94434],[36.27206,35.86818],[36.19518,35.88648],[36.14396,35.82927],[35.9685,35.88557],[35.82905,35.88478],[35.85594,35.8345],[35.7395,35.69027],[35.69143,35.68502],[35.73318,35.58536],[35.68043,35.52767],[35.66396,35.4595],[35.60734,35.41754],[35.79643,35.27072],[35.84138,35.04263],[35.80885,35.0138],[35.75075,34.74681],[35.85192,34.49295],[36.02604,34.48248],[36.17688,34.50603],[36.2309,34.5322],[36.25461,34.47986],[36.31075,34.45631],[36.21901,34.36471],[36.31866,34.33854],[36.42747,34.26788],[36.44124,34.16843],[36.48206,34.14749],[36.47147,34.07421],[36.50215,34.04805],[36.3678,33.94074],[36.29149,33.8884],[36.21228,33.81512],[36.17711,33.7654],[36.19292,33.74447],[36.25564,33.67904],[35.9864,33.67642],[35.852,33.56389],[35.81761,33.49584],[35.91771,33.45135],[35.93909,33.42518],[35.70249,33.24722],[35.68399,33.20273],[35.50439,33.10851],[35.58656,32.9528],[35.67711,32.89523],[35.68643,32.81279],[35.66516,32.75783],[35.70218,32.71941]]]}},{"type":"Feature","id":90,"properties":{"name":"Tunisia","subjecto":"Tunisia","partof":"Tunisia","precision":3},"geometry":{"type":"Polygon","coordinates":[[[11.47069,33.14409],[11.20892,33.25152],[11.09912,33.53723],[10.95654,33.57506],[10.77814,33.47303],[10.65022,33.49818],[10.4126,33.63113],[10.14866,33.8784],[10.01948,34.08147],[10.11642,34.23417],[10.57403,34.64811],[10.83936,34.80115],[11.0828,35.14503],[11.12511,35.24061],[10.98895,35.6223],[10.83083,35.67928],[10.60261,35.88895],[10.51146,36.08617],[10.50924,36.21355],[10.63341,36.42401],[10.92006,36.65394],[11.0394,36.90905],[11.02376,37.06832],[10.84325,36.99149],[10.58058,36.79342],[10.3928,36.71657],[10.27151,36.75455],[10.15887,36.99647],[10.13273,37.10475],[10.02135,37.20013],[9.7322,37.2824],[9.41612,37.27538],[9.15028,37.17287],[8.86552,36.96835],[8.63671,36.88526],[8.63145,36.80268],[8.32366,36.52058],[8.272,36.32279],[8.27713,35.6795],[8.28923,35.27842],[8.31264,35.01117],[8.29101,34.7695],[8.21768,34.58479],[8.03105,34.42485],[7.5812,34.04102],[7.53062,33.81194],[7.66599,33.41231],[7.81742,33.06362],[8.02075,33.02028],[8.18429,32.8941],[8.28533,32.68496],[8.50327,32.31123],[8.69752,32.22972],[8.86074,32.11624],[9.00648,31.90734],[9.32093,30.89865],[9.57486,30.20736],[9.67375,30.27149],[10.06265,30.54063],[10.13275,30.64271],[10.19909,30.88458],[10.07547,31.32239],[10.13242,31.48158],[10.79485,31.99376],[11.05559,32.13505],[11.41643,32.32774],[11.45825,32.44872],[11.42918,32.70275],[11.47069,33.14409]]]}},{"type":"Feature","id":91,"properties":{"name":"Algeria","subjecto":"Algeria","partof":"Algeria","precision":3},"geometry":{"type":"Polygon","coordinates":[[[-8.62915,27.17268],[-7.35602,26.49345],[-5.50198,25.40441],[-4.86576,24.9949],[-4.82077,24.95702],[-4.41793,24.71781],[-3.4936,24.11292],[-3.12872,23.85442],[-1.65116,22.84594],[-0.78538,22.2789],[-0.20366,21.90792],[-0.02486,21.79389],[1.08737,21.13296],[1.16865,21.01902],[1.12567,20.84079],[1.16277,20.75838],[1.33928,20.63228],[1.83948,20.16484],[1.942,20.15272],[2.15372,20.2938],[2.41814,20.0411],[2.5867,19.9658],[2.9233,19.95506],[3.06243,19.90502],[3.18709,19.74686],[3.2314,19.51193],[3.1589,19.2064],[3.22517,18.95255],[4.20384,19.13626],[4.95654,19.28049],[5.77547,19.44419],[7.16313,20.6218],[7.53845,20.91636],[8.57708,21.57073],[9.30031,22.00078],[11.10569,23.00913],[11.8399,23.38837],[11.95901,23.47169],[11.91532,23.50321],[11.52785,24.18101],[11.44788,24.2568],[10.98544,24.41301],[10.66921,24.48745],[10.4245,24.39705],[10.31473,24.46633],[10.06146,24.8589],[9.9493,25.27136],[9.37673,26.03707],[9.44537,26.16458],[9.55741,26.22244],[9.85738,26.43389],[9.89577,26.51038],[9.92332,26.80924],[9.71744,27.3292],[9.78848,27.55205],[9.86078,27.83211],[9.81531,28.16868],[9.86043,28.55662],[9.83712,28.86789],[9.77044,29.24248],[9.37469,29.96472],[9.48335,30.13694],[9.57486,30.20736],[9.32093,30.89865],[9.00648,31.90734],[8.86074,32.11624],[8.69752,32.22972],[8.50327,32.31123],[8.28533,32.68496],[8.18429,32.8941],[8.02075,33.02028],[7.81742,33.06362],[7.66599,33.41231],[7.53062,33.81194],[7.5812,34.04102],[8.03105,34.42485],[8.21768,34.58479],[8.29101,34.7695],[8.31264,35.01117],[8.28923,35.27842],[8.27713,35.6795],[8.272,36.32279],[8.32366,36.52058],[8.63145,36.80268],[8.63671,36.88526],[8.14501,36.81395],[7.91317,36.77525],[7.79204,36.83236],[7.71904,36.95328],[7.54492,37.04214],[7.30698,37.06078],[7.20485,36.99047],[7.06324,36.88185],[6.92304,36.81784],[6.77054,36.86215],[6.32287,37.09065],[6.04739,36.84156],[5.73016,36.7517],[5.38273,36.67453],[5.14447,36.66768],[4.77719,36.74338],[4.63212,36.79407],[4.39462,36.83819],[4.16392,36.83135],[3.74122,36.83687],[3.58687,36.79195],[3.32384,36.65123],[3.07001,36.61886],[2.80987,36.7139],[2.52436,36.57315],[2.29377,36.54082],[1.57969,36.51389],[1.0576,36.46186],[0.78124,36.38485],[0.47439,36.22496],[0.19867,36.03331],[0.01531,35.80367],[-0.09165,35.73977],[-0.28299,35.75848],[-0.42877,35.86007],[-0.73431,35.73846],[-0.91749,35.66804],[-1.14667,35.62937],[-1.32911,35.48891],[-1.4951,35.2339],[-1.73833,35.11883],[-2.03525,35.05457],[-2.19297,35.05425],[-2.07658,34.82568],[-1.82328,34.69997],[-1.73815,34.60509],[-1.66399,34.20505],[-1.67392,33.82995],[-1.68113,33.25782],[-1.61015,33.04845],[-1.34093,32.69401],[-1.11257,32.54911],[-1.08128,32.45393],[-1.23429,31.98904],[-2.05584,31.99073],[-2.3572,31.98266],[-2.81711,31.99277],[-2.95587,31.74406],[-3.12754,31.66044],[-3.66096,31.60656],[-3.78034,31.55502],[-3.81586,31.45312],[-3.8047,31.27519],[-3.67134,30.99624],[-3.7294,30.8942],[-4.41326,30.57882],[-4.91232,30.42976],[-5.13021,30.1361],[-5.36597,29.97582],[-5.60298,29.87275],[-5.95271,29.79448],[-6.3414,29.77954],[-6.42275,29.46757],[-6.60141,29.44112],[-7.17048,29.47601],[-7.60411,29.23195],[-8.28449,28.78305],[-8.59321,28.64141],[-8.61005,28.46967],[-8.64121,27.56676],[-8.62915,27.17268]]]}},{"type":"Feature","id":92,"properties":{"name":"Morocco","subjecto":"Morocco","partof":"Morocco","precision":3},"geometry":{"type":"Polygon","coordinates":[[[-2.19297,35.05425],[-2.35566,35.05392],[-2.71481,35.09774],[-2.82988,35.14206],[-3.00903,35.38998],[-3.20577,35.26861],[-3.4408,35.16628],[-4.02789,35.13324],[-4.29535,35.15179],[-4.59298,35.15119],[-5.10963,35.37931],[-5.17179,35.42376],[-5.47936,35.80521],[-5.565,35.86234],[-5.80789,35.78542],[-5.92876,35.72786],[-6.30205,34.86144],[-6.51147,34.4543],[-6.75297,34.12335],[-7.00401,33.87498],[-7.33262,33.69637],[-7.90241,33.48549],[-8.31441,33.33848],[-8.64026,33.12173],[-9.21869,32.58036],[-9.25077,32.42142],[-9.22225,32.25625],[-9.31756,31.96372],[-9.63532,31.5754],[-9.81327,31.28906],[-9.85776,31.06019],[-9.81704,30.75522],[-9.62504,30.4061],[-9.60267,30.18372],[-9.66259,29.95482],[-9.86959,29.64298],[-10.33931,29.14632],[-10.85623,28.75123],[-11.37266,28.36886],[-11.57646,28.22862],[-12.09062,28.02418],[-12.67412,27.89585],[-12.86621,27.85732],[-13.06014,27.67262],[-13.12364,27.54634],[-12.38805,27.56427],[-11.25804,27.56441],[-10.05368,27.56499],[-9.28045,27.56309],[-8.64121,27.56676],[-8.61005,28.46967],[-8.59321,28.64141],[-8.28449,28.78305],[-7.60411,29.23195],[-7.17048,29.47601],[-6.60141,29.44112],[-6.42275,29.46757],[-6.3414,29.77954],[-5.95271,29.79448],[-5.60298,29.87275],[-5.36597,29.97582],[-5.13021,30.1361],[-4.91232,30.42976],[-4.41326,30.57882],[-3.7294,30.8942],[-3.67134,30.99624],[-3.8047,31.27519],[-3.81586,31.45312],[-3.78034,31.55502],[-3.66096,31.60656],[-3.12754,31.66044],[-2.95587,31.74406],[-2.81711,31.99277],[-2.3572,31.98266],[-2.05584,31.99073],[-1.23429,31.98904],[-1.08128,32.45393],[-1.11257,32.54911],[-1.34093,32.69401],[-1.61015,33.04845],[-1.68113,33.25782],[-1.67392,33.82995],[-1.66399,34.20505],[-1.73815,34.60509],[-1.82328,34.69997],[-2.07658,34.82568],[-2.19297,35.05425]]]}},{"type":"Feature","id":93,"properties":{"name":"Lebanon","subjecto":"Lebanon","partof":"Lebanon","precision":3},"geometry":{"type":"Polygon","coordinates":[[[35.85192,34.49295],[35.87307,34.42229],[35.82101,34.34378],[35.71621,34.31237],[35.53208,34.11871],[35.5244,33.97477],[35.49185,33.83083],[35.42987,33.74447],[35.34856,33.74447],[35.35609,33.63978],[35.20839,33.33359],[35.13231,33.23152],[35.08897,33.06926],[34.97201,32.93841],[35.1392,32.96165],[35.20756,32.95149],[35.23913,32.90699],[35.39914,32.9384],[35.40285,33.01397],[35.43315,33.10066],[35.47303,33.11898],[35.50439,33.10851],[35.68399,33.20273],[35.70249,33.24722],[35.93909,33.42518],[35.91771,33.45135],[35.81761,33.49584],[35.852,33.56389],[35.9864,33.67642],[36.25564,33.67904],[36.19292,33.74447],[36.17711,33.7654],[36.21228,33.81512],[36.29149,33.8884],[36.3678,33.94074],[36.50215,34.04805],[36.47147,34.07421],[36.48206,34.14749],[36.44124,34.16843],[36.42747,34.26788],[36.31866,34.33854],[36.21901,34.36471],[36.31075,34.45631],[36.25461,34.47986],[36.2309,34.5322],[36.17688,34.50603],[36.02604,34.48248],[35.85192,34.49295]]]}},{"type":"Feature","id":94,"properties":{"name":"Mexico","subjecto":"Mexico","partof":"Mexico","precision":3},"geometry":{"type":"Polygon","coordinates":[[[-97.25996,25.81137],[-97.41586,25.86476],[-97.78328,26.03448],[-97.91639,26.03371],[-98.10344,25.98171],[-98.22223,26.01285],[-98.68535,26.26478],[-99.09999,26.40879],[-99.26847,26.57332],[-99.41984,26.83981],[-99.56925,27.2591],[-99.60427,27.46897],[-99.7249,27.58288],[-100.02049,27.84219],[-100.40048,28.31113],[-100.73522,28.86313],[-101.03329,29.32623],[-101.1966,29.49085],[-101.38176,29.60439],[-101.73417,29.74884],[-101.948,29.78581],[-102.23722,29.77779],[-102.4477,29.68744],[-102.70673,29.44398],[-102.89479,29.25824],[-103.02207,29.09195],[-103.20897,29.02084],[-103.43451,29.02591],[-103.58601,29.05688],[-104.08303,29.28326],[-104.57435,29.57973],[-104.77479,29.82693],[-104.91794,30.20821],[-105.0458,30.51319],[-105.12631,30.61463],[-105.44467,30.83572],[-105.82148,31.06923],[-106.16616,31.35388],[-106.45022,31.65163],[-106.54451,31.70206],[-107.39566,31.72269],[-108.23211,31.7243],[-108.2752,31.32275],[-108.37104,31.27761],[-109.21128,31.27282],[-109.64615,31.28945],[-110.34123,31.29823],[-111.08886,31.3067],[-111.24122,31.33132],[-112.82338,31.83193],[-114.08806,32.25159],[-114.62181,32.42696],[-114.74173,32.49635],[-114.88409,32.63572],[-115.95562,32.59778],[-117.02062,32.52801],[-117.17368,32.52055],[-117.0746,32.3023],[-116.96032,32.15626],[-116.61071,31.87714],[-116.70606,31.70522],[-116.70472,31.59075],[-116.50949,31.27315],[-116.22926,30.94303],[-116.13783,30.76515],[-116.12583,30.49808],[-116.05838,30.33922],[-115.85714,30.28241],[-115.81609,30.21254],[-115.69373,29.92026],[-115.60231,29.68515],[-115.4214,29.5329],[-114.97781,29.31126],[-114.48295,28.91167],[-114.27323,28.70862],[-114.06729,28.42289],[-114.06275,28.34025],[-114.10466,28.054],[-114.2144,27.90752],[-114.47917,27.77979],[-114.7489,27.78559],[-115.05461,27.85317],[-114.94397,27.73895],[-114.88134,27.68185],[-114.47786,27.24395],[-114.15326,27.10474],[-113.58535,26.76893],[-113.42209,26.74383],[-113.28501,26.8077],[-112.98118,26.50314],[-112.75585,26.36373],[-112.55797,26.31963],[-112.41098,26.19277],[-112.30381,26.02133],[-112.08434,25.57036],[-112.06849,25.45595],[-112.16581,25.01067],[-112.09281,24.89003],[-111.90574,24.68698],[-111.39151,24.24302],[-111.01586,24.01494],[-110.7837,23.79928],[-110.50243,23.66001],[-110.22466,23.39994],[-110.11657,23.06958],[-110.00361,22.88545],[-109.88921,22.86662],[-109.57827,23.1343],[-109.5169,23.19163],[-109.42893,23.43342],[-109.4886,23.57315],[-109.6152,23.57924],[-109.82424,23.69323],[-109.9403,23.95364],[-110.20494,24.31547],[-110.31049,24.22624],[-110.48523,24.14958],[-110.6557,24.21915],[-110.77243,24.37784],[-110.76643,24.61308],[-110.79757,24.88005],[-111.08983,25.41985],[-111.32871,25.89622],[-111.4835,26.55715],[-111.59382,26.7604],[-111.69413,26.6966],[-111.91486,26.66435],[-112.11509,27.01999],[-112.18734,27.31234],[-112.28407,27.50925],[-112.34385,27.53455],[-112.56714,27.55953],[-112.67781,27.62924],[-112.72362,27.70545],[-112.86987,28.33466],[-112.97636,28.41075],[-113.12409,28.42951],[-113.3219,28.55628],[-113.59289,29.10259],[-113.82908,29.40097],[-114.09961,29.64206],[-114.38871,29.76228],[-114.45305,29.83845],[-114.68277,30.14322],[-114.72236,30.37208],[-114.73472,30.84267],[-114.8535,30.97597],[-114.97266,31.12836],[-114.98751,31.16648],[-114.96706,31.36368],[-114.83865,31.8155],[-114.19512,31.52427],[-114.08228,31.54359],[-113.95214,31.69013],[-113.74632,31.60788],[-113.68862,31.53804],[-113.66166,31.33459],[-113.30399,31.2463],[-113.05208,31.1387],[-113.06633,30.99876],[-113.08503,30.76978],[-113.01671,30.56641],[-112.90798,30.41402],[-112.73715,30.10912],[-112.65433,29.91851],[-112.32323,29.4359],[-112.03292,29.06133],[-111.90643,28.81359],[-111.69163,28.4961],[-111.27094,28.10909],[-111.06416,27.99507],[-110.85695,27.95099],[-110.60444,27.85614],[-110.52135,27.75457],[-110.55912,27.63368],[-110.58187,27.46196],[-110.5255,27.34762],[-110.38208,27.21439],[-110.10728,27.13867],[-109.94592,27.04362],[-109.89269,26.88478],[-109.72422,26.60536],[-109.52662,26.72023],[-109.18879,26.44117],[-109.13189,26.28869],[-109.33828,25.95763],[-109.33613,25.81139],[-109.26275,25.64624],[-109.15561,25.57653],[-108.96924,25.62779],[-108.84755,25.61532],[-108.68296,25.38042],[-108.49933,25.24093],[-108.22551,25.15249],[-108.07753,25.0638],[-108.01262,24.98128],[-107.98668,24.76518],[-107.91568,24.64454],[-107.77062,24.55583],[-107.40375,24.29595],[-107.19063,24.06117],[-106.75728,23.58529],[-106.51165,23.3633],[-105.83889,22.56369],[-105.53994,22.2846],[-105.50844,22.16388],[-105.57401,22.08745],[-105.62825,21.95384],[-105.2936,21.52226],[-105.21615,21.31262],[-105.23433,21.14095],[-105.43972,20.83537],[-105.29104,20.67039],[-105.31202,20.58771],[-105.39282,20.51125],[-105.61999,20.47262],[-105.68734,20.40255],[-105.67043,20.35173],[-105.50686,20.10415],[-105.17299,19.65987],[-104.94791,19.43784],[-104.66939,19.31765],[-104.19729,19.05801],[-103.97491,18.88049],[-103.74826,18.59491],[-103.49394,18.35389],[-102.6682,18.09502],[-102.35833,18.03211],[-102.08551,18.05811],[-101.9926,18.02653],[-101.48718,17.57628],[-101.22078,17.41792],[-100.73742,17.22191],[-100.41263,17.05732],[-99.97907,16.89297],[-99.20923,16.71663],[-98.85616,16.59661],[-98.43546,16.36231],[-98.14565,16.17224],[-97.88093,16.05203],[-97.29379,15.9643],[-97.07762,15.87576],[-96.75166,15.78112],[-96.33294,15.75024],[-95.99271,15.86537],[-95.49766,16.12071],[-95.13017,16.29947],[-94.83466,16.31917],[-94.36295,16.22483],[-94.07539,16.11116],[-94.05164,16.07931],[-93.81161,15.9209],[-93.33049,15.5342],[-92.90053,15.19188],[-92.47207,14.79234],[-92.1554,14.5428],[-92.19957,14.99605],[-92.10653,15.10336],[-92.24351,15.28221],[-91.7595,16.09778],[-91.28251,16.10105],[-90,16.09778],[-90,16.50556],[-90,16.81639],[-91.076,16.9205],[-91.29883,17.16374],[-91.47719,17.2639],[-91.02779,17.2782],[-91.00988,17.83623],[-90,17.83404],[-89.15434,17.83119],[-89.16563,17.97931],[-89.04039,18.02223],[-88.86667,17.90061],[-88.59691,18.28615],[-88.5168,18.48725],[-88.32046,18.4944],[-88.31141,18.74147],[-88.13768,18.8944],[-88.10501,18.82455],[-88.03013,18.62128],[-87.8771,18.38086],[-87.84949,18.48898],[-87.80036,18.74336],[-87.68221,19.28135],[-87.63709,19.57466],[-87.78858,19.51254],[-87.85821,19.58231],[-87.77398,19.74141],[-87.65973,19.87514],[-87.65072,20.18991],[-87.50815,20.39023],[-87.31331,20.58149],[-87.06996,20.80448],[-86.93589,20.9764],[-86.90024,21.16718],[-86.92159,21.30063],[-87.20057,21.52887],[-87.37093,21.57066],[-87.59694,21.48354],[-88.10939,21.56509],[-88.33372,21.59004],[-88.60106,21.56404],[-89.05809,21.39779],[-89.54746,21.29505],[-89.86283,21.24988],[-90,21.16073],[-90,20.67639],[-90,20.1613],[-90,19.75351],[-90,19.38151],[-91.2197,19.1025],[-91.70248,18.82348],[-91.52562,18.74479],[-91.479,18.63379],[-91.61099,18.54453],[-91.72974,18.4157],[-92.10702,18.51586],[-92.09788,18.75962],[-92.45909,18.68892],[-93.08748,18.55409],[-93.7849,18.34919],[-94.24197,18.24015],[-94.58994,18.27119],[-94.81647,18.49955],[-95.08329,18.7024],[-95.34308,18.77176],[-95.53918,18.76499],[-95.84385,18.79613],[-96.01227,18.92926],[-96.34066,19.48161],[-96.57884,19.91973],[-96.79519,20.15447],[-96.88145,20.35771],[-97.22339,20.76384],[-97.50419,21.18915],[-97.62812,21.55124],[-97.88202,22.33262],[-97.87469,22.84121],[-97.81479,23.37533],[-97.82255,24.2081],[-97.74189,24.72958],[-97.65814,25.07304],[-97.42493,25.44228],[-97.25996,25.81137]]]}},{"type":"Feature","id":95,"properties":{"name":"Kuwait","subjecto":"Kuwait","partof":"Kuwait","precision":3},"geometry":{"type":"Polygon","coordinates":[[[47.91136,29.89029],[47.33928,29.87032],[47.10673,29.81183],[46.95225,29.49974],[46.74396,29.22544],[46.50916,28.97005],[47.25528,28.85365],[47.43864,28.82929],[47.58903,28.5507],[47.67213,28.44319],[48.15363,28.42055],[48.44353,28.44023],[48.12906,29.26819],[47.99151,29.27749],[47.80356,29.18492],[47.61404,29.27224],[47.84491,29.50315],[47.99603,29.49026],[47.93592,29.80141],[47.91136,29.89029]]]}},{"type":"Feature","id":96,"properties":{"name":"Burma","subjecto":"Burma","partof":"Burma","precision":3},"geometry":{"type":"Polygon","coordinates":[[[92.50995,22.11043],[92.59761,21.38702],[92.23697,21.14997],[92.12367,20.99643],[92.1763,20.88663],[92.40335,20.61396],[92.66279,20.40489],[92.8271,20.42429],[92.92148,20.37367],[92.93328,20.31017],[92.89443,20.11317],[93.06563,19.99283],[93.24848,20.03769],[93.33432,20.02517],[93.416,19.94276],[93.72382,19.59404],[93.74784,19.4734],[93.815,19.25756],[93.67501,19.25091],[93.45794,19.17421],[93.69467,19.00955],[93.83904,18.95269],[93.96559,19.19436],[94.05371,19.06115],[94.24741,18.57878],[94.42046,18.14081],[94.46533,17.66447],[94.46485,17.26426],[94.392,16.90836],[94.14336,16.21538],[94.14436,16.00574],[94.30409,15.9489],[94.4156,16.0762],[94.53972,16.13364],[94.81928,16.21047],[94.81964,16.15965],[94.75341,15.93717],[94.82801,15.84204],[94.97264,15.83599],[95.1248,15.99513],[95.22019,16.00169],[95.22297,15.80476],[95.32981,15.67793],[95.4182,15.74165],[95.55233,15.87535],[95.71379,16.15521],[96.2039,16.38496],[96.46925,16.51258],[96.6629,16.69723],[96.73407,16.88796],[96.77038,17.33271],[96.88162,17.34566],[96.98308,17.24423],[97.21499,16.93981],[97.35199,16.52717],[97.41848,16.48285],[97.57322,16.44507],[97.59611,16.34982],[97.61145,16.09575],[97.66407,15.79094],[97.7423,15.0097],[97.82299,14.61601],[97.97914,14.23517],[98.19889,13.64481],[98.48592,13.11178],[98.59677,12.73718],[98.67654,12.05121],[98.58831,11.82231],[98.59017,11.69524],[98.63706,11.65723],[98.86735,11.64502],[98.73838,11.43508],[98.68357,11.08554],[98.60528,10.86299],[98.39786,10.56394],[98.43165,10.20187],[98.59324,10.12048],[98.6372,10.28857],[99.09185,11.05363],[99.54659,11.75511],[99.58109,11.88871],[99.31733,12.4398],[99.09758,12.9721],[99.09528,13.08642],[99.13365,13.37249],[99.09447,13.6708],[99.00301,13.88623],[98.72998,14.15774],[98.48692,14.37226],[98.21724,15.01854],[98.13703,15.18955],[98.50286,15.38224],[98.57977,15.47161],[98.47557,16.0045],[98.53295,16.10645],[98.73598,16.20926],[98.82361,16.31775],[98.75007,16.46973],[98.45953,16.93799],[98.39312,17.08366],[97.90218,17.51263],[97.78759,17.57547],[97.73726,17.9689],[97.70603,18.05128],[97.37347,18.4494],[97.63808,18.50811],[97.71115,18.50853],[97.75006,18.61671],[97.72088,18.8007],[97.77232,19.02961],[97.78882,19.398],[97.8529,19.56348],[98.01567,19.74857],[98.22885,19.71172],[98.50814,19.7197],[98.99334,19.86223],[99.17015,20.12996],[99.40796,20.28374],[99.60395,20.36109],[99.89407,20.38818],[99.96538,20.42034],[100.00115,20.45865],[100.08844,20.54171],[100.35039,20.74643],[100.54933,21.00793],[100.78778,21.28237],[101.01399,21.44242],[100.94499,21.54996],[100.89466,21.72111],[100.61217,21.53532],[100.3208,21.46378],[100.20996,21.50122],[100.04021,21.62088],[99.88667,21.95651],[99.7555,22.12718],[99.53886,22.10689],[99.31092,22.10556],[99.20855,22.14941],[99.15594,22.30784],[99.48357,23.02088],[99.46893,23.14143],[99.23399,23.18451],[98.985,23.15132],[98.89397,23.29683],[98.76916,24.08976],[98.69876,24.14649],[98.48349,24.13889],[98.13675,24.09879],[97.76786,23.89983],[97.62801,23.86091],[97.5306,23.8921],[97.53086,24.01274],[97.63117,24.27363],[97.55812,24.59067],[97.52405,24.8],[97.80182,25.18252],[97.88797,25.27188],[98.10718,25.39376],[98.38229,25.63022],[98.57541,25.95507],[98.73374,26.34318],[98.72536,26.73666],[98.63723,27.47874],[98.57173,27.54183],[98.3451,27.52784],[98.21602,27.54614],[98.11808,27.6852],[98.00866,28.09076],[97.83,28.28646],[97.60302,28.4121],[97.47847,28.39233],[97.34069,28.23923],[97.34042,28.18212],[97.33239,27.95358],[97.28192,27.84541],[97.01382,27.58366],[96.98158,27.45653],[97.06419,27.13332],[96.93149,27.10716],[96.5476,27.2065],[96.29669,27.24315],[96.15615,27.18521],[95.83269,26.95485],[95.18183,26.55756],[95.09293,26.39836],[95.11837,26.05572],[95.05757,25.88399],[94.6352,25.37369],[94.61485,25.27836],[94.7016,25.09475],[94.70137,24.94874],[94.18485,23.9362],[94.10823,23.87861],[93.9692,23.88415],[93.79378,23.93392],[93.42865,24.07785],[93.3692,23.95051],[93.43508,23.23338],[93.34874,23.07414],[93.16841,23.00959],[93.0659,22.92645],[93.13465,22.50777],[93.12767,22.20292],[93.00463,22.03711],[92.89228,21.9793],[92.7778,22.04213],[92.50995,22.11043]]]}},{"type":"Feature","id":97,"properties":{"name":"Bangladesh","subjecto":"Bangladesh","partof":"Bangladesh","precision":3},"geometry":{"type":"Polygon","coordinates":[[[89.07225,21.77434],[89.23388,21.65538],[89.45661,21.94171],[89.57895,21.70058],[89.67018,21.71984],[89.79634,21.83207],[89.86969,22.13323],[89.90269,22.10783],[90,21.93025],[90,22.56096],[91.08138,22.56133],[91.41017,22.72083],[91.57107,22.54331],[91.8459,21.90867],[91.94605,21.36258],[92.12367,20.99643],[92.23697,21.14997],[92.59761,21.38702],[92.50995,22.11043],[92.49319,22.31988],[92.21105,23.43581],[92.18228,23.69599],[92.002,23.6759],[91.87523,23.62437],[91.69781,23.10265],[91.59738,22.94332],[91.3591,23.14513],[91.24684,23.26513],[91.14312,23.39152],[91.14279,23.56296],[91.13883,23.79789],[91.19761,23.92522],[91.49086,24.08567],[91.71489,24.14411],[92.13729,24.48944],[92.20881,24.64224],[92.21404,24.99783],[92.18869,25.05483],[92.1386,25.09897],[91.02613,25.18778],[90,25.18632],[90,25.18251],[89.87473,25.23191],[89.83188,25.27611],[89.77263,25.81538],[89.71445,25.96106],[89.52707,25.98538],[89.30674,25.95871],[89.13945,26.07836],[88.98709,26.1981],[88.42344,26.33452],[88.31818,26.25773],[88.06852,26.02139],[88.01253,25.89411],[88.05003,25.82449],[88.2724,25.71785],[88.82314,25.29566],[88.87958,25.24519],[88.85833,25.17523],[88.46103,25.07136],[88.28071,24.93699],[88.03428,24.66252],[88.1867,24.51735],[88.65544,24.32322],[88.74262,24.22848],[88.72955,24.10776],[88.5023,23.76354],[88.52015,23.64934],[88.67819,23.44706],[88.82472,22.8129],[89.00562,22.01384],[89.07225,21.77434]]]}},{"type":"Feature","id":98,"properties":{"name":"Thailand","subjecto":"Thailand","partof":"Thailand","precision":3},"geometry":{"type":"Polygon","coordinates":[[[102.0738,6.15424],[101.97837,6.21942],[101.67956,6.46433],[101.55989,6.73953],[101.42796,6.8282],[101.21749,6.80232],[100.97531,6.85264],[100.61492,6.97893],[100.53962,7.04866],[100.34463,7.44046],[100.28749,7.77244],[100.30192,7.88685],[100.20771,8.32505],[100.13154,8.53205],[100.00935,8.49007],[99.92938,8.58494],[99.86589,8.71187],[99.90212,8.92163],[99.89802,9.06775],[99.83726,9.22646],[99.72405,9.25798],[99.54618,9.19406],[99.29846,9.16177],[99.19562,9.23779],[99.11866,9.37104],[99.07135,9.89828],[99.18618,10.4894],[99.5013,11.24613],[99.76342,11.78037],[99.89527,12.07925],[99.8711,12.26343],[99.8337,12.52383],[99.97711,12.84179],[100.02317,12.99437],[99.93033,13.261],[100.04,13.39465],[100.23968,13.49037],[100.47393,13.50993],[100.58545,13.47205],[100.90871,13.44734],[100.95698,13.36485],[100.87124,12.8056],[100.87163,12.67854],[101.02303,12.67252],[101.15366,12.60926],[101.32911,12.55882],[101.58664,12.66102],[101.72354,12.65496],[101.91858,12.58549],[102.32391,12.18613],[102.52976,12.14845],[102.6585,12.06613],[102.67078,12.03772],[102.73595,12.11698],[102.66412,12.33254],[102.4449,12.6552],[102.34619,12.94682],[102.33451,13.23258],[102.36847,13.40429],[102.43457,13.53807],[102.84838,14.0931],[103.08303,14.29137],[103.25549,14.33686],[103.78292,14.37807],[104.14186,14.34842],[104.39269,14.38166],[104.65161,14.36413],[104.92099,14.31491],[105.05653,14.2395],[105.4197,14.52745],[105.47441,14.72465],[105.47316,15.15017],[105.40268,15.37839],[105.2143,15.69483],[104.77342,16.27016],[104.65861,16.47905],[104.6104,16.64388],[104.58425,17.32958],[104.38873,17.61419],[104.07908,17.91082],[103.95049,18.15138],[103.92756,18.27824],[103.80767,18.34739],[103.40609,18.43393],[103.22453,18.43922],[103.09616,18.23527],[103.00592,17.99344],[102.76139,17.87771],[102.66149,17.84537],[102.39606,17.96447],[102.01998,18.12102],[101.86465,18.1074],[101.33676,17.57723],[101.17005,17.39209],[100.95364,17.45433],[100.88843,17.60001],[100.9009,17.82234],[100.95364,18.01951],[101.19157,18.72576],[101.22945,18.91013],[101.1176,19.50001],[101.09709,19.5507],[100.91085,19.53055],[100.69066,19.44037],[100.50041,19.43926],[100.41723,19.50862],[100.3871,19.67354],[100.43525,20.03575],[100.4306,20.22621],[100.37747,20.30211],[100.24482,20.38388],[100.00115,20.45865],[99.96538,20.42034],[99.89407,20.38818],[99.60395,20.36109],[99.40796,20.28374],[99.17015,20.12996],[98.99334,19.86223],[98.50814,19.7197],[98.22885,19.71172],[98.01567,19.74857],[97.8529,19.56348],[97.78882,19.398],[97.77232,19.02961],[97.72088,18.8007],[97.75006,18.61671],[97.71115,18.50853],[97.63808,18.50811],[97.37347,18.4494],[97.70603,18.05128],[97.73726,17.9689],[97.78759,17.57547],[97.90218,17.51263],[98.39312,17.08366],[98.45953,16.93799],[98.75007,16.46973],[98.82361,16.31775],[98.73598,16.20926],[98.53295,16.10645],[98.47557,16.0045],[98.57977,15.47161],[98.50286,15.38224],[98.13703,15.18955],[98.21724,15.01854],[98.48692,14.37226],[98.72998,14.15774],[99.00301,13.88623],[99.09447,13.6708],[99.13365,13.37249],[99.09528,13.08642],[99.09758,12.9721],[99.31733,12.4398],[99.58109,11.88871],[99.54659,11.75511],[99.09185,11.05363],[98.6372,10.28857],[98.59324,10.12048],[98.63262,10.10065],[98.50176,9.71915],[98.25057,8.93712],[98.17717,8.60022],[98.19523,8.32705],[98.29241,8.15571],[98.39026,8.21946],[98.54463,8.26427],[98.74962,8.08681],[98.88945,8.01722],[99.02451,7.87137],[99.1186,7.64284],[99.29393,7.31918],[99.46808,7.33862],[99.57173,7.26259],[99.63965,7.06578],[99.6108,6.93864],[99.663,6.71001],[99.83384,6.53883],[99.96908,6.50735],[100.1544,6.60305],[100.22199,6.52061],[100.16444,6.38705],[100.15874,6.3401],[100.36036,6.41662],[100.61741,6.42234],[100.66531,6.21242],[100.86668,6.15911],[100.98413,6.05179],[101.00831,5.95026],[101.02715,5.85555],[100.93139,5.67655],[100.98436,5.56885],[101.07635,5.53126],[101.18617,5.70861],[101.31175,5.83456],[101.45076,5.76109],[101.47295,5.54633],[101.7626,5.58618],[101.81226,5.84506],[102.03494,6.0025],[102.0738,6.15424]]]}},{"type":"Feature","id":99,"properties":{"name":"Belize","subjecto":"Belize","partof":"Belize","precision":3},"geometry":{"type":"Polygon","coordinates":[[[-88.32046,18.4944],[-88.5168,18.48725],[-88.59691,18.28615],[-88.86667,17.90061],[-89.04039,18.02223],[-89.16563,17.97931],[-89.15434,17.83119],[-89.25114,15.89747],[-88.94078,15.90462],[-88.94082,16.03339],[-88.76615,16.1407],[-88.74183,16.26948],[-88.57977,16.28379],[-88.44454,16.44118],[-88.28343,16.83465],[-88.24189,17.0135],[-88.32701,17.15658],[-88.22048,17.51429],[-88.30037,17.63543],[-88.11194,18.19393],[-88.12372,18.38709],[-88.39922,18.30903],[-88.32046,18.4944]]]}},{"type":"Feature","id":100,"properties":{"name":"Guatemala","subjecto":"Guatemala","partof":"Guatemala","precision":3},"geometry":{"type":"Polygon","coordinates":[[[-92.1554,14.5428],[-91.92469,14.35413],[-91.51571,14.05887],[-91.24203,13.95156],[-90,13.93725],[-90,13.87286],[-89.87574,14.08033],[-89.77688,14.07318],[-89.69417,14.2091],[-89.5364,14.25918],[-89.60995,14.33072],[-89.59041,14.44519],[-89.38032,14.46665],[-89.18349,14.60257],[-89.25629,14.87443],[-89.17644,15.09621],[-88.95209,15.20352],[-88.27393,15.74723],[-88.48015,15.91246],[-88.6313,15.98332],[-88.60139,15.81162],[-88.66434,15.72577],[-88.80428,15.8617],[-88.94078,15.90462],[-89.25114,15.89747],[-89.15434,17.83119],[-90,17.83404],[-91.00988,17.83623],[-91.02779,17.2782],[-91.47719,17.2639],[-91.29883,17.16374],[-91.076,16.9205],[-90,16.81639],[-90,16.50556],[-90,16.09778],[-91.28251,16.10105],[-91.7595,16.09778],[-92.24351,15.28221],[-92.10653,15.10336],[-92.19957,14.99605],[-92.1554,14.5428]]]}},{"type":"Feature","id":101,"properties":{"name":"Honduras","subjecto":"Honduras","partof":"Honduras","precision":3},"geometry":{"type":"Polygon","coordinates":[[[-88.27393,15.74723],[-88.95209,15.20352],[-89.17644,15.09621],[-89.25629,14.87443],[-89.18349,14.60257],[-89.38032,14.46665],[-89.07583,14.39021],[-88.98235,14.20195],[-88.79854,14.16618],[-88.54408,14.00879],[-88.51438,13.88717],[-88.35021,13.88002],[-88.15543,14.03309],[-87.91218,13.90863],[-87.78965,13.90863],[-87.73211,13.82994],[-87.77058,13.50085],[-87.55553,13.36562],[-87.54422,13.3275],[-87.40427,13.02987],[-86.95397,13.08614],[-86.82337,13.15052],[-86.69157,13.33573],[-86.68933,13.76825],[-86.29239,13.78332],[-86.06141,14.04546],[-85.73531,13.85657],[-85.19227,14.305],[-84.96595,14.66253],[-84.83382,14.77144],[-84.71702,14.76577],[-84.56938,14.68396],[-84.36108,14.64066],[-84.24955,14.67947],[-84.05857,14.78237],[-83.4172,15.00086],[-83.52717,15.2366],[-83.77786,15.26784],[-84.13202,15.37514],[-84.23436,15.50204],[-84.18846,15.60384],[-84.1714,15.76279],[-84.42528,15.87666],[-84.65046,15.93338],[-84.93399,15.93277],[-85.27742,15.88755],[-85.63205,15.87407],[-85.88713,15.99429],[-86.05768,15.90493],[-86.37203,15.80257],[-87.02136,15.82024],[-87.23618,15.85156],[-87.57061,15.90805],[-87.85814,15.88202],[-88.13347,15.76065],[-88.27393,15.74723]]]}},{"type":"Feature","id":102,"properties":{"name":"El Salvador","subjecto":"El Salvador","partof":"El Salvador","precision":3},"geometry":{"type":"Polygon","coordinates":[[[-87.77058,13.50085],[-87.73211,13.82994],[-87.78965,13.90863],[-87.91218,13.90863],[-88.15543,14.03309],[-88.35021,13.88002],[-88.51438,13.88717],[-88.54408,14.00879],[-88.79854,14.16618],[-88.98235,14.20195],[-89.07583,14.39021],[-89.38032,14.46665],[-89.59041,14.44519],[-89.60995,14.33072],[-89.5364,14.25918],[-89.69417,14.2091],[-89.77688,14.07318],[-89.87574,14.08033],[-90,13.87286],[-90,13.77271],[-89.98917,13.67819],[-89.40197,13.48241],[-88.63807,13.25523],[-88.25457,13.19249],[-87.94867,13.17176],[-87.84172,13.322],[-87.84631,13.44126],[-87.75484,13.46687],[-87.77058,13.50085]]]}},{"type":"Feature","id":103,"properties":{"name":"Colombia","subjecto":"Colombia","partof":"Colombia","precision":3},"geometry":{"type":"Polygon","coordinates":[[[-71.18875,11.9116],[-71.06056,12.06081],[-71.13045,12.21319],[-71.20015,12.27025],[-71.4368,12.42228],[-71.69791,12.42807],[-71.90886,12.35135],[-72.05884,12.23662],[-72.1838,11.98848],[-72.37966,11.8101],[-72.76138,11.69487],[-72.97529,11.56095],[-73.08224,11.44632],[-73.36232,11.32496],[-73.61538,11.32442],[-74.00004,11.34265],[-74.12013,11.39959],[-74.21892,11.3676],[-74.30855,11.11954],[-74.32281,10.92249],[-74.44896,10.76968],[-74.54817,10.96888],[-74.7163,11.06147],[-74.7669,11.06135],[-75.0335,10.95273],[-75.22642,10.82521],[-75.45044,10.62769],[-75.54329,10.41141],[-75.57332,10.11898],[-75.65162,9.76927],[-75.60488,9.59777],[-75.70266,9.42596],[-76.01036,9.38082],[-76.15769,9.31058],[-76.38335,8.97961],[-76.56315,8.84577],[-76.76352,8.69281],[-76.84246,8.55917],[-76.85148,8.46382],[-76.70225,8.1146],[-76.76851,8.00641],[-76.85815,7.92996],[-76.96389,8.0187],[-77.06297,8.24728],[-77.24172,8.47569],[-77.4308,8.62781],[-77.4947,8.66148],[-77.45681,8.51466],[-77.35437,8.44726],[-77.12526,7.98043],[-77.27028,7.9528],[-77.31278,7.75937],[-77.57552,7.57516],[-77.61375,7.71332],[-77.69926,7.75016],[-77.67872,7.54752],[-77.78147,7.51068],[-77.89673,7.17175],[-77.73284,6.99384],[-77.40017,6.67045],[-77.32217,6.5435],[-77.33848,6.42908],[-77.44711,6.28267],[-77.49353,6.19359],[-77.4746,6.09196],[-77.2203,5.87642],[-77.18052,5.78754],[-77.24131,5.69208],[-77.4619,5.62806],[-77.50038,5.51358],[-77.33365,5.12628],[-77.26658,4.73876],[-77.30673,4.50353],[-77.44452,4.17911],[-77.41248,4.09657],[-77.1608,3.91282],[-77.106,3.79219],[-77.39907,3.31493],[-77.60179,2.88234],[-77.8021,2.57687],[-77.98652,2.4748],[-78.07329,2.49367],[-78.4682,2.4674],[-78.60953,2.36541],[-78.64825,2.17468],[-78.49183,1.92083],[-78.57527,1.77448],[-78.78476,1.82487],[-79.01388,1.77353],[-79.06247,1.67811],[-78.98113,1.55118],[-78.92853,1.4115],[-78.94348,1.3808],[-78.27029,1.01938],[-77.62602,0.72445],[-77.52398,0.62335],[-77.44935,0.4013],[-77.28973,0.26242],[-76.85013,0.13791],[-76.54855,0.16512],[-76.14793,0.3455],[-76.09016,0.32041],[-75.77124,0.03627],[-75.56185,-0.08961],[-75.52556,-0.14024],[-75.10843,-0.18862],[-74.70492,-0.3769],[-74.47417,-0.57258],[-74.38037,-0.71821],[-74.28674,-0.99733],[-74.04973,-1.16117],[-73.60504,-1.46361],[-73.49198,-1.80615],[-73.45699,-1.93306],[-73.29219,-1.99563],[-73.0767,-2.01343],[-72.99886,-2.14644],[-73.00071,-2.3244],[-72.9591,-2.45127],[-72.70114,-2.51965],[-72.23388,-2.52322],[-72.01085,-2.50918],[-71.85901,-2.43837],[-71.65558,-2.24648],[-71.42044,-2.43575],[-71.2417,-2.51732],[-70.92307,-2.31839],[-70.69407,-2.41237],[-70.10937,-2.79023],[-70.0523,-2.82166],[-70.06801,-2.91073],[-70.5879,-3.79087],[-70.3862,-3.77697],[-70.3137,-3.75111],[-70.20707,-3.80767],[-69.94838,-4.1239],[-69.87801,-4.18703],[-69.81825,-4.0977],[-69.78537,-3.92592],[-69.46763,-1.9411],[-69.32078,-1.29827],[-69.33499,-1.20302],[-69.51454,-0.94985],[-69.50081,-0.60017],[-69.58735,-0.51805],[-69.89711,-0.35464],[-69.98384,-0.26616],[-69.98357,-0.01697],[-69.98304,0.46483],[-69.93319,0.50327],[-69.71143,0.58722],[-69.40258,0.60177],[-69.2151,0.55203],[-69.0424,0.534],[-69.06608,0.69913],[-69.19803,0.88269],[-69.27766,0.92035],[-69.68097,0.97516],[-69.76114,1.04461],[-69.75515,1.50869],[-69.73658,1.65501],[-69.44884,1.64401],[-68.18303,1.60705],[-67.97474,1.61465],[-67.78932,1.68567],[-67.41394,1.94219],[-67.17973,2.07072],[-67.53851,2.60258],[-67.76775,2.82372],[-67.55208,3.06022],[-67.22302,3.33554],[-67.27765,3.46236],[-67.49656,3.75351],[-67.61182,3.9499],[-67.81291,4.30473],[-67.88586,4.66669],[-67.9076,4.83186],[-67.9235,5.02886],[-67.9352,5.14323],[-67.86905,5.28984],[-67.69846,5.51973],[-67.65995,5.97136],[-67.47587,6.20769],[-67.76555,6.24412],[-68.6612,6.14343],[-69.00336,6.06511],[-69.23838,6.00649],[-69.30317,6.0061],[-69.55247,6.26529],[-69.93365,6.71444],[-70.01841,6.82837],[-70.30647,6.9729],[-70.54107,7.05416],[-71.0659,7.03196],[-71.58912,6.978],[-71.81208,6.97031],[-71.99074,7.08369],[-72.18366,7.3305],[-72.36397,7.46931],[-72.40851,7.628],[-72.30694,8.13727],[-72.35315,8.31502],[-72.73805,8.96765],[-72.87755,9.24023],[-73.05026,9.23285],[-73.15567,9.18771],[-73.33677,9.19935],[-73.01744,9.73536],[-72.90929,10.0603],[-72.83174,10.38506],[-72.38615,11.17621],[-72.21476,11.20267],[-72.11262,11.19055],[-72.05463,11.36869],[-72.07629,11.59213],[-72.05103,11.72181],[-71.86471,11.81153],[-71.62433,11.88171],[-71.2464,11.95882],[-71.18875,11.9116]]]}},{"type":"Feature","id":104,"properties":{"name":"Benin","subjecto":"Benin","partof":"Benin","precision":3},"geometry":{"type":"Polygon","coordinates":[[[3.6097,11.72144],[3.20376,11.94787],[2.87704,12.2129],[2.7245,12.33911],[2.57993,12.30648],[2.32013,12.17146],[2.37887,12.00654],[2.27217,11.66267],[2.08533,11.4518],[1.93393,11.38099],[1.60112,11.42351],[1.41328,11.40333],[1.22612,11.28146],[1.06152,11.03258],[0.9536,10.96202],[0.92512,10.8983],[0.90474,10.70749],[0.84158,10.44014],[0.92223,10.26264],[1.13253,10.1304],[1.314,9.98528],[1.38826,9.67426],[1.58696,9.08429],[1.58146,8.82365],[1.59742,8.58856],[1.59998,8.20085],[1.66056,7.76261],[1.67658,7.52117],[1.66467,7.14607],[1.58037,6.82775],[1.71329,6.34546],[1.76101,6.25323],[2.0621,6.27664],[2.61675,6.34138],[2.76681,6.34811],[2.7641,6.45339],[2.81846,6.98765],[2.72089,7.63543],[2.76151,8.08061],[2.76642,8.47473],[2.7642,8.86245],[2.8714,9.04107],[2.98677,9.05446],[3.18124,9.11282],[3.21644,9.27829],[3.16452,9.54495],[3.20703,9.69775],[3.50205,9.88383],[3.60248,10.01791],[3.68799,10.27267],[3.83061,10.70574],[3.65587,11.02888],[3.58219,11.37167],[3.6097,11.72144]]]}},{"type":"Feature","id":105,"properties":{"name":"Ghana","subjecto":"Ghana","partof":"Ghana","precision":3},"geometry":{"type":"Polygon","coordinates":[[[-2.84041,9.57292],[-2.76034,9.50346],[-2.67533,8.92553],[-2.52491,8.27806],[-2.61611,8.01055],[-2.85035,7.62778],[-3.04664,7.05452],[-3.1936,6.60234],[-3.14737,6.28479],[-3.02901,5.9486],[-2.77944,5.42885],[-2.74974,5.09556],[-2.71655,5.03986],[-2.29096,4.84378],[-2.03122,4.6982],[-1.60023,4.95331],[-1.17607,5.13851],[-0.60779,5.31767],[-0.11885,5.57292],[0.08977,5.65598],[0.53613,5.72049],[0.80264,5.71472],[0.93938,5.75948],[1.16573,6.06632],[0.82751,6.3402],[0.61674,6.59955],[0.53591,6.81519],[0.52686,7.06304],[0.53168,7.38724],[0.52732,7.97836],[0.60536,8.15044],[0.73435,8.25927],[0.71943,8.3291],[0.49328,8.68371],[0.41197,8.9502],[0.2928,9.45165],[0.28425,9.62958],[0.36845,9.95426],[0.25866,10.157],[-0.02613,10.56849],[-0.04868,10.68276],[0.06401,11.06482],[-0.2762,11.13273],[-0.71534,10.92672],[-1.35846,10.92927],[-1.74881,10.94602],[-2.70245,10.92766],[-2.82456,10.85702],[-2.88078,10.70413],[-2.76359,9.83398],[-2.75456,9.6497],[-2.84041,9.57292]]]}},{"type":"Feature","id":106,"properties":{"name":"Togo","subjecto":"Togo","partof":"Togo","precision":3},"geometry":{"type":"Polygon","coordinates":[[[0.06401,11.06482],[-0.04868,10.68276],[-0.02613,10.56849],[0.25866,10.157],[0.36845,9.95426],[0.28425,9.62958],[0.2928,9.45165],[0.41197,8.9502],[0.49328,8.68371],[0.71943,8.3291],[0.73435,8.25927],[0.60536,8.15044],[0.52732,7.97836],[0.53168,7.38724],[0.52686,7.06304],[0.53591,6.81519],[0.61674,6.59955],[0.82751,6.3402],[1.16573,6.06632],[1.17637,6.08408],[1.34184,6.17976],[1.55786,6.23743],[1.76101,6.25323],[1.71329,6.34546],[1.58037,6.82775],[1.66467,7.14607],[1.67658,7.52117],[1.66056,7.76261],[1.59998,8.20085],[1.59742,8.58856],[1.58146,8.82365],[1.58696,9.08429],[1.38826,9.67426],[1.314,9.98528],[1.13253,10.1304],[0.92223,10.26264],[0.84158,10.44014],[0.90474,10.70749],[0.92512,10.8983],[0.79494,10.9166],[0.51982,10.99124],[0.06401,11.06482]]]}},{"type":"Feature","id":107,"properties":{"name":"Ivory Coast","subjecto":"Ivory Coast","partof":"Ivory Coast","precision":3},"geometry":{"type":"Polygon","coordinates":[[[-7.56249,4.35118],[-7.52861,4.33679],[-7.41341,4.33069],[-7.09794,4.52201],[-6.31553,4.87321],[-5.83415,5.03947],[-5.57543,5.129],[-4.99997,5.23827],[-3.94159,5.26598],[-3.6678,5.22844],[-3.35064,5.15287],[-3.13457,5.14063],[-3.09145,5.15979],[-3.0271,5.26795],[-2.93352,5.27452],[-2.80354,5.18583],[-2.74974,5.09556],[-2.77944,5.42885],[-3.02901,5.9486],[-3.14737,6.28479],[-3.1936,6.60234],[-3.04664,7.05452],[-2.85035,7.62778],[-2.61611,8.01055],[-2.52491,8.27806],[-2.67533,8.92553],[-2.76034,9.50346],[-2.84041,9.57292],[-3.12387,9.76828],[-3.41338,9.84285],[-3.75951,9.80901],[-4.03305,9.73747],[-4.23388,9.62186],[-4.39932,9.57003],[-4.55851,9.60723],[-4.76175,9.70772],[-4.99568,9.9606],[-5.06318,10.16997],[-5.20178,10.28357],[-5.44729,10.28211],[-5.56379,10.3577],[-5.63544,10.31278],[-5.90755,10.13318],[-6.06605,10.10682],[-6.13244,10.21448],[-6.18526,10.3858],[-6.18704,10.51927],[-6.25331,10.61423],[-6.36915,10.63262],[-6.4768,10.58112],[-6.73383,10.36347],[-6.89703,10.15274],[-7.05446,10.0501],[-7.25939,10.24594],[-7.51422,10.39063],[-7.67272,10.36427],[-7.90747,10.12132],[-8.07815,9.94233],[-8.1969,9.66193],[-8.1005,9.47816],[-7.78769,9.29567],[-7.69921,9.15636],[-7.75521,9.0289],[-7.90448,8.86273],[-7.76532,8.70465],[-7.47353,8.45211],[-7.45058,8.35055],[-7.53629,8.28647],[-7.67336,8.29201],[-7.91985,8.39225],[-8.05667,8.37873],[-8.12759,8.28932],[-8.14125,8.23203],[-8.00823,7.98491],[-7.9277,7.89003],[-8.01213,7.73061],[-8.28279,7.48111],[-8.30383,7.43649],[-8.33166,7.36004],[-8.27805,7.11245],[-8.30437,6.91524],[-8.52998,6.52615],[-8.50735,6.44365],[-8.4199,6.36153],[-8.25372,6.31802],[-7.98743,6.33231],[-7.41869,5.73182],[-7.35964,5.60505],[-7.38611,5.40148],[-7.49698,5.01942],[-7.54434,4.76488],[-7.56249,4.35118]]]}},{"type":"Feature","id":108,"properties":{"name":"Malaysia","subjecto":"Malaysia","partof":"Malaysia","precision":3},"geometry":{"type":"MultiPolygon","coordinates":[[[[102.0738,6.15424],[102.03494,6.0025],[101.81226,5.84506],[101.7626,5.58618],[101.47295,5.54633],[101.45076,5.76109],[101.31175,5.83456],[101.18617,5.70861],[101.07635,5.53126],[100.98436,5.56885],[100.93139,5.67655],[101.02715,5.85555],[101.00831,5.95026],[100.98413,6.05179],[100.86668,6.15911],[100.66531,6.21242],[100.61741,6.42234],[100.36036,6.41662],[100.15874,6.3401],[100.13911,6.17732],[100.22373,5.85346],[100.37972,5.02143],[100.55933,4.73589],[100.60762,4.55173],[100.5942,4.42462],[100.57663,4.20219],[100.66431,3.90375],[101.06691,3.53608],[101.26428,3.22516],[101.3364,2.78052],[101.4338,2.66637],[101.89264,2.33694],[102.44667,2.03313],[102.7169,1.88121],[103.11473,1.60883],[103.34909,1.41237],[103.42774,1.38076],[103.6084,1.44469],[104.01071,1.42015],[104.17564,1.38874],[104.14767,1.44587],[103.83045,2.16957],[103.67809,2.41071],[103.43956,2.63258],[103.35108,2.80395],[103.30776,3.02626],[103.33925,3.31226],[103.30778,3.7951],[103.36812,4.18282],[103.37855,4.54502],[103.34182,4.80544],[103.11419,5.14806],[102.80229,5.56039],[102.32511,6.09944],[102.08966,6.14342],[102.0738,6.15424]]],[[[109.5175,1.82052],[109.6475,1.46427],[109.7612,1.33148],[110.21123,0.88925],[110.34764,0.85192],[110.5486,0.726],[110.96595,0.91281],[111.08094,0.91349],[111.31779,0.81321],[111.56202,0.76381],[111.74189,0.84115],[111.97969,0.99512],[112.16094,1.23137],[112.39998,1.42981],[112.61598,1.46288],[112.80948,1.41319],[113.05994,1.30027],[113.29627,1.19998],[113.54732,1.13156],[113.67678,1.14505],[113.88654,1.30519],[114.09574,1.3827],[114.48472,1.46128],[114.65888,1.59579],[115.0763,2.39906],[115.04192,2.73568],[115.13989,2.88878],[115.43088,2.99855],[115.53004,3.17072],[115.48181,3.61526],[115.53555,3.86976],[115.70677,4.15673],[115.81806,4.22729],[116.02704,4.23489],[116.36341,4.19876],[116.65661,4.16238],[116.93758,4.1704],[117.13814,4.15252],[117.47723,4.02111],[117.55869,3.98072],[117.58917,4.0484],[117.82212,4.09973],[118.11238,4.14484],[118.31868,4.23423],[118.39121,4.37417],[117.99183,4.68465],[117.94841,4.79892],[118.10842,4.93905],[118.41559,4.90159],[118.68284,4.91488],[118.88133,4.97885],[118.97142,5.04893],[119.04261,5.16981],[118.99797,5.27772],[118.84297,5.34093],[118.37702,5.63855],[118.25601,5.6637],[118.09538,5.62523],[117.76156,5.58003],[117.91827,5.80276],[117.86653,5.90431],[117.65428,5.84666],[117.37007,5.78886],[117.35359,5.87779],[117.54089,6.24036],[117.50709,6.39277],[117.32571,6.48768],[117.16806,6.61442],[117.03112,6.8365],[116.88902,6.64558],[116.74053,6.68974],[116.59563,6.89909],[116.56179,6.82278],[116.33778,6.35848],[116.0987,6.09745],[115.9708,5.88115],[115.78709,5.7401],[115.71728,5.46761],[115.48784,5.48616],[115.29167,5.45398],[115.20305,5.27587],[115.41777,5.11114],[115.43391,5.00315],[115.36143,4.87592],[115.12111,4.83093],[115.0369,4.89517],[114.96151,4.87652],[115.01137,4.79816],[115.07803,4.59821],[115.06692,4.54822],[115.06137,4.43713],[115.15023,4.34827],[115.16134,4.30939],[114.60591,4.12054],[114.43373,3.99834],[114.29486,4.12054],[114.24488,4.23718],[114.13935,4.23162],[114.11158,4.39825],[114.07373,4.45502],[113.91349,4.35814],[113.81484,4.26261],[113.42308,3.75981],[113.18754,3.61465],[112.95166,3.15515],[112.75925,3.00859],[112.30133,2.87417],[111.63455,2.72023],[111.37183,2.59893],[111.1338,2.03288],[110.96977,1.75929],[110.8934,1.51131],[111.11991,1.27033],[110.96831,1.22552],[110.81756,1.24426],[110.47523,1.4405],[110.28949,1.51636],[109.90182,1.55365],[109.72312,1.6168],[109.55396,1.8007],[109.5175,1.82052]]]]}},{"type":"Feature","id":109,"properties":{"name":"Suriname","subjecto":"Suriname","partof":"Suriname","precision":3},"geometry":{"type":"Polygon","coordinates":[[[-56.70963,1.89148],[-56.52958,1.87348],[-56.03117,1.74931],[-55.79351,1.72529],[-56.06874,2.18136],[-55.97855,2.32811],[-55.90109,2.39849],[-55.61226,2.343],[-55.42394,2.28055],[-55.24481,2.30704],[-55.00433,2.48012],[-54.86058,2.48097],[-54.38833,2.26129],[-54.16831,2.69487],[-53.97731,3.35714],[-53.99024,3.55415],[-54.22494,3.93418],[-54.26357,4.23275],[-54.32388,4.51847],[-54.36609,4.68987],[-54.3042,4.95726],[-54.12839,5.29525],[-53.83686,5.68947],[-54.28621,5.88154],[-54.5697,5.96354],[-54.89482,5.99462],[-55.28337,5.98107],[-55.65814,5.98661],[-55.8098,5.99899],[-55.8734,5.96072],[-55.91076,5.77634],[-56.12022,5.79496],[-56.7464,6.00332],[-56.91842,5.97753],[-57.06514,5.8374],[-57.07191,5.68462],[-57.13584,5.46173],[-57.17265,5.07371],[-57.25469,4.95243],[-57.76399,4.91125],[-57.8401,4.83451],[-57.80507,4.48506],[-57.84772,4.275],[-57.99506,3.96261],[-57.73829,3.58906],[-57.49894,3.28534],[-57.24638,3.25505],[-57.16346,3.12204],[-57.05272,2.74763],[-56.83206,2.24038],[-56.68282,1.98699],[-56.70963,1.89148]]]}},{"type":"Feature","id":110,"properties":{"name":"French Guiana","subjecto":"French Guiana","partof":"French Guiana","precision":3},"geometry":{"type":"Polygon","coordinates":[[[-51.62342,4.21594],[-51.71013,4.22846],[-51.85282,4.43787],[-52.09795,4.69154],[-52.66688,5.17964],[-53.02668,5.4267],[-53.27408,5.51514],[-53.7389,5.64758],[-53.83686,5.68947],[-54.12839,5.29525],[-54.3042,4.95726],[-54.36609,4.68987],[-54.32388,4.51847],[-54.26357,4.23275],[-54.22494,3.93418],[-53.99024,3.55415],[-53.97731,3.35714],[-54.16831,2.69487],[-54.38833,2.26129],[-54.09599,2.03417],[-53.99472,2.00299],[-53.59794,2.27871],[-53.09821,2.10368],[-52.84639,2.09248],[-52.7118,2.18862],[-52.50284,2.495],[-52.30507,2.94117],[-52.11279,3.2856],[-51.61672,4.02599],[-51.62342,4.21594]]]}},{"type":"Feature","id":111,"properties":{"name":"Congo","subjecto":"Congo","partof":"Congo","precision":3},"geometry":{"type":"Polygon","coordinates":[[[13.0172,-4.76824],[13.23537,-4.91951],[13.31462,-4.9254],[13.51425,-4.80343],[13.6614,-4.54194],[14.33412,-4.30273],[14.35857,-4.49329],[14.37759,-4.79194],[14.44386,-4.8869],[14.70058,-4.73917],[14.94959,-4.5597],[15.36842,-4.19487],[15.53232,-4.09219],[15.99358,-3.66991],[16.0322,-3.35184],[15.97742,-3.02798],[16.01102,-2.8498],[16.09792,-2.32804],[16.25208,-1.99023],[16.46351,-1.61393],[16.6482,-1.40943],[17.012,-1.14028],[17.24816,-1.03718],[17.45471,-0.84525],[17.51722,-0.6097],[17.59351,-0.29141],[17.64536,-0.01697],[17.75941,0.58676],[17.8477,1.49623],[17.91808,1.83989],[17.96028,2.08803],[18.1173,2.45763],[18.36809,2.83414],[18.54721,3.37548],[18.56154,3.44549],[18.50399,3.53413],[18.16603,3.405],[17.76328,3.44709],[17.48277,3.50898],[17.31733,3.53343],[16.87871,3.45454],[16.66301,3.40877],[16.5481,3.30639],[16.44862,2.72738],[16.37741,2.49177],[16.21281,2.26832],[16.07674,2.12768],[16.00518,2.04462],[16.05001,1.65716],[15.928,1.61829],[15.53923,1.74946],[15.1504,1.89969],[14.89123,1.98714],[14.6394,2.04285],[14.42367,2.06063],[14.30136,2.08533],[13.90613,2.0512],[13.51791,2.0616],[13.26609,2.11095],[13.08739,1.90012],[13.05303,1.59482],[13.08363,1.26448],[13.149,1.15044],[13.3575,1.13898],[13.78025,1.36396],[14.04635,1.33377],[14.21249,1.18857],[14.38748,0.78279],[14.34542,0.62364],[14.09526,0.4251],[13.87377,0.2458],[13.80287,0.11826],[13.78992,-0.06616],[13.849,-0.26286],[13.95796,-0.40205],[14.19592,-0.49598],[14.36873,-0.53309],[14.44109,-0.58987],[14.49275,-0.74212],[14.38939,-1.2131],[14.33038,-1.76648],[14.22081,-2.25658],[14.13813,-2.56219],[14.02372,-2.61372],[13.88675,-2.58275],[13.82144,-2.53229],[13.74653,-2.27211],[13.61585,-2.15848],[13.45296,-2.37556],[13.36788,-2.47778],[13.23857,-2.4849],[13.065,-2.39695],[12.88266,-2.16285],[12.72937,-1.94764],[12.64244,-1.88458],[12.53477,-1.89793],[12.45658,-1.98104],[12.38146,-2.34381],[12.32502,-2.43949],[12.05308,-2.54917],[11.64404,-2.61517],[11.58702,-2.66001],[11.56082,-2.88264],[11.6131,-3.0476],[11.78851,-3.28175],[11.91216,-3.39543],[11.93542,-3.52878],[11.78112,-3.83482],[11.41973,-3.69713],[11.23405,-3.79994],[11.15115,-3.93229],[11.7726,-4.53698],[11.949,-4.92423],[11.99969,-5.00411],[12.24076,-4.81737],[12.54681,-4.58671],[12.70427,-4.52856],[13.0172,-4.76824]]]}},{"type":"Feature","id":112,"properties":{"name":"Gabon","subjecto":"Gabon","partof":"Gabon","precision":3},"geometry":{"type":"Polygon","coordinates":[[[11.21766,2.05426],[11.22953,1.22801],[11.23829,0.98016],[11.23876,0.91024],[10.98012,0.896],[10.41946,0.90537],[10.00259,0.90925],[9.62898,0.88953],[9.56558,0.61187],[9.44348,0.55441],[9.35006,0.53515],[9.60219,0.33235],[9.85423,0.17403],[9.88325,0.07877],[9.66036,0.08464],[9.47335,0.11601],[9.30255,-0.45627],[9.20251,-0.63442],[8.95872,-0.81924],[8.81521,-0.8958],[8.98138,-1.09879],[9.11186,-1.35269],[9.32065,-1.41578],[9.46527,-1.5934],[9.41514,-1.63799],[9.24319,-1.77181],[9.65645,-2.4191],[9.89392,-2.444],[10.06008,-2.57073],[9.93144,-2.71082],[10.52466,-3.23696],[10.64122,-3.44642],[10.88046,-3.69373],[11.13401,-3.91559],[11.15115,-3.93229],[11.23405,-3.79994],[11.41973,-3.69713],[11.78112,-3.83482],[11.93542,-3.52878],[11.91216,-3.39543],[11.78851,-3.28175],[11.6131,-3.0476],[11.56082,-2.88264],[11.58702,-2.66001],[11.64404,-2.61517],[12.05308,-2.54917],[12.32502,-2.43949],[12.38146,-2.34381],[12.45658,-1.98104],[12.53477,-1.89793],[12.64244,-1.88458],[12.72937,-1.94764],[12.88266,-2.16285],[13.065,-2.39695],[13.23857,-2.4849],[13.36788,-2.47778],[13.45296,-2.37556],[13.61585,-2.15848],[13.74653,-2.27211],[13.82144,-2.53229],[13.88675,-2.58275],[14.02372,-2.61372],[14.13813,-2.56219],[14.22081,-2.25658],[14.33038,-1.76648],[14.38939,-1.2131],[14.49275,-0.74212],[14.44109,-0.58987],[14.36873,-0.53309],[14.19592,-0.49598],[13.95796,-0.40205],[13.849,-0.26286],[13.78992,-0.06616],[13.80287,0.11826],[13.87377,0.2458],[14.09526,0.4251],[14.34542,0.62364],[14.38748,0.78279],[14.21249,1.18857],[14.04635,1.33377],[13.78025,1.36396],[13.3575,1.13898],[13.149,1.15044],[13.08363,1.26448],[13.05303,1.59482],[13.08739,1.90012],[13.26609,2.11095],[12.80571,2.17812],[12.43183,2.19497],[11.6337,2.23472],[11.23811,2.27685],[11.21766,2.05426]]]}},{"type":"Feature","id":113,"properties":{"name":"Equatorial Guinea","subjecto":"Equatorial Guinea","partof":"Equatorial Guinea","precision":3},"geometry":{"type":"MultiPolygon","coordinates":[[[[9.88123,2.05827],[9.85134,1.87706],[9.70056,1.61619],[9.49951,1.38064],[9.37039,1.17065],[9.55741,1.12658],[9.62219,1.08859],[9.64398,0.95519],[9.62898,0.88953],[10.00259,0.90925],[10.41946,0.90537],[10.98012,0.896],[11.23876,0.91024],[11.23829,0.98016],[11.22953,1.22801],[11.21766,2.05426],[10.33344,2.06171],[9.88123,2.05827]]],[[[8.57629,3.06653],[8.64174,3.18652],[8.7181,3.33923],[8.78355,3.44832],[8.87081,3.52467],[8.82718,3.61194],[8.63083,3.65557],[8.55448,3.60103],[8.47812,3.5574],[8.47812,3.4265],[8.46721,3.36105],[8.35813,3.31742],[8.33631,3.18652],[8.35813,3.08835],[8.57629,3.06653]]]]}},{"type":"Feature","id":114,"properties":{"name":"Ecuador","subjecto":"Ecuador","partof":"Ecuador","precision":3},"geometry":{"type":"Polygon","coordinates":[[[-78.94348,1.3808],[-78.98431,1.29699],[-79.19764,1.12495],[-79.37601,1.01653],[-79.77688,0.86314],[-80.08556,0.818],[-80.13488,0.71621],[-80.09817,0.63367],[-80.04624,0.43044],[-80.10896,0.04903],[-80.40313,-0.22486],[-80.48216,-0.3839],[-80.48227,-0.48557],[-80.33885,-0.66318],[-80.66321,-0.86724],[-80.87936,-0.95667],[-80.96611,-1.03311],[-80.80301,-1.32506],[-80.7539,-1.45204],[-80.81378,-1.66187],[-80.81634,-1.85886],[-80.74119,-2.11922],[-80.78616,-2.22734],[-80.96105,-2.35481],[-80.77762,-2.5387],[-80.50733,-2.68425],[-80.35726,-2.72842],[-80.02786,-2.44811],[-79.81302,-2.17048],[-79.83896,-2.34603],[-79.74477,-2.67625],[-79.76178,-2.79701],[-80.02521,-3.27416],[-80.14415,-3.41421],[-80.22891,-3.47125],[-80.23137,-3.72748],[-80.24456,-3.94999],[-80.34966,-4.10313],[-80.30606,-4.3253],[-80.25852,-4.41398],[-80.05868,-4.46363],[-79.69169,-4.46145],[-79.55151,-4.57501],[-79.46535,-4.79056],[-79.28624,-5.01191],[-79.10723,-5.04262],[-78.9983,-5.01019],[-78.87805,-4.86968],[-78.43368,-3.74221],[-78.30583,-3.51267],[-78.04052,-3.21875],[-77.67663,-2.99414],[-77.27115,-2.83284],[-76.8088,-2.69662],[-76.65722,-2.65758],[-76.20688,-2.31806],[-75.88713,-1.99202],[-75.64724,-1.64102],[-75.40087,-1.12471],[-75.2426,-0.95216],[-75.2067,-0.83753],[-75.35128,-0.48245],[-75.52556,-0.14024],[-75.56185,-0.08961],[-75.77124,0.03627],[-76.09016,0.32041],[-76.14793,0.3455],[-76.54855,0.16512],[-76.85013,0.13791],[-77.28973,0.26242],[-77.44935,0.4013],[-77.52398,0.62335],[-77.62602,0.72445],[-78.27029,1.01938],[-78.94348,1.3808]]]}},{"type":"Feature","id":115,"properties":{"name":"Peru","subjecto":"Peru","partof":"Peru","precision":3},"geometry":{"type":"Polygon","coordinates":[[[-69.58988,-10.90223],[-69.77891,-10.92241],[-70.13263,-11.03887],[-70.29356,-11.0716],[-70.4218,-11.04059],[-70.56453,-10.88893],[-70.61307,-10.73038],[-70.56903,-10.20273],[-70.54276,-9.52268],[-70.68951,-9.57438],[-70.98131,-9.79215],[-71.32431,-10.01659],[-72.15387,-10.00244],[-72.19692,-9.70405],[-72.30538,-9.55854],[-72.44581,-9.47676],[-72.63259,-9.45881],[-73.12071,-9.40451],[-73.02747,-9.26416],[-72.91613,-9.0411],[-72.96404,-8.98419],[-73.56372,-8.00917],[-73.84206,-7.5787],[-73.89,-7.3248],[-73.77878,-7.04453],[-73.62201,-6.89109],[-73.34313,-6.74327],[-73.06186,-6.51918],[-73.0674,-6.46837],[-73.19191,-6.08146],[-73.18255,-6.0115],[-73.03889,-5.78187],[-72.76932,-5.14476],[-72.60179,-5.06751],[-72.28621,-4.86863],[-71.43378,-4.52039],[-71.13244,-4.55037],[-70.9655,-4.49854],[-70.69384,-4.29992],[-70.54912,-4.26728],[-70.32723,-4.31044],[-69.97033,-4.41637],[-69.81703,-4.33283],[-69.87801,-4.18703],[-69.94838,-4.1239],[-70.20707,-3.80767],[-70.3137,-3.75111],[-70.3862,-3.77697],[-70.5879,-3.79087],[-70.06801,-2.91073],[-70.0523,-2.82166],[-70.10937,-2.79023],[-70.69407,-2.41237],[-70.92307,-2.31839],[-71.2417,-2.51732],[-71.42044,-2.43575],[-71.65558,-2.24648],[-71.85901,-2.43837],[-72.01085,-2.50918],[-72.23388,-2.52322],[-72.70114,-2.51965],[-72.9591,-2.45127],[-73.00071,-2.3244],[-72.99886,-2.14644],[-73.0767,-2.01343],[-73.29219,-1.99563],[-73.45699,-1.93306],[-73.49198,-1.80615],[-73.60504,-1.46361],[-74.04973,-1.16117],[-74.28674,-0.99733],[-74.38037,-0.71821],[-74.47417,-0.57258],[-74.70492,-0.3769],[-75.10843,-0.18862],[-75.52556,-0.14024],[-75.35128,-0.48245],[-75.2067,-0.83753],[-75.2426,-0.95216],[-75.40087,-1.12471],[-75.64724,-1.64102],[-75.88713,-1.99202],[-76.20688,-2.31806],[-76.65722,-2.65758],[-76.8088,-2.69662],[-77.27115,-2.83284],[-77.67663,-2.99414],[-78.04052,-3.21875],[-78.30583,-3.51267],[-78.43368,-3.74221],[-78.87805,-4.86968],[-78.9983,-5.01019],[-79.10723,-5.04262],[-79.28624,-5.01191],[-79.46535,-4.79056],[-79.55151,-4.57501],[-79.69169,-4.46145],[-80.05868,-4.46363],[-80.25852,-4.41398],[-80.30606,-4.3253],[-80.34966,-4.10313],[-80.24456,-3.94999],[-80.23137,-3.72748],[-80.22891,-3.47125],[-80.37157,-3.5672],[-80.5829,-3.65662],[-81.04178,-4.05156],[-81.30362,-4.33171],[-81.41333,-4.56706],[-81.41761,-4.67508],[-81.3015,-4.99889],[-81.14287,-5.19552],[-80.87625,-5.58889],[-80.82338,-5.71586],[-80.8881,-5.90027],[-81.16232,-5.91357],[-81.24356,-5.96457],[-81.29701,-6.04094],[-81.0227,-6.20556],[-80.61159,-6.36987],[-80.27397,-6.56611],[-80.06591,-6.75628],[-79.79706,-7.19413],[-79.6746,-7.35271],[-79.06025,-8.21552],[-78.75094,-8.7867],[-78.30214,-9.66891],[-77.75875,-10.65892],[-77.69161,-10.83667],[-77.68254,-11.01456],[-77.70725,-11.25605],[-77.67389,-11.2941],[-77.46394,-11.38895],[-77.33551,-11.50939],[-76.71058,-12.75968],[-76.35918,-13.22908],[-76.23803,-13.50202],[-76.23821,-13.90863],[-76.24178,-14.1056],[-76.05259,-14.41015],[-75.78529,-14.72724],[-75.23091,-15.2216],[-74.62143,-15.66502],[-74.04964,-16.04499],[-73.6726,-16.19666],[-73.28298,-16.36735],[-72.98006,-16.53189],[-72.58724,-16.74071],[-72.30995,-16.87976],[-72.08998,-16.99377],[-71.86322,-17.12034],[-71.61187,-17.22146],[-71.47016,-17.3927],[-71.3652,-17.69742],[-71.22405,-17.80512],[-70.67932,-18.1791],[-70.38049,-18.35011],[-70.37632,-18.3501],[-70.3652,-18.33598],[-70.35493,-18.32704],[-70.33911,-18.31802],[-70.32403,-18.31202],[-70.3113,-18.30962],[-70.27239,-18.30962],[-70.19791,-18.32181],[-70.14969,-18.31877],[-70.05196,-18.26922],[-69.98144,-18.26869],[-69.96589,-18.26078],[-69.91036,-18.2054],[-69.86094,-18.16847],[-69.81943,-18.11721],[-69.75447,-17.98892],[-69.75169,-17.94719],[-69.78203,-17.90739],[-69.8007,-17.86412],[-69.80233,-17.76131],[-69.82587,-17.7474],[-69.8275,-17.70486],[-69.79827,-17.64375],[-69.66918,-17.65768],[-69.5547,-17.57488],[-69.46242,-17.49176],[-69.46759,-17.37316],[-69.57326,-17.29461],[-69.601,-17.28633],[-69.64117,-17.28549],[-69.55513,-17.17135],[-69.44966,-17.1009],[-69.4053,-17.11517],[-69.35641,-17.0621],[-69.30805,-16.9562],[-69.1842,-16.79869],[-69.15866,-16.73612],[-68.99194,-16.66774],[-69.01232,-16.61674],[-68.987,-16.45082],[-68.80682,-16.32828],[-68.95679,-16.1902],[-69.10243,-16.22089],[-69.25095,-16.15222],[-69.39624,-15.63984],[-69.33224,-15.53964],[-69.24655,-15.4624],[-69.11774,-15.26189],[-69.29081,-14.94125],[-69.24476,-14.73768],[-69.00563,-14.4758],[-68.90629,-14.32274],[-68.83616,-14.16985],[-68.94249,-13.76388],[-68.96827,-13.52896],[-68.90407,-13.14737],[-68.8366,-12.9119],[-68.6399,-12.58036],[-68.67603,-12.47256],[-69.09073,-11.73164],[-69.58988,-10.90223]]]}},{"type":"Feature","id":116,"properties":{"name":"Brazil","subjecto":"Brazil","partof":"Brazil","precision":3},"geometry":{"type":"MultiPolygon","coordinates":[[[[-54.58041,-25.74335],[-54.14989,-25.67098],[-53.94185,-25.66343],[-53.84891,-25.75183],[-53.61648,-26.27131],[-53.6588,-27.00832],[-53.73108,-27.21833],[-53.9654,-27.3594],[-54.75472,-27.6942],[-54.91134,-27.80306],[-55.64639,-28.45507],[-56.29215,-29.06842],[-57.10455,-29.8859],[-57.47941,-30.28173],[-57.57567,-30.40292],[-57.32805,-30.4015],[-56.85907,-30.29088],[-56.74638,-30.2458],[-56.62656,-30.28956],[-56.41506,-30.45345],[-56.24447,-30.63663],[-55.97887,-31.0034],[-55.87415,-31.17425],[-55.75266,-31.1672],[-55.44061,-30.97493],[-55.27649,-31.15179],[-55.08209,-31.41102],[-54.80436,-31.49834],[-54.55667,-31.58584],[-54.10721,-31.84996],[-53.89394,-32.0456],[-53.51023,-32.54504],[-53.45114,-32.63358],[-53.37788,-32.64588],[-53.22833,-32.81646],[-53.23585,-32.93715],[-53.52091,-33.28162],[-53.56704,-33.4025],[-53.45084,-33.73835],[-53.40556,-33.87948],[-52.92139,-33.43862],[-52.56704,-33.01865],[-52.35067,-32.67519],[-52.14933,-31.90617],[-52.14362,-31.74735],[-52.04219,-31.55657],[-51.89955,-31.42923],[-51.60229,-31.23168],[-51.44542,-31.01539],[-51.26511,-30.46871],[-51.26606,-30.33531],[-51.23235,-30.26536],[-50.94764,-30.36005],[-50.76864,-30.36603],[-50.60855,-30.30217],[-50.58173,-30.41647],[-50.854,-30.93793],[-51.13702,-31.19262],[-51.33295,-31.45982],[-51.47738,-31.82347],[-51.11682,-31.47207],[-50.80609,-31.19193],[-50.46869,-30.7402],[-50.24409,-30.32048],[-50.03014,-29.80548],[-49.93632,-29.6274],[-49.54648,-29.15651],[-49.19207,-28.92072],[-48.93729,-28.69783],[-48.72838,-28.36705],[-48.63908,-28.08734],[-48.56391,-27.68059],[-48.5863,-27.21054],[-48.60261,-26.67692],[-48.7754,-26.38504],[-48.73747,-26.31508],[-48.61063,-26.24494],[-48.56617,-26.11778],[-48.51619,-25.87625],[-48.57032,-25.63495],[-48.72176,-25.53362],[-48.72452,-25.42562],[-48.59945,-25.43172],[-48.3444,-25.39941],[-48.1255,-25.29094],[-47.88615,-24.9855],[-47.60906,-24.78796],[-47.28293,-24.61572],[-47.04512,-24.43734],[-46.20621,-23.88282],[-45.95289,-23.76792],[-45.7953,-23.73582],[-45.45921,-23.85583],[-45.36445,-23.69679],[-45.14816,-23.49302],[-44.79013,-23.35249],[-44.6575,-23.26326],[-44.5613,-22.98986],[-44.23003,-22.98916],[-43.81524,-22.95651],[-43.60585,-23.0069],[-43.26187,-23.03158],[-42.9674,-23.03096],[-42.52708,-22.95379],[-42.13842,-22.97203],[-41.95784,-22.92082],[-41.96726,-22.75564],[-41.9292,-22.54589],[-41.76964,-22.38036],[-41.52487,-22.25277],[-40.9835,-22.08643],[-41.04814,-21.66088],[-41.02342,-21.52105],[-40.93282,-21.27941],[-40.4783,-20.64944],[-40.13978,-19.97523],[-39.83546,-19.70137],[-39.73902,-19.57409],[-39.69134,-19.4088],[-39.8014,-18.74825],[-39.7835,-18.58301],[-39.66613,-18.22696],[-39.4842,-17.99783],[-39.1425,-17.77472],[-39.1621,-17.73664],[-39.22504,-17.4445],[-39.20771,-17.14583],[-38.94816,-16.00159],[-38.98321,-15.5569],[-39.12622,-14.32453],[-39.09182,-14.05124],[-39.06969,-13.72079],[-38.82786,-12.98321],[-38.79887,-12.62732],[-38.63384,-12.66509],[-38.50883,-12.79826],[-38.47313,-12.9888],[-38.38593,-12.98226],[-38.26614,-12.88669],[-37.90628,-12.39031],[-37.63659,-11.9513],[-37.40968,-11.46789],[-37.40426,-11.30902],[-37.36214,-11.13102],[-37.18652,-10.8447],[-37.02691,-10.82529],[-36.82893,-10.73591],[-36.2046,-10.15633],[-35.5986,-9.62763],[-35.36562,-9.24587],[-35.11419,-8.66074],[-35.00502,-8.27925],[-34.92461,-7.87239],[-34.89068,-7.61179],[-34.91842,-7.16705],[-35.03911,-6.65261],[-35.30568,-5.75087],[-35.3449,-5.4777],[-35.46437,-5.26828],[-35.66477,-5.17974],[-36.07494,-5.16157],[-36.63595,-5.11831],[-36.9661,-5.04276],[-37.1806,-4.95427],[-37.36511,-4.80216],[-37.73482,-4.52973],[-38.0684,-4.2318],[-38.78636,-3.60426],[-39.05011,-3.40785],[-39.3929,-3.19254],[-39.72181,-3.00897],[-40.23089,-2.85121],[-40.41797,-2.85797],[-40.67771,-2.93479],[-40.89364,-2.94797],[-41.10252,-2.97384],[-41.60565,-2.9368],[-42.10835,-2.86163],[-42.31647,-2.8176],[-42.72448,-2.6215],[-43.06809,-2.45067],[-43.23323,-2.41926],[-43.33404,-2.43219],[-43.7819,-2.6365],[-44.05595,-2.70699],[-44.22212,-2.77724],[-44.59337,-3.14661],[-44.67028,-2.96885],[-44.71103,-2.75924],[-44.65868,-2.5685],[-44.52027,-2.38392],[-44.46174,-2.26941],[-44.55381,-2.09169],[-44.79593,-1.73636],[-44.93192,-1.62227],[-45.07564,-1.60352],[-45.25631,-1.76277],[-45.33543,-1.7693],[-45.37132,-1.75667],[-45.49213,-1.49004],[-45.64257,-1.36327],[-46.12359,-1.16098],[-46.48994,-1.03467],[-46.63376,-1.0477],[-46.9283,-0.92759],[-47.23714,-0.68044],[-47.31622,-0.68061],[-47.47448,-0.76992],[-47.92745,-0.7709],[-48.04253,-0.81562],[-48.16512,-0.99383],[-48.38952,-1.41371],[-48.52703,-1.58558],[-48.65688,-1.65576],[-49.22115,-2.10815],[-49.4228,-2.35884],[-49.4152,-2.09587],[-49.29055,-1.79058],[-49.62234,-1.92474],[-49.88861,-1.95074],[-50.39929,-1.96455],[-50.52847,-1.93306],[-50.64314,-1.88247],[-50.84199,-1.51434],[-50.97678,-1.1143],[-51.02715,-1.12711],[-51.56784,-1.44601],[-51.79126,-1.53546],[-52.02156,-1.56773],[-52.14349,-1.51716],[-51.96264,-1.31342],[-51.77415,-0.85549],[-51.52938,-0.4292],[-51.17042,-0.07892],[-50.87615,0.08694],[-50.64682,0.27172],[-50.53971,0.41811],[-50.12008,1.05448],[-49.8843,1.21387],[-49.86389,1.32829],[-49.88104,1.5761],[-49.96921,1.72842],[-50.40909,1.82278],[-50.55493,1.96863],[-50.68808,2.21617],[-50.90037,2.8385],[-50.94904,3.11165],[-51.13541,3.71495],[-51.20927,4.07068],[-51.31519,4.26109],[-51.43932,4.32437],[-51.62342,4.21594],[-51.61672,4.02599],[-52.11279,3.2856],[-52.30507,2.94117],[-52.50284,2.495],[-52.7118,2.18862],[-52.84639,2.09248],[-53.09821,2.10368],[-53.59794,2.27871],[-53.99472,2.00299],[-54.09599,2.03417],[-54.38833,2.26129],[-54.86058,2.48097],[-55.00433,2.48012],[-55.24481,2.30704],[-55.42394,2.28055],[-55.61226,2.343],[-55.90109,2.39849],[-55.97855,2.32811],[-56.06874,2.18136],[-55.79351,1.72529],[-56.03117,1.74931],[-56.52958,1.87348],[-56.70963,1.89148],[-57.13395,1.90166],[-57.55423,1.70846],[-58.00429,1.55957],[-58.23179,1.41837],[-58.54422,1.18766],[-58.85274,1.15405],[-59.12872,1.33039],[-59.62485,1.73427],[-59.69223,1.86737],[-59.69598,2.04534],[-59.66359,2.20445],[-59.73873,2.34387],[-59.86528,2.52111],[-59.93537,2.73048],[-59.8396,3.16333],[-59.5936,3.80053],[-59.51294,3.9663],[-59.70841,4.39744],[-59.94817,4.45959],[-60.08486,4.45877],[-59.88138,4.94953],[-59.89935,5.04479],[-60.01629,5.09494],[-60.2486,5.15079],[-60.38441,5.12454],[-60.55302,5.00911],[-60.50682,4.93309],[-60.57992,4.78643],[-60.84637,4.61319],[-61.62937,4.20801],[-61.99239,4.10412],[-62.24296,4.07084],[-62.45244,4.09503],[-62.58003,4.04342],[-62.68477,3.54056],[-62.84128,3.48876],[-63.12399,3.76681],[-63.2786,3.86761],[-63.79591,3.85181],[-63.96918,3.86986],[-64.37246,4.07726],[-64.51128,4.13364],[-64.58272,4.12051],[-64.60116,4.03775],[-64.32378,3.72788],[-64.14781,3.41742],[-64.012,2.73164],[-63.97659,2.48392],[-63.90196,2.37629],[-63.47004,2.35344],[-63.27455,2.29739],[-63.20712,2.18337],[-63.3265,2.06187],[-63.58257,1.93956],[-63.87599,1.8806],[-63.96754,1.79107],[-64.08378,1.4916],[-64.18984,1.39562],[-64.48313,1.31758],[-64.73247,1.18897],[-65.06569,0.89458],[-65.35592,0.5623],[-65.47801,0.55522],[-65.56173,0.90434],[-65.5989,0.98675],[-65.93944,0.67325],[-66.12587,0.64035],[-66.3428,0.74077],[-66.65539,0.98682],[-66.84983,1.01109],[-66.93929,1.20762],[-66.97886,1.4108],[-67.05134,1.79814],[-67.11326,1.99483],[-67.17973,2.07072],[-67.41394,1.94219],[-67.78932,1.68567],[-67.97474,1.61465],[-68.18303,1.60705],[-69.44884,1.64401],[-69.73658,1.65501],[-69.75515,1.50869],[-69.76114,1.04461],[-69.68097,0.97516],[-69.27766,0.92035],[-69.19803,0.88269],[-69.06608,0.69913],[-69.0424,0.534],[-69.2151,0.55203],[-69.40258,0.60177],[-69.71143,0.58722],[-69.93319,0.50327],[-69.98304,0.46483],[-69.98357,-0.01697],[-69.98384,-0.26616],[-69.89711,-0.35464],[-69.58735,-0.51805],[-69.50081,-0.60017],[-69.51454,-0.94985],[-69.33499,-1.20302],[-69.32078,-1.29827],[-69.46763,-1.9411],[-69.78537,-3.92592],[-69.81825,-4.0977],[-69.87801,-4.18703],[-69.81703,-4.33283],[-69.97033,-4.41637],[-70.32723,-4.31044],[-70.54912,-4.26728],[-70.69384,-4.29992],[-70.9655,-4.49854],[-71.13244,-4.55037],[-71.43378,-4.52039],[-72.28621,-4.86863],[-72.60179,-5.06751],[-72.76932,-5.14476],[-73.03889,-5.78187],[-73.18255,-6.0115],[-73.19191,-6.08146],[-73.0674,-6.46837],[-73.06186,-6.51918],[-73.34313,-6.74327],[-73.62201,-6.89109],[-73.77878,-7.04453],[-73.89,-7.3248],[-73.84206,-7.5787],[-73.56372,-8.00917],[-72.96404,-8.98419],[-72.91613,-9.0411],[-73.02747,-9.26416],[-73.12071,-9.40451],[-72.63259,-9.45881],[-72.44581,-9.47676],[-72.30538,-9.55854],[-72.19692,-9.70405],[-72.15387,-10.00244],[-71.32431,-10.01659],[-70.98131,-9.79215],[-70.68951,-9.57438],[-70.54276,-9.52268],[-70.56903,-10.20273],[-70.61307,-10.73038],[-70.56453,-10.88893],[-70.4218,-11.04059],[-70.29356,-11.0716],[-70.13263,-11.03887],[-69.77891,-10.92241],[-69.58988,-10.90223],[-69.1671,-10.96326],[-68.662,-11.10006],[-68.50223,-11.08641],[-68.07652,-10.71536],[-67.92547,-10.72718],[-67.70937,-10.7386],[-67.52279,-10.62948],[-66.86106,-10.12994],[-66.46798,-9.91156],[-66.30597,-9.84071],[-65.88579,-9.80644],[-65.30873,-9.81573],[-65.28813,-10.15239],[-65.32385,-10.43219],[-65.35283,-10.71194],[-65.33659,-11.08039],[-65.27308,-11.36593],[-65.12208,-11.63192],[-64.75632,-12.04911],[-64.26138,-12.47188],[-64.11937,-12.51552],[-63.76539,-12.52613],[-63.60531,-12.51248],[-63.3011,-12.62505],[-62.99122,-12.76301],[-62.65365,-13.03423],[-62.51887,-13.0779],[-62.12162,-13.09462],[-62.07855,-13.10072],[-61.90553,-13.44914],[-61.72629,-13.58787],[-61.62733,-13.6254],[-61.11054,-13.59059],[-60.8243,-13.64608],[-60.5828,-13.7209],[-60.40139,-13.82784],[-60.36295,-13.90386],[-60.38002,-14.15811],[-60.28877,-14.62137],[-60.27516,-14.93897],[-60.21289,-15.85348],[-60.1009,-16.27848],[-60.03219,-16.3289],[-59.59712,-16.3454],[-59.37206,-16.35042],[-58.6454,-16.35886],[-58.33349,-16.36973],[-58.3148,-16.50305],[-58.43199,-16.87857],[-58.4017,-17.13251],[-58.20559,-17.3156],[-57.87674,-17.47885],[-57.73444,-17.69401],[-57.59641,-18.04261],[-57.58646,-18.26491],[-57.66975,-18.79268],[-57.77709,-19.16811],[-57.94815,-19.51216],[-58.13773,-19.81184],[-58.02388,-19.9954],[-57.98581,-20.29374],[-57.75164,-20.68624],[-57.70468,-21.11795],[-57.76407,-21.50579],[-57.80309,-21.83],[-57.80576,-22.15399],[-57.63862,-22.17207],[-57.27066,-22.23981],[-56.85429,-22.33903],[-56.69865,-22.32543],[-56.37932,-22.13934],[-56.32786,-22.13905],[-56.00204,-22.26419],[-55.62278,-22.44621],[-55.56828,-22.64282],[-55.34917,-23.77863],[-55.23467,-24.03207],[-55.13395,-24.0569],[-54.55372,-23.8566],[-54.44814,-23.90681],[-54.22724,-24.05799],[-54.21879,-24.12147],[-54.36321,-24.45898],[-54.4973,-24.83454],[-54.59694,-25.20355],[-54.60905,-25.55296],[-54.58041,-25.74335]]],[[[-50.22499,-1.73542],[-49.93685,-1.65853],[-49.58445,-1.65142],[-49.34712,-1.64454],[-49.13813,-1.56784],[-48.88569,-1.42114],[-48.75563,-1.28105],[-48.63982,-1.0584],[-48.55283,-0.63245],[-48.40189,-0.39065],[-48.54576,-0.32106],[-48.76151,-0.2834],[-48.9773,-0.20761],[-49.1427,-0.19526],[-49.35823,-0.28469],[-49.81126,-0.23484],[-50.20676,-0.19121],[-50.4224,-0.2171],[-50.50141,-0.26175],[-50.5948,-0.71948],[-50.61665,-0.8911],[-50.57435,-1.17696],[-50.6466,-1.26609],[-50.61148,-1.43759],[-50.47628,-1.67876],[-50.22499,-1.73542]]]]}},{"type":"Feature","id":117,"properties":{"name":"Papua New Guinea","subjecto":"Papua New Guinea","partof":"Papua New Guinea","precision":3},"geometry":{"type":"MultiPolygon","coordinates":[[[[149.55416,-6.40606],[149.91717,-6.35443],[150.27627,-6.34094],[150.49411,-6.27691],[150.93188,-6.08529],[151.05571,-6.01512],[151.23925,-5.79227],[151.28006,-5.67142],[151.46727,-5.67102],[151.80154,-5.70842],[151.91993,-5.65732],[152.05868,-5.49814],[151.86218,-5.28247],[151.83486,-5.20626],[151.90657,-5.10441],[152.13552,-5.08485],[152.17965,-5.00214],[152.26817,-4.77949],[152.23323,-4.62068],[152.08995,-4.3604],[151.94422,-4.5196],[151.76228,-4.49457],[151.53932,-4.40608],[151.5588,-4.64755],[151.58763,-4.90172],[151.56987,-5.02888],[151.45164,-5.08633],[151.15742,-5.09967],[151.04922,-5.19524],[150.88652,-5.51974],[150.7216,-5.62179],[150.28935,-5.7117],[150.18083,-5.70558],[150.05194,-5.62323],[149.89424,-5.44562],[149.86927,-5.40118],[149.76441,-5.63021],[149.64846,-5.71309],[149.41284,-5.73902],[149.07856,-5.70161],[148.8365,-5.64493],[148.50721,-5.67107],[148.37664,-5.65863],[148.30633,-5.77319],[148.41572,-5.881],[148.71246,-5.98841],[148.84161,-6.07075],[149.02149,-6.24196],[149.20858,-6.15258],[149.37901,-6.20941],[149.48011,-6.29817],[149.55416,-6.40606]]],[[[140.94761,-9.27386],[141.49615,-9.31542],[142.30656,-9.33274],[142.6074,-9.37658],[142.81332,-9.2808],[143.14598,-9.0894],[143.33113,-9.00001],[143.23268,-8.82226],[143.05065,-8.6701],[142.75283,-8.51184],[142.46373,-8.4362],[142.35565,-8.36651],[142.24891,-8.30954],[142.464,-8.29637],[142.96997,-8.37789],[143.43681,-8.35782],[143.48933,-8.30686],[143.35606,-8.12918],[143.49586,-8.08439],[143.66741,-8.14123],[143.77961,-8.10921],[143.79182,-8.01383],[143.66479,-7.67089],[144.01603,-7.87352],[144.19317,-7.84135],[144.37983,-7.75832],[144.62741,-7.78321],[144.92944,-7.92239],[145.61518,-8.07346],[145.81964,-8.09844],[146.09553,-8.46649],[146.6461,-9.27888],[146.85841,-9.43097],[147.18501,-9.5701],[147.29304,-9.69063],[147.39334,-9.9256],[147.61547,-10.08402],[147.87362,-10.17882],[148.22196,-10.19077],[148.56053,-10.18369],[148.84986,-10.24028],[149.32856,-10.36002],[149.78337,-10.40989],[149.8401,-10.45426],[149.9057,-10.66388],[150.00239,-10.7336],[150.49456,-10.73889],[150.52339,-10.63712],[150.41763,-10.2941],[150.17556,-10.16114],[149.69638,-10.03505],[149.56739,-9.92726],[149.85897,-9.83129],[149.87292,-9.7677],[149.82991,-9.71058],[149.54644,-9.63492],[149.35652,-9.61626],[149.17572,-9.55308],[149.07788,-9.45795],[149.23677,-9.20972],[149.19772,-9.12083],[149.04547,-9.1148],[148.72511,-9.15362],[148.58871,-9.16028],[148.45881,-9.097],[148.13273,-8.62735],[148.03466,-8.24619],[147.37603,-7.79634],[147.15124,-7.56166],[146.88603,-7.11732],[146.86499,-6.96483],[146.90914,-6.89483],[147.16232,-6.82436],[147.66384,-6.7915],[147.7386,-6.74049],[147.64393,-6.48011],[147.45796,-6.23899],[147.37649,-6.12477],[147.0529,-6.04283],[146.89343,-6.03048],[146.04451,-5.67639],[145.7454,-5.62619],[145.60815,-5.5248],[145.59342,-5.42314],[145.72822,-4.99703],[145.3775,-4.67364],[145.06845,-4.49635],[144.783,-4.33808],[144.65948,-4.22394],[144.54267,-3.99541],[144.37173,-4.02119],[144.1029,-3.98364],[143.82696,-3.83806],[143.44551,-3.6101],[142.88128,-3.43972],[142.41326,-3.30727],[142.03085,-3.15556],[140.86978,-2.79475],[140.94549,-6.37922],[140.74734,-6.74924],[140.94108,-7.36498],[140.96185,-7.72736],[140.94761,-9.27386]]]]}},{"type":"Feature","id":118,"properties":{"name":"Australia","subjecto":"Australia","partof":"Australia","precision":3},"geometry":{"type":"MultiPolygon","coordinates":[[[[146.71273,-43.72181],[146.83598,-43.68932],[146.92144,-43.5666],[147.14172,-43.25669],[147.39067,-43.08218],[147.81532,-42.96535],[147.92567,-42.8234],[147.9812,-42.48201],[148.31925,-41.80581],[148.32305,-41.49723],[148.26568,-41.13755],[148.26953,-41.09258],[148.05589,-40.91965],[147.73382,-41.02944],[147.59635,-41.16459],[147.28858,-41.15235],[147.1206,-41.17839],[146.94914,-41.23012],[146.7407,-41.29478],[146.38221,-41.30835],[145.89189,-41.14232],[145.22802,-40.98311],[144.77613,-40.84276],[144.69688,-40.86219],[144.70011,-41.16399],[144.86892,-41.59413],[144.93605,-41.70971],[145.2142,-42.03066],[145.5305,-42.34531],[145.62429,-42.51892],[145.56631,-42.5834],[145.37702,-42.50653],[145.30096,-42.46162],[145.18251,-42.48117],[145.27937,-42.66768],[145.49386,-42.91843],[145.72265,-43.24017],[145.9669,-43.40729],[146.49713,-43.61905],[146.71273,-43.72181]]],[[[142.33755,-10.91538],[142.21162,-11.04915],[142.12565,-11.15739],[142.09292,-11.5325],[141.95303,-11.95234],[141.6934,-12.3788],[141.67852,-12.46782],[141.91894,-12.70251],[141.84761,-12.84251],[141.69979,-12.91275],[141.59883,-13.04647],[141.55217,-13.4979],[141.51232,-13.80948],[141.59475,-13.98731],[141.66839,-14.11429],[141.58454,-14.3306],[141.4781,-14.6169],[141.46815,-14.75678],[141.65237,-15.0361],[141.7113,-15.22669],[141.5176,-15.53226],[141.40152,-15.85674],[141.31382,-16.44816],[141.13241,-16.95715],[140.80094,-17.56183],[140.70755,-17.63197],[140.43634,-17.72155],[140.24972,-17.79824],[140.06021,-17.83044],[139.81826,-17.76103],[139.47628,-17.57102],[139.24832,-17.43164],[139.17309,-17.3555],[139.07531,-17.07598],[138.96275,-16.99357],[138.6101,-16.91169],[138.41084,-16.8994],[138.26033,-16.8425],[137.95462,-16.60157],[137.75956,-16.39856],[137.4257,-16.18947],[137.07371,-16.0313],[136.95488,-16.01883],[136.79785,-16.07003],[136.68714,-16.02576],[136.45863,-15.75289],[136.09437,-15.44852],[135.62745,-15.16981],[135.41661,-14.97319],[135.38806,-14.89697],[135.45758,-14.68068],[135.70904,-14.464],[135.88064,-14.203],[135.96455,-13.89132],[135.82882,-13.73269],[135.8309,-13.48477],[136.00863,-13.33182],[136.23832,-13.22963],[136.46908,-13.22277],[136.52298,-13.10823],[136.52763,-12.91117],[136.60668,-12.81565],[136.66369,-12.62482],[136.85968,-12.44006],[136.79109,-12.37027],[136.63961,-12.3261],[136.4345,-12.11678],[136.35337,-12.1551],[136.29861,-12.51118],[136.09121,-12.57519],[135.94247,-12.35938],[135.64901,-12.1884],[135.44454,-12.17612],[135.19175,-12.37372],[135.12852,-12.38657],[134.93998,-12.33612],[134.76211,-12.06317],[134.5948,-12.05718],[134.40872,-12.12114],[134.1427,-12.08357],[133.55918,-11.95135],[133.39729,-11.88177],[133.09294,-11.67266],[132.92898,-11.53317],[132.77601,-11.57799],[132.66145,-11.53375],[132.38377,-11.29916],[132.20559,-11.3186],[132.04063,-11.38253],[132.02456,-11.4779],[132.13444,-11.54123],[132.30281,-11.50274],[132.5146,-11.62305],[132.62626,-11.74994],[132.71655,-12.08028],[132.75112,-12.1692],[132.7331,-12.19467],[132.62846,-12.27117],[132.39804,-12.32888],[131.81747,-12.36827],[131.53991,-12.40064],[131.18295,-12.23615],[131.02835,-12.26826],[130.85887,-12.44661],[130.95127,-12.63075],[130.83958,-12.70727],[130.66049,-12.72037],[130.5176,-12.73339],[130.4635,-12.75894],[130.23289,-13.14719],[130.23193,-13.28068],[130.27386,-13.36323],[130.20599,-13.48416],[130.08554,-13.59248],[129.85227,-13.72012],[129.76626,-13.81565],[129.76329,-14.01907],[129.4916,-14.26122],[129.42655,-14.30586],[129.42303,-14.41393],[129.45883,-14.49649],[129.72885,-14.6739],[129.84861,-14.81986],[129.83856,-14.92795],[129.70249,-15.06175],[129.63227,-15.27803],[129.48287,-15.21478],[129.19642,-14.9929],[128.98088,-14.92344],[128.45886,-14.88641],[128.38897,-14.94378],[128.18139,-15.24935],[128.06614,-15.37674],[127.98487,-15.28791],[128.01756,-15.02086],[127.96257,-14.70313],[127.67796,-14.43675],[127.52909,-14.19551],[127.39746,-14.10044],[127.16648,-14.0628],[126.85343,-13.78377],[126.76466,-14.00009],[126.66506,-14.10201],[126.54605,-14.35018],[126.42574,-14.14702],[126.26836,-14.07107],[126.10147,-14.20493],[125.8632,-14.69491],[125.49717,-14.67664],[125.317,-14.72787],[125.15566,-14.80451],[125.17387,-15.03968],[125.10796,-15.20508],[125.05854,-15.42134],[125.10913,-15.62465],[125.01805,-15.64392],[124.68865,-15.46662],[124.61433,-15.49857],[124.4245,-15.6579],[124.36375,-15.88689],[124.39524,-16.02032],[124.33776,-16.26201],[124.53141,-16.32517],[124.84635,-16.53004],[124.71627,-16.49641],[124.56587,-16.50945],[124.27727,-16.52278],[123.97947,-16.40899],[123.57584,-16.39079],[123.55619,-16.44168],[123.55294,-16.69597],[123.63166,-16.80388],[123.88523,-16.91141],[123.91204,-16.97492],[123.82685,-17.24847],[123.70409,-17.21694],[123.5083,-17.10929],[123.49825,-17.31909],[123.4187,-17.57992],[123.30125,-17.46574],[123.02267,-16.85603],[122.86901,-16.6593],[122.73834,-16.58328],[122.56407,-16.89516],[122.08548,-17.3984],[122.09275,-17.6209],[122.20168,-17.98303],[122.23191,-18.16732],[122.19645,-18.24369],[121.76077,-18.53706],[121.57633,-18.70275],[121.51683,-18.83638],[121.38649,-19.11638],[121.19429,-19.37745],[120.87215,-19.67694],[120.71038,-19.77266],[120.2229,-19.98349],[119.81252,-20.11787],[119.53112,-20.13755],[119.13646,-20.03667],[118.93625,-20.02437],[118.86508,-20.06903],[118.73432,-20.31725],[118.60868,-20.38109],[118.19072,-20.41376],[117.96847,-20.47146],[117.75521,-20.67535],[117.59693,-20.75833],[117.40318,-20.77782],[117.08811,-20.77848],[116.77441,-20.78552],[116.4188,-20.83712],[116.13455,-20.98395],[115.87117,-21.19431],[115.56739,-21.45561],[115.34924,-21.60229],[114.8002,-21.88319],[114.45635,-22.09372],[114.39311,-22.31001],[114.30905,-22.56448],[114.232,-22.6155],[114.07483,-22.60313],[114.02735,-22.52058],[114.02252,-22.32986],[113.90057,-22.03768],[113.87155,-22.10767],[113.82231,-22.25399],[113.62543,-22.56593],[113.61012,-22.73126],[113.72467,-23.01711],[113.76202,-23.48113],[113.66741,-23.78015],[113.52196,-24.01567],[113.3619,-24.28304],[113.37921,-24.61361],[113.43259,-24.87416],[113.5919,-25.18536],[114.05531,-25.80113],[114.18252,-26.01704],[114.18084,-26.27139],[114.05043,-26.28861],[114.0951,-26.53862],[113.88066,-26.50903],[113.65769,-26.0682],[113.32116,-25.69034],[113.28495,-25.82679],[113.3866,-25.97373],[113.58323,-26.15217],[113.73938,-26.66653],[113.57983,-26.65598],[113.43299,-26.57201],[113.32665,-26.41457],[113.24452,-26.3411],[113.17619,-26.14167],[113.09159,-26.0577],[113.03511,-26.16266],[113.15807,-26.42506],[113.59547,-26.88304],[113.92523,-27.38467],[114.02223,-27.62609],[113.96464,-28.03318],[114.06082,-28.14744],[114.33209,-28.47753],[114.6304,-28.90296],[114.84051,-29.38582],[114.91221,-29.69726],[114.89997,-30.14244],[114.96465,-30.51753],[115.05826,-30.80351],[115.5609,-31.66103],[115.67698,-31.92792],[115.74726,-32.20761],[115.76686,-32.75454],[115.64669,-33.36538],[115.55802,-33.57545],[115.4085,-33.76656],[115.20575,-33.80515],[114.98579,-33.75472],[114.96134,-33.86926],[115.04692,-34.42246],[115.11486,-34.45411],[115.28334,-34.47285],[115.61627,-34.63118],[115.96654,-34.93578],[116.25139,-35.10072],[116.56098,-35.1893],[116.8478,-35.21419],[117.52977,-35.25102],[117.79331,-35.21225],[118.20708,-35.09034],[118.41594,-34.9244],[118.67277,-34.60584],[118.74419,-34.58025],[119.17498,-34.63662],[119.32983,-34.57905],[119.59207,-34.22231],[119.77149,-34.12017],[120.07367,-34.10047],[120.28014,-34.11914],[120.70224,-34.04829],[121.40952,-33.97051],[121.74031,-33.96346],[121.87241,-34.00136],[122.17092,-34.17886],[122.35103,-34.0958],[122.76803,-34.03133],[123.35855,-34.04284],[123.62303,-33.91507],[123.97166,-33.45638],[124.24839,-33.14413],[124.41095,-33.05475],[124.60478,-33.01618],[124.84723,-32.95208],[125.19517,-32.77326],[125.64191,-32.56243],[126.05895,-32.43436],[126.23125,-32.41493],[126.5887,-32.42056],[127.26508,-32.38099],[127.73266,-32.26553],[128.17002,-32.15014],[128.61482,-31.95204],[128.91026,-31.85602],[129.18539,-31.7982],[129.97918,-31.77112],[130.28022,-31.7705],[130.85728,-31.73114],[131.18235,-31.63506],[131.28016,-31.63485],[131.69445,-31.83118],[131.99255,-32.06591],[132.18223,-32.1482],[132.37664,-32.16052],[132.57414,-32.08378],[132.69767,-32.08989],[133.12509,-32.33708],[133.34407,-32.36844],[133.71751,-32.2977],[133.83703,-32.34197],[134.08125,-32.56411],[134.23699,-32.74189],[134.2581,-32.87542],[134.1078,-33.0284],[134.14605,-33.14919],[134.20846,-33.2572],[134.31439,-33.30152],[134.6311,-33.26905],[134.71023,-33.36431],[134.8437,-33.69483],[135.1531,-34.05044],[135.23901,-34.19658],[135.35731,-34.45716],[135.52807,-35.05489],[135.71243,-35.20744],[135.94393,-34.84403],[136.10612,-34.53197],[136.40008,-34.2769],[136.73085,-34.05992],[137.06712,-33.95108],[137.19342,-33.8045],[137.27879,-33.5944],[137.31748,-33.52449],[137.45718,-33.31413],[137.69018,-33.18007],[137.81987,-33.06529],[137.86824,-32.74712],[138.02003,-32.96946],[138.16577,-33.1918],[138.18875,-33.29354],[138.09085,-33.45277],[137.98065,-33.45936],[137.9125,-33.51676],[137.9046,-33.70126],[137.86373,-33.87947],[137.71604,-34.08335],[137.51188,-34.45911],[137.55925,-34.91071],[137.50228,-35.02535],[137.39343,-35.08929],[137.10836,-35.07077],[137.07247,-35.11544],[137.03613,-35.29396],[136.94705,-35.47262],[137.06188,-35.45963],[137.14982,-35.45308],[137.23948,-35.38278],[137.59805,-35.38204],[137.68333,-35.33088],[137.88285,-34.68737],[138.1015,-34.35611],[138.21263,-34.51493],[138.45405,-34.78164],[138.56762,-34.92772],[138.5346,-35.29727],[138.42984,-35.55245],[138.19717,-35.75693],[138.27249,-35.83328],[138.35237,-35.86501],[138.50552,-35.83918],[138.77366,-35.78763],[139.12747,-35.60839],[139.36792,-35.61427],[139.38101,-35.80551],[139.44448,-36.04131],[139.74336,-36.37233],[139.82568,-36.59542],[139.86265,-36.78035],[139.82251,-37.24626],[140.01202,-37.64163],[140.24916,-37.79437],[140.65219,-38.16391],[140.88732,-38.29756],[141.22526,-38.45655],[141.54719,-38.53255],[141.56707,-38.48142],[141.67472,-38.41092],[141.90403,-38.42963],[142.39294,-38.56917],[142.69432,-38.67078],[143.09292,-38.86804],[143.3648,-38.96973],[143.46447,-38.95675],[143.89346,-38.75779],[144.31143,-38.56529],[144.74758,-38.45581],[144.41111,-38.24572],[144.56175,-38.13683],[144.78031,-38.05976],[144.96983,-38.06576],[145.25207,-38.23124],[145.50425,-38.44151],[145.53714,-38.51172],[145.53591,-38.72254],[145.93388,-38.88147],[146.52592,-39.18064],[146.43193,-39.05939],[146.29922,-38.89352],[146.42768,-38.89965],[146.66537,-38.87361],[146.82104,-38.84134],[146.91714,-38.71336],[147.1168,-38.65546],[147.80525,-38.23246],[148.037,-38.09787],[148.27417,-38.02714],[148.64346,-38.01361],[149.16476,-37.97424],[149.50415,-37.92885],[149.71237,-37.79433],[149.8571,-37.63442],[149.98484,-37.34688],[149.9752,-37.04692],[150.01074,-36.62572],[150.08653,-36.15351],[150.22151,-35.69411],[150.34281,-35.54722],[150.61311,-35.39366],[150.76197,-35.25313],[150.85572,-35.01075],[150.84971,-34.71808],[151.00256,-34.49508],[151.21693,-34.20833],[151.3645,-33.5209],[151.57431,-33.21509],[151.76464,-33.00474],[151.97366,-32.95978],[152.17619,-32.87667],[152.44512,-32.50711],[152.53671,-32.20792],[152.83398,-31.76834],[152.97186,-31.41818],[153.00108,-31.05551],[152.93956,-30.6994],[153.20272,-29.91008],[153.36137,-29.15919],[153.4935,-28.84087],[153.47784,-28.5038],[153.3964,-28.12871],[153.29647,-27.91267],[152.94622,-27.34099],[153.02763,-27.19454],[153.08671,-27.00997],[153.08102,-26.62203],[153.06907,-26.22775],[152.90423,-25.6303],[152.83136,-25.47146],[152.76116,-25.42073],[152.53358,-25.36398],[152.48574,-25.3132],[152.39982,-25.07174],[152.39674,-24.95092],[152.31797,-24.81755],[152.07273,-24.74176],[151.96925,-24.55122],[151.85948,-24.29075],[151.73014,-24.15749],[151.45822,-24.08811],[151.20016,-23.94241],[150.80247,-23.59989],[150.75441,-22.81152],[150.69363,-22.67812],[150.61091,-22.62108],[150.35559,-22.55167],[149.94477,-22.32365],[150.00811,-22.67323],[150.01727,-22.73043],[149.67019,-22.5722],[149.55676,-22.43255],[149.41137,-21.91784],[149.20016,-21.31424],[149.10148,-21.06012],[148.706,-20.84478],[148.56704,-20.65433],[148.68986,-20.39974],[148.75645,-20.29151],[148.70373,-20.20262],[148.19044,-20.17191],[147.97294,-20.09608],[147.59359,-19.85528],[147.41271,-19.56318],[147.07759,-19.51303],[146.94949,-19.44336],[146.32176,-19.08229],[146.22996,-18.92354],[146.10623,-18.54867],[145.92456,-18.2566],[146.01872,-17.86221],[145.99418,-17.51258],[145.86949,-17.19496],[145.45112,-16.59823],[145.32554,-16.49043],[145.34639,-16.01357],[145.22221,-15.66418],[145.18486,-15.23195],[145.18434,-15.0476],[145.11967,-14.9778],[144.94622,-14.90825],[144.69259,-14.72443],[144.52919,-14.66757],[144.38536,-14.36909],[144.21231,-14.4521],[144.06472,-14.59228],[143.87487,-14.58633],[143.74317,-14.46582],[143.5381,-13.94499],[143.47352,-13.66541],[143.43748,-13.08065],[143.37115,-12.8138],[143.29229,-12.68684],[142.97079,-12.53497],[143.17309,-12.12134],[143.12742,-12.01337],[142.93835,-12.00742],[142.82347,-11.91868],[142.77032,-11.61368],[142.7492,-11.32131],[142.64427,-11.09271],[142.33755,-10.91538]]]]}},{"type":"Feature","id":119,"properties":{"name":"Uruguay","subjecto":"Uruguay","partof":"Uruguay","precision":3},"geometry":{"type":"Polygon","coordinates":[[[-58.33968,-34.21614],[-58.18024,-34.28784],[-57.93369,-34.54141],[-57.78684,-34.59826],[-57.5587,-34.56604],[-57.34774,-34.50844],[-57.00558,-34.57762],[-56.71903,-34.69135],[-56.33826,-34.99545],[-56.16711,-35.01417],[-55.87907,-34.88655],[-55.63132,-34.83522],[-55.38311,-34.81566],[-54.98984,-34.9673],[-54.62151,-34.92208],[-54.42318,-34.85181],[-54.07434,-34.64784],[-53.79321,-34.39954],[-53.43191,-33.90336],[-53.40556,-33.87948],[-53.45084,-33.73835],[-53.56704,-33.4025],[-53.52091,-33.28162],[-53.23585,-32.93715],[-53.22833,-32.81646],[-53.37788,-32.64588],[-53.45114,-32.63358],[-53.51023,-32.54504],[-53.89394,-32.0456],[-54.10721,-31.84996],[-54.55667,-31.58584],[-54.80436,-31.49834],[-55.08209,-31.41102],[-55.27649,-31.15179],[-55.44061,-30.97493],[-55.75266,-31.1672],[-55.87415,-31.17425],[-55.97887,-31.0034],[-56.24447,-30.63663],[-56.41506,-30.45345],[-56.62656,-30.28956],[-56.74638,-30.2458],[-56.85907,-30.29088],[-57.32805,-30.4015],[-57.57567,-30.40292],[-57.77521,-30.63899],[-57.80452,-30.84235],[-58.07226,-31.90421],[-58.11837,-32.13939],[-58.09627,-32.5202],[-58.02055,-32.96418],[-58.07356,-33.1105],[-58.28964,-33.34662],[-58.39772,-33.56942],[-58.40291,-33.80434],[-58.31543,-34.06413],[-58.33968,-34.21614]]]}},{"type":"Feature","id":120,"properties":{"name":"Denmark","subjecto":"Denmark","partof":"Denmark","precision":3},"geometry":{"type":"MultiPolygon","coordinates":[[[[8.18349,56.79848],[8.36823,56.66686],[8.47093,56.59689],[8.50712,56.64727],[8.66598,56.70046],[8.77808,56.79848],[8.84702,56.98628],[8.97088,57.0003],[9.07855,57.03676],[9.14124,57.00871],[9.33376,57.02274],[9.503,56.97506],[10.25655,57.00591],[10.33329,57.17146],[10.46284,57.24166],[10.45073,57.45803],[10.40118,57.50588],[10.55806,57.74505],[10.47946,57.75913],[10.39014,57.66059],[10.28952,57.67186],[9.84926,57.58179],[9.44869,57.22761],[9.30242,57.16584],[8.95986,57.13216],[8.6613,57.1041],[8.53404,57.14058],[8.35887,57.02274],[8.18349,56.79848]]],[[[9.49598,54.93829],[9.42102,54.97648],[9.51782,55.12868],[9.51656,55.22307],[9.54387,55.35126],[9.63018,55.45941],[9.76074,55.5017],[9.69007,55.60487],[9.97575,55.62035],[10.00712,55.73039],[10.14715,55.76489],[10.22988,55.95089],[10.17516,56.07587],[10.29345,56.13707],[10.44248,56.1509],[10.49609,56.03363],[10.75067,56.09728],[10.88868,56.36875],[10.82582,56.44329],[10.31376,56.46947],[10.22968,56.60513],[10.21619,56.84985],[9.83462,56.88994],[9.37015,56.88227],[9.32206,56.71894],[9.31187,56.48112],[9.13585,56.46042],[9.0027,56.65716],[8.86858,56.61611],[8.67489,56.35775],[8.45224,56.4116],[8.30883,56.47921],[8.18343,56.43146],[8.12448,56.20748],[8.11661,56.09226],[8.31697,55.84891],[8.32003,55.76773],[8.12507,55.63583],[8.03457,55.47591],[8.21404,55.3986],[8.31897,55.48107],[8.48134,55.34924],[8.55956,55.35612],[8.64507,55.06905],[8.6161,54.88736],[8.6686,54.88034],[9.49598,54.93829]]],[[[11.96961,54.95419],[12.07697,54.99469],[12.30136,55.17028],[12.42972,55.24469],[12.15843,55.37909],[12.34437,55.50771],[12.4091,55.54833],[12.46922,55.71063],[12.44405,55.96765],[12.23772,55.98757],[12.088,55.96698],[12.05262,55.70308],[11.96249,55.58126],[11.72805,55.66188],[11.56774,55.88478],[11.29626,55.67459],[11.10192,55.63367],[11.2301,55.33681],[11.2854,55.18857],[11.58478,55.16218],[11.76722,55.176],[11.96961,54.95419]]]]}},{"type":"Feature","id":121,"properties":{"name":"Poland","subjecto":"Poland","partof":"Poland","precision":3},"geometry":{"type":"MultiPolygon","coordinates":[[[[22.57044,49.06668],[22.86446,49.05843],[22.70777,49.23084],[22.68796,49.4793],[22.72464,49.61692],[23.40381,50.16484],[23.67317,50.34394],[23.80173,50.42526],[23.9947,50.43123],[24.1093,50.53926],[24.11354,50.68048],[23.96585,50.81633],[24.00387,50.87613],[24.13828,50.89788],[23.99563,50.98489],[23.62837,51.36051],[23.66152,51.46949],[23.58926,51.54843],[23.53266,51.61027],[23.67438,51.94868],[23.66863,52.06129],[23.57069,52.12706],[23.50338,52.20634],[23.31397,52.27196],[23.18414,52.27757],[23.24143,52.40868],[23.37263,52.55645],[23.62949,52.66594],[23.82786,52.67932],[23.94606,52.773],[23.95681,52.87941],[23.8792,53.10521],[23.60259,53.7802],[23.5305,53.91629],[23.43854,54.08992],[23.31062,54.30889],[22.98706,54.42471],[22.69904,54.4149],[21.36674,54.36954],[20.35627,54.42146],[19.97754,54.42394],[19.73312,54.31027],[19.45682,54.21656],[19.3281,54.16145],[19.23031,54.16697],[19.23206,54.22207],[19.31761,54.27168],[19.75772,54.45917],[19.7336,54.46117],[19.255,54.27719],[18.96498,54.22758],[18.67308,54.25514],[18.51316,54.31578],[18.45381,54.52538],[18.3385,54.60265],[18.36292,54.66889],[18.75953,54.53641],[18.27945,54.72412],[17.65761,54.68546],[16.9759,54.54931],[16.47325,54.41503],[16.11468,54.19961],[15.89836,54.1284],[15.31169,54.071],[15.07968,54.00252],[14.88576,53.97956],[14.46741,53.91035],[14.47294,53.87678],[14.48252,53.81853],[14.55694,53.75988],[14.5653,53.6936],[14.4953,53.62479],[14.53706,53.53817],[14.43316,53.59421],[14.28019,53.61342],[14.42389,53.23778],[14.32562,53.00383],[14.14986,52.93775],[14.12681,52.79041],[14.30256,52.7447],[14.60974,52.5518],[14.51213,52.37427],[14.55443,52.29316],[14.69495,52.22727],[14.68579,52.09048],[14.74487,52.04491],[14.69141,51.91328],[14.59532,51.85762],[14.59212,51.77161],[14.73875,51.65024],[14.68734,51.53399],[14.8975,51.44927],[15.0242,51.23097],[14.82888,50.91691],[14.99727,50.91691],[15.00827,50.98489],[14.98096,51.01754],[15.00929,51.05562],[15.17189,51.06379],[15.26701,51.02298],[15.30875,50.90604],[15.47216,50.83264],[15.5628,50.82129],[15.81834,50.79731],[15.87749,50.71579],[16.00293,50.73209],[16.00086,50.65602],[16.21021,50.68591],[16.23778,50.71579],[16.35315,50.70492],[16.44283,50.62343],[16.39859,50.56912],[16.30475,50.55826],[16.2044,50.46325],[16.45142,50.352],[16.58495,50.18115],[16.72802,50.14862],[16.82706,50.23267],[17.01153,50.2869],[16.88444,50.42255],[16.88559,50.48769],[17.01442,50.47683],[17.24333,50.38999],[17.35975,50.33572],[17.67876,50.33827],[17.59712,50.21098],[17.74557,50.24894],[17.74471,50.13507],[17.75066,50.03598],[17.88249,50.03011],[18.04804,50.10255],[18.18777,50.02126],[18.54872,49.96173],[18.53996,49.84998],[18.62468,49.75661],[18.79632,49.71345],[18.8442,49.56454],[18.97213,49.54621],[18.98603,49.44375],[19.17931,49.46532],[19.26157,49.57318],[19.34842,49.56617],[19.37623,49.61634],[19.49344,49.62712],[19.58111,49.51924],[19.61372,49.44326],[19.76291,49.45454],[19.79279,49.37366],[19.7809,49.33593],[19.78216,49.2443],[19.9571,49.28204],[20.03809,49.22814],[20.10538,49.28886],[20.15238,49.36828],[20.40308,49.45993],[20.47884,49.4348],[20.69609,49.45559],[20.90317,49.34132],[21.07112,49.42218],[21.10421,49.48392],[21.33275,49.46552],[21.58501,49.49958],[21.64289,49.44101],[21.95916,49.35749],[22.00581,49.26047],[22.19643,49.21504],[22.57044,49.06668]]],[[[14.06995,53.91777],[14.14543,53.82645],[14.20541,53.81321],[14.17417,53.90676],[14.06995,53.91777]]],[[[14.47294,53.87678],[14.42484,53.91502],[14.30526,53.91502],[14.22724,53.90951],[14.2479,53.81596],[14.33386,53.82972],[14.45907,53.81871],[14.47294,53.87678]]]]}},{"type":"Feature","id":122,"properties":{"name":"Netherlands","subjecto":"Netherlands","partof":"Netherlands","precision":3},"geometry":{"type":"Polygon","coordinates":[[[7.15994,53.164],[7.04328,53.164],[7.00906,53.24541],[6.86105,53.26576],[6.75072,53.38986],[6.26072,53.32174],[5.96631,53.33501],[5.38952,53.13857],[5.33212,53.01145],[5.34275,52.99631],[5.35802,52.93775],[5.32575,52.79041],[5.65344,52.74978],[5.54689,52.6787],[5.55571,52.58732],[5.61125,52.5315],[5.81714,52.52136],[5.75691,52.33372],[5.57437,52.28302],[5.47319,52.1766],[4.94983,52.27795],[5.03574,52.33372],[5.00609,52.55688],[5.10824,52.5315],[5.23463,52.62285],[5.17329,52.74342],[5.0084,52.85619],[4.71877,52.80242],[4.64101,52.7557],[4.38724,52.23037],[4.26441,52.07089],[3.87814,51.79173],[3.52032,51.57914],[3.74348,51.46045],[3.77505,51.38774],[3.98952,51.34375],[4.17305,51.32488],[4.40672,51.34008],[4.39535,51.4109],[4.53312,51.40545],[4.67107,51.40545],[4.79138,51.4872],[4.93215,51.37822],[5.01012,51.4327],[5.11253,51.40545],[5.24365,51.23659],[5.48442,51.28556],[5.8239,51.11683],[5.77424,50.92643],[5.69676,50.88293],[5.69709,50.73072],[5.99958,50.7416],[6.07393,50.86661],[6.00967,50.9645],[5.9279,50.98082],[5.96424,51.02434],[6.17621,51.14405],[6.08924,51.19849],[6.17962,51.32233],[6.22228,51.3891],[6.15382,51.52067],[6.11686,51.63986],[5.9479,51.72167],[5.97937,51.80353],[6.13267,51.83844],[6.21138,51.87994],[6.38145,51.8199],[6.68037,51.88775],[6.82462,51.95639],[6.88223,52.12573],[7.06772,52.21864],[7.06903,52.36628],[6.99685,52.44287],[6.91192,52.41552],[6.71357,52.4757],[6.72684,52.55833],[6.77809,52.63993],[7.03479,52.6235],[7.0729,52.80426],[7.228,52.96672],[7.15994,53.164]]]}},{"type":"Feature","id":123,"properties":{"name":"Czech Republic","subjecto":"Czech Republic","partof":"Czech Republic","precision":3},"geometry":{"type":"Polygon","coordinates":[[[13.94668,48.6551],[14.01181,48.64891],[14.17094,48.591],[14.38851,48.54648],[14.65748,48.61972],[14.99314,48.96779],[15.61152,48.81425],[16.06963,48.7122],[16.66915,48.79378],[16.91433,48.70365],[16.93879,48.66104],[16.95656,48.68079],[16.9862,48.72821],[16.99212,48.78749],[17.03362,48.81713],[17.09882,48.87047],[17.11067,48.88826],[17.22923,48.92382],[17.27072,48.90011],[17.32999,48.8764],[17.40112,48.8764],[17.43076,48.88826],[17.47225,48.88826],[17.53153,48.86455],[17.63823,48.89418],[17.6975,48.89418],[17.75085,48.91789],[17.78642,48.9416],[17.81605,48.95346],[17.86347,48.96531],[17.88126,48.96531],[17.90497,49.00088],[17.92275,49.04237],[17.95832,49.07794],[17.99981,49.06608],[18.04723,49.08387],[18.11243,49.1135],[18.13614,49.16092],[18.15985,49.19649],[18.17171,49.25576],[18.18356,49.29726],[18.20727,49.33875],[18.30804,49.3506],[18.36732,49.38617],[18.42066,49.40988],[18.47401,49.45137],[18.49772,49.48694],[18.557,49.51658],[18.58664,49.53436],[18.63999,49.54029],[18.70519,49.53436],[18.75261,49.52251],[18.78225,49.54029],[18.81188,49.56993],[18.8442,49.56454],[18.79632,49.71345],[18.62468,49.75661],[18.53996,49.84998],[18.54872,49.96173],[18.18777,50.02126],[18.04804,50.10255],[17.88249,50.03011],[17.75066,50.03598],[17.74471,50.13507],[17.74557,50.24894],[17.59712,50.21098],[17.67876,50.33827],[17.35975,50.33572],[17.24333,50.38999],[17.01442,50.47683],[16.88559,50.48769],[16.88444,50.42255],[17.01153,50.2869],[16.82706,50.23267],[16.72802,50.14862],[16.58495,50.18115],[16.45142,50.352],[16.2044,50.46325],[16.30475,50.55826],[16.39859,50.56912],[16.44283,50.62343],[16.35315,50.70492],[16.23778,50.71579],[16.21021,50.68591],[16.00086,50.65602],[16.00293,50.73209],[15.87749,50.71579],[15.81834,50.79731],[15.5628,50.82129],[15.47216,50.83264],[15.30875,50.90604],[15.26701,51.02298],[15.17189,51.06379],[15.00929,51.05562],[14.98096,51.01754],[15.00827,50.98489],[14.99727,50.91691],[14.82888,50.91691],[14.76481,50.86526],[14.61032,50.89788],[14.59638,51.02298],[14.4578,51.07738],[14.26166,51.04474],[14.38877,50.94683],[14.14649,50.86526],[13.91066,50.84351],[13.85478,50.76742],[13.52416,50.75655],[13.47326,50.65874],[13.39415,50.69134],[13.233,50.66377],[13.1894,50.56098],[13.0175,50.55555],[12.98234,50.47411],[12.78367,50.47411],[12.59385,50.38356],[12.46162,50.39812],[12.23536,50.24081],[12.36839,50.04564],[12.55416,50.00162],[12.48435,49.88885],[12.44831,49.70615],[12.51971,49.66758],[12.5363,49.56258],[12.64578,49.48458],[12.86081,49.36557],[12.94526,49.39792],[13.20311,49.16617],[13.39694,49.08953],[13.47973,48.99918],[13.57815,49.03689],[13.65207,48.9561],[13.74548,48.93995],[13.94668,48.6551]]]}},{"type":"Feature","id":124,"properties":{"name":"Nigeria","subjecto":"Nigeria","partof":"Nigeria","precision":3},"geometry":{"type":"Polygon","coordinates":[[[14.03344,13.06062],[13.87568,13.244],[13.61689,13.47765],[13.53873,13.65515],[13.11101,13.63991],[12.91462,13.54977],[12.7107,13.41509],[12.36802,13.10164],[12.25197,13.07552],[11.97735,13.16925],[11.65193,13.2563],[11.25408,13.35564],[11.01511,13.3733],[10.69622,13.35235],[10.41347,13.30619],[10.0652,13.17701],[9.88356,13.02976],[9.60053,12.85011],[9.47736,12.82396],[9.05742,12.82148],[8.62328,12.94604],[8.09527,13.27979],[7.93596,13.31699],[7.7258,13.2649],[7.12439,13.01981],[6.95783,13.01882],[6.86371,13.06276],[6.37119,13.61283],[6.00154,13.73777],[5.50139,13.79203],[4.9731,13.7434],[4.49414,13.65896],[4.19021,13.47918],[3.88092,12.75275],[3.72241,12.5357],[3.65144,12.15391],[3.6097,11.72144],[3.58219,11.37167],[3.65587,11.02888],[3.83061,10.70574],[3.68799,10.27267],[3.60248,10.01791],[3.50205,9.88383],[3.20703,9.69775],[3.16452,9.54495],[3.21644,9.27829],[3.18124,9.11282],[2.98677,9.05446],[2.8714,9.04107],[2.7642,8.86245],[2.76642,8.47473],[2.76151,8.08061],[2.72089,7.63543],[2.81846,6.98765],[2.7641,6.45339],[2.76681,6.34811],[3.06343,6.36142],[3.45968,6.38133],[3.61096,6.41343],[3.71895,6.54712],[3.9495,6.57939],[4.07206,6.43985],[4.36032,6.32609],[4.63412,6.2123],[4.88631,6.00315],[5.09524,5.75576],[5.15289,5.64151],[5.38336,5.61023],[5.44819,5.47693],[5.35459,5.36234],[5.33302,5.24791],[5.41949,4.95579],[5.60659,4.63211],[5.85129,4.42929],[6.08878,4.32813],[6.65017,4.323],[6.84448,4.29164],[6.92368,4.34265],[7.04616,4.50814],[7.17574,4.52748],[7.44915,4.40734],[7.88826,4.45277],[8.1402,4.46602],[8.29869,4.55533],[8.32756,4.61258],[8.26299,4.74589],[8.32797,4.84134],[8.40704,4.78433],[8.50779,4.76549],[8.59181,4.71204],[8.76108,5.02073],[8.84655,5.26913],[8.83786,5.70767],[9.06033,5.94417],[9.48414,6.3217],[10.07355,6.8909],[10.196,6.90435],[10.69313,6.88187],[10.75805,6.81869],[11.08283,6.38205],[11.14769,6.35701],[11.25565,6.4085],[11.42109,6.56838],[11.5793,6.79179],[11.71595,7.07227],[12.14105,8.07271],[12.32878,8.44883],[12.44428,8.57663],[12.6174,8.59673],[12.70414,8.73708],[12.76999,9.29045],[12.82805,9.44969],[12.99407,9.46339],[13.15297,9.52153],[13.26247,9.97346],[13.48862,10.51506],[13.78784,11.08886],[13.91861,11.20404],[14.31676,11.30173],[14.44017,11.37873],[14.50593,11.48081],[14.54576,11.98317],[14.51083,12.14186],[14.44636,12.2241],[14.19351,12.27345],[14.09279,12.34912],[14.04391,12.57765],[14.00312,12.90156],[14.03344,13.06062]]]}},{"type":"Feature","id":125,"properties":{"name":"Cameroon","subjecto":"Cameroon","partof":"Cameroon","precision":3},"geometry":{"type":"Polygon","coordinates":[[[11.21766,2.05426],[11.23811,2.27685],[11.6337,2.23472],[12.43183,2.19497],[12.80571,2.17812],[13.26609,2.11095],[13.51791,2.0616],[13.90613,2.0512],[14.30136,2.08533],[14.42367,2.06063],[14.6394,2.04285],[14.89123,1.98714],[15.1504,1.89969],[15.53923,1.74946],[15.928,1.61829],[16.05001,1.65716],[16.00518,2.04462],[16.07674,2.12768],[15.98254,2.33052],[15.89512,2.69231],[15.6713,3.05327],[15.12371,3.60936],[15.07316,3.75526],[15.04404,4.11103],[14.84966,4.38318],[14.66976,4.68084],[14.57629,4.94724],[14.45352,5.48044],[14.40297,5.82972],[14.43173,6.02058],[14.49653,6.10994],[14.7342,6.28933],[14.91438,6.51922],[15.30435,7.30333],[15.46316,7.45047],[15.55696,7.50187],[15.46344,7.58394],[15.29155,8.05962],[15.00443,8.54098],[14.40007,9.07129],[13.91086,9.55146],[14.05601,9.79383],[14.18645,9.93444],[14.29491,9.97957],[14.51134,9.94273],[15.04521,9.85691],[15.34847,9.87141],[15.44983,9.93557],[15.42845,9.99265],[15.33514,10.08743],[15.16351,10.37243],[15.07121,10.63248],[14.9954,11.18499],[15.05536,11.47771],[15.00175,12.01764],[14.82424,12.41701],[14.40924,12.97386],[14.31544,13.01145],[14.03344,13.06062],[14.00312,12.90156],[14.04391,12.57765],[14.09279,12.34912],[14.19351,12.27345],[14.44636,12.2241],[14.51083,12.14186],[14.54576,11.98317],[14.50593,11.48081],[14.44017,11.37873],[14.31676,11.30173],[13.91861,11.20404],[13.78784,11.08886],[13.48862,10.51506],[13.26247,9.97346],[13.15297,9.52153],[12.99407,9.46339],[12.82805,9.44969],[12.76999,9.29045],[12.70414,8.73708],[12.6174,8.59673],[12.44428,8.57663],[12.32878,8.44883],[12.14105,8.07271],[11.71595,7.07227],[11.5793,6.79179],[11.42109,6.56838],[11.25565,6.4085],[11.14769,6.35701],[11.08283,6.38205],[10.75805,6.81869],[10.69313,6.88187],[10.196,6.90435],[10.07355,6.8909],[9.48414,6.3217],[9.06033,5.94417],[8.83786,5.70767],[8.84655,5.26913],[8.76108,5.02073],[8.59181,4.71204],[8.63723,4.68315],[8.87466,4.62012],[8.92487,4.52491],[8.95325,4.2835],[9.03219,4.13751],[9.28389,4.01732],[9.54299,4.04331],[9.65089,4.01812],[9.78018,3.85318],[9.58565,3.67483],[9.76521,3.38291],[9.85134,3.14798],[9.92309,2.82405],[9.80077,2.37896],[9.89434,2.13769],[9.88123,2.05827],[10.33344,2.06171],[11.21766,2.05426]]]}},{"type":"Feature","id":126,"properties":{"name":"Pakistan","subjecto":"Pakistan","partof":"Pakistan","precision":3},"geometry":{"type":"Polygon","coordinates":[[[68.047,23.76407],[68.21361,23.78019],[68.34684,23.97434],[68.73663,23.98178],[68.72972,24.30915],[68.84618,24.28562],[69.22184,24.28145],[69.5977,24.27195],[69.70074,24.20499],[70.03159,24.16035],[70.12162,24.30915],[70.4725,24.40588],[70.55508,24.37808],[70.62012,24.22731],[70.86743,24.26451],[70.93518,24.37612],[71.07779,24.40588],[70.96929,24.61421],[71.0741,24.68117],[70.77941,25.28121],[70.68248,25.50926],[70.632,25.70793],[70.39031,25.66329],[70.24176,25.70793],[70.0562,25.89301],[70.12541,26.22361],[70.17682,26.5338],[69.98596,26.5403],[69.75894,26.57845],[69.51548,26.65189],[69.4631,26.82303],[69.49874,26.94388],[69.58229,27.18854],[70.02317,27.59032],[70.0877,27.79121],[70.32868,27.99954],[70.51043,28.03674],[70.60344,27.97722],[70.67491,27.74434],[70.83762,27.70193],[71.24002,27.84329],[71.57028,27.83837],[71.88997,27.9549],[71.92424,28.12602],[72.17765,28.40058],[72.30265,28.61716],[72.38217,28.78077],[72.91934,29.00398],[73.13401,29.25044],[73.36312,29.7977],[73.52153,30.0081],[73.79587,30.06793],[73.95732,30.19442],[73.83988,30.36555],[74.5201,31.04211],[74.62667,31.48159],[74.54243,31.65157],[74.52812,31.81641],[74.76049,31.92801],[75.04944,32.01622],[75.27631,32.10636],[75.36656,32.22111],[75.36138,32.31628],[75.06044,32.48603],[74.74467,32.46371],[74.65997,32.57532],[74.67756,32.76876],[74.32529,32.76738],[74.32688,33.00685],[74.05374,33.14078],[74.01392,33.25238],[74.11049,33.3119],[74.16264,33.52767],[73.98795,33.63184],[74.05018,33.81784],[74.22317,33.86248],[74.2241,34.01873],[73.95494,34.01129],[73.90973,34.10058],[74.00055,34.16754],[73.97976,34.3089],[73.82829,34.3089],[73.78785,34.38331],[73.95901,34.6586],[74.36087,34.77764],[75.12953,34.63131],[75.38517,34.56927],[75.80278,34.50235],[76.05335,34.62139],[76.17113,34.56931],[76.29281,34.70324],[76.48984,34.76276],[76.76931,34.71664],[76.82524,34.63628],[76.93073,34.68836],[76.96283,34.90412],[77.03288,35.09777],[77.21794,35.20211],[77.52713,35.36876],[77.62023,35.40644],[77.5541,35.46329],[77.41709,35.51338],[76.81542,35.56043],[76.56105,35.75655],[76.48086,35.79707],[76.43391,35.88649],[76.32637,35.88649],[76.09233,35.79842],[75.88974,36.02324],[75.75437,36.0548],[75.8946,36.28699],[75.89147,36.5125],[75.79565,36.62359],[75.62776,36.76897],[75.34684,36.76508],[75.21974,36.7072],[75.21801,36.91244],[74.96863,36.96507],[74.8358,36.98613],[74.70906,36.89139],[74.66171,36.94175],[74.52053,37.00458],[74.45377,36.94059],[74.29263,36.93876],[74.08755,36.80492],[73.9382,36.80719],[73.78628,36.72689],[73.49485,36.7914],[72.88986,36.78614],[72.37272,36.71772],[72.13432,36.58617],[71.76033,36.32309],[71.64951,36.33361],[71.53342,36.2372],[71.32485,36.05157],[71.329,35.90753],[71.51419,35.78553],[71.5184,35.63404],[71.62325,35.55722],[71.56948,35.33959],[71.65888,35.12511],[71.51279,34.93368],[71.27684,34.77369],[71.09666,34.62039],[71.03838,34.49313],[71.13861,34.27792],[71.15354,34.13839],[71.02349,34.02342],[70.79246,33.92693],[70.47825,33.9442],[70.02968,33.9988],[69.86998,33.94077],[70.02722,33.78934],[70.19142,33.60621],[70.24929,33.4796],[70.28924,33.28308],[70.19915,33.16833],[70.05731,33.11675],[69.82672,33.10275],[69.63956,33.05091],[69.50792,32.94862],[69.40742,32.75764],[69.27774,32.38242],[69.21534,31.83617],[69.20641,31.79804],[69.05335,31.62578],[68.94656,31.58708],[68.4962,31.75592],[68.24272,31.76718],[67.99177,31.65784],[67.82871,31.5363],[67.6837,31.22443],[67.5699,31.18569],[67.33748,31.22246],[67.04814,31.23985],[66.92076,31.20739],[66.6523,31.00907],[66.46659,30.84295],[66.38171,30.6901],[66.27732,30.29591],[66.23277,29.88933],[66.20159,29.80661],[66.09057,29.73614],[65.61051,29.61276],[65.07828,29.52718],[64.64488,29.44852],[64.08926,29.39453],[63.6371,29.45545],[63.47998,29.45455],[62.94639,29.35626],[62.61209,29.36703],[62.36864,29.3847],[61.98403,29.49044],[61.50305,29.60198],[61.21954,29.68926],[60.82046,29.83335],[61.18115,29.34615],[61.50096,28.8654],[61.65927,28.65676],[61.97238,28.48076],[62.48682,28.30591],[62.67098,28.20537],[62.7466,28.03435],[62.79671,27.43138],[62.87983,27.25405],[63.17317,27.23034],[63.25704,27.10381],[63.24054,26.66555],[63.1562,26.55075],[63.06232,26.51846],[62.61229,26.48411],[62.29843,26.36798],[61.94131,26.15635],[61.81274,25.98413],[61.67348,25.62768],[61.65141,25.46878],[61.56996,25.03957],[61.81327,25.05326],[62.1383,25.10477],[62.44957,25.1626],[63.01806,25.15744],[63.40353,25.1646],[63.65033,25.33665],[64.05922,25.40103],[64.12007,25.31223],[64.23826,25.21083],[64.42498,25.17312],[64.85119,25.20576],[65.21567,25.27006],[65.7688,25.30934],[66.30009,25.49469],[66.43233,25.48861],[66.62051,25.31749],[66.7005,25.11438],[66.64811,24.90462],[66.65422,24.78394],[66.70172,24.75228],[66.99954,24.71478],[67.1536,24.65159],[67.20423,24.58817],[67.31589,24.09289],[67.48603,23.92806],[67.69232,23.81416],[68.047,23.76407]]]}},{"type":"Feature","id":127,"properties":{"name":"India","subjecto":"India","partof":"India","precision":3},"geometry":{"type":"Polygon","coordinates":[[[89.07225,21.77434],[89.00562,22.01384],[88.82472,22.8129],[88.67819,23.44706],[88.52015,23.64934],[88.5023,23.76354],[88.72955,24.10776],[88.74262,24.22848],[88.65544,24.32322],[88.1867,24.51735],[88.03428,24.66252],[88.28071,24.93699],[88.46103,25.07136],[88.85833,25.17523],[88.87958,25.24519],[88.82314,25.29566],[88.2724,25.71785],[88.05003,25.82449],[88.01253,25.89411],[88.06852,26.02139],[88.31818,26.25773],[88.42344,26.33452],[88.98709,26.1981],[89.13945,26.07836],[89.30674,25.95871],[89.52707,25.98538],[89.71445,25.96106],[89.77263,25.81538],[89.83188,25.27611],[89.87473,25.23191],[90,25.18251],[90,25.18632],[91.02613,25.18778],[92.1386,25.09897],[92.18869,25.05483],[92.21404,24.99783],[92.20881,24.64224],[92.13729,24.48944],[91.71489,24.14411],[91.49086,24.08567],[91.19761,23.92522],[91.13883,23.79789],[91.14279,23.56296],[91.14312,23.39152],[91.24684,23.26513],[91.3591,23.14513],[91.59738,22.94332],[91.69781,23.10265],[91.87523,23.62437],[92.002,23.6759],[92.18228,23.69599],[92.21105,23.43581],[92.49319,22.31988],[92.50995,22.11043],[92.7778,22.04213],[92.89228,21.9793],[93.00463,22.03711],[93.12767,22.20292],[93.13465,22.50777],[93.0659,22.92645],[93.16841,23.00959],[93.34874,23.07414],[93.43508,23.23338],[93.3692,23.95051],[93.42865,24.07785],[93.79378,23.93392],[93.9692,23.88415],[94.10823,23.87861],[94.18485,23.9362],[94.70137,24.94874],[94.7016,25.09475],[94.61485,25.27836],[94.6352,25.37369],[95.05757,25.88399],[95.11837,26.05572],[95.09293,26.39836],[95.18183,26.55756],[95.83269,26.95485],[96.15615,27.18521],[96.29669,27.24315],[96.5476,27.2065],[96.93149,27.10716],[97.06419,27.13332],[96.98158,27.45653],[97.01382,27.58366],[97.28192,27.84541],[97.33239,27.95358],[97.34042,28.18212],[97.05964,28.21859],[96.73091,28.29919],[96.43511,28.33558],[96.30007,28.3602],[96.25457,28.38531],[96.31657,28.50626],[96.47584,28.71024],[96.45533,28.88148],[96.13342,29.20329],[95.92863,29.3798],[95.30896,29.00184],[95.13931,28.98184],[94.70052,29.12528],[94.57171,29.20071],[94.41172,29.1617],[94.1662,29.02703],[93.66897,28.70052],[93.29558,28.58414],[93.05136,28.41773],[92.54606,27.91977],[92.36727,27.79814],[92.04607,27.7011],[91.69297,27.68638],[91.60775,27.64145],[91.57608,27.57145],[91.59492,27.46365],[91.74181,27.3312],[91.88308,27.30027],[91.99893,27.19303],[92.00631,27.06612],[91.9089,26.8053],[91.62821,26.7783],[91.16185,26.75022],[90,26.77875],[90,26.7186],[89.83439,26.68545],[89.40531,26.79089],[89.15376,26.82753],[88.86753,26.9084],[88.76133,27.12997],[88.80258,27.18099],[88.7072,27.47878],[88.7307,27.86612],[88.66831,27.94828],[88.56407,27.97943],[88.35231,27.93378],[88.19726,27.87575],[88.21384,27.86562],[88.07058,27.52337],[88.03893,27.12903],[88.23191,26.75701],[88.09217,26.44452],[87.94074,26.46684],[87.63219,26.40732],[87.5101,26.44452],[87.34931,26.385],[87.16964,26.43708],[87.04939,26.60076],[86.77654,26.46684],[86.39542,26.63053],[86.07121,26.69749],[85.90054,26.59332],[85.75989,26.70493],[85.7754,26.85373],[85.63417,26.88349],[85.37142,26.75701],[85.09328,26.87606],[84.96471,27.00254],[84.66636,27.06951],[84.7113,27.27039],[84.64775,27.37456],[84.35837,27.40432],[84.13611,27.53824],[83.87435,27.382],[83.65725,27.50104],[83.43074,27.50104],[83.39164,27.40432],[83.32404,27.37456],[83.1872,27.46384],[82.81183,27.53824],[82.72996,27.71681],[82.48791,27.68705],[82.02531,27.9549],[81.92123,27.8805],[81.36238,28.18555],[81.22501,28.42364],[80.90858,28.4906],[80.60916,28.70637],[80.39948,28.66917],[80.11586,28.8403],[80.09827,28.9519],[80.19651,29.14535],[80.33551,29.32391],[80.31736,29.50248],[80.41651,29.62152],[80.41291,29.78521],[80.53981,29.83729],[81.0213,30.24651],[80.63442,30.51436],[80.5651,30.4846],[80.22518,30.5962],[80.27718,30.75989],[79.79214,31.0203],[79.62859,30.96822],[79.28126,31.34767],[79.10879,31.45928],[78.89427,31.31791],[78.80533,31.34767],[78.76068,31.54112],[78.85763,31.63784],[78.73492,31.80153],[78.7818,32.00242],[78.52111,32.27027],[78.45069,32.58276],[78.80397,32.67205],[78.81879,32.50836],[78.97055,32.38932],[79.13616,32.41164],[79.30527,32.53812],[79.56533,32.70181],[79.40038,33.0143],[79.44696,33.20031],[79.1409,33.24495],[79.12106,33.32679],[79.07998,33.3618],[78.75701,33.40487],[78.62454,33.50423],[78.60797,33.75262],[78.57485,34.01758],[78.65766,34.10038],[78.8067,34.19974],[78.70734,34.31565],[78.50862,34.49781],[78.14431,34.54749],[78.04495,34.77933],[77.84622,35.243],[77.84622,35.47484],[77.62023,35.40644],[77.52713,35.36876],[77.21794,35.20211],[77.03288,35.09777],[76.96283,34.90412],[76.93073,34.68836],[76.82524,34.63628],[76.76931,34.71664],[76.48984,34.76276],[76.29281,34.70324],[76.17113,34.56931],[76.05335,34.62139],[75.80278,34.50235],[75.38517,34.56927],[75.12953,34.63131],[74.36087,34.77764],[73.95901,34.6586],[73.78785,34.38331],[73.82829,34.3089],[73.97976,34.3089],[74.00055,34.16754],[73.90973,34.10058],[73.95494,34.01129],[74.2241,34.01873],[74.22317,33.86248],[74.05018,33.81784],[73.98795,33.63184],[74.16264,33.52767],[74.11049,33.3119],[74.01392,33.25238],[74.05374,33.14078],[74.32688,33.00685],[74.32529,32.76738],[74.67756,32.76876],[74.65997,32.57532],[74.74467,32.46371],[75.06044,32.48603],[75.36138,32.31628],[75.36656,32.22111],[75.27631,32.10636],[75.04944,32.01622],[74.76049,31.92801],[74.52812,31.81641],[74.54243,31.65157],[74.62667,31.48159],[74.5201,31.04211],[73.83988,30.36555],[73.95732,30.19442],[73.79587,30.06793],[73.52153,30.0081],[73.36312,29.7977],[73.13401,29.25044],[72.91934,29.00398],[72.38217,28.78077],[72.30265,28.61716],[72.17765,28.40058],[71.92424,28.12602],[71.88997,27.9549],[71.57028,27.83837],[71.24002,27.84329],[70.83762,27.70193],[70.67491,27.74434],[70.60344,27.97722],[70.51043,28.03674],[70.32868,27.99954],[70.0877,27.79121],[70.02317,27.59032],[69.58229,27.18854],[69.49874,26.94388],[69.4631,26.82303],[69.51548,26.65189],[69.75894,26.57845],[69.98596,26.5403],[70.17682,26.5338],[70.12541,26.22361],[70.0562,25.89301],[70.24176,25.70793],[70.39031,25.66329],[70.632,25.70793],[70.68248,25.50926],[70.77941,25.28121],[71.0741,24.68117],[70.96929,24.61421],[71.07779,24.40588],[70.93518,24.37612],[70.86743,24.26451],[70.62012,24.22731],[70.55508,24.37808],[70.4725,24.40588],[70.12162,24.30915],[70.03159,24.16035],[69.70074,24.20499],[69.5977,24.27195],[69.22184,24.28145],[68.84618,24.28562],[68.72972,24.30915],[68.73663,23.98178],[68.34684,23.97434],[68.21361,23.78019],[68.047,23.76407],[68.07218,23.67519],[68.37294,23.32642],[68.79081,23.02872],[68.88241,22.99715],[69.1072,22.8989],[69.39182,22.8394],[69.66489,22.78916],[70.04595,22.77726],[70.31022,22.82864],[70.38065,22.86056],[70.41056,22.75262],[70.1762,22.47896],[69.96852,22.35146],[69.76917,22.28751],[69.49224,22.24881],[69.01423,22.30497],[68.89418,22.28566],[69.12606,21.96851],[69.75222,21.39807],[70.20995,20.94798],[70.46748,20.777],[70.85505,20.65076],[71.02445,20.65748],[71.30259,20.77243],[71.52893,20.82373],[71.89443,20.98968],[72.12086,21.15534],[72.2562,21.35256],[72.289,21.54957],[72.25569,21.63208],[72.13104,21.74618],[72.12714,21.82874],[72.23298,22.01955],[72.31905,22.11503],[72.69562,22.12854],[72.66594,21.84894],[72.71466,21.43612],[72.76573,21.15036],[72.93113,20.95376],[73.11286,20.82709],[73.10968,20.68732],[72.86444,20.31198],[72.75949,20.05765],[72.78251,19.94969],[72.85335,19.24468],[73.06423,18.03172],[73.40929,16.55854],[73.57273,16.03793],[73.84143,15.39048],[74.03218,15.05883],[74.40151,14.41964],[74.73362,13.68336],[74.96174,12.87696],[75.21094,12.10237],[75.65175,11.42349],[76.07506,10.55396],[76.38529,9.7477],[76.53786,9.119],[76.66239,8.88418],[76.70353,8.70636],[77.34137,8.05328],[77.41947,8.02804],[77.48439,8.02819],[77.61861,8.11742],[77.66318,8.14293],[77.89976,8.25781],[78.06494,8.38526],[78.13578,8.49977],[78.18113,8.81121],[78.31384,8.99576],[78.66013,9.12359],[78.79765,9.13023],[79.15965,9.27716],[78.93772,9.43552],[78.92661,9.49268],[79.07228,9.75985],[79.22248,10.19222],[79.30627,10.25595],[79.50092,10.25001],[79.78994,10.25063],[79.82627,10.35873],[79.73183,11.15272],[79.71073,11.44494],[79.76935,11.73098],[79.92281,12.10616],[80.22376,12.83109],[80.31346,13.10448],[80.31988,13.33321],[80.17813,13.52352],[80.07589,13.66942],[80.16972,13.89199],[80.16166,14.2541],[80.08707,14.94643],[80.0894,15.17516],[80.16343,15.39132],[80.30022,15.64574],[80.45976,15.77315],[80.73596,15.83727],[80.96311,15.7234],[81.0879,15.82679],[81.2531,16.22591],[81.3691,16.34686],[81.59677,16.30288],[81.78898,16.3287],[82.08142,16.46274],[82.23458,16.6473],[82.26742,16.85702],[82.354,17.08591],[82.54642,17.22609],[82.74959,17.33452],[83.07698,17.50039],[83.3814,17.71068],[83.68472,18.08345],[83.98768,18.20749],[84.26273,18.45584],[84.65877,18.93313],[84.90662,19.18141],[85.11321,19.44231],[85.37911,19.60537],[85.71478,19.69768],[85.90895,19.72351],[86.11917,19.80654],[86.38562,20.01674],[86.63238,20.20365],[86.63785,20.31911],[86.77521,20.4686],[86.92611,20.69126],[86.84421,20.87532],[86.79619,21.13567],[86.8187,21.18653],[86.9372,21.28843],[87.19424,21.38426],[87.64072,21.56308],[87.86749,21.69696],[88.05304,21.93874],[88.12161,21.86265],[88.24793,21.59612],[88.29957,21.55177],[88.37706,21.57734],[88.45388,21.73631],[88.5676,21.89537],[88.65698,21.85744],[88.72346,21.53995],[88.88094,21.51489],[89.02554,21.54696],[88.99477,21.62948],[89.07225,21.77434]]]}},{"type":"Feature","id":128,"properties":{"name":"Jordan","subjecto":"Jordan","partof":"Jordan","precision":3},"geometry":{"type":"Polygon","coordinates":[[[35.0721,29.21136],[35.14176,29.20349],[36.07697,29.06909],[36.5157,29.42099],[36.72347,29.69534],[37.28544,29.84465],[37.39369,29.87702],[37.59901,30.04335],[37.94301,30.36927],[37.62904,30.76765],[37.11301,31.36179],[37.40371,31.46507],[38.56735,31.74479],[39.00412,31.8616],[39.11957,31.93847],[39.32647,32.13654],[39.28458,32.16172],[39.14487,32.47213],[38.75358,33.20666],[38.68101,33.17449],[37.3491,32.48102],[36.83655,32.18594],[36.72256,32.17895],[36.55836,32.25423],[35.70218,32.71941],[35.65637,32.69109],[35.63999,32.63744],[35.66947,32.45245],[35.65729,32.32732],[35.6298,32.24897],[35.61471,31.86777],[35.58312,31.53095],[35.52341,31.40356],[35.5251,31.21937],[35.39041,30.81842],[35.15767,30.32797],[35.16423,29.95956],[35.03317,29.54591],[34.98468,29.46722],[35.0734,29.41887],[35.09547,29.34268],[35.0721,29.21136]]]}},{"type":"Feature","id":129,"properties":{"name":"Libya","subjecto":"Libya","partof":"Libya","precision":3},"geometry":{"type":"Polygon","coordinates":[[[24.9529,21.88224],[24.94785,23.05783],[24.95779,23.66157],[24.9375,24.926],[24.93787,25.23737],[24.9416,26.15875],[24.94857,26.81961],[24.9569,28.56063],[24.96336,29.00543],[24.94439,29.17052],[24.77021,29.58251],[24.68703,30.00772],[24.71191,30.14765],[24.85717,30.39627],[24.96118,30.58746],[24.80177,31.16472],[24.89618,31.31773],[25.06209,31.42033],[25.10655,31.51384],[24.98224,31.64701],[24.95153,31.81849],[24.81586,31.90715],[24.23692,31.92502],[24.0344,31.93731],[23.71403,32.07642],[23.28864,32.13273],[23.15334,32.13881],[23.02666,32.25291],[23.00733,32.48159],[22.92285,32.55766],[22.54313,32.72207],[22.21599,32.79129],[21.67342,32.81559],[21.0545,32.63005],[20.76505,32.49603],[20.51552,32.38751],[20.36572,32.29824],[20.06836,32.03714],[19.96147,31.79547],[19.94158,31.61117],[19.9921,31.35077],[20.11668,31.07147],[20.11677,30.9571],[19.98154,30.72173],[19.66391,30.4415],[19.32282,30.25654],[19.12454,30.19894],[18.91503,30.20486],[18.53721,30.41375],[17.95716,30.76836],[17.70898,30.89492],[17.42163,30.99599],[16.98378,31.09674],[16.78252,31.1281],[16.31839,31.16526],[16.01338,31.22817],[15.84333,31.285],[15.53341,31.55122],[15.35813,31.80502],[15.24144,32.1733],[15.1637,32.27481],[15.00979,32.36344],[14.79081,32.36299],[14.43343,32.46391],[14.15702,32.67938],[13.45878,32.77961],[13.18713,32.79176],[12.79886,32.73377],[12.56476,32.73964],[12.11702,32.8785],[11.47069,33.14409],[11.42918,32.70275],[11.45825,32.44872],[11.41643,32.32774],[11.05559,32.13505],[10.79485,31.99376],[10.13242,31.48158],[10.07547,31.32239],[10.19909,30.88458],[10.13275,30.64271],[10.06265,30.54063],[9.67375,30.27149],[9.57486,30.20736],[9.48335,30.13694],[9.37469,29.96472],[9.77044,29.24248],[9.83712,28.86789],[9.86043,28.55662],[9.81531,28.16868],[9.86078,27.83211],[9.78848,27.55205],[9.71744,27.3292],[9.92332,26.80924],[9.89577,26.51038],[9.85738,26.43389],[9.55741,26.22244],[9.44537,26.16458],[9.37673,26.03707],[9.9493,25.27136],[10.06146,24.8589],[10.31473,24.46633],[10.4245,24.39705],[10.66921,24.48745],[10.98544,24.41301],[11.44788,24.2568],[11.52785,24.18101],[11.91532,23.50321],[11.95901,23.47169],[12.33359,23.41031],[13.07379,23.21123],[13.52738,23.06133],[13.64361,22.97939],[14.1801,22.56941],[14.28439,22.63993],[14.96771,22.96803],[15.78583,23.3541],[15.97052,23.38059],[18.32473,22.23128],[20.54801,21.16387],[23.05789,19.90755],[23.94972,19.47428],[23.98247,19.98285],[24.21643,19.97787],[24.91856,19.96927],[24.95791,20.04575],[24.94298,21.431],[24.9529,21.88224]]]}},{"type":"Feature","id":130,"properties":{"name":"Israel","subjecto":"Israel","partof":"Israel","precision":3},"geometry":{"type":"Polygon","coordinates":[[[34.93554,29.41809],[34.98468,29.46722],[35.03317,29.54591],[35.16423,29.95956],[35.15767,30.32797],[35.39041,30.81842],[35.5251,31.21937],[35.52341,31.40356],[35.58312,31.53095],[35.61471,31.86777],[35.6298,32.24897],[35.65729,32.32732],[35.66947,32.45245],[35.63999,32.63744],[35.65637,32.69109],[35.70218,32.71941],[35.66516,32.75783],[35.68643,32.81279],[35.67711,32.89523],[35.58656,32.9528],[35.50439,33.10851],[35.47303,33.11898],[35.43315,33.10066],[35.40285,33.01397],[35.39914,32.9384],[35.23913,32.90699],[35.20756,32.95149],[35.1392,32.96165],[34.97201,32.93841],[34.95908,32.79666],[34.95659,32.70482],[34.89497,32.66283],[34.84289,32.6707],[34.7585,32.30072],[34.68134,32.04598],[34.59914,31.8179],[34.50066,31.6211],[34.19528,31.23814],[34.1463,31.20858],[34.20195,31.07845],[34.56028,30.20387],[34.93554,29.41809]]]}},{"type":"Feature","id":131,"properties":{"name":"Saudi Arabia","subjecto":"Saudi Arabia","partof":"Saudi Arabia","precision":3},"geometry":{"type":"Polygon","coordinates":[[[42.82805,16.32148],[43.13973,16.57486],[43.19075,16.82932],[43.17226,17.13421],[43.22198,17.35688],[43.29986,17.43993],[43.39733,17.48498],[43.69916,17.41687],[43.89968,17.36086],[44.22154,17.38181],[44.42517,17.37666],[44.97011,16.27427],[45.55582,15.05775],[46.47456,16.25771],[47.33267,17.27936],[47.50494,17.45827],[47.52336,17.51556],[47.74172,17.61849],[49.81961,18.3232],[51.2134,18.7888],[51.72985,18.9443],[51.80605,18.98288],[52.56737,19.34945],[53.62436,19.89562],[56.03019,21.2374],[55.9602,21.89131],[55.69875,22.3027],[55.6301,22.27689],[55.36738,22.06571],[54.99007,22.11435],[53.46609,22.31512],[51.9529,22.48419],[51.83545,22.89008],[51.58892,23.40958],[51.11975,24.39866],[50.96833,24.43624],[50.90739,24.43308],[50.77828,24.47093],[50.60654,24.68022],[50.6189,24.87085],[50.42921,25.18402],[50.38192,25.46117],[50.21432,25.58812],[50.14689,25.53564],[50.01141,25.83523],[49.93686,25.95578],[49.99198,26.04484],[50.07625,26.31184],[49.93417,26.48307],[49.98396,26.59574],[50.09017,26.61149],[50.12176,26.73759],[49.93138,26.93413],[49.53254,27.00953],[49.42732,27.13105],[49.3216,27.16155],[49.23916,27.28849],[49.15193,27.37246],[49.24351,27.47903],[49.13191,27.53597],[48.85502,27.52269],[48.83184,27.57345],[48.75174,27.87188],[48.58751,28.09388],[48.46268,28.38585],[48.44353,28.44023],[48.15363,28.42055],[47.67213,28.44319],[47.58903,28.5507],[47.43864,28.82929],[47.25528,28.85365],[46.50916,28.97005],[44.68786,29.02948],[43.98733,29.34305],[43.62165,29.46798],[43.56853,29.58202],[43.5475,29.95028],[43.60057,30.12843],[43.53986,30.29321],[43.10237,30.27167],[43.03903,30.30306],[42.85903,30.58785],[42.74319,30.6761],[41.64505,31.17161],[41.13203,31.38464],[40.21699,31.80497],[39.87617,31.90466],[39.36838,32.11137],[39.32647,32.13654],[39.11957,31.93847],[39.00412,31.8616],[38.56735,31.74479],[37.40371,31.46507],[37.11301,31.36179],[37.62904,30.76765],[37.94301,30.36927],[37.59901,30.04335],[37.39369,29.87702],[37.28544,29.84465],[36.72347,29.69534],[36.5157,29.42099],[36.07697,29.06909],[35.14176,29.20349],[35.0721,29.21136],[35.02568,28.94863],[34.88559,28.35748],[34.7989,28.23024],[34.76388,28.09675],[34.87562,28.09697],[35.11159,28.07206],[35.4365,27.72966],[35.59481,27.51399],[35.83107,27.09515],[36.31222,26.4227],[36.6693,26.01684],[37.00526,25.53469],[37.21827,25.16663],[37.26854,24.96978],[37.20145,24.65831],[37.41881,24.39827],[37.55722,24.27149],[37.78185,24.21479],[37.98842,24.11356],[38.32942,23.83472],[38.49012,23.61268],[38.9151,22.87021],[39.0556,22.57189],[39.10219,22.40045],[39.10334,22.00017],[39.13041,21.65076],[39.16674,21.2188],[39.5269,20.69221],[39.76408,20.4068],[40.33635,20.09669],[40.69382,19.86871],[40.81976,19.68472],[41.03302,19.28491],[41.39918,18.44064],[41.62856,18.0472],[42.00944,17.73668],[42.20652,17.51474],[42.53529,17.07067],[42.76366,16.64546],[42.8144,16.40413],[42.82805,16.32148]]]}},{"type":"Feature","id":132,"properties":{"name":"Egypt","subjecto":"Egypt","partof":"Egypt","precision":3},"geometry":{"type":"Polygon","coordinates":[[[34.1463,31.20858],[33.91697,31.07005],[33.70961,30.99571],[33.5576,30.96772],[33.12957,31.05169],[33.02139,31.13207],[32.76873,30.95155],[32.59724,30.9639],[32.30938,31.08402],[32.07651,31.01365],[31.80812,31.17828],[31.71742,31.38775],[31.39227,31.44426],[31.15138,31.44375],[30.99596,31.46885],[30.82706,31.43674],[30.47606,31.31529],[30.09914,31.23193],[29.6831,31.05317],[29.35938,30.81107],[29.24885,30.75366],[28.96642,30.78484],[28.51718,30.9618],[28.09983,30.99906],[27.91945,30.99869],[27.76333,31.18261],[27.43875,31.25182],[27.0881,31.30673],[26.82399,31.35856],[26.14333,31.49058],[25.7895,31.48984],[25.50716,31.44478],[25.25823,31.43792],[25.10655,31.51384],[25.06209,31.42033],[24.89618,31.31773],[24.80177,31.16472],[24.96118,30.58746],[24.85717,30.39627],[24.71191,30.14765],[24.68703,30.00772],[24.77021,29.58251],[24.94439,29.17052],[24.96336,29.00543],[24.9569,28.56063],[24.94857,26.81961],[24.9416,26.15875],[24.93787,25.23737],[24.9375,24.926],[24.95779,23.66157],[24.94785,23.05783],[24.9529,21.88224],[25.32159,21.92252],[25.73289,21.92491],[26.45949,21.91643],[27.01767,21.91968],[27.76681,21.92405],[28.78687,21.91093],[29.91797,21.91752],[31.16627,21.91844],[32.12813,21.91768],[36.80011,21.9149],[36.66043,22.16654],[36.47325,22.33768],[36.29022,22.57238],[36.11136,22.64826],[35.7463,22.91434],[35.57585,23.23166],[35.46849,23.72067],[35.48793,23.7906],[35.6163,23.83535],[35.7247,23.91182],[35.65657,23.99427],[35.45346,24.15269],[35.18986,24.39992],[34.9974,24.7172],[34.51484,25.57392],[34.10422,26.35452],[33.92881,26.56382],[33.80406,26.93207],[33.56694,27.36995],[33.35422,27.90955],[32.93468,28.37883],[32.64934,28.76578],[32.59058,28.9372],[32.31849,29.5402],[32.43838,29.77552],[32.64796,29.8522],[32.73728,29.69355],[32.81361,29.4777],[32.94378,29.19842],[33.17847,28.99561],[33.33074,28.55119],[33.50406,28.32918],[33.85604,28.02496],[34.05801,27.79031],[34.2412,27.75892],[34.32201,27.82898],[34.39884,28.09599],[34.54895,28.73163],[34.76433,29.24669],[34.93554,29.41809],[34.56028,30.20387],[34.20195,31.07845],[34.1463,31.20858]]]}},{"type":"Feature","id":133,"properties":{"name":"Nepal","subjecto":"Nepal","partof":"Nepal","precision":3},"geometry":{"type":"Polygon","coordinates":[[[81.0213,30.24651],[80.53981,29.83729],[80.41291,29.78521],[80.41651,29.62152],[80.31736,29.50248],[80.33551,29.32391],[80.19651,29.14535],[80.09827,28.9519],[80.11586,28.8403],[80.39948,28.66917],[80.60916,28.70637],[80.90858,28.4906],[81.22501,28.42364],[81.36238,28.18555],[81.92123,27.8805],[82.02531,27.9549],[82.48791,27.68705],[82.72996,27.71681],[82.81183,27.53824],[83.1872,27.46384],[83.32404,27.37456],[83.39164,27.40432],[83.43074,27.50104],[83.65725,27.50104],[83.87435,27.382],[84.13611,27.53824],[84.35837,27.40432],[84.64775,27.37456],[84.7113,27.27039],[84.66636,27.06951],[84.96471,27.00254],[85.09328,26.87606],[85.37142,26.75701],[85.63417,26.88349],[85.7754,26.85373],[85.75989,26.70493],[85.90054,26.59332],[86.07121,26.69749],[86.39542,26.63053],[86.77654,26.46684],[87.04939,26.60076],[87.16964,26.43708],[87.34931,26.385],[87.5101,26.44452],[87.63219,26.40732],[87.94074,26.46684],[88.09217,26.44452],[88.23191,26.75701],[88.03893,27.12903],[88.07058,27.52337],[88.21384,27.86562],[88.19726,27.87575],[87.90232,27.94746],[87.74962,27.82097],[87.59651,27.87306],[87.21437,27.84329],[87.07066,28.00698],[86.78721,28.13347],[86.60394,28.13347],[86.56805,27.98466],[86.44574,27.94746],[86.13785,28.11859],[86.14224,27.9549],[86.03566,27.91026],[85.97205,28.11859],[85.72919,28.34179],[85.56481,28.31204],[85.14417,28.34179],[85.13805,28.46084],[85.21659,28.63941],[85.06985,28.64685],[84.92028,28.53524],[84.26696,28.93702],[84.29831,29.0635],[84.21854,29.23463],[84.0884,29.30903],[83.76889,29.25695],[83.69781,29.18255],[83.40201,29.53968],[83.19741,29.66616],[83.12976,29.60664],[82.91757,29.70337],[82.59117,29.97122],[82.20094,30.09026],[82.14168,30.36555],[81.65575,30.45483],[81.57261,30.37299],[81.44868,30.40275],[81.38832,30.17211],[81.26399,30.03074],[81.12931,30.05306],[81.0213,30.24651]]]}},{"type":"Feature","id":134,"properties":{"name":"Mauritania","subjecto":"Mauritania","partof":"Mauritania","precision":3},"geometry":{"type":"Polygon","coordinates":[[[-11.9038,14.81446],[-11.75437,14.94248],[-11.74626,15.21588],[-11.665,15.46428],[-11.5515,15.57937],[-11.37064,15.61222],[-11.25321,15.56206],[-10.99767,15.1885],[-10.90158,15.11278],[-10.69746,15.07585],[-10.64931,15.19691],[-10.67405,15.33026],[-10.64713,15.42578],[-10.4062,15.36998],[-10.08528,15.3083],[-9.86689,15.28417],[-9.69288,15.2979],[-9.26754,15.45297],[-8.38879,15.46451],[-5.48312,15.46891],[-5.31252,16.19458],[-5.63813,16.54863],[-5.72167,17.20924],[-5.8127,18.283],[-5.95883,19.52171],[-6.03896,20.30312],[-6.12439,20.96374],[-6.53322,24.54662],[-6.55529,24.89612],[-5.10108,24.93632],[-4.86576,24.9949],[-5.50198,25.40441],[-7.35602,26.49345],[-8.62915,27.17268],[-8.64279,26.38431],[-8.6417,26.09189],[-8.68841,25.91362],[-8.94025,25.91852],[-11.64272,25.92832],[-11.89322,25.89509],[-11.91452,25.6661],[-11.94614,24.64874],[-11.99053,23.47874],[-12.05501,23.42115],[-12.41909,23.29189],[-12.7458,23.15013],[-13.00449,22.95791],[-13.11656,22.7856],[-13.12093,22.46772],[-13.04733,21.7752],[-13.0244,21.27946],[-13.12013,21.29162],[-13.44971,21.27699],[-14.52804,21.28341],[-16.80259,21.30828],[-17.01608,21.31415],[-17.05191,21.0041],[-17.04622,20.83252],[-17.02129,20.74361],[-16.8445,20.94099],[-16.71087,20.89044],[-16.34728,20.52262],[-16.26904,20.36391],[-16.23957,20.12249],[-16.2696,19.68392],[-16.35131,19.4931],[-16.4716,19.36574],[-16.19065,19.02953],[-16.05569,18.67393],[-15.98269,18.1784],[-16.04107,17.66988],[-16.12548,17.30111],[-16.3788,16.71591],[-16.4057,16.48996],[-16.17019,16.67741],[-15.35056,16.76487],[-14.80633,16.81893],[-14.55124,16.80772],[-14.27939,16.72032],[-13.96653,16.46786],[-13.67168,16.32974],[-13.41646,16.30582],[-13.27639,16.23671],[-13.20873,16.15447],[-13.07723,15.85645],[-12.83553,15.50189],[-12.53817,15.23028],[-11.9038,14.81446]]]}},{"type":"Feature","id":135,"properties":{"name":"Sudan","subjecto":"Sudan","partof":"Sudan","precision":3},"geometry":{"type":"Polygon","coordinates":[[[33.99142,4.02668],[34.29665,4.38441],[34.42759,4.53138],[34.72954,4.50775],[35.10372,4.50997],[35.55762,4.56987],[35.76639,4.57747],[35.80223,4.56498],[35.81011,4.62858],[35.82539,4.70494],[35.77265,5.14952],[35.65155,5.28862],[35.46481,5.33201],[35.25726,5.45789],[35.10071,5.64763],[34.94572,5.97721],[34.60752,6.63619],[34.13085,7.1164],[33.76882,7.52736],[33.6185,7.60273],[33.28771,7.65797],[33.07217,7.70753],[33.0298,7.77084],[33.05437,7.98071],[33.13901,8.34349],[33.28345,8.35705],[33.70083,8.30234],[33.83053,8.29675],[34.04176,8.43147],[34.14423,8.95322],[34.12673,9.18827],[34.21675,9.76078],[34.26884,10.18055],[34.3527,10.67675],[34.42621,10.72803],[34.54259,10.76049],[34.73659,10.71716],[34.85989,10.73695],[34.9487,10.82009],[35.01194,11.30346],[35.09791,11.79331],[35.16745,11.94625],[35.47958,12.45649],[35.66581,12.62282],[36.13399,12.77175],[36.22993,13.24893],[36.40929,13.80284],[36.47621,14.229],[36.4767,14.2665],[36.48244,14.57219],[36.44086,14.97864],[36.47193,15.20122],[36.71524,15.78728],[36.82439,16.11199],[36.91522,16.50015],[36.93219,16.70358],[37.02432,16.95194],[37.35265,16.96659],[37.50943,17.04375],[37.61539,17.26677],[37.68425,17.33072],[37.87633,17.38268],[38.10625,17.46028],[38.27231,17.56928],[38.40998,17.82425],[38.53468,17.97112],[38.64174,18.06071],[38.52747,18.16132],[38.30665,18.24978],[38.0286,18.47794],[37.76124,18.64255],[37.47999,18.81987],[37.39818,18.915],[37.25457,19.65173],[37.12777,21.22718],[36.9035,21.72865],[36.80011,21.9149],[32.12813,21.91768],[31.16627,21.91844],[29.91797,21.91752],[28.78687,21.91093],[27.76681,21.92405],[27.01767,21.91968],[26.45949,21.91643],[25.73289,21.92491],[25.32159,21.92252],[24.9529,21.88224],[24.94298,21.431],[24.95791,20.04575],[24.91856,19.96927],[24.21643,19.97787],[23.98247,19.98285],[23.94972,19.47428],[23.94084,19.00396],[23.93394,18.57816],[23.91733,18.29209],[23.95551,17.16748],[23.93839,16.83056],[23.95474,16.37945],[23.96883,15.82664],[23.95094,15.69943],[23.57317,15.70357],[23.01307,15.6812],[22.90978,15.61704],[22.72214,15.05667],[22.4599,14.69288],[22.40485,14.49555],[22.4637,14.19084],[22.39646,14.09511],[22.07357,13.90254],[22.04971,13.79437],[22.20342,13.49656],[22.16432,13.3438],[21.9204,13.07544],[21.77804,12.80131],[21.87672,12.64301],[22.10903,12.68251],[22.26096,12.67705],[22.32437,12.57575],[22.42371,12.0234],[22.48508,11.78861],[22.55533,11.65556],[22.75497,11.47244],[22.8747,11.2634],[22.88672,11.09823],[22.81895,10.90717],[23.42272,10.15443],[23.57852,9.90748],[23.63362,9.66629],[23.44647,9.00418],[23.4509,8.70549],[23.52216,8.61058],[23.88285,8.61907],[24.00546,8.6198],[24.09869,8.56315],[24.21205,8.34137],[24.31209,8.24027],[24.67079,8.03902],[25.03031,7.93309],[25.18813,7.84505],[25.28799,7.72489],[25.22129,7.50839],[25.29912,7.33089],[25.49964,7.17319],[25.7505,7.00308],[26.0732,6.80796],[26.16628,6.73223],[26.25872,6.56754],[26.28531,6.24354],[26.41366,6.04728],[26.57865,5.94656],[26.94539,5.87247],[27.19607,5.65785],[27.26713,5.49939],[27.22949,5.19408],[27.24373,5.16238],[27.30796,5.05471],[27.66537,4.70727],[27.82216,4.48575],[28.05824,4.27105],[28.22319,4.18305],[28.3815,4.19034],[28.49727,4.29908],[28.73578,4.46576],[28.90843,4.46042],[29.2159,4.17624],[29.28813,4.22116],[29.48417,4.48291],[29.59983,4.55352],[29.69308,4.51594],[30.15781,4.09921],[30.73715,3.50521],[30.96059,3.60823],[31.16936,3.6476],[31.3923,3.64258],[31.81607,3.53705],[32.22612,3.55856],[32.62253,3.7071],[33.01849,3.76666],[33.15488,3.72297],[33.29097,3.63481],[33.45644,3.64214],[33.73787,3.78365],[33.99142,4.02668]]]}},{"type":"Feature","id":136,"properties":{"name":"Yemen","subjecto":"Yemen","partof":"Yemen","precision":3},"geometry":{"type":"Polygon","coordinates":[[[53.02095,16.65377],[52.91244,16.79114],[52.69492,17.10118],[52.69754,17.23462],[52.6405,17.34864],[52.2209,17.96244],[51.94877,18.39922],[51.8475,18.68452],[51.80605,18.98288],[51.72985,18.9443],[51.2134,18.7888],[49.81961,18.3232],[47.74172,17.61849],[47.52336,17.51556],[47.50494,17.45827],[47.33267,17.27936],[46.47456,16.25771],[45.55582,15.05775],[44.97011,16.27427],[44.42517,17.37666],[44.22154,17.38181],[43.89968,17.36086],[43.69916,17.41687],[43.39733,17.48498],[43.29986,17.43993],[43.22198,17.35688],[43.17226,17.13421],[43.19075,16.82932],[43.13973,16.57486],[42.82805,16.32148],[42.88388,15.98492],[42.76353,15.66698],[42.79588,15.47008],[43.05326,14.60651],[43.20694,14.07947],[43.34756,13.85104],[43.38398,13.56518],[43.30285,13.24095],[43.34085,13.12667],[43.48365,12.93],[43.56005,12.86028],[43.84059,12.66391],[44.06275,12.61355],[44.44054,12.63978],[44.68107,12.82456],[44.7888,12.80574],[44.96357,12.82517],[45.19342,12.93368],[45.39598,13.0739],[45.51864,13.2076],[45.69248,13.34776],[45.8259,13.40523],[46.07929,13.39942],[46.6012,13.40055],[46.93939,13.49022],[47.36957,13.66905],[47.6623,13.84759],[48.03617,14.04536],[48.27014,14.07763],[48.53675,14.04644],[48.7646,14.09775],[48.96039,14.2189],[49.17318,14.49892],[49.33385,14.6327],[49.71286,14.77329],[50.29112,14.95878],[51.31256,15.24689],[51.95041,15.54053],[52.13517,15.68706],[52.16286,15.87137],[52.23764,16.10026],[52.3566,16.23395],[52.65217,16.48872],[52.89432,16.60995],[53.02095,16.65377]]]}},{"type":"Feature","id":137,"properties":{"name":"Eritrea","subjecto":"Eritrea","partof":"Eritrea","precision":3},"geometry":{"type":"Polygon","coordinates":[[[42.32785,12.35711],[42.35255,12.39543],[42.44864,12.44683],[42.62736,12.3907],[42.77615,12.30897],[43.01445,12.65989],[43.04802,12.70231],[42.63644,13.09338],[42.40844,13.1755],[42.35496,13.2707],[42.36642,13.35968],[42.35708,13.46767],[42.07898,13.86101],[41.76109,13.88575],[41.70526,13.9301],[41.34125,14.34232],[40.73914,14.91924],[40.63053,14.92535],[40.38988,14.90579],[40.21745,15.08332],[40.03721,15.38792],[39.89788,15.50199],[39.85619,15.40024],[39.88854,15.18427],[39.79645,15.08877],[39.51793,15.46305],[39.20794,16.32651],[39.00883,17.05678],[38.68567,18.00281],[38.64174,18.06071],[38.53468,17.97112],[38.40998,17.82425],[38.27231,17.56928],[38.10625,17.46028],[37.87633,17.38268],[37.68425,17.33072],[37.61539,17.26677],[37.50943,17.04375],[37.35265,16.96659],[37.02432,16.95194],[36.93219,16.70358],[36.91522,16.50015],[36.82439,16.11199],[36.71524,15.78728],[36.47193,15.20122],[36.44086,14.97864],[36.48244,14.57219],[36.4767,14.2665],[36.63335,14.28493],[36.81153,14.24929],[36.93625,14.40965],[37.15007,14.44529],[37.34607,14.05329],[37.72025,14.80165],[37.89843,14.65911],[38.00534,14.65911],[38.2548,14.39184],[38.61116,14.42747],[38.80716,14.51656],[38.87843,14.62347],[39.00316,14.42747],[39.21698,14.46311],[39.37734,14.53438],[39.50207,14.44529],[39.60898,14.46311],[39.68025,14.39184],[39.92971,14.42747],[40.3217,14.17802],[40.58898,14.12456],[40.89189,13.82165],[41.01661,13.55438],[41.58679,13.19802],[41.78279,12.7882],[41.99661,12.71693],[42.21043,12.43184],[42.32785,12.35711]]]}},{"type":"Feature","id":138,"properties":{"name":"Senegal","subjecto":"Senegal","partof":"Senegal","precision":3},"geometry":{"type":"Polygon","coordinates":[[[-13.69386,12.62344],[-13.12903,12.61407],[-12.7712,12.46998],[-12.54484,12.37596],[-12.21843,12.33975],[-11.92244,12.37328],[-11.48907,12.41399],[-11.42356,12.39531],[-11.39589,12.45904],[-11.39383,12.71333],[-11.43056,13.08816],[-11.54964,13.24002],[-11.79906,13.38476],[-11.88068,13.47328],[-11.97964,13.68883],[-12.04432,13.98723],[-12.15725,14.4824],[-12.13181,14.63511],[-11.9038,14.81446],[-12.53817,15.23028],[-12.83553,15.50189],[-13.07723,15.85645],[-13.20873,16.15447],[-13.27639,16.23671],[-13.41646,16.30582],[-13.67168,16.32974],[-13.96653,16.46786],[-14.27939,16.72032],[-14.55124,16.80772],[-14.80633,16.81893],[-15.35056,16.76487],[-16.17019,16.67741],[-16.4057,16.48996],[-16.45006,16.11839],[-16.60032,15.74949],[-16.86477,15.29771],[-17.19023,14.9602],[-17.43318,14.80717],[-17.22054,14.72501],[-17.05007,14.58556],[-16.87042,14.36352],[-16.6967,14.07793],[-16.67106,13.91276],[-16.64043,13.84293],[-16.47089,13.72255],[-16.4551,13.57107],[-15.70628,13.57107],[-15.66446,13.70352],[-15.57384,13.75929],[-15.50413,13.7802],[-15.45533,13.7314],[-15.28106,13.80808],[-15.20438,13.7802],[-15.11376,13.79414],[-15.04405,13.74535],[-14.99526,13.64775],[-14.93252,13.59896],[-14.84887,13.65472],[-14.77219,13.64775],[-14.68854,13.59896],[-14.6746,13.51531],[-14.54912,13.43166],[-14.43759,13.45954],[-14.38879,13.50137],[-14.25635,13.54319],[-14.16573,13.55713],[-14.0751,13.52228],[-14.0054,13.42469],[-14.01237,13.36892],[-14.06116,13.31315],[-14.18664,13.31315],[-14.30514,13.26436],[-14.38879,13.21556],[-14.58398,13.21556],[-14.66763,13.29224],[-14.78613,13.34104],[-14.88372,13.32709],[-14.94646,13.34801],[-14.96737,13.3968],[-15.1277,13.4456],[-15.23227,13.50137],[-15.30198,13.57107],[-15.36471,13.5641],[-15.39957,13.52925],[-15.40654,13.41074],[-15.4623,13.36892],[-15.59475,13.34801],[-15.70628,13.37589],[-15.78993,13.34104],[-15.94329,13.33407],[-16.013,13.33407],[-16.013,13.13888],[-16.77557,13.14534],[-16.77635,13.12453],[-16.76821,13.0354],[-16.7255,12.78783],[-16.7721,12.59708],[-16.69579,12.41296],[-16.5706,12.31154],[-16.56661,12.30981],[-16.35843,12.37248],[-15.9899,12.39374],[-15.65673,12.38299],[-15.42724,12.46699],[-15.19988,12.63997],[-14.72944,12.64276],[-13.69386,12.62344]]]}},{"type":"Feature","id":139,"properties":{"name":"Ethiopia","subjecto":"Ethiopia","partof":"Ethiopia","precision":3},"geometry":{"type":"Polygon","coordinates":[[[42.9276,10.89275],[42.67761,10.98024],[42.49755,10.99825],[42.09649,10.88784],[41.87144,10.85473],[41.78025,11.37529],[41.7936,11.55331],[41.84098,11.66797],[42.06058,11.94252],[42.32785,12.35711],[42.21043,12.43184],[41.99661,12.71693],[41.78279,12.7882],[41.58679,13.19802],[41.01661,13.55438],[40.89189,13.82165],[40.58898,14.12456],[40.3217,14.17802],[39.92971,14.42747],[39.68025,14.39184],[39.60898,14.46311],[39.50207,14.44529],[39.37734,14.53438],[39.21698,14.46311],[39.00316,14.42747],[38.87843,14.62347],[38.80716,14.51656],[38.61116,14.42747],[38.2548,14.39184],[38.00534,14.65911],[37.89843,14.65911],[37.72025,14.80165],[37.34607,14.05329],[37.15007,14.44529],[36.93625,14.40965],[36.81153,14.24929],[36.63335,14.28493],[36.4767,14.2665],[36.47621,14.229],[36.40929,13.80284],[36.22993,13.24893],[36.13399,12.77175],[35.66581,12.62282],[35.47958,12.45649],[35.16745,11.94625],[35.09791,11.79331],[35.01194,11.30346],[34.9487,10.82009],[34.85989,10.73695],[34.73659,10.71716],[34.54259,10.76049],[34.42621,10.72803],[34.3527,10.67675],[34.26884,10.18055],[34.21675,9.76078],[34.12673,9.18827],[34.14423,8.95322],[34.04176,8.43147],[33.83053,8.29675],[33.70083,8.30234],[33.28345,8.35705],[33.13901,8.34349],[33.05437,7.98071],[33.0298,7.77084],[33.07217,7.70753],[33.28771,7.65797],[33.6185,7.60273],[33.76882,7.52736],[34.13085,7.1164],[34.60752,6.63619],[34.94572,5.97721],[35.10071,5.64763],[35.25726,5.45789],[35.46481,5.33201],[35.65155,5.28862],[35.77265,5.14952],[35.82539,4.70494],[35.81011,4.62858],[35.80223,4.56498],[35.9458,4.53405],[36.41994,4.46695],[36.75716,4.37998],[37.02916,4.24812],[38.08753,3.56165],[38.23843,3.54348],[38.85645,3.4836],[39.15785,3.3964],[39.53868,3.35418],[39.61096,3.40545],[39.93028,3.74421],[40.04624,3.83388],[40.34994,3.98823],[40.73295,4.14939],[40.85474,4.10563],[41.06168,3.95432],[41.26941,3.87294],[41.76522,3.82504],[41.96917,4.05506],[42.10638,4.10037],[42.65354,4.13539],[42.80524,4.18714],[42.93729,4.3786],[43.16353,4.60239],[43.33769,4.69875],[43.59109,4.7956],[43.87239,4.8354],[44.63483,4.81451],[44.99468,4.81664],[45.36069,5.22558],[46.06331,5.98606],[47.90248,7.87817],[47.796,7.94745],[46.95214,7.92973],[46.30109,8.14194],[44.38402,8.79151],[44.14105,8.8854],[43.85603,9.02988],[43.58801,9.27613],[43.25808,9.63642],[42.99395,10.01617],[42.80173,10.34549],[42.76412,10.52956],[42.9276,10.89275]]]}},{"type":"Feature","id":140,"properties":{"name":"Gambia, The","subjecto":"Gambia, The","partof":"Gambia, The","precision":3},"geometry":{"type":"Polygon","coordinates":[[[-16.4551,13.57107],[-16.45235,13.54465],[-16.49428,13.47466],[-16.68941,13.44881],[-16.76712,13.35968],[-16.77557,13.14534],[-16.013,13.13888],[-16.013,13.33407],[-15.94329,13.33407],[-15.78993,13.34104],[-15.70628,13.37589],[-15.59475,13.34801],[-15.4623,13.36892],[-15.40654,13.41074],[-15.39957,13.52925],[-15.36471,13.5641],[-15.30198,13.57107],[-15.23227,13.50137],[-15.1277,13.4456],[-14.96737,13.3968],[-14.94646,13.34801],[-14.88372,13.32709],[-14.78613,13.34104],[-14.66763,13.29224],[-14.58398,13.21556],[-14.38879,13.21556],[-14.30514,13.26436],[-14.18664,13.31315],[-14.06116,13.31315],[-14.01237,13.36892],[-14.0054,13.42469],[-14.0751,13.52228],[-14.16573,13.55713],[-14.25635,13.54319],[-14.38879,13.50137],[-14.43759,13.45954],[-14.54912,13.43166],[-14.6746,13.51531],[-14.68854,13.59896],[-14.77219,13.64775],[-14.84887,13.65472],[-14.93252,13.59896],[-14.99526,13.64775],[-15.04405,13.74535],[-15.11376,13.79414],[-15.20438,13.7802],[-15.28106,13.80808],[-15.45533,13.7314],[-15.50413,13.7802],[-15.57384,13.75929],[-15.66446,13.70352],[-15.70628,13.57107],[-16.4551,13.57107]]]}},{"type":"Feature","id":141,"properties":{"name":"Djibouti","subjecto":"Djibouti","partof":"Djibouti","precision":3},"geometry":{"type":"Polygon","coordinates":[[[42.9276,10.89275],[43.08076,11.14786],[43.24713,11.35855],[43.29848,11.47555],[43.10357,11.53131],[42.95915,11.53736],[42.66877,11.51131],[42.55533,11.56825],[42.80996,11.77849],[43.06185,11.91882],[43.25914,11.96372],[43.42193,12.04667],[43.47482,12.09762],[43.45868,12.22466],[43.33048,12.43407],[43.04802,12.70231],[43.01445,12.65989],[42.77615,12.30897],[42.62736,12.3907],[42.44864,12.44683],[42.35255,12.39543],[42.32785,12.35711],[42.06058,11.94252],[41.84098,11.66797],[41.7936,11.55331],[41.78025,11.37529],[41.87144,10.85473],[42.09649,10.88784],[42.49755,10.99825],[42.67761,10.98024],[42.9276,10.89275]]]}},{"type":"Feature","id":142,"properties":{"name":"Guinea-Bissau","subjecto":"Guinea-Bissau","partof":"Guinea-Bissau","precision":3},"geometry":{"type":"Polygon","coordinates":[[[-16.56661,12.30981],[-16.42453,12.24831],[-16.27899,12.2105],[-16.24787,12.10253],[-16.08602,11.96943],[-15.8086,11.84292],[-15.73625,11.84309],[-15.54958,11.91975],[-15.32539,11.92658],[-15.15803,11.8761],[-15.09897,11.81268],[-15.21297,11.71712],[-15.36126,11.5198],[-15.41578,11.33539],[-15.34142,11.22115],[-15.11615,11.1581],[-15.0294,11.15829],[-15.0083,11.10174],[-14.86387,11.26885],[-14.50886,11.55701],[-14.33719,11.64067],[-14.15658,11.64809],[-13.92549,11.66218],[-13.77547,11.7457],[-13.69176,11.88606],[-13.74366,12.26716],[-13.69386,12.62344],[-14.72944,12.64276],[-15.19988,12.63997],[-15.42724,12.46699],[-15.65673,12.38299],[-15.9899,12.39374],[-16.35843,12.37248],[-16.56661,12.30981]]]}},{"type":"Feature","id":143,"properties":{"name":"Guinea","subjecto":"Guinea","partof":"Guinea","precision":3},"geometry":{"type":"Polygon","coordinates":[[[-7.90747,10.12132],[-8.15905,10.52666],[-8.24644,11.04104],[-8.40334,11.3643],[-8.6165,11.57916],[-8.73556,11.78188],[-8.85764,12.15621],[-8.8675,12.30871],[-8.97825,12.43519],[-9.12342,12.45977],[-9.43117,12.26723],[-9.566,12.12023],[-9.75937,12.01102],[-10.0138,12.07945],[-10.17423,12.14841],[-10.32639,12.16024],[-10.53992,11.97463],[-10.65349,11.85953],[-10.89445,11.97888],[-11.29142,12.30074],[-11.37266,12.38289],[-11.42356,12.39531],[-11.48907,12.41399],[-11.92244,12.37328],[-12.21843,12.33975],[-12.54484,12.37596],[-12.7712,12.46998],[-13.12903,12.61407],[-13.69386,12.62344],[-13.74366,12.26716],[-13.69176,11.88606],[-13.77547,11.7457],[-13.92549,11.66218],[-14.15658,11.64809],[-14.33719,11.64067],[-14.50886,11.55701],[-14.86387,11.26885],[-15.0083,11.10174],[-14.99149,11.05669],[-15.01801,10.91682],[-14.96622,10.84703],[-14.82092,10.80286],[-14.57486,10.78433],[-14.5509,10.64457],[-14.59138,10.46655],[-14.46644,10.33337],[-14.058,10.08005],[-13.68005,9.91565],[-13.62555,9.62344],[-13.28167,9.27468],[-13.14141,9.02715],[-13.16425,8.85077],[-12.67468,9.40654],[-12.38555,9.79602],[-12.2785,9.86658],[-12.0111,9.8491],[-11.49969,9.91569],[-11.29004,9.89786],[-11.10067,9.79728],[-10.89548,9.60779],[-10.68173,9.32936],[-10.56814,8.98678],[-10.49386,8.37063],[-10.37703,8.07561],[-10.29008,8.2447],[-10.17632,8.35343],[-10.01142,8.41798],[-9.77375,8.43846],[-9.62169,8.39486],[-9.54722,8.23004],[-9.44813,7.84922],[-9.4441,7.55684],[-9.46398,7.42959],[-9.3395,7.28413],[-9.15742,7.13901],[-9.01316,7.12716],[-8.67276,7.54235],[-8.6084,7.58088],[-8.45648,7.53728],[-8.30383,7.43649],[-8.28279,7.48111],[-8.01213,7.73061],[-7.9277,7.89003],[-8.00823,7.98491],[-8.14125,8.23203],[-8.12759,8.28932],[-8.05667,8.37873],[-7.91985,8.39225],[-7.67336,8.29201],[-7.53629,8.28647],[-7.45058,8.35055],[-7.47353,8.45211],[-7.76532,8.70465],[-7.90448,8.86273],[-7.75521,9.0289],[-7.69921,9.15636],[-7.78769,9.29567],[-8.1005,9.47816],[-8.1969,9.66193],[-8.07815,9.94233],[-7.90747,10.12132]]]}},{"type":"Feature","id":144,"properties":{"name":"Venezuela","subjecto":"Venezuela","partof":"Venezuela","precision":3},"geometry":{"type":"Polygon","coordinates":[[[-60.55302,5.00911],[-60.77948,5.3002],[-61.10882,5.6352],[-61.25475,5.86956],[-61.22255,5.96511],[-61.04511,6.20776],[-61.0487,6.46841],[-61.02131,6.67202],[-60.55674,6.75742],[-60.37223,6.82209],[-60.23395,6.95643],[-60.29713,7.08322],[-60.57591,7.35494],[-60.60906,7.45011],[-60.5639,7.56483],[-59.81891,8.12239],[-59.79181,8.30692],[-59.8344,8.44018],[-60.2125,8.5633],[-60.53887,8.60073],[-60.95673,8.58712],[-61.10531,8.52324],[-61.27064,8.51017],[-61.5396,8.55408],[-61.7647,8.58281],[-61.28993,8.77069],[-61.1937,8.87259],[-61.12109,9.16509],[-60.79272,9.38823],[-61.00146,9.52124],[-61.41473,9.69829],[-61.53087,9.85058],[-61.69927,9.8947],[-61.91655,9.90693],[-62.10326,10.02093],[-62.18643,9.95719],[-62.2969,9.72182],[-62.38455,10.01396],[-62.65851,10.25488],[-62.92532,10.3687],[-62.95194,10.45126],[-62.91433,10.54667],[-62.71964,10.55345],[-62.33555,10.53521],[-62.20323,10.61812],[-62.17819,10.68172],[-62.28967,10.73233],[-62.70314,10.75686],[-63.22149,10.72397],[-63.65311,10.69126],[-63.85663,10.70989],[-64.06826,10.62681],[-64.53736,10.26354],[-64.71182,10.16148],[-64.88366,10.13568],[-65.37594,10.15369],[-65.59649,10.21676],[-65.85632,10.3306],[-65.97667,10.40662],[-66.15651,10.62231],[-66.47812,10.67881],[-66.83779,10.65261],[-67.10348,10.62663],[-67.52092,10.6003],[-67.97961,10.54212],[-68.14106,10.5799],[-68.30246,10.72572],[-68.37241,11.01157],[-68.54912,11.26541],[-68.6946,11.3795],[-68.9613,11.4679],[-69.16608,11.49925],[-69.48075,11.5494],[-69.62888,11.54056],[-69.74291,11.65665],[-69.74466,11.74557],[-69.77519,11.78599],[-69.78696,11.87288],[-69.78634,11.93957],[-69.86998,12.01233],[-69.93297,12.17804],[-69.97353,12.2284],[-70.13849,12.20897],[-70.29027,12.11332],[-70.33928,11.99881],[-70.19743,11.75124],[-70.09457,11.74557],[-70.02431,11.75798],[-69.92283,11.79003],[-69.86524,11.75769],[-69.84794,11.70919],[-69.79155,11.69303],[-69.74784,11.53346],[-69.81202,11.52963],[-70.12243,11.49094],[-70.16137,11.38989],[-70.61013,11.26733],[-71.09842,11.12009],[-71.54816,10.94934],[-71.45635,10.88467],[-71.49932,10.7715],[-71.60672,10.72704],[-71.49556,10.64621],[-71.44251,10.46837],[-71.38125,10.40767],[-71.18395,10.04583],[-71.08939,9.91892],[-71.01439,9.62674],[-71.04417,9.39153],[-71.09832,9.32786],[-71.28672,9.21305],[-71.3694,9.14296],[-71.60472,9.09161],[-71.75802,9.25017],[-71.87055,9.57405],[-72.00002,9.68817],[-72.11403,9.90401],[-72.05224,10.06938],[-71.8959,10.44008],[-71.7487,10.6039],[-71.68795,10.76927],[-71.75705,11.0297],[-71.73761,11.09484],[-71.83819,11.15143],[-71.90224,11.33445],[-71.98787,11.60756],[-71.92282,11.70304],[-71.59362,11.84358],[-71.18875,11.9116],[-71.2464,11.95882],[-71.62433,11.88171],[-71.86471,11.81153],[-72.05103,11.72181],[-72.07629,11.59213],[-72.05463,11.36869],[-72.11262,11.19055],[-72.21476,11.20267],[-72.38615,11.17621],[-72.83174,10.38506],[-72.90929,10.0603],[-73.01744,9.73536],[-73.33677,9.19935],[-73.15567,9.18771],[-73.05026,9.23285],[-72.87755,9.24023],[-72.73805,8.96765],[-72.35315,8.31502],[-72.30694,8.13727],[-72.40851,7.628],[-72.36397,7.46931],[-72.18366,7.3305],[-71.99074,7.08369],[-71.81208,6.97031],[-71.58912,6.978],[-71.0659,7.03196],[-70.54107,7.05416],[-70.30647,6.9729],[-70.01841,6.82837],[-69.93365,6.71444],[-69.55247,6.26529],[-69.30317,6.0061],[-69.23838,6.00649],[-69.00336,6.06511],[-68.6612,6.14343],[-67.76555,6.24412],[-67.47587,6.20769],[-67.65995,5.97136],[-67.69846,5.51973],[-67.86905,5.28984],[-67.9352,5.14323],[-67.9235,5.02886],[-67.9076,4.83186],[-67.88586,4.66669],[-67.81291,4.30473],[-67.61182,3.9499],[-67.49656,3.75351],[-67.27765,3.46236],[-67.22302,3.33554],[-67.55208,3.06022],[-67.76775,2.82372],[-67.53851,2.60258],[-67.17973,2.07072],[-67.11326,1.99483],[-67.05134,1.79814],[-66.97886,1.4108],[-66.93929,1.20762],[-66.84983,1.01109],[-66.65539,0.98682],[-66.3428,0.74077],[-66.12587,0.64035],[-65.93944,0.67325],[-65.5989,0.98675],[-65.56173,0.90434],[-65.47801,0.55522],[-65.35592,0.5623],[-65.06569,0.89458],[-64.73247,1.18897],[-64.48313,1.31758],[-64.18984,1.39562],[-64.08378,1.4916],[-63.96754,1.79107],[-63.87599,1.8806],[-63.58257,1.93956],[-63.3265,2.06187],[-63.20712,2.18337],[-63.27455,2.29739],[-63.47004,2.35344],[-63.90196,2.37629],[-63.97659,2.48392],[-64.012,2.73164],[-64.14781,3.41742],[-64.32378,3.72788],[-64.60116,4.03775],[-64.58272,4.12051],[-64.51128,4.13364],[-64.37246,4.07726],[-63.96918,3.86986],[-63.79591,3.85181],[-63.2786,3.86761],[-63.12399,3.76681],[-62.84128,3.48876],[-62.68477,3.54056],[-62.58003,4.04342],[-62.45244,4.09503],[-62.24296,4.07084],[-61.99239,4.10412],[-61.62937,4.20801],[-60.84637,4.61319],[-60.57992,4.78643],[-60.50682,4.93309],[-60.55302,5.00911]]]}},{"type":"Feature","id":145,"properties":{"name":"Somalia","subjecto":"Somalia","partof":"Somalia","precision":3},"geometry":{"type":"Polygon","coordinates":[[[41.60989,-1.87674],[41.6522,-1.75245],[41.60732,-1.59368],[41.88418,-1.21816],[42.44007,-0.51158],[42.94123,0.01059],[43.72431,0.80025],[44.3007,1.29081],[44.56747,1.46295],[45.54126,1.96707],[46.3605,2.66783],[47.38399,3.79478],[47.55638,3.99256],[48.0782,4.66682],[48.47158,5.20143],[48.79181,5.70411],[48.94952,5.99039],[49.04607,6.41634],[49.42105,6.98903],[49.82292,7.69521],[49.77715,7.85397],[49.83185,7.99388],[50.21083,8.35053],[50.77938,9.36842],[50.85271,9.59732],[50.87398,9.97226],[50.88676,10.27728],[51.05567,10.50639],[51.12976,10.70988],[51.07025,10.98932],[51.06053,11.24346],[51.24702,11.65686],[51.18071,11.77745],[51.14483,11.78372],[50.96875,11.87865],[50.69729,11.94796],[50.48607,11.77595],[50.08087,11.47644],[49.64723,11.32937],[49.3035,11.24603],[48.97027,11.2326],[48.66335,11.32089],[48.53374,11.33333],[47.99616,11.11613],[47.80732,11.09667],[47.59234,11.14067],[47.39071,11.15931],[47.27976,11.10188],[46.92916,10.84696],[46.67734,10.70028],[46.43031,10.66798],[46.08828,10.78797],[45.90937,10.83206],[45.64632,10.7616],[45.27016,10.57016],[45.01258,10.44888],[44.84515,10.41675],[44.6361,10.42901],[44.44821,10.42861],[44.28084,10.39647],[44.16155,10.49152],[44.05242,10.66285],[43.78858,10.94186],[43.36809,11.45563],[43.29848,11.47555],[43.24713,11.35855],[43.08076,11.14786],[42.9276,10.89275],[42.76412,10.52956],[42.80173,10.34549],[42.99395,10.01617],[43.25808,9.63642],[43.58801,9.27613],[43.85603,9.02988],[44.14105,8.8854],[44.38402,8.79151],[46.30109,8.14194],[46.95214,7.92973],[47.796,7.94745],[47.90248,7.87817],[46.06331,5.98606],[45.36069,5.22558],[44.99468,4.81664],[44.63483,4.81451],[43.87239,4.8354],[43.59109,4.7956],[43.33769,4.69875],[43.16353,4.60239],[42.93729,4.3786],[42.80524,4.18714],[42.65354,4.13539],[42.10638,4.10037],[41.96917,4.05506],[41.76522,3.82504],[41.02314,2.71471],[41.02211,2.4859],[41.02069,1.93926],[41.01332,1.55785],[41.01464,0.90317],[41.03392,-0.01697],[41.0474,-0.6603],[41.05956,-1.07975],[41.60989,-1.87674]]]}},{"type":"Feature","id":146,"properties":{"name":"Trinidad","subjecto":"Trinidad","partof":"Trinidad","precision":3},"geometry":{"type":"Polygon","coordinates":[[[-61.11425,10.82168],[-61.224,10.82465],[-61.35835,10.79431],[-61.40602,10.77698],[-61.57938,10.78564],[-61.63138,10.74664],[-61.80908,10.72497],[-61.86108,10.68163],[-61.7354,10.65996],[-61.69206,10.59928],[-61.66172,10.54294],[-61.67472,10.4606],[-61.69639,10.40426],[-61.65305,10.27858],[-61.71373,10.21357],[-61.78307,10.2179],[-61.83074,10.22657],[-61.83941,10.18756],[-61.93909,10.12689],[-62.0301,10.11389],[-62.04744,10.08355],[-62.03877,10.05755],[-61.87842,10.05755],[-61.83941,10.03588],[-61.75273,10.05321],[-61.53604,10.03588],[-61.47103,10.05321],[-61.41036,10.04888],[-61.20666,10.11822],[-61.18932,10.30891],[-61.24566,10.47794],[-61.21966,10.51694],[-61.237,10.62962],[-61.224,10.6903],[-61.17199,10.72064],[-61.11425,10.82168]]]}},{"type":"Feature","id":147,"properties":{"name":"Brunei","subjecto":"Brunei","partof":"Brunei","precision":3},"geometry":{"type":"Polygon","coordinates":[[[114.07373,4.45502],[114.11158,4.39825],[114.13935,4.23162],[114.24488,4.23718],[114.29486,4.12054],[114.43373,3.99834],[114.60591,4.12054],[115.16134,4.30939],[115.15023,4.34827],[115.06137,4.43713],[115.06692,4.54822],[115.07803,4.59821],[115.01137,4.79816],[114.96151,4.87652],[114.87785,4.85582],[114.82273,4.89517],[114.85398,5.01587],[114.74521,4.98438],[114.45026,4.56262],[114.16662,4.51117],[114.07373,4.45502]]]}},{"type":"Feature","id":148,"properties":{"name":"Kenya","subjecto":"Kenya","partof":"Kenya","precision":3},"geometry":{"type":"Polygon","coordinates":[[[41.60989,-1.87674],[41.05956,-1.07975],[41.0474,-0.6603],[41.03392,-0.01697],[41.01464,0.90317],[41.01332,1.55785],[41.02069,1.93926],[41.02211,2.4859],[41.02314,2.71471],[41.76522,3.82504],[41.26941,3.87294],[41.06168,3.95432],[40.85474,4.10563],[40.73295,4.14939],[40.34994,3.98823],[40.04624,3.83388],[39.93028,3.74421],[39.61096,3.40545],[39.53868,3.35418],[39.15785,3.3964],[38.85645,3.4836],[38.23843,3.54348],[38.08753,3.56165],[37.02916,4.24812],[36.75716,4.37998],[36.41994,4.46695],[35.9458,4.53405],[35.80223,4.56498],[35.76639,4.57747],[35.55762,4.56987],[35.10372,4.50997],[34.72954,4.50775],[34.42759,4.53138],[34.29665,4.38441],[33.99142,4.02668],[34.12641,3.80503],[34.34079,3.59656],[34.39768,3.4952],[34.41005,3.10756],[34.48828,2.89829],[34.81768,2.41719],[34.91808,2.25888],[35.01851,1.98617],[35.0402,1.68756],[34.97588,1.43293],[34.78266,1.12033],[34.56795,0.88387],[34.12453,0.46171],[33.82933,0.08575],[33.78191,-0.01697],[33.26721,-1.13211],[33.91917,-1.11734],[36.01729,-2.27305],[37.61619,-3.1662],[37.67745,-3.33748],[37.62555,-3.5857],[37.65682,-3.6936],[38.74885,-4.48173],[39.22912,-4.84489],[39.26727,-4.77616],[39.41737,-4.73135],[39.52981,-4.61672],[39.6814,-4.32407],[39.64013,-4.08267],[40.07403,-3.47167],[40.23442,-3.19171],[40.2317,-3.03283],[40.27134,-2.81669],[40.4485,-2.64473],[40.74981,-2.59323],[40.87686,-2.42773],[40.91537,-2.07814],[41.08861,-2.1286],[41.33932,-2.0518],[41.60989,-1.87674]]]}},{"type":"Feature","id":149,"properties":{"name":"Uganda","subjecto":"Uganda","partof":"Uganda","precision":3},"geometry":{"type":"Polygon","coordinates":[[[29.52845,-1.43446],[29.55747,-1.45335],[29.80311,-1.55359],[29.99693,-1.53337],[30.20291,-1.34144],[30.45229,-1.16198],[30.59596,-1.15476],[31.17068,-1.13227],[33.26721,-1.13211],[33.78191,-0.01697],[33.82933,0.08575],[34.12453,0.46171],[34.56795,0.88387],[34.78266,1.12033],[34.97588,1.43293],[35.0402,1.68756],[35.01851,1.98617],[34.91808,2.25888],[34.81768,2.41719],[34.48828,2.89829],[34.41005,3.10756],[34.39768,3.4952],[34.34079,3.59656],[34.12641,3.80503],[33.99142,4.02668],[33.73787,3.78365],[33.45644,3.64214],[33.29097,3.63481],[33.15488,3.72297],[33.01849,3.76666],[32.62253,3.7071],[32.22612,3.55856],[31.81607,3.53705],[31.3923,3.64258],[31.16936,3.6476],[30.96059,3.60823],[30.73715,3.50521],[30.76586,3.49267],[30.83742,3.41046],[30.82947,3.21974],[30.71266,2.37369],[30.77014,2.25962],[30.8564,2.24743],[31.07207,2.22963],[31.19425,2.14773],[31.24464,2.0082],[31.15857,1.80429],[30.62056,1.32438],[30.06174,0.87611],[29.94738,0.7483],[29.76945,0.44214],[29.67208,-0.01697],[29.62366,-0.24521],[29.63327,-0.51214],[29.6222,-0.84274],[29.64754,-1.17949],[29.61305,-1.30047],[29.52845,-1.43446]]]}},{"type":"Feature","id":150,"properties":{"name":"Indonesia","subjecto":"Indonesia","partof":"Indonesia","precision":3},"geometry":{"type":"MultiPolygon","coordinates":[[[[140.86978,-2.79475],[140.28515,-2.6128],[139.59199,-2.37916],[138.63426,-1.95545],[137.85432,-1.61396],[137.7039,-1.63335],[137.20883,-1.90768],[137.1107,-1.98416],[137.1044,-2.21295],[137.08424,-2.25114],[136.9141,-2.31504],[136.42883,-2.41143],[136.27088,-2.41812],[135.73425,-3.25182],[135.50758,-3.44933],[135.24644,-3.53887],[135.08674,-3.51379],[134.95439,-3.46324],[134.8491,-3.38085],[134.77307,-3.30474],[134.63401,-2.82205],[134.59516,-2.75857],[134.55696,-2.70781],[134.45541,-3.00038],[134.36636,-2.94338],[134.28306,-2.85459],[134.18631,-2.61965],[134.1343,-2.40368],[134.0828,-2.18137],[133.98336,-2.01],[134.01385,-1.83835],[134.14099,-1.50126],[134.07917,-1.32346],[133.90731,-1.00608],[133.49627,-0.93707],[133.26498,-0.86132],[132.5924,-0.57045],[132.4123,-0.53907],[132.25401,-0.5267],[132.05418,-0.65424],[131.83364,-0.82628],[131.41967,-1.01148],[131.21142,-1.02464],[131.20951,-1.29154],[131.18339,-1.40598],[131.06443,-1.5397],[131.62677,-1.59567],[131.81559,-1.66517],[131.90626,-1.81749],[131.9734,-2.11604],[132.03404,-2.20487],[132.21896,-2.34428],[132.68067,-2.38141],[133.02511,-2.3616],[133.3207,-2.38003],[133.59275,-2.34766],[133.7476,-2.25836],[133.85501,-2.24541],[133.8836,-2.42965],[133.84303,-2.66488],[133.78079,-2.72221],[133.32135,-2.74227],[133.18667,-2.62181],[133.12084,-2.59653],[132.88432,-2.78135],[132.71871,-2.93424],[132.64738,-2.9471],[132.37629,-2.83965],[132.20195,-2.8019],[132.0158,-2.82136],[131.99888,-2.92308],[132.02496,-3.01836],[132.17724,-3.04345],[132.49539,-3.2207],[132.74932,-3.3981],[132.82719,-3.50597],[132.89564,-3.69649],[132.72296,-3.81762],[132.71282,-3.88755],[132.86177,-4.19229],[132.93162,-4.2684],[133.2449,-4.10884],[133.39547,-3.98776],[133.50827,-3.71423],[133.56321,-3.4154],[133.66883,-3.23723],[133.75253,-3.1862],[133.82254,-3.28773],[133.76272,-3.51031],[133.85701,-3.77067],[134.04063,-3.94823],[134.22615,-4.0368],[134.40089,-4.0682],[134.67865,-4.02312],[134.76579,-4.03563],[134.80969,-4.15629],[134.7768,-4.3089],[135.06051,-4.45446],[135.37776,-4.56181],[135.65356,-4.59299],[136.22064,-4.76337],[137.11291,-5.03474],[137.38517,-5.12313],[137.59532,-5.24977],[137.82359,-5.42724],[138.29747,-6.18888],[138.4214,-6.48098],[138.55056,-6.6523],[138.81806,-6.83604],[139.02827,-7.01991],[138.9678,-7.07088],[138.86135,-7.09018],[138.66239,-7.03976],[138.64956,-7.14149],[138.90396,-7.4905],[139.15614,-7.72512],[139.15364,-7.85224],[138.95799,-8.14504],[138.91702,-8.31674],[139.11238,-8.32267],[139.44508,-8.25839],[139.79406,-8.21315],[139.97686,-8.23817],[140.29898,-8.64427],[140.71603,-9.04379],[140.94761,-9.27386],[140.96185,-7.72736],[140.94108,-7.36498],[140.74734,-6.74924],[140.94549,-6.37922],[140.86978,-2.79475]]],[[[130.78384,-3.87901],[130.80581,-3.76457],[130.72525,-3.4851],[130.59347,-3.30744],[130.36871,-3.12998],[129.98289,-3.03549],[129.74282,-2.97881],[129.55612,-2.98557],[129.31138,-3.13228],[129.16783,-3.13894],[128.9094,-2.99968],[128.41224,-2.98169],[128.2888,-2.95654],[128.15272,-2.96955],[128.0418,-3.05876],[128.1524,-3.26188],[128.2924,-3.46495],[128.37597,-3.54739],[128.52261,-3.46446],[128.65295,-3.34343],[128.91456,-3.25388],[129.03065,-3.41251],[129.48666,-3.59583],[129.57946,-3.58292],[129.56848,-3.37957],[129.59494,-3.33503],[129.78131,-3.32191],[129.9141,-3.38518],[130.29705,-3.6767],[130.60928,-3.84761],[130.78384,-3.87901]]],[[[126.66047,-3.87523],[127.05604,-3.74726],[127.11219,-3.72173],[127.14247,-3.61997],[127.09376,-3.51839],[126.95238,-3.42972],[126.83734,-3.29015],[126.72659,-3.23319],[126.38227,-3.25301],[126.11113,-3.29808],[126.04566,-3.42533],[126.15001,-3.62848],[126.47195,-3.85022],[126.66047,-3.87523]]],[[[138.17585,-8.55351],[138.29721,-8.54053],[138.58381,-8.22847],[138.699,-8.15195],[138.84481,-7.86562],[138.89476,-7.78289],[138.80545,-7.67504],[138.56802,-7.523],[138.37631,-7.5552],[138.19267,-7.67635],[137.94113,-7.9947],[137.6759,-8.45925],[138.17585,-8.55351]]],[[[122.94861,-8.3771],[122.94306,-8.24065],[122.86321,-8.14094],[122.76437,-8.09895],[122.69244,-8.0937],[122.6402,-8.18292],[122.72279,-8.17242],[122.75696,-8.22491],[122.715,-8.29313],[122.53314,-8.39809],[122.34358,-8.48206],[122.37598,-8.58177],[122.16589,-8.63425],[121.9798,-8.55028],[121.78685,-8.58254],[121.57821,-8.58935],[121.43145,-8.72314],[121.27935,-8.71711],[121.07881,-8.57135],[120.56501,-8.38815],[120.32754,-8.39502],[120.02511,-8.48466],[119.85253,-8.57401],[119.8404,-8.68208],[119.93528,-8.93611],[120.07785,-8.91674],[120.54856,-8.93479],[120.80925,-9.0232],[120.9709,-9.05463],[121.10566,-9.02892],[121.27553,-8.91415],[121.46781,-8.96458],[121.69441,-8.99587],[121.89853,-8.84942],[122.0507,-8.86798],[122.31264,-8.74446],[122.71122,-8.59752],[122.69619,-8.49256],[122.94861,-8.3771]]],[[[117.93772,-8.54001],[118.0559,-8.60801],[118.03314,-8.69198],[117.90241,-8.69723],[117.81717,-8.81356],[117.6851,-8.78843],[117.55416,-8.73921],[117.51381,-8.61326],[117.33397,-8.56673],[117.05933,-8.56098],[116.95838,-8.52929],[116.8534,-8.59955],[116.74955,-8.65063],[116.66269,-8.70248],[116.69892,-8.81598],[116.63447,-8.93339],[116.66316,-9.05934],[116.75419,-9.11458],[116.80034,-9.14626],[116.97642,-9.17766],[117.1159,-9.12232],[117.27663,-9.14524],[117.55728,-9.05565],[117.84085,-8.95438],[117.97386,-8.97538],[118.0772,-8.85992],[118.216,-8.73921],[118.25399,-8.76545],[118.21066,-8.88616],[118.27464,-8.92698],[118.65803,-8.85624],[118.62547,-8.78645],[118.68882,-8.76021],[118.8282,-8.78645],[118.97055,-8.88099],[118.98203,-8.70248],[118.95417,-8.65525],[118.87261,-8.67146],[118.86329,-8.48081],[118.76083,-8.37934],[118.61766,-8.39235],[118.54416,-8.52929],[118.462,-8.59608],[118.46731,-8.39284],[118.41999,-8.32462],[118.26714,-8.27739],[118.13015,-8.34257],[118.0483,-8.29838],[118.02465,-8.20297],[117.94794,-8.16193],[117.80622,-8.17801],[117.69099,-8.26724],[117.67736,-8.36261],[117.70542,-8.43882],[117.79684,-8.49582],[117.93772,-8.54001]]],[[[115.07236,-8.78136],[115.2437,-8.59031],[115.34816,-8.5456],[115.50045,-8.46901],[115.0844,-8.23473],[114.87628,-8.24791],[114.64504,-8.33102],[114.45751,-8.33143],[114.51071,-8.45207],[114.89563,-8.65463],[115.07236,-8.78136]]],[[[103.7136,-0.01697],[103.72216,0.01518],[103.46308,0.28786],[103.24049,0.45896],[103.04659,0.52844],[102.70161,0.56582],[102.47178,0.62251],[102.27829,0.74283],[102.13589,0.93951],[102.0098,1.26966],[101.86814,1.43457],[101.67528,1.52311],[101.47431,1.54809],[101.27575,1.71924],[101.05976,2.08097],[100.83172,2.17578],[100.80061,2.06769],[100.85606,1.96614],[100.85432,1.87718],[100.73194,1.87056],[100.45648,2.11778],[100.12142,2.5428],[99.86316,2.56764],[99.87223,2.63756],[99.85836,2.90441],[99.79595,2.98053],[99.49127,3.12601],[98.96241,3.43621],[98.62529,3.65788],[98.1455,4.06985],[98.19937,4.31142],[98.17379,4.38126],[97.94281,4.52055],[97.52933,5.04067],[97.38407,5.18014],[97.20378,5.1734],[96.99945,5.10942],[96.75271,5.06441],[96.60203,5.07679],[96.18734,5.14579],[96.02468,5.21532],[95.74045,5.46888],[95.62773,5.52582],[95.46405,5.56994],[95.28316,5.55049],[95.21608,5.4995],[95.19055,5.41049],[95.20507,5.24532],[95.30815,4.95962],[95.56092,4.53446],[95.82762,4.22369],[96.11843,3.95109],[96.39438,3.64669],[96.72036,3.70459],[96.88596,3.51433],[97.25449,3.14023],[97.42768,2.92456],[97.5087,2.74047],[97.5433,2.41012],[97.59715,2.25138],[97.73999,2.20721],[97.9825,2.11243],[98.30258,1.9352],[98.60055,1.70709],[98.67103,1.61828],[98.71933,1.47859],[98.68911,1.37049],[98.99888,0.5578],[99.11331,0.22125],[99.40105,0.08842],[99.69655,-0.15241],[99.972,-0.50132],[100.27201,-0.97092],[100.6503,-1.631],[100.79625,-2.0247],[100.77876,-2.17724],[100.81208,-2.33605],[101.34546,-3.01489],[101.65957,-3.31925],[102.11067,-3.60425],[102.19676,-3.7566],[102.28652,-3.97884],[102.46223,-4.18182],[103.06859,-4.61268],[103.52346,-4.99937],[103.8725,-5.3418],[104.47689,-5.98238],[104.56848,-6.07117],[104.64216,-5.97567],[104.46469,-5.63922],[104.5634,-5.60087],[105.03279,-5.8795],[105.06914,-5.75867],[105.18672,-5.54233],[105.30404,-5.58021],[105.47567,-5.81499],[105.64069,-5.92903],[105.68928,-5.89714],[105.72847,-5.82714],[105.7956,-5.35035],[105.79637,-5.22959],[105.78709,-4.93091],[105.79668,-4.73388],[105.69316,-4.30829],[105.71109,-4.10488],[105.94282,-3.21466],[105.62867,-2.91028],[105.56393,-2.71341],[105.4449,-2.59928],[105.36515,-2.58039],[104.99461,-2.4668],[104.67776,-2.67084],[104.60981,-2.57567],[104.81259,-2.1558],[104.56755,-2.13727],[104.47248,-2.08028],[104.35243,-1.88989],[104.35519,-1.70559],[104.29766,-1.36255],[104.22989,-1.19112],[104.1212,-1.14052],[103.74693,-1.11591],[103.38419,-0.89427],[103.31132,-0.81818],[103.23762,-0.65947],[103.40866,-0.50022],[103.50074,-0.31574],[103.68663,-0.11834],[103.7136,-0.01697]]],[[[127.63066,-0.01697],[127.63526,-0.13],[127.63632,-0.30794],[127.88391,-0.63785],[128.1828,-0.92952],[128.29943,-1.02459],[128.36972,-0.92912],[128.2815,-0.80221],[128.09921,-0.60561],[127.94561,-0.32633],[127.8647,0.09925],[127.90069,0.29632],[128.03744,0.36652],[128.20275,0.34782],[128.39674,0.27834],[128.70582,0.20911],[128.6342,0.36782],[128.64157,0.43137],[128.46226,0.52631],[128.26124,0.58307],[128.18962,0.62739],[128.26258,0.76734],[128.47264,0.92666],[128.63191,1.02233],[128.58509,1.27004],[128.60858,1.38447],[128.54502,1.44787],[128.18234,1.26281],[128.10223,1.19909],[128.04167,0.96385],[127.84568,0.77915],[127.802,0.71551],[127.71624,0.77887],[127.68892,0.92496],[127.85166,1.26845],[127.96258,1.44661],[127.9866,1.57376],[127.91809,1.73246],[127.79977,1.89742],[127.56864,1.52837],[127.43973,1.12776],[127.4235,0.98157],[127.4868,0.84827],[127.52216,0.78481],[127.44136,0.5368],[127.62749,0.06061],[127.63066,-0.01697]]],[[[106.55266,-3.1752],[106.47066,-2.92117],[106.52345,-2.79395],[106.64275,-2.71108],[106.32864,-2.57195],[106.03653,-2.20399],[105.89634,-1.80393],[105.86344,-1.62606],[105.72238,-1.74711],[105.65573,-1.95697],[105.42668,-1.70963],[105.32142,-1.81789],[105.19966,-2.11048],[105.25176,-2.17391],[105.45276,-2.16077],[105.5835,-2.20497],[105.81182,-2.38241],[105.8823,-2.5602],[105.90242,-2.7254],[105.99475,-2.89043],[106.16432,-2.9981],[106.55266,-3.1752]]],[[[105.18478,-6.86567],[105.75223,-6.92023],[105.88996,-6.93264],[106.11755,-6.99571],[106.36553,-7.03966],[106.54659,-7.16002],[106.34467,-7.37019],[106.32024,-7.43379],[106.4837,-7.50336],[107.20682,-7.53356],[107.36764,-7.565],[107.72973,-7.78666],[108.16023,-7.85564],[108.36071,-7.83614],[108.61045,-7.70214],[109.0372,-7.72029],[109.54362,-7.83994],[110.03817,-7.99141],[110.41539,-8.20669],[110.77774,-8.32031],[111.43914,-8.38243],[112.09338,-8.44458],[112.41436,-8.48837],[112.57098,-8.46262],[112.83578,-8.34764],[113.07379,-8.34712],[113.47469,-8.48609],[113.74382,-8.59991],[114.10475,-8.68811],[114.32928,-8.78297],[114.06916,-8.43395],[114.13761,-8.21137],[114.25219,-8.02044],[114.23077,-7.93151],[113.94836,-7.82408],[113.76138,-7.83083],[113.55871,-7.9139],[113.26259,-7.90818],[113.07269,-7.87682],[112.67842,-7.71878],[112.62459,-7.67439],[112.50087,-7.46494],[112.53656,-7.26452],[112.40491,-7.13464],[112.27479,-7.02689],[111.9168,-6.95774],[111.56828,-6.92036],[111.32965,-6.90818],[111.04472,-6.85159],[110.91452,-6.62943],[110.81459,-6.53431],[110.61329,-6.5411],[110.49153,-6.66212],[110.39589,-6.95468],[110.24257,-7.03128],[110.02728,-7.04445],[109.38199,-6.98865],[109.16109,-7.02311],[108.95341,-6.93873],[108.55577,-6.92053],[108.47539,-6.68555],[108.309,-6.45075],[108.17333,-6.35572],[107.96961,-6.43878],[107.76869,-6.45192],[107.67703,-6.33037],[107.52462,-6.35076],[107.33963,-6.15415],[107.06137,-6.07848],[106.94509,-6.02598],[106.93512,-6.13595],[106.864,-6.26957],[106.62801,-6.30938],[106.52127,-6.10995],[106.3081,-6.13095],[106.02417,-6.08072],[105.93318,-6.02598],[105.89147,-6.15092],[105.79153,-6.2569],[105.81075,-6.48157],[105.67217,-6.45632],[105.63347,-6.75524],[105.46738,-6.81319],[105.28617,-6.7712],[105.14389,-6.7817],[105.18478,-6.86567]]],[[[123.49192,-10.35216],[123.70787,-10.34534],[123.95632,-10.24311],[124.15424,-10.20454],[124.44807,-9.98781],[124.93854,-9.55455],[125.21154,-9.39505],[125.53233,-9.27995],[126.14823,-9.08159],[126.87254,-8.80673],[127.03492,-8.69198],[127.14147,-8.5964],[127.09719,-8.50752],[127.04377,-8.47585],[126.6529,-8.54026],[126.40941,-8.55984],[125.99982,-8.65607],[125.28977,-8.7021],[125.07982,-8.77247],[124.9179,-9.04611],[124.6199,-9.25015],[123.96878,-9.53121],[123.66542,-9.74797],[123.61454,-9.88791],[123.60406,-10.12946],[123.49192,-10.35216]]],[[[120.27981,-10.37816],[120.41421,-10.35245],[120.52504,-10.24415],[120.58129,-10.09785],[120.46244,-9.92649],[119.9458,-9.59074],[119.78873,-9.4576],[119.56256,-9.50894],[119.11626,-9.52261],[118.94903,-9.58653],[118.90041,-9.68198],[119.03173,-9.77068],[119.25387,-9.8274],[119.40983,-9.87155],[119.76977,-10.07417],[120.18238,-10.34659],[120.27981,-10.37816]]],[[[117.55869,3.98072],[117.47723,4.02111],[117.13814,4.15252],[116.93758,4.1704],[116.65661,4.16238],[116.36341,4.19876],[116.02704,4.23489],[115.81806,4.22729],[115.70677,4.15673],[115.53555,3.86976],[115.48181,3.61526],[115.53004,3.17072],[115.43088,2.99855],[115.13989,2.88878],[115.04192,2.73568],[115.0763,2.39906],[114.65888,1.59579],[114.48472,1.46128],[114.09574,1.3827],[113.88654,1.30519],[113.67678,1.14505],[113.54732,1.13156],[113.29627,1.19998],[113.05994,1.30027],[112.80948,1.41319],[112.61598,1.46288],[112.39998,1.42981],[112.16094,1.23137],[111.97969,0.99512],[111.74189,0.84115],[111.56202,0.76381],[111.31779,0.81321],[111.08094,0.91349],[110.96595,0.91281],[110.5486,0.726],[110.34764,0.85192],[110.21123,0.88925],[109.7612,1.33148],[109.6475,1.46427],[109.5175,1.82052],[109.42594,1.87033],[109.28237,1.88272],[109.14624,1.52024],[108.9555,1.25929],[108.89605,1.1003],[108.81431,0.80782],[108.87031,0.54106],[108.84098,0.33129],[108.99906,0.19819],[109.15776,-0.07473],[109.07336,-0.40535],[109.18953,-0.53854],[109.42858,-0.70961],[109.17892,-0.86901],[109.24452,-0.93242],[109.59979,-1.1223],[109.7828,-1.30619],[109.94091,-1.64265],[109.94623,-1.85871],[110.06594,-2.49395],[110.07639,-2.78626],[110.10231,-3.07854],[110.23843,-3.06553],[110.36506,-2.99536],[110.65251,-2.98838],[110.79682,-3.17236],[111.43599,-2.97397],[111.58721,-2.7957],[111.72859,-3.25932],[111.71331,-3.39917],[111.73945,-3.64696],[111.90338,-3.61483],[112.04686,-3.45564],[112.24562,-3.39801],[112.40625,-3.4485],[112.57773,-3.42272],[112.63836,-3.33361],[112.79538,-2.97102],[112.94931,-3.0406],[113.1235,-3.24359],[113.32001,-3.29401],[113.46076,-3.38267],[113.60839,-3.61113],[113.74446,-3.59814],[113.9706,-3.3625],[114.0995,-3.34951],[114.21847,-3.43188],[114.35625,-3.60316],[114.50463,-3.9651],[114.49362,-4.15579],[114.58087,-4.29541],[114.71241,-4.20615],[114.98581,-4.07846],[115.56814,-3.80391],[115.80631,-3.53647],[115.86337,-3.37747],[115.9559,-3.19932],[116.20198,-2.9001],[116.24822,-2.79831],[116.24452,-2.703],[116.04077,-2.44287],[116.34913,-2.41679],[116.2727,-2.2835],[116.2455,-2.10562],[116.04628,-1.93446],[116.38421,-1.66047],[116.57888,-1.36772],[117.04563,-0.93458],[117.25522,-1.00403],[117.3703,-1.00378],[117.42981,-0.62237],[117.37765,-0.43184],[117.31822,-0.13966],[117.37497,0.19726],[117.53429,0.61066],[117.70829,0.82073],[117.85968,0.86554],[118.21829,0.75829],[118.55612,0.74632],[118.76522,0.82303],[118.51726,1.16563],[118.24726,1.38744],[117.91282,1.59005],[117.73007,1.79935],[117.69636,1.90095],[117.84828,2.22535],[117.82919,2.31426],[117.58774,2.65051],[117.34201,3.02488],[117.23603,3.07547],[117.13904,3.17058],[117.21508,3.2724],[117.16311,3.40573],[117.07398,3.5072],[117.33471,3.54589],[117.58022,3.56547],[117.68386,3.62924],[117.54051,3.94027],[117.55869,3.98072]]],[[[119.69213,-0.01697],[119.5782,-0.49062],[119.59724,-0.87821],[119.3963,-0.90407],[119.24367,-1.22849],[119.20475,-1.43194],[119.20737,-1.54632],[119.24707,-1.95931],[119.17457,-2.17553],[118.96373,-2.52551],[118.74262,-2.76114],[118.6836,-2.90107],[118.79641,-3.47916],[118.79144,-3.66347],[119.04976,-3.65021],[119.22567,-3.57355],[119.36528,-3.63046],[119.46113,-3.8082],[119.44801,-3.96076],[119.50447,-4.18942],[119.4773,-4.6725],[119.44624,-5.0666],[119.36497,-5.27651],[119.29458,-5.42283],[119.36675,-5.65783],[119.47684,-5.80377],[119.69087,-5.77153],[119.92162,-5.66299],[120.24807,-5.58601],[120.12442,-5.33206],[120.13269,-5.23036],[120.30216,-4.94399],[120.30686,-4.80417],[120.14338,-4.39777],[120.24955,-3.88275],[120.2803,-3.65389],[120.21622,-3.23458],[120.14419,-3.07586],[120.36663,-2.89743],[120.59281,-2.80161],[120.92469,-2.82632],[120.999,-3.04859],[120.94637,-3.30927],[120.8185,-3.48748],[120.80245,-3.59557],[120.88079,-3.71615],[121.06832,-3.85556],[121.508,-4.23593],[121.41649,-4.4967],[121.39284,-4.78911],[121.44133,-4.86527],[121.64872,-4.94744],[121.87278,-4.95966],[121.97351,-4.64803],[122.159,-4.51416],[122.4524,-4.48811],[122.64839,-4.5131],[122.66893,-4.38594],[122.64091,-4.28432],[122.3914,-4.08784],[122.19035,-3.84677],[122.14427,-3.66257],[122.21489,-3.35736],[122.25817,-3.2111],[121.87427,-2.65268],[121.66403,-2.41798],[121.36022,-2.15809],[121.26491,-2.1011],[121.25345,-1.96131],[121.26705,-1.93586],[121.47732,-1.9926],[121.58576,-2.01143],[121.65008,-1.99859],[121.74647,-1.85221],[122.22289,-1.65417],[122.41957,-1.4631],[122.59429,-1.2276],[122.75714,-1.09378],[123.00193,-1.11232],[123.21275,-1.23261],[123.25004,-0.90208],[123.19115,-0.80688],[122.98146,-0.71837],[122.85957,-0.74405],[122.73921,-0.87776],[122.4598,-0.94191],[122.15895,-1.01247],[121.99536,-1.1145],[121.77214,-1.09592],[121.6341,-1.01361],[121.46113,-0.98857],[121.16762,-1.42769],[121.05538,-1.54867],[120.68839,-1.53675],[120.58729,-1.51791],[120.50657,-1.44818],[120.40747,-1.17514],[120.2908,-1.08642],[120.10935,-0.98514],[120.02179,-0.90271],[119.90378,-0.68055],[119.87274,-0.46456],[119.9568,-0.14028],[120.14297,0.19055],[120.33728,0.35619],[120.52432,0.40108],[120.82632,0.41444],[121.08506,0.37688],[121.55245,0.39695],[121.94783,0.37875],[122.46556,0.40528],[122.98314,0.37463],[123.2489,0.18457],[123.4718,0.15329],[124.02542,0.25615],[124.23398,0.30109],[124.42143,0.47942],[124.85742,1.04591],[124.93084,1.16045],[124.98323,1.30036],[125.01622,1.5419],[124.98246,1.64985],[124.8525,1.62415],[124.71952,1.43959],[124.54514,1.33118],[124.45688,1.2039],[124.52715,1.08333],[124.43218,0.95604],[124.15023,0.79656],[123.82621,0.73867],[122.99247,0.77499],[122.73288,0.67276],[122.18086,0.86855],[121.79239,0.84864],[121.59117,0.86092],[121.26309,1.10168],[120.99068,1.16463],[120.76743,1.13872],[120.63552,0.92239],[120.5623,0.77607],[120.43191,0.636],[120.23886,0.78809],[120.10897,0.72427],[119.91374,0.53956],[119.69749,0.0053],[119.69213,-0.01697]]]]}},{"type":"Feature","id":151,"properties":{"name":"Greenland","subjecto":"Greenland","partof":"Greenland","precision":3},"geometry":{"type":"MultiPolygon","coordinates":[[[[-26.78748,71.55832],[-26.35451,71.60583],[-26.12018,71.66857],[-25.62764,71.63057],[-25.29125,71.5689],[-24.913,71.43744],[-24.38637,71.18251],[-24.22702,71.05899],[-24.04017,70.77375],[-23.75374,70.58956],[-23.0842,70.46792],[-22.6157,70.4841],[-22.20321,70.4849],[-21.95734,70.43162],[-21.71385,70.38607],[-21.54713,70.44007],[-21.47082,70.53234],[-21.56006,71.05625],[-21.59176,71.21096],[-21.72596,71.40459],[-21.90443,71.49749],[-22.02971,71.43508],[-22.43088,71.34116],[-22.64851,71.74521],[-22.8178,71.86973],[-23.38126,72.04068],[-23.91961,72.18849],[-24.13653,72.29007],[-24.47776,72.39154],[-25.07296,72.63445],[-25.77823,72.60949],[-26.46006,72.7265],[-27.03772,72.74911],[-27.35716,72.85914],[-27.51637,73.09635],[-27.51887,73.15984],[-27.44056,73.28703],[-27.26281,73.34303],[-26.82663,73.40752],[-26.41564,73.3685],[-25.76293,73.35379],[-25.498,73.43389],[-25.00992,73.47462],[-24.56888,73.62693],[-24.07642,73.75567],[-23.90861,73.72403],[-23.49375,73.5093],[-22.82031,73.32747],[-22.26917,73.2649],[-21.70852,73.27388],[-21.4405,73.39368],[-20.87955,73.4425],[-20.32959,73.41964],[-20.31381,73.6668],[-20.35364,73.81059],[-20.67937,73.92206],[-21.15254,73.99332],[-21.78091,74.01619],[-22.0288,74.10398],[-21.76226,74.30548],[-21.03151,74.26663],[-20.50225,74.2274],[-19.71624,74.21279],[-19.42509,74.26963],[-19.05102,74.33469],[-18.89868,74.43975],[-19.07091,74.60894],[-19.40924,74.68106],[-19.82055,74.74501],[-20.146,74.84162],[-20.424,74.88161],[-20.61583,74.95429],[-20.66885,75.06076],[-20.67922,75.30824],[-20.51184,75.3582],[-19.5616,75.22774],[-19.38885,75.2611],[-19.19355,75.44354],[-19.19981,75.69278],[-19.32224,75.89274],[-19.57024,76.11],[-19.88352,76.17658],[-20.63283,76.20877],[-21.21704,76.26656],[-21.75097,76.36663],[-22.37768,76.6359],[-22.25017,76.80584],[-21.77329,76.82379],[-21.55299,76.75621],[-21.18268,76.69748],[-20.56062,76.91118],[-19.9779,76.94633],[-19.62663,76.91295],[-18.88286,76.8888],[-18.057,76.80533],[-17.942,76.86508],[-17.92005,77.06114],[-18.0164,77.20634],[-18.25338,77.30014],[-19.0644,77.2386],[-19.31473,77.29812],[-20.10495,77.38247],[-20.23514,77.51124],[-20.17426,77.59754],[-19.94372,77.64113],[-19.64085,77.63309],[-19.08566,77.59961],[-19.05922,77.69464],[-19.17731,77.82422],[-19.33582,77.86724],[-20.39134,77.98673],[-20.77668,77.96862],[-21.11118,77.80319],[-21.38201,77.58661],[-21.56354,77.62942],[-21.76764,77.76732],[-21.69997,77.92347],[-21.25575,78.41264],[-20.87883,78.81792],[-20.54498,78.83622],[-20.06821,78.80182],[-19.76319,78.87306],[-19.55149,79.19265],[-19.48135,79.46026],[-19.38537,79.54992],[-19.17675,79.61304],[-18.10225,79.66893],[-17.7677,79.77738],[-17.7692,79.96663],[-18.60461,80.01178],[-19.31592,79.99121],[-20.19295,79.85377],[-20.26743,79.99887],[-20.04475,80.23966],[-19.7158,80.33725],[-19.04502,80.42616],[-18.04922,80.40872],[-17.33272,80.42968],[-16.91961,80.41104],[-16.4409,80.451],[-15.73444,80.69778],[-15.01256,80.85772],[-14.76216,80.98786],[-14.20195,81.21013],[-13.53097,81.27225],[-12.64447,81.38584],[-12.56311,81.5086],[-12.70513,81.6213],[-13.20332,81.67179],[-13.71397,81.77422],[-14.25251,81.83541],[-14.74626,81.85518],[-15.49879,81.90569],[-16.46541,81.90362],[-16.97343,81.7984],[-17.28974,81.6528],[-17.96345,81.51766],[-18.58938,81.54715],[-19.31736,81.59699],[-20.0654,81.52346],[-20.41409,81.43066],[-21.18166,81.28658],[-21.81727,81.11351],[-22.61189,80.87178],[-23.33885,80.62296],[-23.55328,80.60285],[-23.91174,80.56284],[-24.05537,80.63131],[-24.10957,80.76941],[-23.53286,81.09988],[-23.0953,81.25214],[-22.05288,81.53975],[-21.79793,81.75697],[-22.06357,81.96482],[-22.94759,81.90018],[-23.63882,81.7738],[-24.38728,81.67902],[-24.87664,81.59542],[-25.17848,81.63601],[-25.97467,81.83115],[-26.39327,81.86151],[-26.84168,81.85014],[-27.89046,81.84789],[-28.8907,81.7937],[-30.65127,81.81073],[-31.26651,81.77827],[-32.41453,81.65156],[-32.74867,81.76472],[-32.59805,81.97361],[-32.00285,82.06948],[-31.8031,82.12262],[-31.13468,82.19813],[-30.61268,82.20987],[-29.74276,82.22236],[-29.01637,82.23453],[-28.39144,82.31036],[-27.39237,82.28057],[-26.11838,82.25144],[-25.4572,82.221],[-24.90226,82.24345],[-24.38367,82.29774],[-23.34741,82.35327],[-22.59,82.41913],[-22.23187,82.55961],[-22.43236,82.74334],[-23.5996,82.84991],[-24.10259,82.92551],[-24.70792,82.89127],[-25.32359,82.99988],[-26.42075,83.34231],[-27.17375,83.38556],[-27.94194,83.40635],[-28.81772,83.47206],[-29.06532,83.42636],[-29.34404,83.47089],[-29.93602,83.50347],[-30.75719,83.47898],[-31.59369,83.57907],[-32.51317,83.577],[-33.5784,83.48394],[-34.42694,83.40297],[-35.32197,83.46865],[-36.48712,83.51128],[-37.39665,83.47525],[-38.5872,83.38235],[-38.45208,83.17001],[-38.58717,82.82772],[-39.48936,82.89145],[-40.19462,82.96682],[-41.19401,83.18617],[-41.8811,83.26276],[-42.47936,83.22789],[-43.81247,83.0803],[-44.89414,83.07787],[-45.21286,82.96671],[-44.68353,82.72696],[-44.10205,82.57641],[-43.95536,82.4905],[-44.3228,81.82313],[-44.68298,81.72887],[-45.52522,81.82054],[-46.37026,81.94403],[-47.31917,82.08914],[-47.89702,82.21481],[-49.13649,82.38263],[-49.64759,82.47806],[-50.43855,82.48709],[-50.77244,82.49712],[-50.90543,82.36811],[-50.50305,82.188],[-50.13585,81.94644],[-49.84602,81.8113],[-49.93803,81.67624],[-50.62613,81.78882],[-51.46234,81.97499],[-52.36427,82.12047],[-52.81596,82.13006],[-53.01039,81.68004],[-53.2527,81.53523],[-53.66355,81.46256],[-53.76793,82.24458],[-54.2467,82.29678],[-54.5752,82.32806],[-55.70923,82.24037],[-56.54334,82.14315],[-57.06814,82.08921],[-58.0578,82.03437],[-58.13328,82.01318],[-57.81964,81.78383],[-57.07404,81.54768],[-57.4442,81.42388],[-57.80527,81.50505],[-58.38867,81.60662],[-59.35192,81.79097],[-60.03867,81.88332],[-60.88732,81.86061],[-61.12241,81.79757],[-61.11219,81.70417],[-60.95171,81.36545],[-60.95673,81.26373],[-61.11181,81.18245],[-62.25127,81.11947],[-62.77485,81.15875],[-63.72541,81.08618],[-64.60833,80.97395],[-65.24134,80.87277],[-66.52168,80.71128],[-67.1428,80.56214],[-67.41029,80.21074],[-66.85122,80.03851],[-66.41941,79.98193],[-65.89964,80.06921],[-65.02372,80.05177],[-64.62318,79.94921],[-64.67546,79.9039],[-64.79951,79.6784],[-64.89054,79.38237],[-65.16449,79.31037],[-65.3041,79.22092],[-65.48489,79.15824],[-66.35872,79.17437],[-66.85431,79.12892],[-67.96913,79.12679],[-68.34852,79.09048],[-68.83853,78.97411],[-69.26627,78.79619],[-69.84684,78.75975],[-70.7802,78.68734],[-71.46277,78.62432],[-72.01877,78.57923],[-72.38323,78.52573],[-72.54528,78.32354],[-72.52538,78.16613],[-71.88843,77.94944],[-71.66947,77.91511],[-71.343,77.9418],[-71.04521,77.91627],[-70.67804,77.83014],[-70.37952,77.6661],[-69.99364,77.58039],[-69.68752,77.55508],[-68.95322,77.63423],[-68.44124,77.58334],[-67.85181,77.59309],[-67.35228,77.70645],[-66.80472,77.77682],[-66.4356,77.68225],[-66.15341,77.55317],[-66.17778,77.39801],[-66.30935,77.35475],[-66.78378,77.25933],[-67.7363,77.18888],[-68.34064,77.19631],[-69.25207,77.21171],[-70.61842,77.2778],[-71.18388,77.25953],[-71.44828,77.12186],[-71.05699,77.0285],[-70.49995,76.83332],[-70.21667,76.82533],[-69.85101,76.79199],[-68.85624,76.78536],[-68.37634,76.77777],[-68.18594,76.7016],[-68.1444,76.59985],[-68.35297,76.54863],[-69.04484,76.29376],[-67.61905,76.01897],[-67.03666,75.93624],[-66.56342,75.92874],[-66.54038,75.97068],[-66.68392,76.30668],[-66.02684,76.17317],[-65.47452,76.0986],[-64.83592,76.16703],[-64.47336,76.25186],[-64.0038,76.29493],[-63.65077,76.37994],[-62.91621,76.36447],[-62.46763,76.33999],[-61.5075,76.25751],[-60.65109,76.10771],[-59.78349,75.91648],[-59.0683,75.84255],[-58.63566,75.79326],[-58.22853,75.61058],[-58.20533,75.29522],[-58.07463,75.20452],[-57.7743,75.08953],[-56.9394,74.91902],[-56.67945,74.70058],[-56.18216,74.12062],[-55.77934,73.70446],[-55.35346,73.34626],[-55.14999,73.28299],[-54.73041,73.0376],[-54.55815,72.87158],[-54.62607,72.72126],[-54.79314,72.66568],[-55.10402,72.75198],[-55.36609,72.72777],[-55.29757,72.1612],[-55.42961,71.87128],[-55.62637,71.73035],[-55.6143,71.59785],[-55.47655,71.48912],[-55.0124,71.33458],[-54.38158,71.30471],[-53.98821,71.41414],[-53.86457,71.54662],[-53.71872,71.61698],[-53.32285,71.89084],[-52.81338,71.74341],[-52.53196,71.70492],[-52.03681,71.69805],[-51.72012,71.58956],[-51.79139,71.54271],[-52.03564,71.48001],[-52.19804,71.35537],[-51.89342,71.2473],[-51.67537,71.22444],[-51.40384,71.02362],[-51.32637,70.82296],[-50.93915,70.57715],[-50.79947,70.38536],[-50.82446,70.2473],[-51.15284,70.32333],[-51.80567,70.52941],[-52.36748,70.66686],[-52.68983,70.68165],[-53.62814,70.81865],[-53.88546,70.81043],[-54.15799,70.80992],[-54.30319,70.74025],[-54.37353,70.7247],[-54.00849,70.50991],[-53.66633,70.35698],[-53.25991,70.33473],[-52.90913,70.28939],[-52.16677,70.06876],[-51.63652,69.94015],[-51.1171,69.9411],[-50.57263,69.86625],[-50.45657,69.73762],[-50.6944,69.53288],[-50.76742,69.33637],[-50.36649,69.19387],[-50.27879,69.11117],[-50.26649,68.95323],[-50.36877,68.90792],[-50.60661,68.96009],[-50.87436,68.94456],[-50.91385,68.80928],[-50.95377,68.53929],[-51.00517,68.50922],[-51.21373,68.47892],[-51.67873,68.5005],[-52.33688,68.66409],[-52.69119,68.66341],[-52.84246,68.50581],[-52.68337,68.45372],[-51.96674,68.30552],[-51.56045,68.23159],[-50.94994,68.09095],[-50.49096,67.97258],[-50.35671,67.89093],[-50.49111,67.64538],[-50.47709,67.4822],[-50.93936,67.52581],[-51.35653,67.59182],[-51.5268,67.65088],[-51.87599,67.66508],[-52.25998,67.73864],[-52.8079,67.77478],[-53.18011,67.66265],[-53.31904,67.61785],[-53.43576,67.61762],[-53.46845,67.55819],[-53.49412,67.4735],[-53.39496,67.36226],[-53.14671,67.39515],[-52.9781,67.31034],[-53.17031,67.28581],[-53.25116,67.21394],[-53.34943,67.21025],[-53.44956,67.08445],[-53.39742,66.99594],[-53.26726,66.92242],[-53.1042,66.90795],[-52.84683,66.93058],[-52.30317,66.90947],[-52.44805,66.60731],[-52.65324,66.56777],[-52.91685,66.54447],[-53.2217,66.53086],[-53.39427,66.45182],[-53.34805,66.32428],[-52.86044,66.3532],[-52.6105,66.26798],[-52.72966,66.27638],[-53.10843,66.03404],[-53.10254,65.87325],[-52.83536,65.65489],[-52.53601,65.49522],[-52.41381,65.48089],[-52.18694,65.5177],[-52.07773,65.37242],[-52.08433,65.21263],[-51.99165,65.00975],[-51.94018,64.65683],[-51.95738,64.37657],[-51.80485,64.23334],[-51.5214,64.37019],[-51.27966,64.42807],[-50.99375,64.61543],[-50.77184,64.65901],[-50.3574,64.69574],[-50.14448,64.73932],[-50.01991,64.61006],[-50.04263,64.43757],[-50.25692,64.37973],[-50.43902,64.24309],[-50.98795,64.09154],[-51.26595,63.92637],[-51.35502,63.81178],[-51.36577,63.72601],[-51.10052,63.46954],[-50.82309,63.49146],[-50.61674,63.43481],[-50.59094,63.14999],[-50.46582,63.05067],[-50.22173,63.00849],[-49.97368,62.99473],[-49.85748,62.96654],[-49.88933,62.84574],[-50.09594,62.66799],[-50.15893,62.46243],[-50.09668,62.35641],[-50.04793,62.31408],[-49.61146,62.19474],[-49.4013,62.21632],[-49.20595,62.1743],[-49.11644,62.10383],[-49.14827,61.77233],[-48.91546,61.42104],[-48.56791,61.24614],[-48.20002,61.14163],[-47.96923,61.03691],[-47.86936,60.93903],[-47.82239,60.77819],[-47.63048,60.59681],[-47.4162,60.723],[-47.15937,60.85638],[-46.97205,60.86374],[-46.53103,60.89256],[-46.33109,60.87194],[-46.19585,60.9352],[-46.07187,60.94245],[-45.7709,61.10412],[-45.60648,61.02037],[-45.46025,60.89458],[-45.48993,60.79657],[-45.60407,60.68451],[-45.62171,60.6006],[-45.36201,60.46149],[-44.85624,60.37873],[-44.68222,60.28845],[-44.75314,60.03066],[-44.46744,59.76092],[-44.27614,60.03159],[-44.05227,60.16422],[-43.57878,59.93569],[-43.14357,59.81878],[-43.01451,59.83288],[-42.96204,60.03407],[-43.15412,60.30527],[-43.49709,60.47897],[-43.14993,60.51451],[-42.92721,60.50099],[-42.78493,60.52916],[-42.75409,60.69687],[-42.82441,60.80161],[-42.81712,61.02562],[-43.03726,61.29166],[-42.67033,61.26429],[-42.47826,61.30676],[-42.3062,61.72888],[-42.27136,62.19442],[-42.42037,62.28601],[-42.9191,62.46191],[-43.22597,62.68092],[-42.73953,62.68891],[-42.29884,62.7394],[-42.25886,62.73239],[-41.96373,62.69039],[-41.83441,62.69062],[-41.78911,62.84676],[-41.90392,63.05252],[-41.91557,63.12361],[-41.6531,63.09566],[-41.43447,63.0392],[-41.22701,63.25296],[-41.22302,63.30993],[-41.37824,63.52344],[-41.16342,63.56666],[-40.89391,63.52437],[-40.7657,63.57453],[-40.51625,63.78207],[-40.69122,63.93187],[-40.89255,64.03168],[-41.10417,64.08855],[-41.48412,64.27419],[-41.01111,64.33243],[-40.47242,64.3478],[-40.35533,64.42695],[-40.35071,64.52752],[-40.48362,64.68541],[-40.82775,64.89354],[-41.06033,65.03749],[-40.25372,64.96666],[-40.04237,64.98147],[-39.89782,64.95292],[-39.72692,64.99654],[-39.68631,65.17056],[-39.78177,65.35188],[-39.99202,65.53331],[-39.42712,65.57074],[-38.98941,65.57157],[-38.46742,65.64538],[-38.1103,65.82104],[-37.93667,66.00396],[-37.92492,66.20884],[-38.04185,66.39922],[-37.56726,66.31942],[-37.20937,66.31276],[-37.15478,66.32019],[-37.57888,65.54509],[-37.0479,65.74279],[-36.77053,65.76519],[-36.32438,65.72229],[-35.9719,65.84693],[-35.77449,66.10308],[-35.70801,66.35224],[-35.24768,66.2285],[-34.78231,66.26603],[-34.43306,66.38395],[-33.96005,66.76694],[-33.6642,67.06237],[-33.21397,67.46998],[-32.95602,67.64103],[-32.57805,67.75312],[-32.26754,67.8652],[-32.12384,67.87289],[-32.03718,67.9847],[-32.35547,68.45423],[-32.35907,68.54401],[-32.3099,68.5441],[-32.01875,68.44738],[-31.63458,68.25382],[-31.35468,68.04556],[-31.02031,67.95681],[-30.73649,67.92757],[-30.30504,67.98049],[-29.99449,68.39135],[-29.82539,68.41408],[-29.3997,68.22813],[-29.16214,68.25098],[-28.86312,68.32621],[-28.42121,68.41671],[-28.19534,68.41712],[-27.95906,68.47739],[-26.96362,68.5017],[-26.36214,68.66003],[-25.80157,68.86359],[-25.32438,69.08993],[-24.89656,69.39209],[-24.58354,69.33987],[-24.33329,69.33282],[-23.44435,69.56848],[-22.73233,69.77407],[-22.15753,70.05611],[-22.43398,70.07852],[-23.00889,70.09273],[-23.45946,70.09188],[-23.58745,70.084],[-23.77526,70.14481],[-24.19523,70.24349],[-24.58473,70.30403],[-25.45329,70.2871],[-26.25201,70.17839],[-26.52261,70.17791],[-27.47494,70.20676],[-27.91197,70.28249],[-28.38448,70.458],[-28.22178,70.62734],[-28.08353,70.89728],[-27.91617,70.99799],[-27.60605,71.06816],[-27.08438,71.08457],[-26.32942,71.1324],[-26.08601,71.1948],[-25.6949,71.27301],[-25.84955,71.4357],[-26.78748,71.55832]]],[[[-22.1457,72.02732],[-21.90615,72.05123],[-21.80948,72.1454],[-21.88207,72.36496],[-22.25054,72.49795],[-22.72944,72.61519],[-23.13101,72.6775],[-23.79843,72.66046],[-23.65702,72.47171],[-23.58541,72.44039],[-23.26489,72.37024],[-22.83276,72.26895],[-22.1457,72.02732]]],[[[-53.5515,69.27842],[-53.32171,69.32408],[-52.86744,69.39284],[-52.52108,69.47657],[-52.1726,69.49234],[-51.92794,69.51549],[-51.87741,69.53068],[-51.81285,69.62156],[-52.08399,69.77249],[-52.43356,69.87039],[-52.70119,69.91539],[-53.03749,70.03656],[-53.6167,70.15783],[-54.13746,70.18747],[-54.42834,70.2482],[-54.5937,70.24024],[-54.72269,70.08693],[-54.68688,69.70703],[-54.5744,69.60885],[-54.4859,69.56363],[-54.12526,69.48116],[-53.80711,69.33827],[-53.5515,69.27842]]]]}},{"type":"Feature","id":152,"properties":{"name":"Canada","subjecto":"Canada","partof":"Canada","precision":3},"geometry":{"type":"MultiPolygon","coordinates":[[[[-76.13289,44.32667],[-75.45849,44.6397],[-75.21804,44.77684],[-74.78241,45.01223],[-73.99035,45.01653],[-72.86158,45.0032],[-72.02668,45.00128],[-71.53465,44.95861],[-71.45622,45.12764],[-71.2929,45.32325],[-71.11183,45.35021],[-70.58943,45.29462],[-70.07699,45.94711],[-69.56453,46.94614],[-69.33332,47.22787],[-69.04907,47.46438],[-68.92591,47.42588],[-68.6989,47.26393],[-68.52741,47.2257],[-68.34302,47.305],[-67.99641,47.29381],[-67.77694,47.1645],[-67.69854,47.04101],[-67.55924,45.77225],[-67.59397,45.66898],[-67.32132,45.56493],[-67.22073,45.56493],[-67.20206,45.49558],[-67.26612,45.46476],[-67.25746,45.34922],[-67.34385,45.31456],[-67.27174,45.18366],[-67.18676,45.25232],[-67.01594,45.14391],[-66.96033,45.21016],[-66.50201,45.18607],[-66.40353,45.10778],[-66.04915,45.28846],[-66.15252,45.37883],[-66.05068,45.3487],[-65.88757,45.25834],[-65.75975,45.29448],[-64.87137,45.66214],[-64.72378,45.66817],[-64.56179,45.88532],[-64.70089,46.08448],[-64.47479,45.85515],[-64.51857,45.79483],[-64.28318,45.92152],[-64.25983,45.84309],[-64.37322,45.80689],[-64.39772,45.71641],[-64.90548,45.4632],[-64.92009,45.36678],[-64.80935,45.40897],[-64.69619,45.44511],[-64.5586,45.45718],[-64.19676,45.45114],[-64.0077,45.42704],[-63.73991,45.45114],[-63.44608,45.42704],[-63.37751,45.38486],[-63.46848,45.3487],[-63.55487,45.37883],[-63.8835,45.31858],[-64.16807,45.2222],[-64.16035,45.14391],[-64.1406,45.05359],[-64.2565,45.18003],[-64.33692,45.15595],[-64.30676,45.3487],[-64.45788,45.39089],[-64.75376,45.22822],[-65.25313,44.97535],[-65.74932,44.74122],[-65.63328,44.69321],[-65.72096,44.6512],[-65.77703,44.71722],[-66.19297,44.48919],[-66.15902,44.44119],[-65.99815,44.56118],[-65.8408,44.6152],[-65.85663,44.56118],[-65.98448,44.48919],[-66.1895,44.14131],[-66.00089,43.75168],[-65.93872,43.85955],[-65.78163,43.64382],[-65.71257,43.55995],[-65.55764,43.61986],[-65.46712,43.51802],[-65.4283,43.64982],[-65.31888,43.75168],[-65.24874,43.70374],[-65.21966,43.76366],[-65.15294,43.76366],[-65.08738,43.72771],[-64.98755,43.75767],[-65.03088,43.87154],[-64.96812,43.82359],[-64.87053,43.85955],[-64.90764,43.93747],[-64.83514,43.88352],[-64.84202,43.97944],[-64.75466,44.00341],[-64.64903,44.05737],[-64.70627,44.12932],[-64.36075,44.33321],[-64.28229,44.30323],[-64.23605,44.35721],[-64.25063,44.45319],[-64.39109,44.48919],[-64.28634,44.50719],[-64.3058,44.6152],[-64.14652,44.6272],[-64.0876,44.51319],[-63.99667,44.56719],[-63.88783,44.72922],[-63.90215,44.57319],[-63.82588,44.54919],[-63.78972,44.51319],[-63.55886,44.51319],[-63.51651,44.59719],[-63.41852,44.6332],[-63.3877,44.74723],[-63.30329,44.6632],[-63.22999,44.78324],[-63.10668,44.83126],[-63.05327,44.71122],[-62.81517,44.77124],[-62.79448,44.79525],[-62.47688,44.92131],[-62.43621,44.87329],[-62.27054,44.98737],[-62.0681,45.00543],[-62.01048,45.07165],[-61.81097,45.07767],[-61.83627,45.12584],[-61.63366,45.14391],[-61.68283,45.21617],[-61.57892,45.19811],[-61.34711,45.19811],[-61.40005,45.24027],[-61.26518,45.30051],[-61.19283,45.2463],[-60.95839,45.30051],[-61.03209,45.37883],[-61.40337,45.39089],[-61.44372,45.43909],[-61.26151,45.55361],[-61.48121,45.74054],[-61.72339,45.68626],[-61.89317,45.75863],[-61.9398,45.92152],[-62.07625,45.88532],[-62.38964,45.72245],[-62.49986,45.71641],[-62.61699,45.72847],[-62.72609,45.68023],[-62.63311,45.7707],[-62.74164,45.81895],[-63.12107,45.84912],[-63.08745,45.80086],[-63.27559,45.78276],[-63.33596,45.86119],[-63.43121,45.85514],[-63.49219,45.91548],[-63.74844,45.87929],[-63.84349,45.9879],[-64.08001,46.05429],[-64.0587,46.11467],[-63.89089,46.10862],[-63.74918,46.16901],[-64.07634,46.23543],[-64.09448,46.20523],[-64.1639,46.24751],[-64.53479,46.27166],[-64.53875,46.33811],[-64.69661,46.54355],[-64.71814,46.63423],[-64.68977,46.69468],[-64.79732,46.75515],[-64.85053,46.71887],[-64.8916,46.91241],[-64.80748,47.03949],[-64.84222,47.12423],[-65.38958,47.13028],[-64.98009,47.3301],[-64.94693,47.43307],[-64.87364,47.43913],[-64.92394,47.56032],[-64.82007,47.67548],[-64.6579,47.77855],[-64.82512,47.85133],[-65.04042,47.78462],[-65.02793,47.88165],[-65.61234,47.66336],[-65.64544,47.7058],[-65.76066,47.90591],[-65.83716,47.96051],[-66.34565,48.06366],[-66.47155,48.09939],[-66.18143,48.18483],[-65.85463,48.20506],[-65.47444,48.10134],[-65.21309,48.12143],[-64.87423,48.32453],[-64.39767,48.45612],[-64.25091,48.55445],[-64.19431,48.65262],[-64.25923,48.86175],[-64.32045,48.94669],[-64.54969,49.07711],[-64.9524,49.20726],[-65.36737,49.23264],[-66.0299,49.16588],[-66.49335,49.06023],[-66.9727,48.95459],[-67.78133,48.72407],[-68.34129,48.54646],[-69.25393,48.12006],[-69.74747,47.7667],[-70.22406,47.34202],[-70.53372,47.12646],[-70.70225,47.06752],[-71.03922,46.73586],[-70.80607,47.17151],[-70.59883,47.43251],[-70.4108,47.55672],[-70.19233,47.81148],[-69.80172,48.19081],[-69.65326,48.2956],[-69.50712,48.45921],[-69.1496,48.73448],[-68.80112,48.9772],[-68.30697,49.22692],[-68.06533,49.29287],[-67.58378,49.33966],[-67.31771,49.42533],[-67.1886,49.5763],[-67.09636,49.82563],[-66.85474,50.08889],[-66.61908,50.2211],[-66.37274,50.31388],[-65.5815,50.36156],[-65.1687,50.34916],[-64.32592,50.30467],[-63.85007,50.299],[-63.36737,50.3329],[-63.20739,50.3464],[-62.29356,50.30864],[-61.64021,50.27692],[-60.80985,50.334],[-60.13785,50.4117],[-59.71552,50.51147],[-59.43997,50.64397],[-59.13156,50.83606],[-58.71933,51.19382],[-58.52434,51.37949],[-57.82795,51.41392],[-57.45762,51.46762],[-56.9641,51.48844],[-56.66615,51.61489],[-56.18127,51.89429],[-55.82357,52.02103],[-55.65902,52.18735],[-56.10974,52.60523],[-55.92699,52.80526],[-55.90435,52.96516],[-55.76967,53.1587],[-55.77977,53.23872],[-55.88126,53.35193],[-56.35446,53.57132],[-56.64929,53.6576],[-57.13083,53.48303],[-57.26894,53.61632],[-57.2852,53.66976],[-57.10582,53.87063],[-57.26304,54.02418],[-57.56114,54.13071],[-58.07692,54.08286],[-58.64011,53.86768],[-59.18076,53.51914],[-59.71703,53.43131],[-60.24603,53.2768],[-60.12421,53.51735],[-60.13724,53.68432],[-59.99153,53.80492],[-59.86297,53.83858],[-59.39872,53.86623],[-59.10616,53.96712],[-58.84362,54.14834],[-58.46811,54.25622],[-58.16992,54.27686],[-57.83857,54.37131],[-57.51535,54.46577],[-57.43287,54.57991],[-58.11545,54.71278],[-58.55717,54.77232],[-59.07975,54.99299],[-59.3382,55.08015],[-59.69376,55.15366],[-60.04724,55.11924],[-60.34574,55.0445],[-60.57453,55.07103],[-60.37331,55.42248],[-60.35763,55.51038],[-60.46834,55.65897],[-60.87275,55.85453],[-61.24986,56.07746],[-61.4578,56.15848],[-61.74302,56.17149],[-61.92769,56.27296],[-62.07784,56.50367],[-62.16279,56.6123],[-62.28565,56.69371],[-62.32643,56.76851],[-62.18406,56.79604],[-61.84881,56.7422],[-61.5446,56.72916],[-61.36063,56.77717],[-61.33525,56.81126],[-61.35063,57.002],[-61.4761,57.10406],[-61.82238,57.19208],[-62.00141,57.29415],[-62.18602,57.43724],[-61.99918,57.51278],[-61.82845,57.55412],[-61.88811,57.72504],[-62.01472,57.84121],[-62.34918,57.90223],[-62.49481,57.95678],[-62.57671,58.03888],[-62.74108,58.38858],[-62.999,58.37438],[-63.04202,58.52547],[-62.88696,58.65644],[-63.00572,58.81453],[-63.47582,59.15831],[-63.7441,59.51696],[-64.09743,59.74461],[-64.37056,60.01439],[-64.67062,60.18092],[-64.90074,59.88159],[-64.9879,59.8191],[-65.42895,59.77672],[-65.55169,59.71416],[-65.55537,59.57577],[-65.26261,59.34823],[-65.50515,59.17518],[-65.71872,59.05748],[-65.86145,58.79534],[-65.91018,58.45127],[-65.92905,58.42375],[-66.24102,58.74644],[-66.32811,58.80136],[-66.47464,58.80796],[-66.62459,58.55993],[-66.82087,58.38769],[-67.10699,58.30474],[-67.63469,58.26941],[-67.7724,58.24854],[-68.00455,58.16574],[-68.12937,58.30967],[-68.09272,58.3647],[-68.09467,58.48149],[-68.26483,58.63937],[-68.56939,58.78335],[-68.69823,58.78997],[-69.04963,58.76864],[-69.21422,58.74768],[-69.72582,58.56094],[-69.89423,58.68446],[-69.83239,58.98765],[-69.67648,58.98103],[-69.47604,58.97453],[-69.36467,59.0506],[-69.34257,59.20933],[-69.44611,59.39558],[-69.50728,59.72054],[-69.70431,60.31776],[-69.64902,60.52024],[-69.38945,60.67447],[-69.3838,60.85639],[-69.53633,60.98915],[-69.70211,60.8978],[-70.02829,60.88317],[-70.90925,61.04264],[-71.67342,61.26569],[-71.8562,61.3707],[-71.72386,61.54673],[-72.08188,61.7432],[-72.49497,61.9116],[-72.83432,62.11567],[-72.94856,62.17197],[-73.39458,62.355],[-73.65973,62.3899],[-73.74016,62.36142],[-73.83501,62.34003],[-74.22191,62.24028],[-74.70775,62.17575],[-75.35587,62.18159],[-75.6946,62.21629],[-76.18819,62.32145],[-76.98962,62.48984],[-77.36155,62.51749],[-77.61822,62.43201],[-77.86759,62.29],[-78.00492,62.09886],[-77.98536,61.85892],[-77.87536,61.73932],[-77.60144,61.6201],[-77.4591,61.52888],[-77.46219,61.47258],[-77.68837,61.15606],[-78.17646,60.74177],[-77.38848,60.69432],[-77.39095,60.57546],[-77.50718,60.41463],[-77.48544,60.32395],[-77.34337,60.14298],[-77.26243,59.98302],[-77.21479,59.74752],[-77.34766,59.62266],[-77.54866,59.61536],[-77.66153,59.57363],[-77.7932,59.38671],[-78.04195,58.99277],[-78.43261,58.75774],[-78.46879,58.7095],[-78.33679,58.55147],[-78.26871,58.53095],[-78.0648,58.40758],[-77.90159,58.35292],[-77.40436,58.11357],[-77.19423,57.9905],[-76.77238,57.6625],[-76.66498,57.51905],[-76.55454,57.28006],[-76.43863,56.80969],[-76.46291,56.57139],[-76.5694,56.27212],[-76.76447,56.02744],[-77.23384,55.60654],[-77.51692,55.47071],[-78.30786,55.04376],[-78.58927,54.92203],[-78.98182,54.8138],[-79.54512,54.69186],[-79.39868,54.27635],[-79.23004,54.14938],[-78.93461,54.0763],[-78.80142,53.96274],[-78.75792,53.74877],[-79.03456,53.74155],[-78.93641,53.54792],[-78.84399,53.28101],[-78.84203,53.03423],[-78.72468,52.69468],[-78.57313,52.48868],[-78.49099,52.25614],[-78.55342,52.01023],[-78.79678,51.77089],[-78.7001,51.56556],[-78.74843,51.32038],[-78.82267,51.1614],[-78.94056,51.32001],[-79.11176,51.52499],[-79.27615,51.60419],[-79.53405,51.41818],[-79.59435,51.26579],[-79.4953,51.14026],[-79.33848,50.84305],[-79.74672,51.1133],[-80.07332,51.29795],[-80.36129,51.30403],[-80.39647,51.37678],[-80.57279,51.64145],[-80.8771,51.90618],[-81.31072,52.11781],[-81.74736,52.1701],[-81.71295,52.32967],[-81.73378,52.5491],[-81.85244,52.70861],[-82.06907,52.86138],[-82.34121,52.98082],[-82.35113,53.07413],[-82.21217,53.34128],[-82.16041,53.80242],[-82.1921,53.9897],[-82.33006,54.14342],[-82.39934,54.27056],[-82.33567,54.65297],[-82.20208,54.96887],[-82.38273,55.05616],[-83.01604,55.14943],[-83.576,55.22261],[-83.94864,55.18815],[-84.1524,55.20799],[-84.46837,55.16688],[-84.71717,55.21366],[-85.16096,55.32764],[-85.60286,55.50932],[-85.89243,55.61024],[-87.46718,55.91203],[-87.9142,56.33195],[-88.76748,56.73847],[-89.72552,56.93423],[-90,57.07395],[-90,57.17786],[-91.33693,57.16313],[-92.18015,56.97046],[-92.48305,56.97671],[-92.42362,57.38647],[-92.52272,57.68727],[-92.88842,58.20769],[-93.07418,58.55101],[-93.23948,58.68147],[-93.36379,58.70187],[-93.88757,58.65958],[-94.1865,58.66589],[-94.30231,58.70699],[-94.41486,58.71365],[-94.68383,58.87849],[-94.74501,59.1198],[-94.80027,59.51355],[-94.72809,59.7629],[-94.75319,59.94999],[-94.60756,60.24971],[-94.4843,60.49421],[-94.37603,60.79514],[-94.25195,60.92844],[-94.01384,61.21649],[-93.8743,61.34319],[-93.4656,61.43535],[-93.32457,61.54114],[-93.42262,61.85803],[-93.23329,61.9713],[-92.57919,62.26934],[-92.10219,62.41182],[-91.89086,62.60355],[-92.4553,62.79411],[-92.29017,62.91521],[-92.06038,62.88721],[-91.41749,62.85289],[-90,62.94619],[-90,63.30239],[-91.02675,63.39461],[-91.64174,63.51475],[-92.35104,63.58483],[-93.31688,63.97362],[-91.98385,63.82856],[-91.58617,63.79354],[-90,63.60909],[-90,63.56135],[-89.8704,63.57522],[-89.86152,63.64666],[-90,63.90386],[-89.99451,64.0328],[-89.97269,64.19055],[-89.49485,64.0194],[-89.07741,63.96287],[-88.70446,63.98507],[-88.37706,64.05732],[-87.99179,64.25168],[-87.43523,64.56887],[-87.15728,65.05959],[-87.61631,65.07339],[-88.17144,65.13038],[-88.90442,65.32516],[-89.69237,65.67328],[-90,65.76792],[-90,65.97355],[-89.77757,65.97996],[-89.50873,65.92925],[-89.1774,65.81295],[-88.64201,65.71173],[-88.54085,65.67545],[-88.17353,65.4575],[-87.78695,65.34909],[-87.54984,65.34954],[-87.25401,65.43012],[-86.33371,65.9279],[-86.05866,66.07476],[-85.98715,66.16278],[-86.57687,66.35237],[-86.85314,66.46202],[-86.73899,66.56514],[-85.90318,66.61823],[-85.38676,66.61183],[-85.1185,66.33306],[-84.94954,66.27471],[-84.36998,66.31247],[-84.05871,66.27637],[-83.74045,66.30631],[-84.4077,66.70937],[-85.02159,66.94414],[-84.71386,67.07028],[-84.49037,67.04853],[-84.22641,66.93089],[-83.48195,66.49772],[-83.13871,66.37349],[-82.63348,66.60228],[-82.32999,66.63962],[-81.69674,66.98729],[-81.49922,67.06891],[-81.28435,67.35788],[-81.29496,67.49873],[-81.79373,67.7578],[-82.1783,67.99536],[-82.49299,68.32328],[-82.63179,68.55508],[-82.68727,68.69748],[-82.32785,68.81827],[-82.20959,68.8185],[-81.88646,68.57896],[-81.7771,68.55667],[-81.58303,68.602],[-81.36991,68.72242],[-81.47992,69.18865],[-81.68396,69.27877],[-81.93276,69.24814],[-82.1605,69.24771],[-82.75667,69.54879],[-84.31352,69.82621],[-84.57022,69.83332],[-84.75946,69.80262],[-85.11337,69.81715],[-85.38107,69.69534],[-85.42065,69.29444],[-85.0076,69.13683],[-84.56435,68.98705],[-84.62459,68.75391],[-84.77273,68.72358],[-85.39985,68.75996],[-85.50633,68.67721],[-85.66954,68.33979],[-85.78174,68.04083],[-86.05096,67.85401],[-86.39503,67.67486],[-86.48844,67.37779],[-86.65455,67.3182],[-87.05794,67.24339],[-87.32541,67.16891],[-87.53399,67.29435],[-87.80835,67.51626],[-88.32388,67.81255],[-88.48146,67.99102],[-88.46199,68.17761],[-88.37114,68.31229],[-88.01305,68.2681],[-87.86149,68.28335],[-87.79026,68.47802],[-87.8844,68.68026],[-88.09737,68.85259],[-88.57614,69.10005],[-88.90502,69.2276],[-89.14041,69.23469],[-89.44108,69.0457],[-89.73559,68.53431],[-90,68.3691],[-90,68.95337],[-90,69.48896],[-91.17245,69.64666],[-91.44098,69.64617],[-91.61508,69.58525],[-91.97731,69.60731],[-92.45926,69.71245],[-92.67122,69.74241],[-92.48423,69.99329],[-92.27079,70.11612],[-91.82776,70.13226],[-91.65773,70.28585],[-92.16815,70.50768],[-92.53204,70.7304],[-93.09945,70.9688],[-92.9889,71.24022],[-93.07692,71.411],[-93.27117,71.55854],[-93.83814,71.76035],[-94.16578,71.84571],[-94.41721,71.88431],[-95.24577,71.87495],[-95.41065,71.85899],[-95.65869,71.71005],[-95.76205,71.69425],[-95.67177,71.56962],[-95.35268,71.40671],[-95.43042,71.25116],[-95.49298,71.23552],[-95.95746,71.35116],[-96.13159,71.33528],[-96.39831,71.20279],[-96.65925,70.93119],[-96.69965,70.83836],[-96.16534,70.66959],[-95.94668,70.56987],[-96.32551,70.36153],[-96.47409,70.29985],[-96.46397,70.15419],[-96.42263,70.09301],[-96.12698,69.94085],[-95.69699,69.84295],[-95.30958,69.73747],[-94.74958,69.65517],[-94.42321,69.69365],[-94.03673,69.55048],[-93.73072,69.49808],[-93.32716,69.48373],[-92.99247,69.51458],[-92.95614,69.08435],[-92.98549,68.96381],[-93.19426,69.0387],[-93.52708,69.21897],[-93.7844,69.21851],[-93.97977,69.14273],[-94.34251,69.1119],[-94.58307,68.87809],[-94.13841,68.84133],[-93.77388,68.92472],[-93.63582,68.92499],[-93.46689,68.76744],[-93.39924,68.60246],[-93.41411,68.54245],[-93.6468,68.4746],[-93.86266,68.47418],[-94.08401,68.45131],[-94.63704,68.06902],[-95.00206,68.05342],[-95.32255,68.06028],[-95.43879,67.94078],[-95.50045,67.72474],[-95.29073,67.27984],[-95.25866,67.02838],[-95.68652,67.16807],[-96.043,67.2118],[-96.12275,67.24124],[-96.2596,67.31505],[-96.34025,67.54483],[-96.211,67.93185],[-96.16806,67.99159],[-96.20793,68.07355],[-96.4321,68.16273],[-96.81832,68.18441],[-97.21005,68.27336],[-97.57179,68.36991],[-97.83036,68.39937],[-98.36706,68.36095],[-98.40711,68.15903],[-97.78758,68.13031],[-97.45818,68.07123],[-97.15859,67.96737],[-97.15116,67.73652],[-97.26069,67.5951],[-97.4955,67.58722],[-97.92311,67.72022],[-98.35488,67.93531],[-98.88603,67.81515],[-99.36767,67.79193],[-100.21193,67.80522],[-101.002,67.79631],[-101.39744,67.70628],[-101.91297,67.70533],[-102.21799,67.74195],[-102.76309,67.80045],[-103.19612,67.89646],[-103.30746,67.93351],[-103.58274,68.1195],[-104.01886,68.07389],[-104.45434,68.10292],[-105.14194,68.22862],[-105.63598,68.35485],[-105.91195,68.33937],[-106.11859,68.24176],[-106.21192,68.1071],[-106.62961,68.03916],[-107.50445,67.97784],[-107.66202,67.96262],[-107.71652,67.62756],[-107.65141,67.42718],[-107.59382,67.33831],[-107.15621,67.04304],[-107.12818,66.96184],[-107.40584,66.90224],[-107.61107,66.87972],[-107.60025,66.73959],[-107.52764,66.56298],[-108.34802,67.00387],[-108.48517,67.07013],[-108.32774,67.18139],[-108.10113,67.21882],[-108.09502,67.3596],[-108.6462,67.55893],[-108.83539,67.6106],[-109.4888,67.69112],[-110.13337,67.90583],[-110.53196,67.92001],[-110.95406,67.87452],[-111.35673,67.82159],[-111.77984,67.74637],[-112.11188,67.72342],[-112.50253,67.69296],[-113.28976,67.69892],[-114.06629,67.73465],[-115.56166,67.89569],[-115.40214,68.21694],[-115.02009,68.27747],[-114.76537,68.30039],[-114.34469,68.2862],[-114.10867,68.34652],[-114.19451,68.49615],[-114.38961,68.60826],[-114.83146,68.76513],[-115.28511,68.89209],[-115.68983,68.93649],[-116.32003,68.89771],[-116.81318,68.91183],[-117.32802,68.9786],[-117.83234,69.00779],[-118.53955,69.1346],[-118.81795,69.16424],[-119.27894,69.26152],[-120.22155,69.41845],[-120.84986,69.56865],[-121.63505,69.76428],[-122.32606,69.88449],[-122.83528,69.89112],[-123.05068,69.86033],[-123.29194,69.63985],[-123.80284,69.43446],[-124.2253,69.40343],[-124.6,69.46324],[-124.5081,69.59214],[-124.53439,69.78164],[-124.70694,69.94081],[-124.98928,69.8947],[-125.13957,69.83365],[-125.38624,69.818],[-125.41768,69.69654],[-125.18771,69.4092],[-125.27736,69.34096],[-125.45462,69.3331],[-125.974,69.43039],[-126.05785,69.46052],[-126.61846,69.67915],[-126.79519,69.78502],[-126.99711,70.02043],[-127.16632,70.23468],[-127.3517,70.38026],[-127.66734,70.51815],[-128.01106,70.6408],[-128.41585,70.68631],[-128.12115,70.48648],[-127.80552,70.31024],[-127.72554,70.18759],[-127.9398,70.07992],[-128.30909,69.99501],[-128.72376,69.87254],[-129.01314,69.72018],[-129.94268,69.64259],[-130.46363,69.46743],[-130.8958,69.30026],[-131.67298,69.27616],[-132.17496,68.98101],[-132.71331,68.86709],[-132.78898,68.70906],[-132.69037,68.46159],[-133.33893,68.79822],[-133.71958,68.91787],[-133.41318,69.13703],[-132.61789,69.25174],[-132.30321,69.48671],[-131.75438,69.60891],[-131.19462,69.68579],[-130.70325,69.85366],[-130.20801,69.91536],[-130.04979,69.96888],[-129.84948,70.15069],[-130.24183,70.20591],[-130.71192,70.20501],[-131.05906,70.15834],[-131.23551,70.07375],[-131.44623,69.96627],[-131.77656,69.92764],[-132.16646,69.88893],[-132.50795,69.85788],[-132.80314,69.75862],[-133.00216,69.75827],[-133.14132,69.67456],[-133.64763,69.50692],[-133.99483,69.50625],[-134.77598,69.57299],[-134.84383,69.52739],[-135.10398,69.49662],[-135.4392,69.52629],[-136.04397,69.33599],[-136.01494,69.14724],[-135.85952,69.07965],[-135.69887,68.9895],[-135.49578,68.71903],[-135.61019,68.70378],[-135.80329,68.77105],[-136.20307,68.87561],[-136.93157,68.94953],[-137.26085,68.964],[-137.72852,69.01584],[-138.27507,69.13549],[-138.99546,69.3683],[-139.90065,69.57099],[-140.33457,69.62324],[-140.7394,69.58457],[-141.05925,69.59546],[-141.01313,69.3782],[-141.01449,68.09328],[-140.99724,67.07674],[-140.97377,66.0258],[-140.91555,64.76773],[-140.92728,63.78551],[-140.94664,61.83505],[-140.93511,60.8597],[-140.89492,60.38882],[-140.80695,60.26297],[-140.42879,60.22991],[-139.33786,60.28469],[-139.00515,60.25838],[-138.8557,60.08398],[-138.77802,59.90965],[-138.62143,59.77807],[-137.64856,59.18515],[-137.22333,58.88223],[-137.11632,59.02835],[-136.7349,59.12053],[-136.18375,59.42204],[-135.85482,59.64632],[-135.63216,59.70314],[-135.25773,59.67031],[-135.11548,59.5806],[-134.94852,59.35899],[-134.79105,59.21399],[-133.86931,58.68512],[-133.50284,58.42426],[-132.70697,57.62873],[-131.95545,56.78188],[-131.72487,56.60519],[-131.63984,56.59196],[-131.19881,56.45078],[-130.28743,56.10749],[-130.10639,55.99259],[-130.1796,55.63822],[-130.00269,55.28854],[-129.84171,54.97855],[-130.03791,54.84368],[-130.11051,54.72929],[-130.29892,54.54758],[-130.26825,54.35303],[-130.17646,54.17215],[-130.00364,53.93796],[-129.43387,53.51754],[-129.06043,53.73897],[-128.81406,53.76393],[-128.82949,53.52539],[-128.88877,53.41832],[-128.43215,52.93854],[-128.07719,52.93924],[-128.05963,52.49952],[-127.87298,52.41333],[-127.71019,52.39368],[-127.43062,52.46079],[-127.03733,52.46356],[-127.30971,52.23481],[-127.55577,52.16784],[-127.73506,52.04121],[-128.01286,51.80823],[-127.45503,51.76948],[-127.35296,51.63697],[-127.55916,51.5371],[-127.67498,51.24528],[-127.62732,51.13283],[-127.45511,51.02064],[-127.24746,50.96812],[-126.69129,50.98905],[-126.42526,51.08882],[-126.22814,50.9304],[-126.16375,50.75201],[-126.08587,50.7125],[-125.86683,50.67329],[-125.41229,50.54866],[-124.93922,50.59581],[-124.84853,50.22638],[-124.79499,50.03529],[-124.47061,49.81253],[-124.25335,49.8392],[-124.14969,49.93132],[-123.9765,49.97105],[-123.92053,49.8858],[-123.84744,49.66282],[-123.69861,49.52535],[-123.531,49.51257],[-123.21205,49.62469],[-123.24522,49.46899],[-123.21332,49.27238],[-122.98426,49.13523],[-122.90025,49.06718],[-122.81288,49.06108],[-121.65236,49.06074],[-121.0518,49.05083],[-118.98721,49.06193],[-117.21516,49.05831],[-115.92358,49.05869],[-115.1646,49.05619],[-112.86184,49.06857],[-112.52905,49.06379],[-110.67026,49.05407],[-110.1801,49.06983],[-108.46074,49.05936],[-108.06732,49.06149],[-106.43958,49.06366],[-104.26153,49.05566],[-103.99101,49.05712],[-102.67024,49.05107],[-101.71109,49.05623],[-100.45978,49.04325],[-99.14808,49.0503],[-98.20086,49.04883],[-97.59413,49.05208],[-96.33502,49.03914],[-95.12574,49.05222],[-94.81984,49.05071],[-94.99382,49.31541],[-95.05278,49.47166],[-94.82732,49.48759],[-94.42395,49.1513],[-94.29831,48.98442],[-94.08768,48.77751],[-93.71324,48.57442],[-93.48024,48.60847],[-92.83901,48.51514],[-92.83005,48.43199],[-92.70808,48.43753],[-92.55614,48.22146],[-92.48405,48.33224],[-92.25805,48.32671],[-92.14982,48.20484],[-91.93885,48.16608],[-91.90996,48.08301],[-91.6821,48.03872],[-91.42446,48.10205],[-91.32612,48.12875],[-91.14085,48.21488],[-90,48.24851],[-90,47.97229],[-89.8714,47.99443],[-89.62203,47.96838],[-89.51669,48.00369],[-89.55915,48.00601],[-89.50162,48.05418],[-89.34409,48.1482],[-89.25556,48.24978],[-89.23603,48.35894],[-89.11362,48.45392],[-88.88832,48.53471],[-88.81654,48.50709],[-88.89828,48.37106],[-88.89167,48.31439],[-88.79674,48.33706],[-88.68019,48.4732],[-88.54205,48.72279],[-88.43004,48.82497],[-88.34417,48.77976],[-88.36405,48.7023],[-88.48967,48.59262],[-88.55443,48.50585],[-88.55834,48.442],[-88.52691,48.4496],[-88.46017,48.52865],[-88.39594,48.56777],[-88.33422,48.56694],[-88.31198,48.58652],[-88.32921,48.62651],[-88.30223,48.63231],[-88.23103,48.60393],[-88.16949,48.63636],[-88.1176,48.72961],[-88.12581,48.79248],[-88.19411,48.82495],[-88.23607,48.87149],[-88.2517,48.93209],[-88.20466,48.97646],[-88.09495,49.00461],[-87.84744,48.95373],[-87.46214,48.82383],[-87.19155,48.77385],[-87.03568,48.80379],[-86.93424,48.80027],[-86.88724,48.7633],[-86.82371,48.7614],[-86.74367,48.79457],[-86.68677,48.79088],[-86.65302,48.75033],[-86.58417,48.7411],[-86.4802,48.7632],[-86.38397,48.72533],[-86.29548,48.62749],[-86.22463,48.49519],[-86.17141,48.32843],[-86.07693,48.17943],[-85.94119,48.04819],[-85.7973,47.96628],[-85.64526,47.93371],[-85.38836,47.9248],[-85.02661,47.93955],[-84.89355,47.85989],[-84.98917,47.68584],[-84.92396,47.52418],[-84.69791,47.37491],[-84.62341,47.26095],[-84.70048,47.18228],[-84.74906,47.10068],[-84.76915,47.01614],[-84.73835,46.95263],[-84.65666,46.91016],[-84.60468,46.90285],[-84.58242,46.93071],[-84.51904,46.93118],[-84.41456,46.90428],[-84.37238,46.87237],[-84.39249,46.83544],[-84.4422,46.81703],[-84.5215,46.81712],[-84.56238,46.78524],[-84.56484,46.72138],[-84.54507,46.70758],[-84.50305,46.74383],[-84.46677,46.74412],[-84.43624,46.70845],[-84.46573,46.65483],[-84.55524,46.58326],[-84.56405,46.52332],[-84.49216,46.475],[-84.60002,46.45965],[-84.74364,46.46844],[-84.72309,46.44766],[-84.44015,46.45869],[-84.3602,46.39805],[-84.27732,46.26578],[-83.86512,46.18461],[-83.82065,46.15038],[-83.80662,46.17195],[-83.79359,46.257],[-83.61359,46.26604],[-83.26663,46.19904],[-82.97655,46.17653],[-82.74333,46.19851],[-82.64634,46.19889],[-82.68557,46.17767],[-82.4596,46.15254],[-81.96843,46.1235],[-81.74021,46.09785],[-81.77496,46.07557],[-81.78829,46.0525],[-81.7802,46.02863],[-81.82151,46.02408],[-81.91222,46.03887],[-81.92067,46.02777],[-81.84687,45.99079],[-81.77296,46.00789],[-81.69894,46.07904],[-81.62945,46.10098],[-81.56449,46.07369],[-81.57841,46.04701],[-81.67123,46.02093],[-81.70797,46.00808],[-81.68865,46.00847],[-81.66836,46.01233],[-81.6471,46.01967],[-81.59728,46.03012],[-81.47843,46.04972],[-81.47586,46.04832],[-81.62219,46.01911],[-81.64261,46.00694],[-81.58503,46.00163],[-81.58965,45.98642],[-81.65648,45.96131],[-81.68597,45.94655],[-81.67811,45.94215],[-81.63424,45.95749],[-81.55436,45.99258],[-81.51089,45.99956],[-81.50382,45.97842],[-81.48091,45.97486],[-81.44214,45.98886],[-81.4182,45.99418],[-81.40909,45.99081],[-81.39384,45.99133],[-81.37245,45.99575],[-81.33342,45.99767],[-81.2449,45.99576],[-81.2379,45.99366],[-81.27482,45.98946],[-81.35564,45.98317],[-81.3673,45.97257],[-81.30978,45.95767],[-81.24946,45.96305],[-81.18633,45.98871],[-81.16542,45.98363],[-81.18671,45.94783],[-81.10106,45.93707],[-80.90846,45.95137],[-80.80708,45.95483],[-80.79691,45.94746],[-80.7954,45.93566],[-80.80443,45.91184],[-80.80107,45.91286],[-80.80324,45.90028],[-80.7998,45.89657],[-80.79755,45.89908],[-80.79647,45.90781],[-80.79407,45.90892],[-80.79037,45.90241],[-80.78193,45.91693],[-80.76073,45.97013],[-80.75785,45.96987],[-80.74616,45.91273],[-80.73356,45.89204],[-80.71519,45.88868],[-80.69644,45.88778],[-80.66228,45.88998],[-80.64491,45.88864],[-80.68722,45.8854],[-80.72791,45.88611],[-80.73498,45.87834],[-80.73148,45.86166],[-80.71766,45.85033],[-80.69352,45.84434],[-80.66678,45.84778],[-80.63742,45.86066],[-80.6194,45.86616],[-80.61273,45.86428],[-80.62665,45.85565],[-80.66116,45.84027],[-80.69003,45.83323],[-80.71326,45.83452],[-80.70954,45.82042],[-80.67886,45.79093],[-80.62264,45.7757],[-80.54088,45.77472],[-80.5315,45.77204],[-80.59451,45.76765],[-80.63371,45.75713],[-80.6491,45.74048],[-80.61567,45.70483],[-80.53343,45.65019],[-80.49785,45.60801],[-80.50893,45.57829],[-80.48991,45.57893],[-80.44082,45.60993],[-80.39739,45.60935],[-80.35963,45.57719],[-80.35488,45.53609],[-80.38313,45.48607],[-80.36905,45.45169],[-80.31263,45.43295],[-80.2885,45.40684],[-80.29666,45.37338],[-80.26764,45.35071],[-80.20143,45.33885],[-80.18611,45.3493],[-80.22168,45.38207],[-80.21027,45.40155],[-80.15187,45.40775],[-80.09859,45.39567],[-80.05043,45.36532],[-80.05513,45.3129],[-80.1127,45.23839],[-80.087,45.17708],[-79.97802,45.12897],[-79.96712,45.10009],[-80.05428,45.09044],[-80.04214,45.0689],[-79.9307,45.03546],[-79.89409,45.00866],[-79.93233,44.98849],[-79.91808,44.96683],[-79.85135,44.94368],[-79.8117,44.90176],[-79.79913,44.84108],[-79.77751,44.80597],[-79.74684,44.79644],[-79.73211,44.79853],[-79.73332,44.81224],[-79.72113,44.82149],[-79.69554,44.82628],[-79.68874,44.83076],[-79.70539,44.83688],[-79.70266,44.83666],[-79.72617,44.85277],[-79.7375,44.86251],[-79.74358,44.87118],[-79.729,44.87768],[-79.69374,44.88202],[-79.67586,44.86683],[-79.67535,44.83211],[-79.68702,44.80961],[-79.71087,44.79932],[-79.70563,44.77938],[-79.67131,44.7498],[-79.71327,44.73928],[-79.83152,44.74781],[-79.88927,44.76714],[-79.88653,44.79726],[-79.89688,44.81132],[-79.92034,44.80931],[-79.93381,44.79891],[-79.93731,44.78012],[-79.94159,44.76949],[-79.94666,44.76701],[-79.9497,44.79108],[-79.95071,44.84171],[-79.9944,44.85263],[-80.08077,44.82383],[-80.08776,44.77399],[-80.01539,44.7031],[-80.00991,44.61844],[-80.07131,44.52001],[-80.22432,44.50461],[-80.46893,44.57225],[-80.60501,44.63501],[-80.63256,44.69291],[-80.68366,44.71746],[-80.7583,44.70866],[-80.83283,44.67002],[-80.90724,44.60153],[-80.93428,44.62352],[-80.91394,44.73596],[-80.96275,44.78081],[-81.08071,44.75805],[-81.09486,44.79919],[-81.00518,44.90422],[-80.99067,44.94047],[-81.05134,44.90793],[-81.11737,44.90863],[-81.18878,44.94256],[-81.25238,45.00525],[-81.30819,45.09669],[-81.32482,45.1681],[-81.30227,45.21948],[-81.39041,45.24804],[-81.58923,45.25379],[-81.69804,45.2461],[-81.71685,45.22497],[-81.68921,45.20871],[-81.61513,45.19732],[-81.54282,45.1366],[-81.47228,45.02654],[-81.41962,44.97882],[-81.38484,44.99343],[-81.34396,44.90485],[-81.297,44.71308],[-81.35459,44.5462],[-81.51671,44.4042],[-81.63806,44.26833],[-81.71861,44.13859],[-81.75216,43.89228],[-81.73869,43.52941],[-81.80792,43.31762],[-81.95983,43.25692],[-82.06985,43.1845],[-82.13797,43.10036],[-82.23283,43.04399],[-82.29784,43.0287],[-82.41758,42.80698],[-82.53621,42.61223],[-82.72241,42.4796],[-83.04053,42.24337],[-83.06046,42.14537],[-83.05604,42.02698],[-82.99066,42.00419],[-82.84544,41.99355],[-82.68946,42.01911],[-82.58588,42.00135],[-82.53469,41.94027],[-82.48422,41.96008],[-82.43447,42.06077],[-82.28443,42.1472],[-82.0341,42.21938],[-81.9005,42.2753],[-81.88296,42.31604],[-81.89853,42.27853],[-81.89222,42.2589],[-81.86402,42.25714],[-81.83837,42.29032],[-81.81527,42.35845],[-81.6823,42.45737],[-81.43946,42.58709],[-81.01416,42.62421],[-80.40641,42.56871],[-80.0876,42.54299],[-80.05773,42.54705],[-80.14575,42.56537],[-80.35168,42.59793],[-80.39497,42.65651],[-80.2756,42.74111],[-80.02294,42.80663],[-79.63699,42.85309],[-79.35685,42.86608],[-79.18252,42.84561],[-79.05016,42.85226],[-79.06566,42.97131],[-79.13787,43.18299],[-79.14005,43.22208],[-79.18909,43.20889],[-79.47753,43.1948],[-79.68612,43.2657],[-79.79251,43.30005],[-79.7967,43.29787],[-79.79442,43.28978],[-79.78569,43.27577],[-79.78307,43.26731],[-79.78659,43.26439],[-79.82259,43.26512],[-79.89109,43.2695],[-79.89613,43.28238],[-79.83772,43.30376],[-79.8068,43.31008],[-79.80335,43.30132],[-79.79897,43.29815],[-79.79367,43.30057],[-79.6469,43.49084],[-79.53005,43.5697],[-79.39244,43.6014],[-79.26672,43.66897],[-79.1529,43.77241],[-78.73836,43.87766],[-78.02309,43.98473],[-77.62279,44.01024],[-77.53747,43.95421],[-77.44337,43.93443],[-77.3405,43.9509],[-77.28952,43.95599],[-77.29042,43.94969],[-77.29365,43.94473],[-77.29921,43.94111],[-77.25992,43.95501],[-77.25291,43.94785],[-77.26694,43.92304],[-77.28454,43.91734],[-77.3057,43.93077],[-77.31094,43.94029],[-77.30027,43.9459],[-77.30562,43.94868],[-77.32699,43.94862],[-77.31499,43.92527],[-77.26959,43.87863],[-77.22306,43.8513],[-77.17539,43.8433],[-77.07862,43.86277],[-76.93275,43.90972],[-76.89668,43.93551],[-76.97041,43.94016],[-77.01377,43.9353],[-77.03584,43.91285],[-77.04097,43.91105],[-77.04557,43.91236],[-77.04965,43.9168],[-76.99959,43.96688],[-76.89538,44.06262],[-76.88076,44.0927],[-76.95572,44.05713],[-77.02227,44.0402],[-77.08042,44.04192],[-77.11625,44.03427],[-77.12976,44.01724],[-77.11913,44.05],[-77.08436,44.13254],[-77.12744,44.14885],[-77.24836,44.09892],[-77.30981,44.09265],[-77.31179,44.13002],[-77.38521,44.12798],[-77.53008,44.08654],[-77.53982,44.09056],[-77.41444,44.14002],[-77.31146,44.16289],[-77.23086,44.15917],[-77.152,44.16798],[-77.07486,44.18934],[-77.0248,44.19983],[-77.00182,44.19946],[-76.98482,44.20848],[-76.97381,44.22689],[-76.96252,44.23958],[-76.95095,44.24655],[-76.97584,44.21382],[-77.03717,44.14138],[-77.03413,44.12932],[-76.96671,44.17764],[-76.93253,44.19506],[-76.93157,44.18159],[-76.9198,44.17485],[-76.89722,44.17486],[-76.88555,44.16952],[-76.88479,44.15883],[-76.93268,44.13592],[-77.02923,44.10079],[-77.06328,44.07512],[-77.03486,44.05892],[-76.87583,44.1117],[-76.58621,44.23346],[-76.44859,44.27739],[-76.46299,44.24348],[-76.35707,44.26011],[-76.13289,44.32667]]],[[[-98.8779,68.88512],[-98.60599,68.86307],[-98.16823,68.78121],[-97.60563,68.63961],[-97.2087,68.61033],[-96.79361,68.52864],[-96.47281,68.51426],[-96.21271,68.53721],[-95.64428,68.75588],[-95.51457,68.80869],[-96.00719,69.041],[-96.14882,69.16884],[-96.18221,69.29705],[-96.76149,69.4773],[-97.4074,69.74872],[-97.74158,69.83156],[-98.11539,69.80052],[-98.25264,69.6941],[-98.30435,69.39128],[-98.4774,69.30786],[-99.17148,69.12549],[-99.36505,68.97448],[-98.8779,68.88512]]],[[[-101.40629,72.29485],[-100.7592,72.24101],[-100.31894,72.13973],[-99.86263,71.92894],[-99.43435,71.64057],[-98.93899,71.39222],[-98.71809,71.35376],[-98.37188,71.36997],[-98.00388,71.54968],[-98.47841,71.79854],[-98.48398,71.89236],[-98.18998,71.84595],[-97.84193,71.69036],[-97.58004,71.64402],[-97.28401,71.6524],[-97.0552,71.71527],[-96.84962,71.87977],[-96.72786,72.18573],[-96.65747,72.34305],[-96.35087,72.50116],[-96.43458,72.69835],[-96.68853,72.81654],[-96.86413,72.82412],[-97.25463,72.9343],[-97.74046,73.01268],[-98.05192,72.97245],[-98.27965,73.0196],[-98.39371,73.13058],[-98.36284,73.21813],[-98.18635,73.29009],[-97.48886,73.45877],[-97.34347,73.61081],[-97.08239,73.66727],[-96.93673,73.78765],[-97.34714,73.89112],[-97.95663,73.92206],[-98.51104,73.86486],[-98.70653,73.7523],[-98.9675,73.72777],[-99.2194,73.74334],[-99.66771,73.91889],[-99.85664,73.91853],[-100.17654,73.82167],[-100.93396,73.86035],[-100.99366,73.81211],[-100.91383,73.70813],[-100.43335,73.51712],[-99.95504,73.26287],[-99.96296,73.16739],[-100.14955,73.15113],[-100.55805,72.87265],[-100.83489,72.74548],[-101.04202,72.76881],[-101.52066,72.87085],[-101.98523,73.08414],[-102.27919,73.14716],[-102.66873,72.85284],[-101.65374,72.37307],[-101.40629,72.29485]]],[[[-95.49306,73.61426],[-95.61454,73.31877],[-95.64077,73.14367],[-95.54763,72.88201],[-95.1239,72.51923],[-95.05837,72.28314],[-94.5424,72.18979],[-94.10856,72.22203],[-93.72376,72.38791],[-93.63933,72.5299],[-94.26578,72.85272],[-93.69485,72.87755],[-92.62426,72.80831],[-92.00058,72.84114],[-91.31958,73.25516],[-90,73.59082],[-90,73.99981],[-91.05135,74.04741],[-91.52424,74.05461],[-92.11629,73.98919],[-92.69331,74.01223],[-93.35233,74.12356],[-93.89901,74.16276],[-94.86818,74.13681],[-94.97359,74.10443],[-95.06854,74.06405],[-94.98547,73.93563],[-94.79847,73.81568],[-94.75805,73.74366],[-95.32336,73.75862],[-95.49306,73.61426]]],[[[-125.64538,49.05622],[-125.45961,49.16795],[-124.99903,49.16885],[-125.16861,48.9589],[-125.19606,48.87374],[-125.09777,48.79538],[-124.49255,48.60025],[-123.90202,48.4706],[-123.71907,48.47749],[-123.59342,48.63472],[-123.64537,48.81786],[-123.86136,49.15797],[-124.00361,49.24943],[-124.71793,49.49057],[-124.88077,49.57553],[-125.07567,49.76541],[-125.2675,50.05415],[-125.54544,50.29098],[-125.71859,50.40943],[-126.5159,50.5003],[-126.95738,50.59189],[-127.84802,50.86111],[-127.9997,50.88066],[-128.43282,50.82692],[-128.44161,50.77402],[-128.3431,50.66847],[-127.76865,50.28006],[-127.38546,50.05001],[-127.21158,50.00423],[-126.96117,50.05743],[-126.5222,49.82167],[-126.66481,49.69015],[-126.56312,49.57225],[-126.23254,49.53354],[-126.11152,49.52722],[-125.89225,49.37683],[-125.96684,49.17351],[-125.77978,49.08871],[-125.64538,49.05622]]],[[[-132.37853,53.98699],[-132.72988,54.06671],[-132.87006,54.04634],[-133.05393,54.06609],[-133.0967,54.01911],[-133.08599,53.80482],[-132.99697,53.65111],[-132.56876,53.2795],[-132.35137,53.36487],[-132.08985,53.3988],[-132.07715,53.53918],[-131.99947,53.79354],[-131.89425,53.89415],[-131.95638,53.96771],[-132.08231,54.02106],[-132.37853,53.98699]]],[[[-111.72554,72.33059],[-111.64081,72.72526],[-112.06347,72.84318],[-112.83889,72.95272],[-113.24133,72.94403],[-113.75349,72.69757],[-114.10439,72.64158],[-114.47271,72.62509],[-114.46294,72.98933],[-114.21641,73.14867],[-114.18506,73.24423],[-114.64695,73.35488],[-115.14786,73.31409],[-115.46322,73.19406],[-116.05919,73.12137],[-116.6429,73.00113],[-116.81048,72.92147],[-117.21971,72.8573],[-118.39876,72.47567],[-118.98561,72.03417],[-118.96837,71.90881],[-118.64907,71.79982],[-118.33757,71.8239],[-118.04493,71.73843],[-117.74025,71.58288],[-117.49078,71.49758],[-117.31388,71.47455],[-116.60405,71.54601],[-115.69346,71.57892],[-115.51704,71.42343],[-115.74225,71.29856],[-116.16114,71.25117],[-116.96211,71.18756],[-117.41016,71.20224],[-118.00223,71.10803],[-118.37259,71.08409],[-118.49877,71.05284],[-118.50345,70.9599],[-117.76066,70.72171],[-117.48882,70.72221],[-117.05903,70.74617],[-116.29657,70.77075],[-115.59048,70.76438],[-113.76405,70.73692],[-112.89022,70.64599],[-111.84993,70.42466],[-111.54371,70.32538],[-111.73053,70.25592],[-112.50061,70.23913],[-112.99109,70.23822],[-113.9538,70.25943],[-114.37436,70.25865],[-115.14665,70.27255],[-115.55354,70.23343],[-115.96314,70.22499],[-116.21415,70.2322],[-116.48556,70.14733],[-117.1929,70.12302],[-117.43177,70.02304],[-117.5682,69.99218],[-116.99492,69.74259],[-116.6562,69.5159],[-116.29551,69.42577],[-115.90655,69.35089],[-115.3407,69.29905],[-113.92465,69.24885],[-113.71682,69.20395],[-113.53913,69.1138],[-113.53999,68.97814],[-113.62914,68.93282],[-113.60199,68.72235],[-113.15218,68.59557],[-112.73987,68.58884],[-112.52248,68.63426],[-111.62939,68.60591],[-111.08742,68.64444],[-110.44822,68.65314],[-109.20942,68.81319],[-108.64557,69.00235],[-108.01073,69.04872],[-107.53623,69.05714],[-107.03467,69.28435],[-106.85383,69.45092],[-106.59244,69.4968],[-106.37526,69.48207],[-106.17933,69.33125],[-105.93044,69.23358],[-104.90506,69.00933],[-104.18777,68.89776],[-103.65028,68.86117],[-103.17824,68.85452],[-102.54044,68.90835],[-102.27785,68.95402],[-102.04509,69.06739],[-101.80838,69.13565],[-101.80372,69.24128],[-102.19798,69.48231],[-102.50229,69.4288],[-102.77837,69.36026],[-103.26754,69.32913],[-103.36133,69.63911],[-103.24611,69.69238],[-102.78671,69.70837],[-102.23951,69.87631],[-101.81391,69.77085],[-101.44928,69.6654],[-100.96714,69.62841],[-100.89128,69.67402],[-101.05518,70.03077],[-101.51056,70.20607],[-102.43571,70.46538],[-103.11633,70.51027],[-103.63449,70.62477],[-103.86364,70.70147],[-104.49382,70.99388],[-104.59457,71.04791],[-104.67539,71.1873],[-104.52513,71.45958],[-104.44526,71.56881],[-104.46709,71.65454],[-104.85225,71.92741],[-105.01037,72.04465],[-105.24045,72.33487],[-105.3126,72.65014],[-105.44746,72.79221],[-105.60927,72.87112],[-106.52324,73.1949],[-107.32208,73.26502],[-108.18151,73.38295],[-108.28399,73.22342],[-108.08661,72.62913],[-107.52726,72.01641],[-107.59039,71.89878],[-108.06053,71.75713],[-108.34788,71.91303],[-108.78216,72.39121],[-108.86968,72.61977],[-108.98632,72.7302],[-109.29004,72.84044],[-109.83352,72.95041],[-110.45457,73.01272],[-110.52461,72.9967],[-110.0794,72.56223],[-110.22986,72.53041],[-110.57087,72.53765],[-110.84028,72.47403],[-111.19661,72.37096],[-111.49363,72.36252],[-111.72554,72.33059]]],[[[-125.18923,71.92848],[-124.57727,71.89828],[-124.07214,71.73497],[-123.87773,71.61818],[-123.63046,71.40821],[-123.46767,71.19864],[-122.99114,71.153],[-122.57442,71.14598],[-122.17037,71.28651],[-121.93623,71.50484],[-121.3904,71.4747],[-120.8435,71.53028],[-120.5456,71.65564],[-120.42399,71.88258],[-120.4536,72.29851],[-120.01549,72.35443],[-119.76837,72.39427],[-119.307,72.64763],[-118.585,72.97369],[-118.10413,73.11756],[-117.28129,73.3101],[-116.79818,73.37477],[-116.07413,73.51982],[-115.95704,73.55201],[-115.76273,73.56835],[-115.65368,73.63253],[-116.72863,73.99942],[-117.33622,74.16728],[-117.68313,74.19886],[-118.23336,74.20589],[-118.82579,74.14837],[-119.14412,74.12362],[-119.5574,74.16311],[-121.01623,74.52375],[-121.23874,74.58001],[-121.79779,74.54657],[-122.37542,74.48072],[-123.05698,74.43905],[-123.49339,74.4463],[-124.14805,74.46936],[-124.51832,74.44439],[-124.90926,74.44366],[-124.74035,74.24207],[-124.18707,73.93727],[-124.06482,73.86521],[-124.01027,73.72099],[-124.24724,73.45661],[-124.74394,73.21649],[-124.88213,73.04924],[-125.09274,72.96944],[-125.34129,72.96896],[-125.14469,72.60512],[-125.18065,72.43141],[-125.39704,72.33649],[-125.66237,72.20224],[-125.90373,72.15464],[-125.82783,72.07625],[-125.61702,71.99038],[-125.18923,71.92848]]],[[[-114.3724,76.46963],[-114.94804,76.44313],[-115.37674,76.38309],[-115.80212,76.34004],[-116.06982,76.26353],[-116.29641,76.23779],[-116.15001,75.93451],[-115.15033,75.7568],[-115.58225,75.68534],[-116.50358,75.67524],[-116.99785,75.64924],[-117.38604,75.45695],[-117.39663,75.40709],[-117.01243,75.25848],[-116.57206,75.20137],[-116.15805,75.23527],[-115.94211,75.31025],[-115.18593,75.15435],[-114.828,75.19641],[-114.24674,75.21405],[-113.51533,75.28999],[-112.81147,75.41577],[-112.39543,75.39164],[-111.14969,75.35252],[-111.36728,75.10375],[-111.8577,75.03678],[-112.13744,75.04448],[-112.66201,75.01877],[-113.04501,74.98505],[-113.37739,74.91931],[-113.92582,74.90203],[-114.21727,74.84458],[-114.0933,74.67438],[-113.44279,74.54598],[-113.10613,74.51426],[-112.20279,74.49976],[-111.60055,74.58992],[-110.86917,74.72097],[-110.42956,74.83542],[-110.0877,74.91732],[-109.57822,75.0081],[-109.07034,75.13288],[-108.79049,75.12514],[-107.99984,75.04409],[-107.47963,75.01208],[-106.72284,75.05475],[-106.37101,75.05539],[-106.03122,75.10556],[-105.77346,75.23007],[-105.61218,75.43772],[-105.62947,75.66247],[-105.49804,75.84657],[-105.9172,76.02184],[-106.58996,76.12986],[-106.77398,76.09586],[-106.84192,75.96972],[-106.69148,75.76065],[-107.50361,75.9433],[-107.90874,75.95932],[-108.16327,76.00918],[-108.39634,76.30342],[-108.38874,76.48948],[-108.73676,76.79467],[-108.96502,76.87096],[-109.45846,76.81887],[-109.71453,76.75022],[-109.95057,76.57979],[-110.38248,76.43489],[-109.77643,76.27549],[-109.35304,76.09938],[-109.10259,75.8481],[-109.1438,75.71422],[-109.64592,75.63817],[-109.91189,75.62935],[-110.5498,75.66986],[-110.98181,75.64399],[-111.38564,75.65991],[-111.84268,75.8178],[-112.57361,76.16057],[-112.85118,76.22746],[-113.54859,76.13347],[-113.84507,76.21713],[-114.13768,76.38546],[-114.3724,76.46963]]],[[[-122.6358,76.27636],[-122.2821,76.15056],[-121.71134,76.17693],[-121.45937,76.27014],[-121.31076,76.29576],[-121.11998,76.24549],[-120.69238,76.03579],[-120.45403,75.95227],[-120.09986,75.97815],[-119.78257,76.13846],[-119.65475,76.30735],[-119.38678,76.37547],[-119.10331,76.6558],[-118.8389,76.80952],[-118.736,76.93775],[-118.56546,76.94661],[-118.25322,76.87889],[-117.8633,76.43759],[-117.41304,76.42999],[-116.99987,76.72786],[-116.58939,76.77971],[-116.23955,76.7804],[-116.45067,76.9934],[-116.50471,77.11317],[-116.40592,77.2335],[-116.02256,77.33746],[-115.68245,77.38118],[-116.35908,77.5784],[-116.82597,77.54296],[-117.22555,77.41268],[-117.98158,77.41989],[-119.12111,77.34879],[-119.69558,77.31325],[-120.18305,77.20914],[-120.42988,77.05431],[-121.13805,76.88192],[-121.57772,76.70211],[-121.92444,76.64194],[-122.15078,76.58204],[-122.65935,76.53863],[-122.76305,76.41982],[-122.6358,76.27636]]],[[[-113.16021,77.79248],[-113.02425,77.60209],[-112.76443,77.5507],[-111.91035,77.48322],[-111.45208,77.51862],[-110.61967,77.53749],[-110.36876,77.65908],[-109.66121,77.94987],[-110.71012,78.02343],[-110.93313,78.02299],[-111.99119,77.97737],[-112.3957,78.00277],[-113.0097,77.92321],[-113.16021,77.79248]]],[[[-103.51249,78.27315],[-103.23246,78.27369],[-102.5636,78.31003],[-101.16788,78.26887],[-100.88823,78.18188],[-100.47146,77.89492],[-100.19978,77.81724],[-99.67965,77.79219],[-99.26584,77.85376],[-99.04939,77.94113],[-99.12513,78.13285],[-99.38645,78.33364],[-99.89162,78.65815],[-100.16321,78.77249],[-100.69335,78.87772],[-101.67851,78.929],[-102.56875,79.01609],[-103.01837,79.22005],[-103.3648,79.38917],[-104.44108,79.45879],[-105.45151,79.40312],[-105.48098,79.22425],[-104.85462,79.13631],[-104.37078,79.1016],[-104.11021,79.0576],[-103.50527,78.83689],[-103.39164,78.71327],[-103.37756,78.60736],[-103.7678,78.59782],[-104.52706,78.70228],[-104.88801,78.70158],[-105.03872,78.63948],[-104.96615,78.53386],[-104.50757,78.36771],[-104.16248,78.29821],[-103.51249,78.27315]]],[[[-60.62712,47.13289],[-61.04663,46.66355],[-61.38057,46.33139],[-61.40875,46.04556],[-61.24846,45.79277],[-61.02503,45.66996],[-60.81412,45.64443],[-60.50744,45.6645],[-59.99722,45.85362],[-59.88658,45.92523],[-59.80716,46.0812],[-60.02993,46.28857],[-60.16898,46.31429],[-60.4465,46.17084],[-60.63575,46.00814],[-60.76125,45.89106],[-60.83699,45.87794],[-61.07203,45.98781],[-60.96255,46.1893],[-60.70165,46.33273],[-60.58391,46.38494],[-60.47883,46.53464],[-60.42846,46.74282],[-60.25976,46.93831],[-60.62712,47.13289]]],[[[-57.81419,49.20152],[-57.974,49.08337],[-58.10563,49.08312],[-58.23106,49.10906],[-58.39204,49.03675],[-58.68047,48.7026],[-58.13945,48.59907],[-58.42566,48.44818],[-58.6518,48.37589],[-58.98199,48.19237],[-59.23449,48.04174],[-59.31852,47.96325],[-59.2217,47.75471],[-59.15656,47.67005],[-58.70043,47.73616],[-58.09052,47.76344],[-57.63545,47.7252],[-57.12299,47.64144],[-56.80369,47.61598],[-56.33007,47.63647],[-56.14559,47.73463],[-56.07895,47.86522],[-55.73853,47.87241],[-55.75614,47.65063],[-55.69772,47.57905],[-55.51267,47.58593],[-55.36751,47.79486],[-55.09711,47.76929],[-54.78262,47.71123],[-55.06698,47.54769],[-55.27668,47.3127],[-55.82961,47.12928],[-55.90388,47.06403],[-55.80425,46.9666],[-55.40785,46.94785],[-55.18452,47.098],[-54.93616,47.33944],[-54.74049,47.43102],[-54.57618,47.49651],[-54.38583,47.62724],[-54.21135,47.80364],[-54.08567,47.77127],[-53.89633,47.5565],[-53.90126,47.40661],[-54.12506,47.11311],[-54.08244,46.98952],[-53.91422,46.99634],[-53.64375,47.17916],[-53.62491,46.88629],[-53.4893,46.82151],[-53.16962,46.76358],[-53.06956,46.73127],[-52.91651,47.02434],[-52.80422,47.31756],[-52.7286,47.45452],[-52.73518,47.54574],[-52.77368,47.53915],[-53.09581,47.55155],[-53.16282,47.67528],[-53.11841,47.87753],[-53.35561,47.94883],[-53.49432,47.83113],[-53.57676,47.73967],[-53.70288,47.84377],[-53.75874,48.02634],[-53.88171,48.1893],[-53.81252,48.2482],[-53.4113,48.29469],[-53.22929,48.40608],[-53.11499,48.52391],[-53.12393,48.59578],[-53.24904,48.64782],[-53.45785,48.58859],[-53.64546,48.51633],[-53.76256,48.52265],[-53.97684,48.68562],[-54.12958,48.83572],[-53.81076,49.04568],[-53.64292,49.15073],[-53.5091,49.28192],[-53.78618,49.38616],[-54.15791,49.47714],[-54.48107,49.50272],[-54.61985,49.47625],[-54.76619,49.29257],[-55.10734,49.27881],[-55.74758,49.53302],[-55.85082,49.56558],[-55.96838,49.65712],[-55.56535,49.96609],[-56.06706,50.10332],[-56.27308,50.01732],[-56.49044,49.76755],[-56.68308,49.68849],[-56.73264,49.68839],[-56.78361,49.81943],[-56.66153,50.05606],[-56.11003,50.70324],[-55.77034,51.05406],[-55.92743,51.25216],[-55.81848,51.31193],[-55.55652,51.32566],[-55.42204,51.42521],[-55.47163,51.52446],[-55.56077,51.55741],[-56.15243,51.47015],[-56.37553,51.38364],[-56.70152,51.1845],[-57.3556,50.59523],[-57.86014,49.9879],[-58.09229,49.59399],[-58.1277,49.49564],[-57.81419,49.20152]]],[[[-87.05285,63.75199],[-87.1012,63.54468],[-86.03206,63.67527],[-85.60073,63.74756],[-85.43207,63.59783],[-85.4628,63.20552],[-85.1568,63.18473],[-84.65469,63.3139],[-84.39013,63.44988],[-84.08714,63.67179],[-83.49582,63.74437],[-83.43925,63.78738],[-83.51739,64.0521],[-83.42595,64.17414],[-83.18855,64.18177],[-82.73104,64.07508],[-82.49345,63.93943],[-82.19765,63.6896],[-82.00051,63.63282],[-81.40322,63.57683],[-81.12308,63.52021],[-80.69595,63.49963],[-80.48861,63.62139],[-80.3679,63.67876],[-80.17939,63.722],[-80.63768,63.91427],[-80.95305,63.97812],[-81.37314,63.9988],[-81.6296,63.96969],[-81.87213,63.99072],[-81.83136,64.40681],[-81.9107,64.52168],[-82.10961,64.64357],[-83.08543,64.86502],[-83.34707,64.9799],[-83.75972,65.21129],[-84.12236,65.34141],[-84.42398,65.39175],[-84.60505,65.18065],[-84.84234,65.20199],[-85.1984,65.37575],[-85.05793,65.60907],[-85.55755,65.86355],[-85.70657,65.65158],[-85.82079,65.36003],[-86.01604,65.10542],[-86.19514,64.72953],[-86.24284,64.54232],[-86.19712,64.35553],[-86.06108,64.14051],[-86.80084,63.88837],[-87.05285,63.75199]]],[[[-76.79419,68.14715],[-77.11247,67.8484],[-77.24754,67.6548],[-77.16954,67.4397],[-77.06482,67.32873],[-76.86277,67.26249],[-76.26924,67.24878],[-75.7704,67.30152],[-75.30918,67.45801],[-75.14626,67.57703],[-75.1195,68.11297],[-75.47484,68.25417],[-75.88469,68.3431],[-76.4963,68.26721],[-76.79419,68.14715]]],[[[-71.25812,63.56728],[-71.53546,63.35991],[-71.69125,63.33111],[-71.62174,63.21014],[-71.31892,63.06126],[-70.7794,62.95563],[-70.67387,62.86225],[-70.64811,62.92745],[-70.36223,62.86407],[-70.07524,62.7723],[-69.55949,62.70942],[-69.15526,62.41962],[-68.66358,62.30733],[-68.01397,62.25903],[-67.45084,62.13288],[-66.76502,61.94357],[-65.94034,61.79],[-66.13322,62.10004],[-66.33226,62.31878],[-66.68069,62.56592],[-67.26384,62.85569],[-68.09263,63.14558],[-68.47648,63.33714],[-68.83601,63.65038],[-68.87864,63.75033],[-68.48603,63.73677],[-68.23077,63.6658],[-67.68161,63.45271],[-67.76574,63.80247],[-67.28792,63.50336],[-67.14419,63.37528],[-66.49595,63.07743],[-66.0868,62.99288],[-65.76305,63.02193],[-65.69803,63.00782],[-65.29798,62.69614],[-65.02101,62.55489],[-64.76776,62.47745],[-64.93792,62.711],[-65.1325,62.89521],[-65.15611,62.98751],[-64.73933,62.93145],[-64.73497,63.06652],[-65.20952,63.64291],[-65.26278,63.76427],[-65.25071,63.87155],[-65.00145,63.76474],[-64.41539,63.24504],[-64.36486,63.43754],[-64.47394,63.7443],[-64.61976,63.85126],[-65.05298,64.05088],[-65.30861,64.17939],[-65.42321,64.26522],[-65.32708,64.35872],[-65.04183,64.40952],[-65.6628,64.58801],[-65.92605,64.70983],[-66.19254,64.88937],[-66.32096,64.91077],[-66.59773,64.76616],[-66.82872,64.96029],[-67.10421,65.32244],[-67.32944,65.584],[-67.5935,65.61993],[-67.86521,65.62672],[-68.25179,66.06419],[-68.37565,66.28373],[-68.08504,66.18898],[-67.77575,66.02852],[-67.61417,65.91181],[-67.30549,65.9343],[-67.16103,65.98576],[-67.75988,66.37292],[-67.74914,66.47574],[-67.45919,66.51303],[-67.25595,66.61634],[-66.91285,66.59491],[-66.56691,66.46327],[-66.04065,66.1855],[-65.71737,66.05431],[-65.27105,66.01857],[-65.17035,66.01144],[-65.03385,65.9532],[-65.15502,65.78496],[-65.17781,65.65363],[-64.84371,65.37758],[-64.42532,65.50203],[-64.28371,65.37863],[-64.27581,65.26962],[-64.18361,65.18994],[-63.84556,65.11074],[-63.54065,64.99533],[-63.352,65.02465],[-63.51128,65.431],[-63.38091,65.92704],[-63.01229,65.66497],[-62.84475,65.61426],[-62.70429,65.74578],[-62.54404,65.84826],[-62.06825,65.93682],[-62.09398,66.0611],[-62.21956,66.13405],[-62.65512,66.33845],[-62.29767,66.43455],[-62.18678,66.41272],[-61.8636,66.31794],[-61.49476,66.34064],[-61.4488,66.48754],[-61.33414,66.53183],[-61.21058,66.63501],[-61.29785,66.67901],[-61.78801,66.86222],[-62.09613,67.01658],[-62.52051,66.84611],[-62.75195,66.84569],[-63.16489,66.92601],[-62.99138,67.17745],[-63.39403,67.19888],[-63.62352,67.13931],[-64.25593,67.11595],[-64.61375,67.11527],[-64.60144,67.31504],[-63.93301,67.41257],[-64.10211,67.56799],[-64.49025,67.78271],[-64.82885,67.95326],[-65.10331,67.96766],[-65.52998,67.87005],[-66.16581,68.00291],[-66.40714,68.02483],[-66.74474,67.92733],[-66.90284,68.09846],[-66.92033,68.22531],[-67.03156,68.3073],[-67.6222,68.46327],[-68.22119,68.62696],[-68.4689,68.64147],[-68.66535,68.71613],[-68.77549,68.84356],[-68.07705,68.89747],[-67.97969,68.98788],[-68.53315,69.25049],[-68.39074,69.33374],[-68.01995,69.30425],[-67.6261,69.20692],[-67.17119,69.17011],[-66.8347,69.17071],[-66.66814,69.18608],[-66.77282,69.32167],[-67.01748,69.41935],[-67.43982,69.5017],[-68.03991,69.53081],[-68.20718,69.59103],[-68.23384,69.71212],[-68.04297,69.77309],[-67.50282,69.79684],[-67.0443,69.7977],[-67.33066,70.03273],[-67.57548,70.18531],[-67.805,70.26916],[-68.0208,70.29945],[-68.18325,70.25313],[-68.36594,70.12257],[-68.92173,70.068],[-69.25789,69.99094],[-69.46268,69.96012],[-69.6981,70.07418],[-69.59112,70.19687],[-68.74963,70.39015],[-68.54206,70.4904],[-68.46939,70.55974],[-68.7242,70.68246],[-69.09159,70.78199],[-69.68382,70.74232],[-70.05768,70.64914],[-70.2929,70.61791],[-70.65165,70.76364],[-70.66658,71.08046],[-71.15184,71.03308],[-71.35637,70.95535],[-71.88152,70.93119],[-71.56268,71.16399],[-71.27546,71.31968],[-71.25251,71.3508],[-71.66397,71.5133],[-72.53456,71.62851],[-73.12123,71.26965],[-73.27524,71.16077],[-73.50741,71.34658],[-73.67182,71.55626],[-73.886,71.66499],[-74.11194,71.68795],[-74.40551,71.60944],[-74.80948,71.42186],[-75.00154,71.45261],[-75.20394,71.56898],[-75.13749,71.67046],[-74.76948,71.78821],[-74.5515,71.9137],[-74.31252,71.95327],[-74.31275,72.03939],[-74.63761,72.19564],[-74.89579,72.28155],[-75.17511,72.43048],[-75.32203,72.54842],[-75.63189,72.61091],[-76.14997,72.5705],[-76.6775,72.63264],[-77.11871,72.7108],[-77.45512,72.72597],[-77.89602,72.70143],[-78.36335,72.58214],[-78.56826,72.36905],[-78.66637,72.31381],[-78.57443,71.92962],[-78.66254,71.87471],[-79.05626,71.96003],[-79.1281,72.17155],[-79.12539,72.28936],[-79.32959,72.36761],[-79.68543,72.3827],[-79.95325,72.34285],[-80.08085,72.13839],[-80.57043,71.99636],[-80.86315,72.01147],[-81.0268,72.05034],[-81.04363,72.38014],[-80.72471,72.66456],[-80.46251,72.97364],[-80.48867,73.03701],[-81.17988,73.47333],[-81.53178,73.68836],[-81.90645,73.75168],[-82.1952,73.77516],[-82.6968,73.78224],[-83.45606,73.63676],[-83.92614,73.57995],[-84.50546,73.49106],[-84.86235,73.35481],[-84.30761,73.19668],[-83.88482,73.07036],[-84.56403,73.04528],[-85.10701,73.08396],[-85.50573,72.9404],[-85.52945,72.69506],[-85.50441,72.60823],[-85.14729,72.48272],[-84.83113,72.46758],[-84.28932,72.25613],[-84.66581,72.224],[-85.11649,72.27815],[-85.32934,72.19133],[-85.55709,72.08106],[-85.60246,72.01045],[-85.20472,71.76867],[-85.01464,71.70658],[-84.68887,71.66037],[-84.53479,71.53594],[-84.48841,71.34931],[-84.78257,71.06175],[-85.45938,71.10698],[-85.89104,71.12167],[-85.85852,71.26133],[-85.28621,71.41001],[-85.24308,71.46455],[-85.94468,71.74387],[-86.33254,71.9934],[-86.44831,72.13428],[-86.41395,72.31502],[-86.21418,72.44921],[-86.77942,72.69271],[-86.85537,72.85867],[-86.66202,73.0969],[-86.03498,73.38449],[-85.66802,73.60064],[-85.25421,73.77745],[-85.63981,73.86488],[-86.24623,73.87976],[-86.89244,73.83047],[-87.21197,73.7898],[-87.4284,73.73333],[-87.74259,73.73275],[-87.90912,73.65243],[-88.09925,73.63607],[-88.43248,73.46773],[-88.84568,73.32347],[-89.10019,73.19565],[-89.63865,72.78225],[-89.8407,72.42665],[-89.82087,72.348],[-89.33409,72.16812],[-89.37053,72.0661],[-89.66103,72.04203],[-89.81404,71.97904],[-89.94577,71.72855],[-89.99718,71.54129],[-89.43505,71.44115],[-89.19249,71.4338],[-88.85417,71.45],[-87.94922,71.3506],[-87.58924,71.22703],[-87.1688,71.0186],[-87.30907,70.93323],[-87.70471,70.92475],[-88.2504,70.97013],[-88.75949,71.00014],[-89.14981,70.96847],[-89.20502,70.84468],[-89.01851,70.67528],[-88.43218,70.46083],[-87.94801,70.38491],[-87.40171,70.3629],[-87.12149,70.40183],[-86.94352,70.55595],[-86.53694,70.53361],[-86.37335,70.46472],[-86.37189,70.19607],[-85.98391,70.11258],[-85.46806,70.09822],[-84.87374,70.11463],[-83.97605,70.0398],[-83.31289,69.95713],[-82.9262,70.01121],[-82.61402,69.95842],[-82.26922,69.86035],[-81.98577,69.92923],[-81.8072,69.98272],[-81.59564,69.96034],[-80.82937,69.71139],[-80.94609,69.90837],[-81.13795,70.01452],[-81.15785,70.10628],[-81.01278,70.18313],[-80.71258,70.15307],[-80.19363,70.0316],[-79.82563,69.91806],[-79.24144,69.88118],[-78.94032,69.91211],[-78.71292,70.01145],[-78.74378,70.14908],[-78.94104,70.27133],[-80.21841,70.59161],[-80.42231,70.61434],[-80.6605,70.75261],[-80.48997,70.81469],[-80.27012,70.77649],[-79.74047,70.66954],[-79.37589,70.58551],[-79.1011,70.65532],[-78.92801,70.60174],[-78.61879,70.44847],[-78.20575,70.31102],[-78.00344,70.28839],[-77.69864,70.13575],[-77.62225,69.8918],[-77.36705,69.8088],[-76.97149,69.80197],[-76.27321,69.50035],[-75.55169,69.22234],[-75.6247,69.1016],[-76.17832,69.05539],[-76.64258,69.03192],[-76.54644,68.73145],[-75.98152,68.80757],[-75.70227,68.81562],[-75.57037,68.86847],[-75.19906,68.86164],[-74.95114,68.9523],[-74.75226,69.04298],[-74.51526,68.87042],[-74.40534,68.6604],[-73.93709,68.44398],[-73.37103,68.29544],[-73.18492,68.2958],[-72.94172,68.13196],[-72.75854,67.90865],[-72.35402,67.53032],[-72.30491,67.26361],[-72.52696,67.09307],[-72.87355,66.88572],[-73.03596,66.64232],[-73.67012,66.37653],[-73.99428,66.26588],[-74.25811,66.23606],[-74.33333,66.16264],[-74.27989,66.06022],[-73.932,65.89996],[-73.41993,65.52888],[-73.49424,65.405],[-73.84737,65.41888],[-74.07913,65.44757],[-74.37126,65.39608],[-74.66482,65.32282],[-75.10431,65.27838],[-75.3676,65.26336],[-75.40232,65.17612],[-75.33304,65.08918],[-75.35587,64.91552],[-75.78904,65.19719],[-76.02154,65.2621],[-76.6551,65.34089],[-77.26592,65.39064],[-77.35837,65.37593],[-77.30075,65.14354],[-77.38702,65.06357],[-77.86662,64.99018],[-78.03856,64.83123],[-78.12671,64.651],[-78.10337,64.50723],[-77.73748,64.39293],[-77.13303,64.30788],[-76.5261,64.23011],[-75.93553,64.26706],[-75.73707,64.39668],[-75.59101,64.53347],[-75.45185,64.54811],[-74.68512,64.39864],[-74.50112,64.39182],[-74.4312,64.43504],[-74.55906,64.78009],[-74.25551,64.76625],[-73.6656,64.60179],[-73.16356,64.57397],[-73.14795,64.34407],[-72.72999,64.015],[-72.38791,63.85817],[-71.87858,63.8019],[-71.25812,63.56728]]],[[[-89.80174,75.9182],[-90,75.96778],[-90,75.95013],[-91.1564,75.97434],[-90,76.1847],[-90,76.28755],[-89.81153,76.37252],[-90,76.45518],[-90,76.59077],[-91.13463,76.63253],[-92.24705,76.62192],[-92.7989,76.58693],[-93.08487,76.52703],[-93.06394,76.37476],[-92.78618,76.24028],[-92.22412,75.94715],[-92.09278,75.80506],[-92.10123,75.63806],[-92.36552,75.42128],[-92.16646,75.0988],[-91.8668,74.7889],[-91.35767,74.75738],[-91.05401,74.97727],[-90,74.71844],[-90,74.62996],[-89.69808,74.61463],[-89.26858,74.70456],[-89.12196,74.85086],[-88.94714,74.93243],[-88.39016,74.99047],[-88.32573,74.682],[-88.14364,74.56897],[-87.48978,74.53785],[-87.11603,74.5709],[-86.30568,74.62096],[-86.21156,74.81569],[-85.98915,74.80799],[-85.72237,74.71926],[-85.11821,74.62321],[-84.89557,74.62362],[-84.56787,74.61612],[-84.15854,74.66548],[-83.82236,74.6418],[-83.58103,74.69896],[-83.6136,75.0242],[-83.44873,75.08227],[-83.07375,74.98405],[-82.93596,74.68396],[-82.75358,74.62759],[-82.37299,74.5555],[-82.02742,74.53186],[-81.73455,74.57284],[-80.34932,74.6159],[-80.56049,74.91556],[-80.49992,75.03009],[-79.67514,75.21329],[-79.49518,75.27981],[-79.57665,75.39566],[-79.73918,75.47009],[-79.83384,75.48653],[-80.12798,75.54417],[-80.76611,75.60955],[-81.17606,75.71719],[-81.53156,75.85854],[-81.70312,75.87495],[-82.86868,75.88112],[-83.55868,75.90493],[-84.43666,75.79451],[-85.20331,75.74293],[-85.83033,75.61662],[-86.17896,75.40808],[-86.61799,75.43216],[-86.91691,75.54795],[-87.2929,75.65551],[-87.63767,75.7049],[-88.03487,75.62078],[-88.51881,75.61987],[-88.64735,75.59465],[-88.66658,75.4532],[-88.76273,75.4198],[-89.0422,75.4608],[-89.3694,75.65158],[-89.59355,75.85999],[-89.80174,75.9182]]],[[[-88.63978,82.07377],[-90,82.01733],[-90,81.97421],[-91.21859,81.83732],[-91.07987,81.53849],[-90,81.45074],[-90,81.44271],[-89.55921,81.41771],[-89.24527,81.23857],[-89.19255,81.09641],[-89.4974,81.08578],[-89.67524,81.0262],[-89.41893,80.9131],[-89.23554,80.86361],[-88.32173,81.16574],[-86.43676,81.39323],[-85.81105,81.39453],[-85.19237,81.32448],[-84.91957,81.21334],[-84.92305,81.12236],[-85.36412,80.99073],[-85.50383,80.61806],[-84.79298,80.7824],[-83.8209,80.7745],[-83.57652,80.84459],[-83.48033,80.89461],[-82.79074,80.69738],[-82.52704,80.72763],[-81.87591,80.74875],[-81.23449,80.8395],[-80.64737,80.91053],[-80.08789,81.02182],[-78.96228,81.03421],[-78.32093,80.96536],[-77.52089,80.74994],[-78.15716,80.72676],[-78.67794,80.67624],[-79.59666,80.64473],[-80.28473,80.54489],[-81.06369,80.53345],[-81.71875,80.38538],[-82.26256,80.05098],[-81.35573,79.90811],[-80.73165,79.65852],[-81.10627,79.70113],[-81.75811,79.6819],[-82.89854,80.03467],[-83.61837,80.20665],[-84.52677,80.23385],[-85.38411,80.23207],[-86.17015,80.27898],[-86.31093,80.23021],[-86.32239,80.11429],[-85.69302,79.71916],[-85.51048,79.82788],[-83.91088,79.25663],[-83.1269,79.11557],[-81.59718,78.75462],[-82.10682,78.73632],[-82.3256,78.66528],[-82.92934,78.71704],[-83.83996,78.85679],[-84.45631,78.89105],[-84.97997,78.90775],[-85.80681,78.90618],[-86.30379,78.83437],[-86.82544,78.58614],[-86.91719,78.24524],[-86.63319,78.29664],[-86.50987,78.29688],[-85.62624,78.22853],[-84.84344,78.15964],[-84.93851,78.09006],[-84.8683,77.70773],[-84.40709,77.6307],[-83.04858,77.63122],[-83.27977,77.49464],[-83.31881,77.37396],[-83.69174,77.31303],[-84.44174,77.30302],[-84.92994,77.34507],[-85.53759,77.49034],[-86.03608,77.72282],[-86.4357,77.81746],[-87.22,77.85936],[-87.81247,77.87561],[-88.02764,77.82308],[-88.05124,77.75363],[-87.58184,77.46057],[-87.09916,77.28074],[-87.32338,77.20305],[-87.8539,77.21922],[-88.28634,77.14118],[-88.56067,77.02938],[-89.24701,76.97679],[-89.34565,76.87418],[-89.41813,76.61032],[-88.58884,76.46783],[-88.31024,76.53611],[-88.18345,76.7401],[-87.89473,76.68115],[-87.27271,76.50421],[-86.83531,76.47119],[-85.81091,76.45618],[-85.03705,76.40692],[-84.66751,76.46683],[-84.55935,76.54325],[-84.7964,76.86577],[-84.62187,76.89168],[-84.15718,76.67976],[-83.7633,76.53631],[-83.08796,76.47829],[-82.42357,76.4711],[-82.57236,76.69975],[-82.57185,76.77632],[-81.91791,76.63306],[-81.63405,76.63363],[-81.38231,76.65106],[-81.02364,76.36386],[-80.8135,76.23771],[-80.31186,76.2724],[-79.83748,76.37455],[-79.42032,76.42604],[-78.21225,76.54685],[-77.80407,76.72584],[-77.82434,76.88758],[-78.12143,77.04071],[-79.02188,77.05609],[-79.71195,77.13182],[-80.50338,77.19033],[-81.47284,77.23994],[-81.63842,77.2654],[-82.10243,77.31605],[-81.55393,77.5411],[-81.10029,77.5765],[-80.45712,77.47416],[-79.53947,77.42421],[-78.8554,77.37383],[-78.51054,77.44339],[-78.21856,77.57334],[-78.18245,77.67718],[-78.36676,78.03287],[-78.17676,78.0681],[-77.40727,77.99115],[-77.01715,77.97447],[-76.29064,78.01065],[-76.14319,78.07197],[-76.48484,78.18409],[-76.61847,78.29825],[-76.43763,78.37748],[-76.236,78.35155],[-75.75304,78.36125],[-75.52127,78.67827],[-75.05745,78.73213],[-74.90886,78.82077],[-74.96309,79.12227],[-75.21376,79.19303],[-76.25381,79.32485],[-76.73341,79.33287],[-77.29916,79.28556],[-77.23877,79.58269],[-76.33468,79.61135],[-75.17368,79.51487],[-74.10913,79.53486],[-73.6739,79.51775],[-73.37603,79.58112],[-74.54227,79.89407],[-74.24547,80.04267],[-73.17185,79.96901],[-72.51384,79.87085],[-71.45447,79.84579],[-70.42052,80.05045],[-70.21854,80.13745],[-70.51106,80.54539],[-69.49747,80.54749],[-68.54624,80.83605],[-67.95411,80.93699],[-67.00994,81.17004],[-66.48169,81.30288],[-65.86058,81.39586],[-65.29983,81.45841],[-65.22434,81.50984],[-65.5879,81.705],[-65.94339,81.71458],[-66.71057,81.58895],[-67.17384,81.56736],[-67.51643,81.58725],[-67.85379,81.75202],[-67.58519,81.96132],[-66.7236,82.03674],[-66.3745,82.10073],[-65.34669,82.10295],[-64.36049,82.03129],[-63.92061,82.0112],[-63.0887,82.09729],[-62.54636,82.25742],[-61.98938,82.31192],[-61.81634,82.47298],[-62.4271,82.63357],[-63.18511,82.65362],[-63.51987,82.6963],[-64.00984,82.78244],[-64.64853,82.82477],[-64.70529,82.82466],[-65.04577,82.8787],[-65.48093,82.89966],[-66.82489,82.90769],[-67.69633,82.8728],[-68.92305,83.0022],[-70.5843,83.17604],[-71.06805,83.14152],[-70.91942,82.93159],[-70.89964,82.81092],[-71.17767,82.81031],[-71.55182,82.96325],[-71.92592,83.08406],[-72.55954,83.10484],[-73.36117,83.10304],[-73.22588,82.86053],[-73.25344,82.77292],[-73.42364,82.78347],[-74.16105,82.99055],[-74.90499,83.02204],[-75.72928,83.09776],[-76.38208,83.15191],[-76.60655,83.04039],[-76.234,82.90876],[-75.8021,82.68013],[-75.92494,82.51744],[-76.08424,82.53871],[-76.61992,82.74363],[-77.07409,82.86299],[-77.94878,82.94901],[-78.69849,83.00252],[-79.77068,82.91193],[-80.41458,82.86655],[-80.9099,82.75599],[-81.52257,82.6893],[-81.65429,82.58049],[-81.28701,82.38749],[-80.53531,82.22901],[-79.89058,82.03991],[-80.09238,81.96588],[-80.74977,82.03807],[-81.39061,82.07885],[-82.56995,82.22458],[-83.72272,82.28599],[-84.05814,82.28525],[-84.94663,82.37949],[-85.73823,82.33498],[-86.32438,82.20583],[-86.50296,82.03618],[-86.68183,81.99372],[-87.45333,82.13975],[-88.07138,82.12784],[-88.63978,82.07377]]],[[[-100.61936,75.78891],[-100.09701,75.76481],[-99.89572,75.61498],[-99.93551,75.53994],[-100.13029,75.48964],[-100.474,75.31466],[-100.38708,75.18238],[-99.94419,75.08407],[-99.29351,75.08531],[-98.90577,75.13559],[-98.16381,75.09569],[-98.00159,75.16207],[-98.15905,75.4435],[-98.1515,75.60161],[-97.77784,75.75249],[-97.6667,75.86142],[-97.65134,76.13839],[-97.81654,76.47571],[-97.9637,76.55168],[-98.28623,76.62742],[-98.61478,76.67779],[-98.8299,76.61789],[-98.9029,76.41439],[-99.02445,76.42262],[-99.28161,76.49833],[-99.74659,76.61616],[-100.06743,76.675],[-100.49761,76.64871],[-100.69372,76.60588],[-100.51054,76.4452],[-100.34355,76.38631],[-99.91218,76.16777],[-99.86651,76.05854],[-100.07378,76.01615],[-100.26542,76.0998],[-101.1395,76.43552],[-101.52595,76.53642],[-101.7463,76.54449],[-101.80562,76.44273],[-101.88489,76.33267],[-101.67547,76.06351],[-101.93976,76.03778],[-102.18336,75.92825],[-102.51605,75.91925],[-102.53358,75.76856],[-102.14959,75.64404],[-102.00087,75.65266],[-101.57795,75.68686],[-100.61936,75.78891]]],[[[-96.7231,77.02239],[-96.80947,76.9197],[-96.27654,76.73324],[-95.87342,76.51328],[-95.72408,76.4712],[-95.53257,76.49697],[-94.50723,76.42276],[-93.9376,76.39846],[-93.81958,76.48329],[-93.87482,76.62734],[-93.79453,76.73796],[-94.19507,76.89907],[-94.27182,76.89894],[-94.93448,76.92328],[-95.62854,77.0416],[-96.7231,77.02239]]],[[[-97.30984,78.82219],[-98.34324,78.8025],[-98.45086,78.75807],[-98.4372,78.66092],[-97.9227,78.31891],[-97.45977,78.10106],[-97.08681,78.01455],[-96.60196,77.99806],[-96.13239,78.03383],[-95.42885,78.1137],[-95.23254,78.13152],[-95.1181,78.28045],[-95.09703,78.4384],[-96.49247,78.6823],[-97.30984,78.82219]]],[[[-88.37289,80.22599],[-88.33642,80.11981],[-88.84984,80.13805],[-89.04198,80.16661],[-89.27208,80.38938],[-89.42469,80.61454],[-89.79909,80.70266],[-90,80.65948],[-90,80.64156],[-91.01618,80.74964],[-91.31003,80.86836],[-92.02488,81.25922],[-92.39833,81.35003],[-92.82201,81.37972],[-93.4347,81.43978],[-93.20341,81.22631],[-93.26863,81.14521],[-93.53174,81.12448],[-94.04014,81.16381],[-94.5859,81.08194],[-95.05992,81.03066],[-94.25027,80.67363],[-94.32073,80.57491],[-94.73533,80.59372],[-95.08132,80.58318],[-95.40915,80.52351],[-95.5804,80.38618],[-95.24011,80.22835],[-94.67505,80.11653],[-95.70009,80.03749],[-96.5869,80.09339],[-96.43337,79.93342],[-95.79211,79.71801],[-95.31238,79.48527],[-95.03941,79.39621],[-94.58588,79.40601],[-94.31747,79.48716],[-93.67397,79.47941],[-93.17762,79.53421],[-91.81904,79.4382],[-90,79.12607],[-91.40872,79.17096],[-91.8085,79.21474],[-93.30256,79.25649],[-94.18932,79.14778],[-94.10336,79.02345],[-92.70154,78.43417],[-92.47908,78.44339],[-92.07972,78.37389],[-91.42383,78.30503],[-90,78.2627],[-90,78.6241],[-89.60959,78.48402],[-89.1208,78.34448],[-88.94465,78.36235],[-88.75939,78.45051],[-88.74637,78.55607],[-88.95589,78.74972],[-88.66073,78.90074],[-87.98874,78.71623],[-87.78726,78.72545],[-87.6683,78.86718],[-87.53909,78.95608],[-87.16542,79.12562],[-86.4461,79.22502],[-85.75851,79.37819],[-85.25317,79.25917],[-85.99371,79.48603],[-86.56811,79.45285],[-86.99669,79.44535],[-87.34057,79.64422],[-87.36558,80.01603],[-87.33573,80.09296],[-87.5041,80.22776],[-87.82734,80.37284],[-88.15042,80.46008],[-88.34771,80.41079],[-88.37289,80.22599]]]]}},{"type":"Feature","id":153,"properties":{"name":"Russia","subjecto":"Russia","partof":"Russia","precision":3},"geometry":{"type":"MultiPolygon","coordinates":[[[[143.03341,52.31219],[143.14329,52.51124],[143.13887,52.85625],[143.05691,53.06198],[142.86389,53.34087],[142.67486,53.54017],[142.21412,53.29971],[141.93522,53.28589],[141.76704,53.27227],[141.68965,53.16572],[141.841,52.96002],[141.81146,52.62804],[141.64965,52.3029],[141.59817,52.21667],[141.64321,51.81309],[142.01658,51.43059],[142.11239,51.21959],[142.15287,50.89004],[142.08508,50.30427],[142.08282,49.70768],[142.04911,49.35471],[141.92135,48.94313],[141.73959,48.80729],[141.76782,48.70147],[141.88917,48.45397],[141.97752,48.28475],[142.03646,47.95928],[141.81065,47.67562],[141.73181,47.47119],[141.90939,47.07343],[141.62283,46.55804],[141.70838,46.13979],[141.89834,45.91478],[142.18766,46.32291],[142.32734,46.56306],[142.51379,46.69962],[142.61477,46.71281],[143.0043,46.57735],[143.30342,46.0112],[143.4448,46.57174],[143.23648,46.86326],[142.99333,46.95366],[142.69696,47.36226],[142.61463,47.4596],[142.48991,47.9016],[142.52662,48.16206],[142.64614,48.65752],[142.854,49.1277],[143.03257,49.21947],[143.15283,49.25887],[143.59835,49.23362],[143.97294,49.05808],[144.53988,48.75332],[144.0382,49.50884],[143.63314,50.23498],[143.34071,50.88578],[143.07418,51.26763],[142.94392,51.61731],[142.94488,51.96111],[143.03341,52.31219]]],[[[28.13642,56.14042],[28.21037,56.07386],[28.31391,56.04428],[28.40266,56.10344],[28.62452,56.08125],[28.68369,56.01469],[28.72066,55.94813],[28.80941,55.96292],[28.90555,55.99251],[29.06825,56.01469],[29.20877,55.99251],[29.34189,55.96292],[29.40844,55.95553],[29.40844,55.90376],[29.33449,55.85939],[29.32709,55.81502],[29.35668,55.74845],[29.43063,55.6819],[29.51938,55.6819],[29.61552,55.77064],[29.74124,55.77804],[29.8152,55.77804],[29.88176,55.82241],[29.98529,55.85939],[30.04446,55.8372],[30.08883,55.81502],[30.19976,55.8372],[30.44381,55.78543],[30.50298,55.72627],[30.6287,55.6819],[30.67308,55.63752],[30.73963,55.59315],[30.81359,55.57836],[30.88015,55.59315],[30.90234,55.54138],[30.87275,55.48961],[30.87275,55.45264],[30.85796,55.37868],[30.7988,55.30473],[30.88755,55.19379],[30.9541,55.14942],[30.97629,55.07547],[30.94671,55.0163],[30.89494,55.0163],[30.89494,54.97932],[30.84317,54.94235],[30.7988,54.92016],[30.78401,54.84621],[30.76182,54.77965],[30.91713,54.75746],[31.01327,54.62434],[31.09462,54.64653],[31.15378,54.63174],[31.10941,54.57997],[31.07983,54.5208],[31.08722,54.47643],[31.18336,54.46904],[31.25732,54.35071],[31.30909,54.24717],[31.50877,54.15103],[31.73803,54.08447],[31.81198,54.0401],[31.84156,53.97354],[31.79719,53.88479],[31.76761,53.80344],[31.84896,53.77386],[32.01166,53.80344],[32.18176,53.77386],[32.34446,53.72948],[32.46279,53.6999],[32.44799,53.67032],[32.41841,53.64814],[32.38143,53.64074],[32.42581,53.55939],[32.55893,53.49283],[32.68465,53.46325],[32.69944,53.40408],[32.66986,53.33013],[32.53674,53.33013],[32.47018,53.29315],[32.44799,53.26357],[32.24832,53.15264],[32.01166,53.10826],[31.7824,53.11566],[31.69365,53.17482],[31.54574,53.19701],[31.38304,53.18961],[31.27951,53.0565],[31.2869,52.98254],[31.41263,52.86421],[31.54574,52.79026],[31.54574,52.7163],[31.48658,52.68672],[31.53095,52.62016],[31.59751,52.561],[31.56053,52.51662],[31.57533,52.44267],[31.59012,52.33913],[31.57533,52.29476],[31.64928,52.25778],[31.68626,52.20601],[31.76021,52.17643],[31.76131,52.1127],[31.92215,52.07249],[32.13325,52.06243],[32.27398,52.1328],[32.3544,52.26348],[32.41471,52.38411],[32.65597,52.27353],[32.89722,52.28358],[33.19879,52.38411],[33.51041,52.33385],[33.74161,52.39416],[33.83208,52.27353],[33.97282,52.21322],[34.08339,52.06243],[34.14371,51.97197],[34.25428,51.9016],[34.39501,51.83123],[34.39501,51.71061],[34.25428,51.72066],[34.11355,51.66034],[34.17387,51.52966],[34.22412,51.36883],[34.34475,51.23815],[34.63627,51.23815],[34.70663,51.18788],[34.93784,51.21804],[35.10873,51.20799],[35.10873,51.06726],[35.28967,51.06726],[35.28967,50.90642],[35.39019,50.7858],[35.4304,50.67522],[35.39019,50.5948],[35.4304,50.49428],[35.51082,50.45407],[35.6415,50.32339],[35.76213,50.40381],[35.97322,50.43396],[36.09385,50.40381],[36.30495,50.27313],[36.39542,50.30328],[36.47584,50.29323],[36.55625,50.22287],[36.74725,50.27313],[36.88798,50.32339],[37.00861,50.32339],[37.24987,50.3837],[37.4107,50.41386],[37.46096,50.34349],[37.58159,50.26308],[37.58159,50.20276],[37.67206,50.12234],[37.68211,50.06203],[37.86306,50.04192],[37.94347,49.96151],[38.04399,49.91125],[38.17467,49.97156],[38.19478,50.04192],[38.2953,50.07208],[38.42598,49.95145],[38.61698,49.9213],[38.82807,49.87104],[38.9487,49.82077],[39.10954,49.85093],[39.20001,49.77051],[39.33069,49.7303],[39.54179,49.72025],[39.59205,49.61973],[39.75288,49.54936],[39.87351,49.54936],[39.93383,49.56947],[40.0243,49.60968],[40.09466,49.56947],[40.05445,49.51921],[40.0444,49.43879],[40.09466,49.39858],[40.13487,49.31816],[40.11477,49.21764],[39.95393,49.14727],[39.79309,49.0568],[39.65236,49.0367],[39.75288,48.92612],[39.87351,48.88591],[40.00419,48.86581],[39.94388,48.79544],[39.69257,48.79544],[39.67247,48.71502],[39.65236,48.6145],[39.72273,48.58434],[39.80315,48.55419],[39.82325,48.49387],[39.84336,48.41346],[39.88356,48.32298],[39.91372,48.29283],[39.84336,48.07168],[39.77299,47.941],[39.77299,47.87063],[39.62221,47.81032],[39.26032,47.88068],[38.9286,47.86058],[38.80797,47.86058],[38.79792,47.78016],[38.69739,47.69974],[38.52651,47.63943],[38.36567,47.62938],[38.26515,47.58916],[38.22494,47.35796],[38.22494,47.25744],[38.21488,47.20718],[38.20973,47.15046],[38.80025,47.22917],[39.15985,47.26889],[39.19409,47.24295],[39.28236,47.07403],[38.72274,46.87792],[38.40109,46.72135],[38.03186,46.66868],[37.8666,46.65536],[37.7571,46.60319],[37.97017,46.44128],[38.26491,46.31856],[38.45898,46.07891],[38.22715,46.02009],[37.98994,46.00666],[37.86788,45.79251],[37.7061,45.5784],[37.66127,45.34523],[37.46097,45.31248],[37.22775,45.31202],[36.95987,45.22736],[37.31794,44.92421],[37.47389,44.69236],[37.62175,44.67331],[37.77405,44.74454],[37.88037,44.71895],[38.10918,44.49377],[38.277,44.42321],[38.55609,44.3851],[38.92371,44.21186],[39.45869,43.83293],[40.09806,43.37755],[40.14863,43.5166],[40.26564,43.59106],[40.39329,43.56979],[40.4252,43.54851],[40.80814,43.52724],[40.93579,43.48469],[41.14854,43.37832],[41.23363,43.35704],[41.47829,43.35704],[41.57403,43.28258],[41.69104,43.24003],[41.82932,43.20812],[41.98888,43.18685],[42.12717,43.18685],[42.31864,43.2294],[42.5633,43.2294],[42.74413,43.15493],[42.82923,43.15493],[42.95688,43.17621],[43.11644,43.10175],[43.15899,43.03793],[43.28664,42.94219],[43.52066,42.889],[43.68021,42.85709],[43.78659,42.8039],[43.92487,42.75072],[43.86105,42.69753],[43.83977,42.64434],[43.95679,42.59116],[44.05252,42.55925],[44.16953,42.61243],[44.29718,42.61243],[44.41419,42.72944],[44.50992,42.76135],[44.66948,42.76135],[44.78649,42.72944],[44.87159,42.66562],[44.93542,42.74008],[44.97797,42.77199],[45.03115,42.77199],[45.13753,42.7188],[45.20135,42.67625],[45.29708,42.67625],[45.38219,42.62307],[45.47792,42.54861],[45.64812,42.54861],[45.80768,42.53797],[45.86086,42.47415],[45.80768,42.38905],[45.75449,42.25076],[45.91405,42.12312],[46.0417,42.04865],[46.15871,42.0061],[46.28636,41.98483],[46.39273,41.99547],[46.4991,41.96355],[46.55578,41.87846],[46.65866,41.88909],[46.6693,41.81463],[46.76504,41.83591],[46.85013,41.83591],[46.91396,41.75081],[47.1267,41.62316],[47.16925,41.56998],[47.22244,41.56998],[47.35009,41.44233],[47.35009,41.30404],[47.61602,41.26149],[47.81813,41.19767],[47.98833,41.21894],[48.06279,41.31468],[48.20107,41.4636],[48.32872,41.50615],[48.5521,41.6338],[48.68324,41.83591],[48.6623,41.90171],[48.50045,41.92868],[48.41952,42.09054],[48.2217,42.27937],[48.13178,42.40525],[47.96993,42.59409],[47.84404,42.62106],[47.79009,42.85485],[47.73614,42.89981],[47.5653,43.00771],[47.58328,43.18755],[47.65521,43.27747],[47.60126,43.32243],[47.57429,43.50226],[47.6732,43.66412],[47.73614,43.86194],[47.66421,43.85295],[47.61026,43.75404],[47.5653,43.60117],[47.52034,43.51126],[47.49336,43.58319],[47.53832,43.67311],[47.5653,43.84396],[47.43941,44.03278],[47.33151,44.18565],[47.2236,44.20363],[47.14268,44.33851],[46.99881,44.35649],[46.84595,44.44641],[46.80998,44.53633],[46.87292,44.6802],[47.02578,44.7881],[47.16965,44.86004],[47.25058,44.98592],[47.39445,45.17475],[47.47538,45.31862],[47.5563,45.4535],[47.65521,45.54342],[47.60126,45.66031],[47.62824,45.73225],[47.6732,45.75023],[47.75412,45.71426],[47.87102,45.6783],[48.01489,45.71426],[48.30263,45.76821],[48.48247,45.88511],[48.63533,45.97503],[48.77021,45.88511],[48.83315,45.92108],[48.83315,46.08293],[48.8871,46.08293],[49.05794,46.13688],[49.23778,46.26277],[49.3132,46.35269],[49.03564,46.43822],[48.65008,46.60786],[48.61924,46.74667],[48.77346,46.79293],[48.91226,46.74667],[49.11275,46.7004],[49.17444,46.74667],[48.74261,47.25561],[48.58839,47.48695],[48.37247,47.57948],[48.14114,47.77997],[47.9098,47.79539],[47.75558,47.77997],[47.4934,47.8725],[47.44713,47.71828],[47.21579,47.94962],[47.24663,48.08842],[47.18495,48.25807],[46.56805,48.41229],[46.86108,48.93665],[47.06157,49.06004],[47.16952,49.15257],[47.06157,49.27595],[46.90734,49.35306],[46.99988,49.93911],[47.37002,50.0008],[47.52424,50.24756],[47.57051,50.38636],[47.75558,50.41721],[47.98691,50.30925],[48.20283,50.06249],[48.43417,49.87743],[48.72719,49.87743],[48.91226,49.98538],[48.94311,50.18587],[48.86599,50.37094],[48.83515,50.57143],[49.05106,50.66397],[49.45205,50.84904],[49.52916,50.957],[49.66796,51.0958],[49.8993,51.17291],[50.14606,51.20375],[50.50077,51.3734],[50.74753,51.52763],[50.97887,51.66643],[51.2719,51.63558],[51.48781,51.63558],[51.62661,51.5122],[51.91964,51.57389],[52.04302,51.63558],[52.32062,51.74354],[52.50569,51.7127],[52.69076,51.48136],[53.04548,51.46593],[53.32308,51.49678],[53.75491,51.41967],[53.75491,51.26545],[54.01709,51.17291],[54.37181,51.01868],[54.55688,50.89531],[54.58772,50.63312],[54.7111,50.57143],[54.81906,50.69481],[54.72652,50.91073],[54.7111,51.01868],[55.03497,50.98784],[55.29716,50.74108],[55.60561,50.67939],[55.79068,50.57143],[56.09912,50.64855],[56.2225,50.77193],[56.39215,50.92615],[56.62348,51.0958],[56.99362,51.06495],[57.28665,51.04953],[57.57968,50.86446],[57.85728,50.89531],[57.91897,51.08038],[58.39707,51.12664],[58.73636,51.08038],[58.85974,50.83361],[59.27615,50.69481],[59.61544,50.63312],[59.80051,50.55601],[60.09354,50.71024],[60.17065,50.84904],[60.27861,50.84904],[60.43283,50.69481],[60.86466,50.67939],[61.57409,50.86446],[61.63578,51.00326],[61.69747,51.31171],[61.58951,51.41967],[61.06515,51.49678],[60.94178,51.63558],[60.64875,51.66643],[60.4791,51.72812],[60.50994,51.80523],[60.3403,51.86692],[60.23234,51.86692],[60.15872,51.9903],[60.36877,52.02053],[60.69967,52.18599],[60.9644,52.25217],[61.11331,52.38453],[60.91476,52.59962],[60.84858,52.71543],[61.1464,52.94707],[61.46076,53.0298],[61.95712,52.96362],[62.18875,52.99671],[62.23839,53.11253],[61.80821,53.24489],[61.32839,53.29452],[61.32839,53.44343],[61.46076,53.47652],[61.32839,53.57579],[61.29531,53.77434],[61.37803,54.00597],[61.52694,54.03907],[62.00675,53.97288],[62.58585,53.97288],[62.7513,54.05561],[63.38002,54.23761],[63.8433,54.25415],[64.1742,54.30379],[64.86911,54.35343],[65.13383,54.38652],[65.28274,54.35343],[65.38201,54.50233],[65.66328,54.65124],[66.19274,54.66779],[67.10273,54.84979],[67.94654,54.88288],[68.22782,54.91597],[68.39327,55.08142],[68.39327,55.21379],[68.6249,55.23033],[68.88963,55.31306],[68.93927,55.41233],[69.27018,55.42887],[69.68381,55.36269],[69.91544,55.31306],[70.2629,55.19724],[70.54417,55.24688],[70.94126,55.26342],[71.10671,55.08142],[71.09016,54.93251],[71.15634,54.83324],[71.38798,54.73397],[71.33834,54.58506],[71.27216,54.46925],[71.30525,54.32033],[71.15634,54.30379],[71.23907,54.18797],[71.45416,54.15488],[71.58653,54.22107],[71.78507,54.17143],[71.95052,54.23761],[72.11598,54.20452],[72.26488,54.30379],[72.39725,54.25415],[72.52961,54.0887],[72.69506,53.98943],[72.76124,54.05561],[72.84397,54.12179],[73.05906,54.10525],[73.24106,53.97288],[73.45615,53.92325],[73.6547,54.02252],[73.82015,54.02252],[73.75396,53.89016],[73.55542,53.80743],[73.40651,53.60889],[73.55542,53.52616],[73.75396,53.57579],[74.10142,53.60889],[74.29997,53.59234],[74.54814,53.50961],[74.68051,53.64198],[75.02796,53.84052],[75.52432,53.95634],[75.9545,54.18797],[76.30195,54.28725],[76.53359,54.38652],[76.89759,54.41961],[76.89759,54.22107],[76.66595,54.17143],[76.61631,54.00597],[77.11267,53.74125],[77.47667,53.60889],[78.05576,53.26143],[78.53558,52.79816],[79.29666,51.83853],[79.67721,51.44144],[80.17357,50.79617],[80.40521,50.91199],[80.55411,51.02781],[80.71957,51.25944],[81.1332,51.25944],[81.29866,51.11053],[81.29866,50.94508],[81.51374,50.94508],[81.71229,50.74654],[82.42374,50.74654],[82.87046,50.84581],[83.21791,50.94508],[83.66464,50.96163],[83.979,50.76308],[84.32646,50.49836],[84.47537,50.21709],[84.90554,50.15091],[85.17027,49.90272],[85.46809,49.58836],[85.86518,49.55527],[86.3119,49.52218],[86.52699,49.68763],[86.80826,49.77036],[86.77517,49.62145],[86.97371,49.47255],[87.10607,49.25745],[87.37081,49.25745],[87.39988,49.19203],[87.5023,49.1983],[87.75842,49.19967],[87.8684,49.23289],[87.93772,49.25282],[88.29727,49.44398],[88.56674,49.53679],[89.19085,49.57278],[89.4621,49.6395],[89.78878,49.81106],[89.79634,49.81644],[90,50.12759],[90,50.3067],[91.10168,50.46048],[91.78171,50.67438],[92.15972,50.75529],[92.5886,50.71154],[93.00798,50.64146],[93.83647,50.58671],[94.21046,50.54929],[94.52294,50.20953],[94.69997,50.0268],[95.01428,49.97604],[95.67063,49.97952],[95.99401,49.94204],[96.37613,49.94407],[96.76998,49.9135],[96.91001,49.86199],[97.16956,49.77845],[97.42279,49.78634],[97.76233,49.91223],[97.90158,49.98486],[98.23633,50.2424],[98.30989,50.47911],[98.25774,50.57079],[98.07954,50.70785],[97.89543,51.095],[97.93963,51.22694],[98.34689,51.60482],[98.91756,52.03696],[99.29542,51.94649],[99.7582,51.90269],[100.2246,51.81933],[101.01121,51.67171],[101.32698,51.56784],[101.77236,51.42517],[102.11743,51.36111],[102.18225,51.26923],[102.18424,51.02564],[102.26569,50.809],[102.4496,50.60624],[102.63903,50.45618],[103.37787,50.21731],[103.68076,50.16643],[104.79694,50.40858],[105.1551,50.44331],[105.68242,50.42642],[106.32295,50.41669],[106.6685,50.31352],[107.26837,49.9758],[107.54908,49.8271],[108.05832,49.68619],[108.42352,49.51848],[109.0169,49.40423],[109.42404,49.29554],[109.8669,49.25878],[110.19991,49.24102],[110.92029,49.29047],[111.37829,49.319],[111.61784,49.35286],[112.52449,49.46202],[112.7612,49.53502],[113.03314,49.6539],[113.23469,49.83119],[113.5744,50.05522],[114.09834,50.27435],[114.24833,50.27515],[114.52264,50.29628],[114.85554,50.22593],[115.19366,49.99834],[115.34658,49.94032],[115.73369,49.86403],[116.28618,49.99759],[116.56601,50.00563],[116.75978,49.92989],[116.98408,49.84456],[117.49053,49.58628],[117.64499,49.59362],[117.84202,49.6338],[118.94031,49.97246],[119.2912,50.12498],[119.34646,50.23013],[119.32167,50.36771],[119.16394,50.52436],[119.13661,50.58985],[119.18235,50.70172],[119.37221,50.89329],[119.55948,51.13757],[119.85977,51.48807],[120.12898,51.73336],[120.74595,52.00713],[120.82109,52.3642],[120.77311,52.47634],[120.56357,52.61416],[120.31288,52.62606],[119.94269,52.59102],[119.99655,52.70382],[120.16529,52.8305],[120.70224,53.18452],[120.91706,53.25862],[121.18775,53.31973],[122.02236,53.38384],[122.39868,53.43893],[122.93983,53.48823],[123.35261,53.5103],[123.8694,53.41345],[124.336,53.19702],[124.6432,53.11246],[125.26661,53.16876],[125.50918,53.15679],[125.85267,52.94654],[126.18639,52.51815],[126.67561,51.44515],[127.09901,50.73064],[127.51589,49.87439],[127.71199,49.69929],[127.94001,49.6092],[128.50119,49.45575],[129.18659,49.34207],[130.38357,48.96421],[130.47583,48.89962],[130.60942,48.51002],[130.80735,47.93288],[130.92454,47.73229],[131.23046,47.74689],[131.52279,47.75496],[132.26875,47.77841],[132.54046,47.87722],[132.9694,48.01586],[133.58026,48.15548],[134.11167,48.24927],[134.51783,48.26445],[134.6284,48.21305],[134.65745,48.09629],[134.70967,47.9213],[134.71737,47.69421],[134.46244,47.51123],[134.16528,47.3346],[134.03442,47.01644],[133.90898,46.61443],[133.66674,46.13466],[133.38484,45.6488],[133.23666,45.45443],[132.98899,45.14357],[132.77761,44.98774],[132.5314,45.03153],[132.22618,45.13299],[131.91783,45.24093],[131.73954,45.2593],[130.99053,44.81743],[130.96923,44.56677],[131.11836,44.16303],[131.14674,43.86796],[131.14396,43.59208],[131.13269,43.41887],[131.08921,43.36092],[131.13964,43.22656],[131.06948,43.07876],[130.83966,42.88527],[130.27627,42.6772],[130.22589,42.6513],[130.35992,42.45351],[130.4351,42.27676],[130.46762,42.29879],[131.06462,42.74924],[131.35679,42.99385],[131.58421,43.21272],[131.86515,43.29038],[131.6746,43.0266],[131.8831,43.07198],[132.18179,43.19464],[132.33309,42.96368],[132.48474,42.88049],[132.59443,42.89997],[132.82736,42.8619],[132.9528,42.66954],[133.31201,42.77939],[134.13894,42.99295],[134.56858,43.21222],[134.96243,43.51504],[135.15606,43.72116],[135.41476,44.03683],[135.69281,44.22397],[136.03398,44.39841],[136.17924,44.54677],[136.28506,44.75304],[136.49411,44.96603],[137.29692,45.64632],[137.72052,45.99668],[137.98463,46.26929],[138.24288,46.7107],[138.35157,46.87316],[138.68499,47.13351],[138.94929,47.32243],[139.04669,47.61515],[139.21371,47.81062],[140.081,48.50261],[140.14659,48.7244],[140.32823,49.35788],[140.3722,49.69128],[140.457,50.10399],[140.34884,50.41922],[140.3235,50.51784],[140.40454,50.82738],[140.73028,51.4413],[140.96989,51.6928],[141.12632,51.87162],[141.25706,52.10346],[141.16062,52.20921],[140.93949,52.26177],[141.09054,52.58686],[141.03198,52.72607],[140.8282,52.82525],[141.08967,52.98512],[141.1212,53.05163],[140.89366,53.19743],[140.70233,53.27686],[140.3213,53.53565],[140.10246,53.8017],[139.80592,53.96115],[139.37805,54.08039],[139.05166,54.08646],[138.76042,54.08589],[138.4168,54.09191],[138.40946,53.80512],[138.23403,53.57159],[137.9794,53.46458],[137.23924,53.45652],[137.07131,53.48947],[137.12173,53.58944],[137.32576,53.74306],[137.38287,53.80981],[137.04066,53.86248],[136.77021,53.69536],[136.48706,53.65484],[136.35066,53.70121],[136.34353,53.88783],[136.4916,54.45549],[136.19642,54.475],[135.72583,54.40726],[135.31256,54.41317],[135.09451,54.43278],[134.902,54.55942],[134.89373,54.71992],[134.98522,54.85393],[135.26954,55.02874],[136.1194,55.42065],[136.52127,55.58989],[137.22909,55.98272],[137.60194,56.24035],[138.34593,56.80421],[138.86676,57.12447],[139.29383,57.33618],[140.02874,57.64413],[140.49984,58.17076],[140.5874,58.23931],[140.99426,58.39063],[141.34956,58.50087],[141.59083,58.72753],[141.92384,58.94089],[142.35777,59.14096],[142.84585,59.27253],[142.92681,59.27957],[143.30285,59.26653],[143.82409,59.29501],[144.38981,59.30986],[144.8457,59.2832],[145.40414,59.3255],[145.49566,59.20875],[145.5128,59.03695],[145.65258,58.97541],[145.95697,58.98286],[146.02348,59.19599],[146.05397,59.25107],[146.30735,59.28595],[146.7064,59.2248],[146.99963,59.19096],[147.35223,59.23289],[147.91918,59.26147],[148.10282,59.2068],[148.41609,59.09739],[148.63029,59.19403],[148.7472,59.29743],[148.72845,59.47634],[149.04528,59.58715],[149.38031,59.60846],[149.72958,59.59533],[150.12007,59.38945],[150.27865,59.36225],[150.66342,59.4318],[151.14021,59.43957],[151.5236,59.34394],[151.85726,59.05581],[151.78331,59.03505],[151.39268,58.97937],[151.05618,58.92381],[151.00749,58.79334],[151.1354,58.73183],[151.35449,58.69112],[151.69065,58.75346],[152.19125,58.92594],[152.50421,58.76872],[152.82833,58.94774],[152.96824,58.99607],[153.13989,59.01012],[153.45414,58.94892],[153.92443,58.92235],[154.38708,59.03995],[154.90589,59.10277],[154.87805,59.1577],[154.7528,59.28122],[154.18179,59.30078],[153.94447,59.39668],[153.94297,59.56883],[154.09216,59.77588],[154.31565,59.98335],[154.69332,60.19902],[155.1518,60.39435],[155.7339,60.55537],[155.66668,60.77804],[155.85076,60.88297],[156.41844,61.12133],[156.38118,61.20508],[156.42315,61.401],[156.82524,61.56281],[157.09799,61.6334],[157.52827,61.66927],[158.11836,61.71947],[158.84126,61.78397],[159.10643,61.70729],[159.23106,61.54631],[159.45463,61.56075],[159.9658,61.76504],[160.11825,61.75128],[160.14935,61.66017],[160.05624,61.51285],[159.85687,61.3025],[159.74351,61.09964],[159.81552,60.98108],[160.23559,60.94701],[160.07699,60.73759],[160.00711,60.59125],[160.11885,60.56362],[160.64498,60.71775],[161.53578,61.18682],[162.23524,61.50993],[162.45062,61.55938],[162.74877,61.60899],[162.76686,61.6721],[162.71057,61.76319],[163.00915,62.17828],[162.99024,62.32608],[163.34025,62.4113],[163.81842,62.48974],[164.13768,62.53265],[165.06716,62.43569],[165.28572,62.28814],[165.05479,62.25954],[164.2772,62.22288],[164.0083,62.1309],[163.92588,61.955],[163.94229,61.73741],[163.57572,61.33047],[163.83137,61.23309],[163.79266,61.12819],[163.4448,60.89027],[163.3293,60.69495],[162.38113,60.46357],[161.81793,60.26799],[161.70085,60.07351],[161.53524,59.94169],[160.84425,59.55424],[160.45193,59.35389],[159.64912,58.95375],[159.58628,58.80268],[159.3927,58.61035],[159.10429,58.42488],[158.32626,58.02682],[157.9617,57.88276],[157.51116,57.74545],[156.77685,57.58046],[156.83949,57.50566],[156.87765,57.36274],[156.81468,57.26057],[156.55787,56.94747],[156.23584,56.75683],[155.703,56.3696],[155.62757,56.26792],[155.50569,55.63962],[155.45347,55.27581],[155.46521,54.91977],[155.58306,54.55207],[155.63018,54.46535],[155.63807,54.31841],[155.70747,54.06495],[155.7108,53.80494],[155.94184,53.19308],[156.0381,52.78149],[156.17524,52.60926],[156.33323,52.27156],[156.36186,51.91424],[156.4747,51.60382],[156.56373,51.23436],[156.69638,50.95775],[156.82464,51.00412],[157.20953,51.229],[157.89778,51.66602],[158.25802,52.01712],[158.38951,52.20269],[158.46237,52.58714],[158.43167,52.71308],[158.46136,52.82596],[158.78814,52.95937],[159.31982,53.12647],[159.59176,53.13362],[159.89686,53.24058],[159.92208,53.30047],[159.90477,53.40018],[159.6835,53.57943],[159.63322,53.70584],[159.69506,53.85923],[159.93115,54.08636],[160.02738,54.15327],[160.40431,54.36759],[160.68292,54.44828],[160.8376,54.44857],[161.13636,54.40907],[161.56662,54.42324],[161.87587,54.56413],[162.0082,54.73822],[161.93853,54.8451],[161.64738,54.98509],[161.50274,55.28737],[161.60943,55.55691],[161.86132,55.86087],[162.31758,56.2401],[162.52182,56.34874],[162.72187,56.34235],[162.54719,56.10532],[162.55464,56.01072],[162.77128,55.9166],[163.00907,55.94407],[163.166,56.1065],[163.17227,56.38382],[163.09797,56.55973],[162.7443,56.59971],[162.61282,56.80288],[162.5124,57.03349],[162.59327,57.16954],[162.93203,57.37424],[163.12783,57.55162],[163.07838,57.6265],[162.82566,57.70098],[162.20365,57.67936],[161.98922,57.71985],[161.79994,57.86274],[161.80436,58.10172],[161.93841,58.25919],[162.22001,58.48553],[162.6159,58.73296],[162.9074,58.89128],[162.75344,58.96646],[162.83522,59.05591],[163.25451,59.29037],[163.09977,59.35887],[163.0429,59.462],[163.10639,59.57917],[163.38868,59.81406],[163.51628,59.85569],[163.76683,59.88376],[163.6497,59.79202],[164.11053,60.07821],[164.32806,59.96073],[164.44191,59.74019],[164.58461,59.66465],[164.88157,59.73414],[164.93296,59.96188],[165.1136,60.03144],[165.41539,60.11519],[165.77999,60.35411],[165.95634,60.31052],[166.20343,60.35264],[165.94497,59.77061],[166.02722,59.70872],[166.26852,59.83328],[166.86842,60.17342],[167.10398,60.27103],[167.68962,60.35545],[168.2109,60.43286],[168.67076,60.45458],[169.15412,60.43464],[169.45571,60.29627],[169.53161,60.12989],[169.61364,60.0122],[169.8775,59.87456],[170.06013,59.8818],[170.27305,60.01343],[170.26843,60.14514],[170.3368,60.2771],[170.51969,60.33994],[171.07238,60.45214],[171.24841,60.65418],[172.00009,60.85757],[172.10816,60.98328],[172.49244,61.26332],[172.91828,61.27813],[173.12634,61.36941],[173.34259,61.55182],[173.48091,61.6011],[173.92677,61.61596],[174.25044,61.71468],[174.34872,61.79903],[174.54231,61.89066],[174.65267,61.89086],[175.17263,61.96909],[176.54911,62.37969],[176.5805,62.42905],[176.83198,62.67641],[176.96835,62.69078],[177.19035,62.67001],[177.13487,62.54996],[177.29084,62.48679],[177.69097,62.45227],[178.25027,62.38287],[178.45187,62.31985],[178.73767,62.29927],[179.04876,62.3914],[179.24217,62.5257],[179.23178,62.63854],[179.2877,62.81508],[178.93164,62.76507],[179.00428,62.9702],[178.93949,63.08334],[178.71395,63.15373],[178.50112,63.38019],[178.34437,63.45796],[178.07768,63.42905],[178.40261,63.66409],[178.37162,63.74938],[178.28776,63.91291],[178.17651,64.00532],[178.14726,64.15663],[177.81341,64.04744],[178.01113,64.19211],[177.53472,64.08969],[177.19323,64.21035],[177.08158,64.30297],[177.0816,64.5174],[176.93052,64.55288],[176.75323,64.57115],[176.46778,64.40898],[176.04405,64.50116],[175.89978,64.54743],[176.15596,64.67793],[175.96505,64.90366],[176.18017,64.86799],[176.33171,64.77293],[176.71246,64.78166],[177.13465,64.92744],[177.02626,64.84422],[177.25146,64.85611],[177.37353,64.76136],[177.42666,64.60674],[177.84413,64.58321],[178.00439,64.54774],[178.47384,64.57721],[178.72602,64.60633],[179.01597,64.77293],[179.30911,64.78647],[180,64.95348],[180,65.05194],[180,65.31103],[180,65.38163],[180,65.96313],[180,66.96313],[180,67.96313],[180,68.91989],[179.28149,69.14726],[178.96496,69.22914],[178.62886,69.25852],[178.04284,69.40761],[177.705,69.48964],[177.07916,69.5336],[176.54602,69.62294],[176.19218,69.71266],[175.61097,69.77943],[174.57446,69.78506],[173.63665,69.76071],[173.00828,69.69171],[172.90817,69.83477],[172.35925,69.90923],[171.84838,69.93848],[171.30224,69.97523],[170.4517,70.01921],[170.23629,69.76195],[170.05627,69.61092],[170.4313,69.55892],[170.79321,69.184],[170.90487,69.03432],[170.8328,68.92195],[170.08889,68.77854],[169.38861,68.71749],[169.11322,68.78421],[168.98606,68.9634],[168.59242,69.11246],[168.09997,69.2315],[167.92161,69.32874],[167.50323,69.56856],[167.32008,69.65857],[166.70036,69.43166],[166.30925,69.37833],[165.33015,69.40657],[164.63647,69.41282],[164.31817,69.46485],[164.05369,69.66004],[163.72241,69.67449],[163.03823,69.54521],[162.27485,69.53628],[162.11776,69.55856],[161.96099,69.52816],[161.4161,69.35424],[161.17082,69.15865],[160.86235,69.08312],[160.67404,69.27027],[160.68161,69.57848],[160.39239,69.6156],[160.01661,69.62243],[159.67295,69.65193],[159.44381,69.76456],[159.57267,69.99897],[159.62791,70.21981],[159.46557,70.39498],[159.22921,70.54745],[158.93414,70.62347],[158.40867,70.81419],[158.07795,70.86731],[157.39642,70.92752],[156.04318,70.98655],[155.04924,70.93855],[153.9165,70.79047],[153.40443,70.72815],[152.79058,70.68099],[152.13401,70.66443],[151.89907,70.73301],[151.64485,70.89378],[151.47996,71.08581],[151.11947,71.25476],[150.69371,71.34668],[149.71542,71.43765],[148.96217,71.56786],[148.71086,71.6294],[149.72198,71.89521],[149.62254,71.94186],[149.53033,72.02736],[149.10447,72.08892],[148.69796,72.16619],[148.15946,72.1964],[146.91513,72.2019],[146.18606,71.8421],[145.74624,71.69371],[145.33378,71.63086],[145.10038,71.57618],[144.80126,71.59111],[144.88078,71.72315],[145.26141,71.84038],[145.67819,71.92672],[145.815,72.0984],[145.66462,72.16053],[145.20956,72.12068],[144.82037,72.14334],[145.59996,72.42623],[144.56184,72.45562],[144.26744,72.50208],[143.81883,72.53263],[142.20024,72.67872],[141.4084,72.7873],[141.29397,72.78707],[140.58908,72.49524],[140.21502,72.43185],[139.75561,72.42318],[139.31179,72.3832],[139.16831,72.34379],[138.96934,72.21052],[139.04995,72.16382],[139.33877,72.16436],[139.8479,72.23561],[139.80598,72.00148],[139.73857,71.83789],[139.82569,71.62836],[139.74447,71.4036],[139.15876,71.41796],[138.89985,71.50264],[138.67488,71.61845],[138.44612,71.61027],[138.1194,71.4702],[138.11381,71.3851],[138.17544,71.36201],[138.07579,71.24595],[137.85495,71.1298],[137.77127,71.09883],[137.62968,71.07542],[136.76503,71.40578],[136.22662,71.51316],[135.86064,71.54345],[135.51062,71.51182],[134.6229,71.30131],[134.24136,71.26194],[133.74391,71.32285],[133.13841,71.45321],[132.79061,71.59201],[132.68426,71.80141],[132.55375,71.80897],[132.28361,71.66088],[131.79167,71.18792],[131.41268,70.86377],[131.0548,70.6865],[130.77928,70.67834],[130.17172,70.81535],[129.3552,71.17569],[128.78353,71.53804],[128.43249,71.75463],[128.17013,71.83187],[127.7141,72.01011],[127.41754,72.14218],[127.12091,72.21193],[126.69001,72.21893],[126.2253,72.24935],[126.1113,72.28038],[126.21644,72.38231],[127.3135,72.71389],[128.17056,72.89653],[128.29104,72.91248],[128.52493,72.95234],[128.49888,73.12594],[128.31478,73.20752],[127.71956,73.40154],[127.09684,73.41626],[126.48702,73.3834],[125.71733,73.3978],[125.33463,73.52407],[124.81766,73.65823],[124.45667,73.7053],[124.22216,73.69691],[123.40985,73.48078],[123.42498,73.43322],[123.4422,73.33019],[123.51475,73.17201],[122.88243,72.75281],[122.24328,72.90912],[121.6995,72.90022],[120.57852,72.83512],[119.79856,72.91246],[119.41745,72.96693],[118.4978,73.03624],[118.33847,73.18611],[118.46038,73.51923],[117.91885,73.53409],[117.53465,73.54927],[116.67114,73.61923],[115.61149,73.6252],[114.93412,73.56032],[114.18668,73.551],[113.54699,73.20093],[113.31174,73.38266],[113.30773,73.61296],[113.22158,73.7481],[112.99697,73.77957],[112.4768,73.65914],[112.09339,73.63456],[111.76165,73.65779],[111.49485,73.74488],[111.21531,73.7683],[110.94413,73.94327],[110.55127,74.03845],[110.28964,73.94207],[110.16323,73.83009],[110.17845,73.79822],[110.40002,73.74288],[110.44229,73.56787],[109.99059,73.43995],[109.59519,73.3916],[108.74963,73.26323],[107.80429,73.14277],[107.24994,73.13382],[106.50154,73.06131],[106.08699,72.8554],[105.60022,72.74427],[105.27882,72.75154],[106.20831,73.2585],[107.26554,73.52223],[108.33986,73.69124],[108.6969,73.81941],[110.05471,74.25369],[111.58662,74.73096],[112.11135,74.78038],[112.57713,74.88621],[113.62505,75.27267],[113.22164,75.43681],[113.11341,75.49445],[113.72303,75.86884],[113.53301,76.09365],[113.14888,76.05949],[112.82231,76.05889],[112.58855,76.25924],[112.05716,76.45136],[111.42729,76.56807],[110.54772,76.6423],[109.94025,76.63273],[109.65641,76.69129],[108.85952,76.64755],[108.24447,76.64642],[107.77149,76.40123],[107.66596,76.44307],[107.29075,76.43395],[106.40403,76.43228],[106.53744,76.56723],[107.07138,76.77098],[107.24013,76.89837],[107.16026,76.94913],[106.24294,76.91346],[105.52815,76.98001],[104.70461,76.9275],[104.48514,76.99503],[104.78229,77.14877],[105.46973,77.32932],[105.44954,77.44914],[105.06251,77.56851],[104.39374,77.56722],[103.9466,77.59217],[103.39331,77.55779],[102.38967,77.37482],[101.69046,77.20259],[101.16646,77.00576],[101.11151,76.85286],[101.38946,76.625],[100.83032,76.45541],[100.4074,76.47144],[99.98323,76.43697],[99.77361,76.28535],[99.83341,76.21003],[99.77943,76.05931],[99.46723,75.96692],[99.15856,75.99971],[98.71624,76.07404],[98.28865,76.05654],[97.68373,75.95522],[97.11641,75.87083],[96.65823,75.85331],[95.98182,75.90201],[96.13937,76.0859],[95.96727,76.16924],[95.48768,76.16833],[94.69434,76.18358],[94.30955,76.07407],[93.59206,75.88085],[92.67054,75.76261],[91.63468,75.65273],[90,75.60154],[90,75.55853],[89.79633,75.52443],[89.68457,75.50821],[89.28469,75.46612],[87.92227,75.05989],[87.48745,74.96092],[86.95832,74.78206],[86.81262,74.53988],[86.81353,74.43529],[86.97763,74.29901],[87.39397,74.17949],[87.54062,74.09967],[87.69079,73.90001],[87.56963,73.77213],[87.13968,73.60405],[86.90497,73.55589],[86.12352,73.45112],[86.32635,73.63436],[86.75695,73.78657],[86.49205,73.87383],[85.8562,73.82476],[85.38118,73.69632],[85.0015,73.57619],[84.82946,73.59973],[84.61605,73.74269],[83.97657,73.66979],[83.02044,73.61229],[81.87747,73.60222],[80.83823,73.55255],[80.62014,73.49647],[80.50051,73.42475],[80.46402,73.31358],[80.82887,73.01352],[80.87171,72.83999],[80.8442,72.5802],[80.98232,72.44698],[81.58525,72.35401],[82.02603,72.24523],[82.32062,72.22228],[82.43626,72.05059],[82.85465,71.94215],[83.20243,71.82591],[83.56109,71.62442],[83.25262,71.28286],[83.16805,71.18223],[83.5047,70.81292],[83.57093,70.65171],[83.65712,70.59817],[83.67697,70.46026],[83.37072,70.33726],[83.03633,70.24493],[83.07591,70.58175],[82.80374,70.81928],[82.67546,70.84213],[82.50153,70.71113],[82.19572,70.35798],[82.04561,70.41893],[82.10357,70.85644],[82.21533,71.20362],[82.52887,71.3202],[82.88012,71.49127],[82.81835,71.64633],[82.49135,71.5681],[81.67137,71.57431],[81.42527,71.61268],[80.82827,71.76702],[80.33873,72.00764],[79.70316,72.17828],[79.22256,72.27129],[78.64726,72.26238],[78.26956,72.21475],[78.08573,72.17527],[78.12637,71.8476],[77.78992,71.77691],[77.27493,71.81488],[77.0749,71.89238],[76.4567,71.86785],[76.33286,71.71975],[76.60715,71.51834],[76.86613,71.44902],[77.2849,71.4188],[78.1369,71.37393],[78.3716,71.25055],[78.60852,70.84993],[78.24921,70.83387],[78.10473,70.8413],[77.73619,71.02548],[77.00164,71.06264],[76.29319,71.13853],[75.67059,71.19912],[75.45203,71.32248],[75.28429,71.44609],[75.22127,71.64771],[75.29658,71.89687],[75.58254,72.17062],[75.66618,72.41354],[75.61734,72.62549],[75.40757,72.66442],[75.11988,72.68748],[75.01611,72.71877],[75.0746,72.42029],[74.99874,72.13044],[74.92115,72.02874],[74.58655,71.87217],[74.13716,71.75453],[73.59136,71.70686],[73.21685,71.45774],[73.27066,71.37258],[73.69797,71.1414],[74.18919,70.6726],[74.24958,70.57295],[74.12223,70.36588],[73.791,70.05221],[73.65408,69.75647],[73.90792,69.27452],[73.91452,69.15428],[74.31796,69.16254],[74.90171,69.081],[75.18865,69.1266],[75.59803,69.21],[76.17752,69.13594],[76.53799,69.08406],[77.02995,68.97992],[77.40598,68.93562],[77.63583,68.8162],[77.8342,68.47271],[77.90906,68.3237],[78.00718,68.25684],[77.97752,68.14512],[77.51419,67.97325],[77.48323,67.80252],[77.68886,67.7584],[77.94602,67.77372],[78.30458,67.69287],[78.53575,67.61184],[78.47786,67.47854],[78.08905,67.41131],[77.50478,67.4324],[77.09069,67.52774],[76.95494,67.65332],[77.10788,68.11375],[77.03982,68.46377],[76.66088,68.67222],[76.32775,68.77634],[75.5372,68.77487],[74.9163,68.70639],[74.61211,68.63852],[74.50498,68.59348],[74.39513,68.34699],[74.66936,68.10175],[74.77065,67.84937],[74.74172,67.68622],[74.35253,67.40435],[73.98451,67.26336],[73.81081,66.99035],[73.69017,66.86507],[73.16545,66.64376],[72.55741,66.49599],[72.42108,66.33467],[72.20881,66.17346],[71.79434,66.15806],[71.25953,66.22281],[70.98342,66.20039],[70.47357,66.23597],[69.7673,66.32972],[69.43512,66.42424],[69.17261,66.54829],[69.08477,66.68753],[69.35537,66.73944],[69.79152,66.75493],[70.12075,66.71882],[70.83993,66.5514],[71.34951,66.6624],[71.54406,66.71412],[71.3995,66.94907],[71.64714,67.06733],[71.93048,67.15628],[72.48503,67.43782],[72.8377,67.64565],[72.98777,67.79415],[73.17524,68.16593],[73.39365,68.38239],[73.39412,68.44205],[73.30861,68.51655],[72.84616,68.63523],[72.6435,68.80691],[72.52553,69.06908],[72.55149,69.65626],[72.43689,70.18697],[72.69589,70.35558],[72.7742,70.45523],[72.67971,70.82351],[72.55498,70.97724],[72.13623,71.27759],[71.79756,71.4318],[71.89781,71.58716],[72.49832,71.96181],[72.65457,72.11826],[72.84481,72.49461],[72.85273,72.64393],[72.714,72.76959],[72.4553,72.82428],[71.97578,72.79976],[71.66292,72.83071],[70.94033,72.78995],[70.21436,72.73346],[69.51156,72.80304],[69.34311,72.83426],[69.05669,72.64472],[68.81211,72.09546],[68.55076,71.82196],[68.31625,71.63485],[67.82254,71.41665],[67.15545,71.22965],[66.97965,71.21384],[66.81797,71.10538],[66.67021,70.86613],[66.77481,70.73558],[67.2853,70.70581],[67.39824,70.59851],[67.42176,70.22343],[67.38329,70.1394],[67.2772,70.07055],[66.96485,69.95582],[66.82804,69.81938],[66.79897,69.74375],[66.88444,69.62308],[67.7787,69.55685],[68.10593,69.42932],[68.09355,69.13594],[68.25766,68.94112],[68.51177,68.83668],[68.69184,68.81455],[69.10895,68.83031],[69.00261,68.69537],[68.48789,68.22422],[68.38463,68.17934],[68.2154,68.20135],[67.82653,68.37205],[67.17169,68.6471],[66.58425,68.88554],[66.1255,68.99716],[65.35536,69.18344],[64.873,69.22766],[63.92324,69.45922],[63.41232,69.54874],[62.85395,69.6156],[62.28127,69.70513],[61.03004,69.7406],[60.84873,69.71004],[60.55171,69.54342],[60.36924,69.46769],[60.98596,69.0026],[60.93412,68.81508],[60.75627,68.67255],[60.51208,68.58985],[60.07909,68.61895],[59.92538,68.58127],[59.89205,68.402],[59.76235,68.29739],[59.50186,68.28942],[59.21766,68.34854],[59.11979,68.39309],[59.06196,68.49749],[59.34587,68.69986],[59.19905,68.77441],[58.77038,68.85601],[58.40929,68.83286],[57.9592,68.70476],[57.52587,68.49464],[57.36369,68.45702],[57.02423,68.44891],[56.54026,68.55257],[56.1951,68.56687],[55.72289,68.53611],[55.33539,68.4831],[55.1265,68.40061],[54.99599,68.20653],[54.8772,68.10955],[54.7523,68.04979],[54.64847,68.07192],[54.57596,68.16109],[54.37975,68.16071],[53.85399,68.0853],[53.62574,68.04769],[53.31684,68.13639],[53.31618,68.2332],[53.39591,68.30043],[53.78208,68.33842],[53.80839,68.60727],[53.88912,68.787],[53.50243,68.81626],[53.17943,68.75575],[53.00575,68.68057],[52.93877,68.47118],[52.71973,68.35138],[52.46267,68.29867],[52.33738,68.33573],[52.24488,68.54456],[51.83081,68.40938],[51.13896,68.2664],[50.4959,68.15347],[49.63012,67.93619],[49.18563,67.83882],[48.63532,67.65239],[48.08066,67.56246],[47.95292,67.37729],[47.82213,67.11129],[47.70619,66.89011],[47.57119,66.81631],[46.97264,66.77846],[46.40205,66.7186],[46.07678,66.76208],[45.71535,66.84963],[45.38563,67.09938],[44.95714,67.23136],[44.87121,67.31242],[45.09251,67.54208],[45.46258,67.63906],[46.63407,67.70051],[46.43937,67.90794],[46.16195,68.1082],[45.86344,68.38335],[45.57964,68.44254],[44.66781,68.38859],[44.01203,68.49191],[43.85324,68.4692],[43.82217,68.32732],[44.16875,68.09703],[44.26107,67.82964],[44.21583,67.71827],[43.7036,67.26593],[43.83811,67.16285],[44.21916,67.08982],[44.36195,66.90596],[44.38361,66.61202],[44.12211,66.26716],[44.05284,66.0405],[44.02943,66.01125],[43.87622,66.01097],[43.24143,66.2509],[42.41852,66.3811],[42.21079,66.41001],[42.13344,66.38789],[41.62328,66.06517],[41.35425,65.95517],[40.68141,65.79356],[40.03687,65.60314],[39.95133,65.58116],[39.8231,65.43561],[39.97939,65.15314],[40.36595,64.85793],[40.46206,64.75028],[40.43979,64.56356],[40.32217,64.46293],[39.99705,64.54122],[39.6216,64.47596],[39.19344,64.51104],[38.25292,64.70307],[37.60409,64.85277],[37.10194,65.06813],[36.88391,65.0677],[36.56851,64.76458],[36.99674,64.40656],[37.26195,64.31389],[37.46329,64.29996],[37.66813,64.34331],[37.87986,64.3079],[38.05386,64.12928],[38.05408,63.98632],[37.94492,63.85039],[37.59146,63.80694],[37.41054,63.7495],[36.98754,63.84148],[36.42062,63.8761],[36.23997,63.91862],[36.01547,64.19702],[35.62327,64.25357],[35.08176,64.28833],[34.88461,64.36677],[34.81477,64.45982],[34.77286,64.68222],[34.42566,65.10653],[34.33202,65.34551],[34.29341,65.39624],[34.60119,65.48393],[34.72559,65.61499],[34.72617,65.79698],[34.5437,66.00084],[34.25849,66.10983],[33.84421,66.18214],[33.46967,66.3131],[32.97086,66.58339],[32.75354,66.64904],[32.42473,66.89103],[32.35782,66.92033],[32.21944,66.99375],[32.64434,67.0461],[32.99095,66.98782],[33.15773,66.91448],[33.43749,66.70174],[34.15295,66.62963],[35.16772,66.4115],[35.77175,66.25887],[36.50523,66.17249],[37.42243,66.09382],[38.04787,66.00737],[38.78211,66.00145],[39.19003,66.03871],[39.97752,66.20092],[40.34515,66.31865],[40.83638,66.5614],[41.14697,66.78227],[41.2553,66.93698],[41.20883,67.06946],[41.01687,67.20186],[40.95083,67.33466],[40.97339,67.53437],[40.82605,67.66005],[39.91807,67.94038],[39.33471,68.03594],[38.66845,68.14634],[38.40644,68.24269],[37.68858,68.62961],[37.24586,68.7935],[36.01828,69.02371],[35.43655,69.15036],[34.93414,69.14944],[34.69889,69.16405],[34.30515,69.17083],[33.81805,69.19248],[33.62838,69.21469],[33.3156,69.07128],[33.28057,69.34201],[33.00963,69.38669],[32.59631,69.42362],[32.35173,69.51368],[32.19056,69.64171],[32.07601,69.81536],[32.07156,69.88349],[31.7822,69.77702],[31.33128,69.66276],[31.05378,69.63959],[30.8717,69.51009],[30.6408,69.41849],[30.26994,69.40907],[29.9236,69.3546],[29.46278,69.13419],[29.00742,68.83183],[28.69715,68.69553],[28.68595,68.56835],[28.57012,68.35876],[28.62222,68.12067],[28.87573,68.02529],[29.26813,67.93815],[29.70182,67.71039],[29.94611,67.53391],[29.75698,67.3703],[29.17087,67.02063],[29.02291,66.88742],[29.65426,66.26004],[30.00173,65.72213],[29.91345,65.56173],[29.71532,65.32124],[29.63116,65.13977],[29.61822,64.97341],[29.78442,64.74428],[30.36345,64.11682],[30.43152,64.00286],[30.40583,63.8885],[30.1622,63.70184],[30.01493,63.61558],[30.21264,63.46712],[31.13995,63.12374],[31.33593,62.94743],[31.4083,62.79197],[31.36092,62.60778],[31.16754,62.3666],[30.90185,62.12547],[30.27863,61.78445],[29.38611,61.24664],[28.51004,60.73181],[28.43178,60.60347],[28.52151,60.62326],[28.55125,60.53264],[28.43523,60.33734],[28.5694,60.19842],[28.69163,60.14998],[28.96898,60.10879],[29.51074,60.14457],[29.6873,60.131],[29.95287,59.98558],[30.12664,59.80605],[29.96316,59.73662],[29.76545,59.73624],[29.41363,59.86003],[29.07607,59.90779],[28.93627,59.82455],[28.79593,59.67222],[28.66273,59.64434],[28.44436,59.73374],[28.3091,59.6644],[28.35098,59.60206],[28.26634,59.56223],[28.1631,59.59068],[28.09419,59.66468],[27.94169,59.6476],[27.89666,59.53378],[27.97339,59.51671],[28.01309,59.45822],[28.07843,59.43415],[28.15048,59.3752],[28.13083,59.2966],[28.05223,59.27695],[27.91469,59.27695],[27.87539,59.2573],[27.84919,59.19836],[27.77059,59.07391],[27.67235,58.98222],[27.52825,58.92327],[27.43656,58.86432],[27.39726,58.79227],[27.41036,58.72023],[27.46931,58.52374],[27.50206,58.43859],[27.51515,58.36654],[27.43656,58.3076],[27.43656,58.229],[27.51515,58.12421],[27.60685,58.08491],[27.64615,58.05216],[27.64615,58.01941],[27.6527,57.98011],[27.67235,57.91462],[27.75095,57.89497],[27.77714,57.86877],[27.69855,57.83602],[27.58065,57.81637],[27.50861,57.79017],[27.48241,57.74432],[27.44311,57.69192],[27.38416,57.69192],[27.37106,57.63953],[27.36451,57.60023],[27.31211,57.57403],[27.34886,57.52636],[27.51515,57.52818],[27.50861,57.47578],[27.50861,57.42339],[27.6134,57.39064],[27.7051,57.35134],[27.7444,57.31859],[27.83609,57.29239],[27.80989,57.1614],[27.76404,57.12865],[27.72475,57.1221],[27.6789,57.109],[27.73785,57.0697],[27.7051,57.01075],[27.7182,56.95835],[27.68545,56.91906],[27.6396,56.88631],[27.61995,56.84046],[27.71165,56.86666],[27.77714,56.87321],[27.83609,56.84046],[27.87539,56.83391],[27.90814,56.81426],[27.86229,56.74221],[27.91469,56.69636],[27.97364,56.67017],[27.98674,56.59812],[28.05223,56.55227],[28.12428,56.53262],[28.09808,56.49332],[28.15703,56.44093],[28.15048,56.35578],[28.18978,56.25099],[28.17013,56.21169],[28.16358,56.15929],[28.13642,56.14042]],[[34.61092,61.6406],[34.41415,61.77115],[34.37969,61.82512],[34.50752,61.80251],[34.56351,61.80953],[34.54766,61.84619],[34.55908,61.8626],[34.59779,61.85877],[34.59388,61.86369],[34.54735,61.87737],[34.51786,61.88875],[34.5054,61.89783],[34.53202,61.9007],[34.59772,61.89735],[34.54434,61.94611],[34.37189,62.04697],[34.27347,62.12382],[34.24907,62.17665],[34.25629,62.19093],[34.29512,62.16668],[34.39072,62.13376],[34.54309,62.09216],[34.63973,62.05979],[34.68065,62.03665],[34.71066,62.02406],[34.72975,62.02201],[34.69034,62.07533],[34.59244,62.18404],[34.58981,62.21967],[34.68244,62.18223],[34.71947,62.18212],[34.70089,62.21934],[34.62358,62.29758],[34.48754,62.41686],[34.51728,62.41407],[34.71279,62.28922],[34.7181,62.32185],[34.5332,62.51196],[34.507,62.56588],[34.6395,62.48363],[34.73688,62.41029],[34.79913,62.34587],[34.82655,62.30373],[34.81629,62.27214],[34.82248,62.26511],[34.82983,62.26184],[34.83614,62.26896],[34.84141,62.28648],[34.83378,62.31009],[34.81327,62.33979],[34.80695,62.35343],[34.81482,62.351],[34.83517,62.31757],[34.86798,62.25316],[34.86951,62.23061],[34.83976,62.24994],[34.84742,62.22934],[34.89249,62.16882],[34.97734,62.10338],[35.10196,62.03301],[35.17753,62.01057],[35.20404,62.03608],[35.16795,62.09904],[35.06924,62.19945],[35.10834,62.2182],[35.28526,62.15527],[35.43173,62.1513],[35.54775,62.20626],[35.54736,62.31461],[35.43055,62.47632],[35.36273,62.54253],[35.34391,62.51325],[35.23843,62.53543],[35.04632,62.6091],[34.96085,62.63303],[34.98205,62.60723],[34.95016,62.59846],[34.8652,62.6067],[34.8622,62.5778],[34.94118,62.51174],[35.00491,62.44426],[35.05341,62.37538],[34.91895,62.47973],[34.60154,62.75729],[34.68618,62.83629],[35.17288,62.71674],[35.41801,62.6449],[35.42157,62.62079],[35.45692,62.5896],[35.52406,62.55133],[35.53808,62.55119],[35.49898,62.58919],[35.50058,62.61255],[35.54287,62.62128],[35.55864,62.60887],[35.54789,62.57533],[35.59301,62.55412],[35.69398,62.54523],[35.77604,62.5086],[35.83918,62.44424],[35.82161,62.3193],[35.72335,62.13379],[35.73283,62.01213],[35.85006,61.95433],[35.88958,61.90617],[35.85141,61.86764],[35.87537,61.83227],[35.96147,61.80005],[36.00871,61.75614],[36.01707,61.70053],[36.07776,61.62563],[36.1908,61.53144],[36.29775,61.46881],[36.39863,61.43772],[36.45125,61.40212],[36.45561,61.36201],[36.42875,61.32454],[36.37068,61.2897],[36.36601,61.2537],[36.41474,61.21654],[36.35434,61.16917],[36.18482,61.11158],[36.07778,61.05283],[36.03324,60.99291],[35.89787,60.9494],[35.67166,60.92228],[35.53824,60.93161],[35.49763,60.97739],[35.50082,60.99951],[35.54781,60.99798],[35.60244,61.03112],[35.66472,61.09894],[35.64372,61.19163],[35.53945,61.30918],[35.29281,61.4198],[34.90381,61.52348],[34.61092,61.6406]],[[30.07932,61.26448],[30.12739,61.28411],[30.22307,61.29779],[30.23842,61.31879],[30.17345,61.34713],[30.16799,61.37634],[30.22205,61.40644],[30.23948,61.44768],[30.22028,61.50007],[30.27496,61.5142],[30.40351,61.49007],[30.45305,61.4937],[30.42359,61.52509],[30.46648,61.54249],[30.58171,61.54591],[30.61379,61.55766],[30.56271,61.57774],[30.58294,61.59444],[30.67448,61.60773],[30.70411,61.6268],[30.67183,61.65166],[30.68286,61.69436],[30.7372,61.75491],[30.84751,61.76092],[31.01378,61.71238],[31.09994,61.6653],[31.10597,61.61968],[31.12684,61.59756],[31.16254,61.59893],[31.17284,61.61175],[31.15774,61.63601],[31.15476,61.653],[31.16388,61.6627],[31.19896,61.64695],[31.25999,61.60574],[31.32001,61.59725],[31.37902,61.62148],[31.44866,61.60205],[31.52894,61.53895],[31.56146,61.49741],[31.54621,61.47745],[31.55625,61.45281],[31.59155,61.4235],[31.6265,61.40412],[31.66111,61.39466],[31.65938,61.41562],[31.62132,61.46698],[31.67872,61.44361],[31.83157,61.34549],[32.06102,61.25312],[32.36707,61.1665],[32.53651,61.08918],[32.56934,61.02116],[32.64167,60.95034],[32.75348,60.87672],[32.81221,60.80745],[32.81785,60.74253],[32.85592,60.69041],[32.92643,60.65107],[32.94894,60.61285],[32.92346,60.57573],[32.90433,60.55273],[32.87359,60.53432],[32.85039,60.52414],[32.77504,60.5171],[32.64754,60.51321],[32.61085,60.48216],[32.66499,60.42397],[32.66551,60.38424],[32.61241,60.36296],[32.59755,60.32563],[32.62091,60.27226],[32.61431,60.22853],[32.57774,60.19444],[32.47963,60.16313],[32.31998,60.13458],[32.21538,60.14247],[32.16582,60.18679],[32.03532,60.21783],[31.82386,60.2356],[31.65692,60.20322],[31.53451,60.1207],[31.49536,60.05671],[31.53947,60.01125],[31.55288,59.97235],[31.53559,59.94003],[31.41763,59.92418],[31.19899,59.9248],[31.0745,59.93292],[31.04414,59.94855],[31.04999,59.97555],[31.09204,60.01392],[31.09739,60.06892],[31.06603,60.14055],[31.02764,60.1819],[30.98222,60.19298],[30.88915,60.29358],[30.74843,60.48368],[30.63564,60.58941],[30.55077,60.61076],[30.51392,60.66908],[30.52508,60.76437],[30.43678,60.87872],[30.24902,61.01212],[30.06315,61.11429],[29.87916,61.18522],[29.81879,61.21269],[29.88203,61.19668],[29.89796,61.19819],[29.8666,61.21723],[29.86849,61.22904],[29.90365,61.23364],[29.89732,61.24061],[29.82648,61.25514],[29.82747,61.25781],[29.82264,61.26181],[29.82282,61.26275],[29.88373,61.254],[29.8973,61.2585],[29.8839,61.27365],[29.88271,61.28011],[29.89374,61.27789],[29.89671,61.28143],[29.89161,61.29074],[29.89971,61.29671],[29.92102,61.29934],[29.9684,61.28201],[30.04187,61.24474],[30.07884,61.23889],[30.07932,61.26448]]],[[[54.66363,73.472],[54.99362,73.53623],[55.42487,73.55294],[55.75743,73.57743],[56.26495,73.51474],[56.69509,73.42015],[56.96044,73.35709],[57.33039,73.4849],[57.82281,73.78055],[57.79942,73.92429],[57.40473,74.05159],[57.6712,74.18831],[58.00935,74.14887],[58.19052,74.08508],[58.73313,74.28662],[58.88195,74.39136],[58.6025,74.50352],[58.65641,74.60839],[58.85057,74.68942],[59.77162,74.65885],[60.00877,74.67541],[60.43352,74.83779],[60.62335,74.93528],[60.33366,75.03256],[60.46333,75.15611],[60.88702,75.24749],[61.83259,75.35652],[62.66149,75.49865],[63.61647,75.63308],[64.60047,75.75955],[66.54819,75.97989],[67.72247,76.17452],[68.32832,76.31829],[68.57146,76.39442],[68.93685,76.60584],[68.86719,76.76642],[68.66831,76.86779],[68.45671,76.92682],[67.5723,76.89121],[66.44235,76.82965],[66.27326,76.76152],[65.92606,76.50736],[65.08725,76.45519],[64.10462,76.34394],[63.67332,76.3263],[62.80527,76.18199],[62.5933,76.16483],[61.81875,76.2892],[61.42554,76.22969],[61.30259,76.23786],[60.94899,75.96098],[60.61674,75.89359],[60.04297,75.91752],[59.45593,75.86641],[59.01763,75.79893],[58.55853,75.68163],[58.17006,75.53157],[57.7287,75.29101],[57.3273,75.29848],[57.22605,75.33132],[56.99498,75.27313],[56.30264,74.87056],[56.53924,74.76589],[56.65203,74.69342],[56.26876,74.612],[55.9645,74.60337],[55.77594,74.53853],[55.61851,74.41746],[55.94557,74.26536],[55.88524,74.10481],[55.18793,74.10352],[54.89358,74.06292],[54.34922,73.86994],[54.01755,73.73358],[54.47871,73.51937],[54.66363,73.472]]],[[[21.16232,55.22138],[21.22385,55.11145],[21.11335,55.08924],[21.19194,54.95958],[21.13734,54.84546],[20.9852,54.81164],[20.79715,54.81798],[20.1271,54.84564],[19.94257,54.84986],[19.86317,54.75173],[19.83325,54.5309],[19.88181,54.52538],[19.93812,54.60817],[20.0057,54.54746],[20.19423,54.57505],[20.32671,54.56401],[20.18865,54.52198],[19.97754,54.42394],[20.35627,54.42146],[21.36674,54.36954],[22.69904,54.4149],[22.68559,54.43219],[22.67017,54.49386],[22.66246,54.57095],[22.6933,54.66345],[22.72413,54.73283],[22.82434,54.78678],[22.80122,54.84074],[22.79351,54.90241],[22.71642,54.93325],[22.63163,54.94866],[22.58538,54.99491],[22.54684,55.05658],[22.44663,55.04887],[22.13058,55.04887],[22.03037,55.02574],[21.99183,55.072],[21.76057,55.10283],[21.64495,55.13367],[21.54474,55.18763],[21.43682,55.18763],[21.39827,55.21075],[21.37515,55.28012],[21.16232,55.22138]]],[[[-180,68.91693],[-180,67.96313],[-180,66.96313],[-180,65.96313],[-180,65.38162],[-180,65.31103],[-180,65.25923],[-179.58118,65.8118],[-179.37858,65.99599],[-178.97509,66.0514],[-178.69695,65.83213],[-178.62723,65.68597],[-178.65354,65.53987],[-178.11628,65.48249],[-177.51186,65.52012],[-177.12562,65.62305],[-176.78275,65.63829],[-176.52851,65.60958],[-176.13723,65.45704],[-175.99268,65.26787],[-176.07093,65.18766],[-175.95168,65.00618],[-175.82738,64.93402],[-175.30088,64.72565],[-175.18715,64.84854],[-174.37945,64.61921],[-174.26069,64.46094],[-173.72377,64.38279],[-173.54488,64.41909],[-173.07702,64.38398],[-173.02515,64.50646],[-173.2504,64.89551],[-173.16509,64.96793],[-172.80272,64.99756],[-172.43656,65.02005],[-172.41123,65.17273],[-172.47016,65.37645],[-172.56234,65.5148],[-172.81469,65.63115],[-172.85268,65.63108],[-172.98259,65.74776],[-173.04314,65.80616],[-172.72432,65.76287],[-172.18363,65.5885],[-171.73003,65.61127],[-171.20031,65.56118],[-171.40963,65.70685],[-171.60648,65.80886],[-171.66857,65.88924],[-170.97617,65.67844],[-170.61266,66.03776],[-170.44874,66.05274],[-169.98691,66.00964],[-169.83243,66.02456],[-169.8727,66.08316],[-170.06617,66.17817],[-170.32911,66.25849],[-170.47313,66.29494],[-171.22724,66.60267],[-171.53966,66.76436],[-171.958,66.95567],[-172.37796,67.01406],[-172.82923,66.96141],[-173.1744,66.99038],[-173.43223,67.03428],[-173.87494,67.15933],[-174.33661,67.077],[-174.37114,66.94374],[-174.3783,66.69998],[-174.09121,66.52359],[-174.06827,66.43529],[-174.20202,66.36882],[-174.19333,66.28796],[-174.63517,66.40479],[-175.10054,66.76505],[-175.00623,66.95733],[-175.18892,67.31261],[-175.38904,67.50534],[-175.42215,67.60199],[-175.51398,67.66881],[-175.99059,67.84674],[-177.70939,68.292],[-178.12919,68.37365],[-178.89124,68.64245],[-180,68.91693]]],[[[55.18069,73.2665],[54.73616,73.25772],[54.14409,73.14572],[53.5023,73.13658],[53.30976,73.04129],[53.07972,72.90652],[52.61114,72.74],[53.05286,72.6306],[53.19785,72.63089],[53.08854,72.47347],[52.58398,72.12773],[52.35105,72.04133],[52.05826,72.04858],[51.91488,72.09523],[51.76046,72.0793],[51.58509,71.98525],[51.48213,71.84468],[51.53354,71.65795],[51.81494,71.47982],[52.12105,71.46489],[52.40185,71.51973],[52.55047,71.58989],[53.2338,71.51354],[54.30787,71.20566],[54.35348,71.19802],[54.32065,71.08982],[53.7147,70.9267],[53.72864,70.76506],[54.03161,70.71948],[54.52245,70.75885],[54.69406,70.74377],[54.99829,70.52167],[55.26625,70.56053],[55.6788,70.70719],[56.05859,70.73097],[57.23775,70.69104],[57.25066,70.8178],[56.72749,70.99397],[56.37879,71.13227],[56.15147,71.27099],[55.72066,71.64242],[55.52036,72.10975],[55.51758,72.47799],[55.62267,72.65114],[55.82209,72.75389],[56.1359,72.78598],[56.27161,72.85721],[56.48011,73.09462],[56.5085,73.17387],[56.06406,73.2761],[55.81618,73.30734],[55.18069,73.2665]]]]}},{"type":"Feature","id":154,"properties":{"name":"Norway","subjecto":"Norway","partof":"Norway","precision":3},"geometry":{"type":"MultiPolygon","coordinates":[[[[21.97078,79.78286],[21.65487,79.4781],[20.98333,79.3609],[20.99829,79.19108],[23.82052,79.14746],[24.41634,79.31215],[24.85516,79.37534],[25.33669,79.40301],[26.06696,79.5741],[26.96863,79.85386],[27.1968,79.94435],[26.94862,80.1137],[26.25441,80.19886],[25.3513,80.14891],[25.03398,80.16747],[24.78286,80.37966],[24.42144,80.43727],[23.94424,80.31976],[23.49826,80.09712],[23.11541,80.09634],[23.07676,80.24059],[23.21638,80.6108],[22.82601,80.47299],[22.5874,80.2686],[22.1977,80.12329],[21.88118,80.27681],[21.47587,80.31472],[20.97366,80.27497],[20.52446,80.32244],[19.9154,80.63343],[19.39877,80.36865],[19.06762,80.16498],[18.69583,80.08741],[18.33059,79.88237],[19.21806,79.74022],[19.56167,79.76782],[20.34421,79.79628],[21.97078,79.78286]]],[[[13.25222,79.80073],[12.71738,79.78171],[12.45769,79.75425],[12.00031,79.77137],[11.51654,79.71653],[11.28434,79.70714],[10.91944,79.54517],[11.33523,79.20714],[11.54517,79.17202],[12.15699,79.31545],[12.52483,79.05857],[11.76033,78.88018],[12.07457,78.69565],[12.43747,78.59088],[12.9101,78.42518],[13.06209,78.34677],[13.61843,78.26923],[13.87176,78.29588],[14.35283,78.42791],[14.81903,78.71849],[15.08391,78.78065],[15.48034,78.64942],[16.61705,78.46727],[15.92089,78.26488],[14.95342,78.12359],[14.33652,78.02679],[13.90509,77.9999],[14.13103,77.76641],[14.89342,77.78515],[15.59808,77.8384],[16.41805,77.90059],[16.71155,77.78862],[16.28681,77.61515],[15.48205,77.55329],[14.77792,77.53477],[14.48458,77.37091],[15.09888,77.11527],[15.9461,76.88682],[16.66291,76.72687],[16.91296,76.71887],[17.267,76.81286],[17.27989,76.98296],[17.48486,77.24807],[17.82944,77.48895],[18.38862,77.54162],[18.78678,77.93978],[19.11582,78.45455],[19.42915,78.58663],[20.32118,78.68499],[20.9081,78.80939],[20.68419,78.91487],[19.93185,79.10815],[19.50487,79.16056],[19.15158,79.23095],[18.84646,79.38169],[18.54874,79.55972],[18.35055,79.51464],[18.01599,79.36229],[17.76901,79.4153],[17.72218,79.48664],[17.79819,79.62094],[17.83405,79.80945],[17.57058,79.88994],[16.99533,79.89784],[16.77665,79.97856],[16.32628,80.02513],[15.9166,79.84178],[15.93503,79.74294],[16.08196,79.52818],[16.28915,79.36791],[16.38881,79.23458],[16.13317,79.13636],[15.77414,79.24228],[15.23719,79.58918],[14.81011,79.80369],[14.57469,79.78526],[14.31659,79.72192],[14.25809,79.53365],[14.15889,79.36383],[13.39673,79.43371],[13.28296,79.48709],[13.25222,79.80073]]],[[[11.17885,59.07029],[11.31076,59.01105],[11.37865,58.85714],[11.56327,58.86306],[11.70885,59.19493],[11.61031,59.56863],[11.83788,59.66965],[11.89061,59.85996],[12.07703,59.86592],[12.42277,60.03878],[12.43586,60.2781],[12.54796,60.43387],[12.43103,60.62585],[12.17404,60.95641],[12.59738,61.02862],[12.79174,61.32995],[12.65804,61.43953],[12.33659,61.52314],[12.07456,61.69846],[12.2256,62.2257],[11.93265,62.55397],[12.08959,63.04595],[12.12415,63.34462],[12.29916,63.56624],[12.57707,63.78165],[12.85312,63.8973],[13.13099,63.94873],[13.55052,63.93661],[13.88019,63.95259],[14.07837,64.03223],[14.15496,64.11129],[14.04158,64.37566],[13.87023,64.49668],[13.71794,64.5533],[13.94037,64.79865],[14.19894,65.02323],[14.3714,65.23411],[14.5153,65.50339],[14.54205,65.94041],[14.59674,66.05018],[15.03837,66.05977],[15.34743,66.25874],[15.94354,66.67235],[16.22053,66.82812],[16.30509,66.98316],[16.22829,67.21133],[16.20605,67.30725],[16.87392,67.83656],[17.083,67.9119],[17.20868,67.90512],[17.60095,67.86257],[17.91359,67.86416],[18.05703,67.99866],[18.09419,68.08813],[18.10414,68.38627],[18.17949,68.46879],[18.95871,68.2937],[19.39608,68.22885],[19.69718,68.17079],[19.84266,68.16406],[19.96514,68.27646],[20.03898,68.47831],[20.16557,68.95807],[20.55491,68.97506],[20.73944,68.96099],[20.79064,68.93227],[21.24605,69.22752],[21.40581,69.27349],[21.62505,69.23699],[22.07228,68.96131],[22.45976,68.69355],[22.70115,68.63494],[23.33618,68.61576],[24.08184,68.71681],[24.66169,68.49549],[24.80069,68.42901],[25.06283,68.59468],[25.62537,68.80706],[25.70995,69.03241],[25.74563,69.25801],[25.86254,69.45439],[26.11767,69.64424],[26.50725,69.81245],[27.40887,69.85489],[27.65854,69.88642],[27.90868,69.88767],[28.41488,69.69373],[28.71698,69.64241],[29.11325,69.48603],[29.133,69.36561],[28.73972,68.95039],[28.6964,68.7853],[28.69715,68.69553],[29.00742,68.83183],[29.46278,69.13419],[29.9236,69.3546],[30.26994,69.40907],[30.6408,69.41849],[30.8717,69.51009],[31.05378,69.63959],[30.73536,69.75236],[30.36129,69.76681],[30.05581,69.72086],[29.72858,69.69757],[29.55593,69.8334],[29.08002,69.96123],[28.81709,70.09792],[28.73008,70.13593],[29.7349,70.11489],[30.25188,70.13115],[30.79884,70.30796],[30.7542,70.43042],[30.46196,70.53725],[30.04144,70.54414],[29.74123,70.60498],[28.98434,70.85741],[28.79481,70.86477],[28.38891,70.57175],[28.28973,70.37221],[27.8754,70.42506],[28.01893,70.60945],[27.98529,70.71701],[28.13644,70.83273],[28.30841,70.94865],[28.21116,71.01791],[27.94754,71.01741],[27.51601,70.97031],[27.13108,70.57708],[26.93435,70.46929],[26.61742,70.39205],[26.61911,70.79908],[26.60652,70.91462],[26.26272,70.79074],[25.57404,70.36714],[25.26302,70.10655],[25.07408,70.14438],[25.12242,70.43525],[25.23069,70.55819],[25.83206,70.89776],[25.38903,70.90463],[24.84904,70.8266],[24.57051,70.74138],[24.35961,70.61029],[24.20772,70.47187],[23.95485,70.50206],[23.82729,70.47884],[23.50841,70.27907],[23.29247,70.01129],[23.20361,69.94278],[22.74557,70.1706],[22.30645,70.21562],[22.16331,70.09311],[21.90807,69.80404],[21.60856,69.96254],[21.41196,70.01541],[21.10273,69.81769],[20.73394,69.77919],[20.55269,69.52191],[20.1965,69.31769],[20.27816,69.58179],[20.35832,69.71038],[20.28638,69.78591],[20.15765,69.74783],[19.82121,69.36973],[19.57998,69.18106],[19.28917,69.21059],[19.17016,69.25553],[18.98485,69.31544],[18.55324,69.24688],[18.31905,69.35938],[18.09735,69.058],[18.05155,69.02786],[17.92815,69.00508],[17.89471,69.03508],[17.56586,68.97437],[17.44891,68.887],[17.40691,68.77154],[17.03973,68.65853],[16.85476,68.55778],[17.12642,68.41608],[17.03327,68.33763],[16.71914,68.31136],[16.5219,68.3409],[16.64855,68.04575],[16.41161,67.87425],[16.23273,67.91109],[16.07106,68.04467],[15.91974,68.04897],[15.85421,67.92524],[15.57224,67.8207],[15.76182,67.67629],[15.74567,67.59729],[15.57994,67.58332],[15.3845,67.46444],[15.22666,67.50856],[14.97616,67.52294],[14.69915,67.37439],[14.56921,67.32934],[14.61647,67.24527],[14.77766,67.21653],[14.63927,67.12311],[14.37308,67.0931],[14.05474,66.97456],[13.85907,66.95945],[13.74719,66.9224],[13.99165,66.68746],[13.59203,66.65732],[13.38319,66.67895],[13.24208,66.56853],[13.16865,66.45834],[13.2554,66.39254],[13.4028,66.34882],[13.58101,66.18811],[13.15191,66.13613],[13.1088,66.03374],[13.08739,65.88041],[12.70906,65.90888],[12.47922,65.61703],[12.28409,65.43489],[12.49617,65.38447],[12.52645,65.10895],[12.22221,65.10115],[12.11214,65.12992],[11.89557,64.91273],[11.68973,64.77565],[11.46994,64.67464],[11.40654,64.61704],[11.50772,64.51672],[11.36406,64.41602],[11.2135,64.41574],[10.99662,64.49424],[10.8906,64.47251],[10.73985,64.38617],[10.06616,64.05551],[9.87006,63.87643],[9.83211,63.68362],[9.4409,63.49752],[9.21607,63.28356],[9.15422,63.31902],[8.9572,63.40404],[8.6059,63.3251],[8.47229,63.17552],[8.25797,63.05432],[8.23129,62.84141],[7.98916,62.94027],[7.60649,62.90406],[7.08818,62.9102],[6.98186,62.84614],[7.10156,62.70464],[7.54674,62.59925],[7.28926,62.48556],[6.98868,62.54157],[6.61296,62.58334],[6.53251,62.3357],[6.30839,62.28583],[6.05349,62.3348],[5.82363,62.17902],[5.56459,62.1503],[5.46967,62.0937],[5.42569,62.00926],[5.52818,61.93255],[5.71947,61.87955],[5.8339,61.81941],[5.79709,61.76991],[5.59242,61.7897],[5.41603,61.76954],[5.14898,61.74088],[5.10115,61.69859],[5.14095,61.38956],[5.01831,61.30514],[5.11961,61.1371],[5.38705,61.02558],[5.10853,60.90611],[4.98038,60.68924],[5.07547,60.59169],[5.25523,60.56414],[5.45583,60.59241],[5.55114,60.50889],[5.26178,60.32713],[5.09623,60.26413],[5.27905,60.12534],[5.52462,60.16753],[5.89406,60.16126],[5.80576,59.94925],[5.63173,59.88377],[5.54334,59.82426],[5.69405,59.75289],[5.9105,59.75289],[6.18539,59.82426],[5.9699,59.71127],[5.66655,59.6756],[5.74112,59.62804],[5.64617,59.58645],[5.44931,59.65776],[5.41856,59.51517],[5.38263,59.71127],[5.0866,59.50923],[5.17665,59.30741],[5.28259,59.27183],[5.35033,59.39049],[5.34384,59.2659],[5.52852,59.2659],[5.71715,59.33707],[5.68291,59.41423],[5.68047,59.50923],[5.7995,59.43204],[5.81591,59.31335],[6.11343,59.52705],[6.07625,59.42017],[5.8775,59.31335],[6.0203,59.25404],[6.23753,59.28369],[6.03258,59.20067],[5.77186,59.07622],[5.8223,59.01698],[5.9404,58.93408],[6.05055,58.98144],[6.26615,58.99329],[6.04116,58.95184],[5.98371,58.88672],[6.09355,58.79798],[5.79366,58.91632],[5.66579,58.82165],[5.62749,58.96368],[5.47465,58.97553],[5.531,58.88081],[5.39974,58.71518],[5.61548,58.45522],[5.87384,58.4316],[6.23133,58.27818],[6.65171,58.17205],[6.47912,58.08955],[6.64366,58.04241],[6.72566,58.13669],[6.87418,58.07775],[6.95864,57.97174],[7.90843,58.06598],[8.0302,58.06598],[8.15375,58.08955],[8.17524,58.17205],[8.92173,58.53789],[9.14589,58.65607],[9.37162,58.78615],[9.3462,58.84531],[9.69758,58.99922],[9.93762,58.94],[10.17234,58.98737],[10.21107,59.07029],[10.36334,59.21254],[10.42959,59.25997],[10.37863,59.36675],[10.40706,59.49735],[10.56974,59.5805],[10.63356,59.44985],[10.54927,59.37863],[10.65681,59.2244],[10.76894,59.11769],[10.82919,59.10584],[11.11205,59.16511],[11.17885,59.07029]]]]}},{"type":"Feature","id":155,"properties":{"name":"Finland","subjecto":"Finland","partof":"Finland","precision":3},"geometry":{"type":"Polygon","coordinates":[[[28.69715,68.69553],[28.6964,68.7853],[28.73972,68.95039],[29.133,69.36561],[29.11325,69.48603],[28.71698,69.64241],[28.41488,69.69373],[27.90868,69.88767],[27.65854,69.88642],[27.40887,69.85489],[26.50725,69.81245],[26.11767,69.64424],[25.86254,69.45439],[25.74563,69.25801],[25.70995,69.03241],[25.62537,68.80706],[25.06283,68.59468],[24.80069,68.42901],[24.66169,68.49549],[24.08184,68.71681],[23.33618,68.61576],[22.70115,68.63494],[22.45976,68.69355],[22.07228,68.96131],[21.62505,69.23699],[21.40581,69.27349],[21.24605,69.22752],[20.79064,68.93227],[20.8564,68.9176],[21.13333,68.70924],[21.71248,68.41321],[22.20075,68.28146],[22.91273,68.18824],[23.14124,68.0852],[23.48765,67.83432],[23.45974,67.64878],[23.45788,67.41193],[23.68567,67.12515],[23.86817,66.81688],[23.88123,66.64064],[23.65611,66.28044],[23.74945,66.03978],[23.89674,65.90195],[23.94773,65.79668],[24.2148,65.78591],[24.59114,65.58278],[25.10361,65.54013],[25.25151,65.41689],[25.18613,65.24266],[25.13256,65.07595],[25.29341,65.00389],[25.3519,64.9391],[25.32509,64.80239],[24.93192,64.81604],[24.47009,64.63552],[24.09404,64.37657],[23.58029,64.08206],[22.82553,63.58088],[22.70422,63.58064],[22.56902,63.72301],[22.47583,63.60162],[22.42877,63.39497],[22.29236,63.20269],[22.07504,63.10282],[21.95132,63.13102],[21.66648,63.18731],[21.49466,63.12303],[21.54597,62.97406],[21.48128,62.88881],[21.19481,62.76068],[21.06181,62.61174],[21.03373,62.4773],[21.20014,62.43518],[21.33756,62.3436],[21.34644,62.16713],[21.2112,61.87091],[21.40522,61.70243],[21.56101,61.48492],[21.52079,61.37957],[21.49831,61.18327],[21.42726,61.0151],[21.44318,60.69365],[21.56015,60.51249],[21.74681,60.40827],[21.93095,60.38077],[22.22065,60.25877],[22.42147,60.29319],[22.39207,60.1212],[22.62462,60.2011],[23.0052,60.20876],[22.882,60.05556],[22.98213,59.93245],[23.20144,59.81846],[23.41885,59.82985],[23.66466,59.83555],[23.96111,59.93245],[23.97895,59.88115],[24.28136,59.93815],[24.42105,59.86975],[24.51596,59.9895],[24.96947,60.08683],[24.99298,60.02957],[25.14579,60.10975],[25.44989,60.1384],[25.58054,60.26234],[25.84553,60.11548],[25.8901,60.23584],[26.03775,60.2493],[26.32271,60.27024],[26.44284,60.33334],[26.55164,60.5707],[26.52588,60.39647],[26.61308,60.34783],[26.92231,60.31612],[26.94557,60.37631],[27.17848,60.44239],[27.40622,60.34482],[27.47362,60.42608],[28.01144,60.51073],[28.43178,60.60347],[28.51004,60.73181],[29.38611,61.24664],[30.27863,61.78445],[30.90185,62.12547],[31.16754,62.3666],[31.36092,62.60778],[31.4083,62.79197],[31.33593,62.94743],[31.13995,63.12374],[30.21264,63.46712],[30.01493,63.61558],[30.1622,63.70184],[30.40583,63.8885],[30.43152,64.00286],[30.36345,64.11682],[29.78442,64.74428],[29.61822,64.97341],[29.63116,65.13977],[29.71532,65.32124],[29.91345,65.56173],[30.00173,65.72213],[29.65426,66.26004],[29.02291,66.88742],[29.17087,67.02063],[29.75698,67.3703],[29.94611,67.53391],[29.70182,67.71039],[29.26813,67.93815],[28.87573,68.02529],[28.62222,68.12067],[28.57012,68.35876],[28.68595,68.56835],[28.69715,68.69553]]]}},{"type":"Feature","id":156,"properties":{"name":"Sweden","subjecto":"Sweden","partof":"Sweden","precision":3},"geometry":{"type":"Polygon","coordinates":[[[23.94773,65.79668],[23.89674,65.90195],[23.74945,66.03978],[23.65611,66.28044],[23.88123,66.64064],[23.86817,66.81688],[23.68567,67.12515],[23.45788,67.41193],[23.45974,67.64878],[23.48765,67.83432],[23.14124,68.0852],[22.91273,68.18824],[22.20075,68.28146],[21.71248,68.41321],[21.13333,68.70924],[20.8564,68.9176],[20.79064,68.93227],[20.73944,68.96099],[20.55491,68.97506],[20.16557,68.95807],[20.03898,68.47831],[19.96514,68.27646],[19.84266,68.16406],[19.69718,68.17079],[19.39608,68.22885],[18.95871,68.2937],[18.17949,68.46879],[18.10414,68.38627],[18.09419,68.08813],[18.05703,67.99866],[17.91359,67.86416],[17.60095,67.86257],[17.20868,67.90512],[17.083,67.9119],[16.87392,67.83656],[16.20605,67.30725],[16.22829,67.21133],[16.30509,66.98316],[16.22053,66.82812],[15.94354,66.67235],[15.34743,66.25874],[15.03837,66.05977],[14.59674,66.05018],[14.54205,65.94041],[14.5153,65.50339],[14.3714,65.23411],[14.19894,65.02323],[13.94037,64.79865],[13.71794,64.5533],[13.87023,64.49668],[14.04158,64.37566],[14.15496,64.11129],[14.07837,64.03223],[13.88019,63.95259],[13.55052,63.93661],[13.13099,63.94873],[12.85312,63.8973],[12.57707,63.78165],[12.29916,63.56624],[12.12415,63.34462],[12.08959,63.04595],[11.93265,62.55397],[12.2256,62.2257],[12.07456,61.69846],[12.33659,61.52314],[12.65804,61.43953],[12.79174,61.32995],[12.59738,61.02862],[12.17404,60.95641],[12.43103,60.62585],[12.54796,60.43387],[12.43586,60.2781],[12.42277,60.03878],[12.07703,59.86592],[11.89061,59.85996],[11.83788,59.66965],[11.61031,59.56863],[11.70885,59.19493],[11.56327,58.86306],[11.37865,58.85714],[11.31076,59.01105],[11.17885,59.07029],[11.03924,58.9104],[11.14039,58.85122],[11.22136,58.30832],[11.40671,58.33127],[11.43109,58.20153],[11.61386,58.24735],[11.80189,58.17794],[11.70914,58.02474],[11.60984,57.80695],[11.76608,57.67268],[11.88111,57.50896],[11.87662,57.32521],[12.00514,57.32521],[12.28862,56.87986],[12.52603,56.7804],[12.65748,56.61084],[12.78586,56.61668],[12.87158,56.51152],[12.80481,56.4012],[12.61544,56.43561],[12.65238,56.29553],[12.41441,56.24304],[12.51336,56.12062],[12.69901,55.9051],[12.98587,55.66658],[12.85931,55.53292],[12.88756,55.45161],[12.80192,55.41677],[12.80237,55.35291],[13.30185,55.3007],[13.8233,55.42182],[13.90111,55.40515],[14.1172,55.34711],[14.28635,55.51549],[14.12602,55.66658],[14.25893,55.89928],[14.49183,56.01804],[14.60523,55.98078],[14.65289,56.12062],[15.2208,56.08036],[15.49704,56.16724],[15.69623,56.06096],[15.77054,56.03321],[16.03145,56.35307],[16.37617,56.82242],[16.39452,57.0743],[16.49416,57.27892],[16.65868,57.44295],[16.55048,57.54515],[16.60721,57.66581],[16.47653,57.70213],[16.45953,57.89521],[16.59776,57.86645],[16.72459,57.88932],[16.77355,58.0379],[16.74404,58.31195],[16.51319,58.42812],[16.44287,58.63442],[17.08073,58.64993],[17.083,58.74813],[17.24539,58.71712],[17.35668,58.74297],[17.58219,58.89297],[17.62318,59.10007],[17.73911,59.11042],[17.7452,58.98613],[17.72642,58.91366],[17.76647,58.87227],[17.94014,58.90849],[18.01567,59.03791],[18.37196,59.15707],[18.27337,59.28667],[18.5982,59.29704],[18.61133,59.33335],[18.51547,59.40079],[18.44137,59.40079],[18.42956,59.33335],[18.32817,59.36967],[18.11138,59.32297],[17.97764,59.32815],[17.86173,59.23999],[17.58441,59.27111],[17.57492,59.21407],[17.35812,59.24518],[17.26578,59.33853],[16.99984,59.35928],[16.77647,59.47866],[16.40758,59.4475],[16.52321,59.58252],[16.72409,59.53057],[16.78554,59.57732],[17.0706,59.54615],[17.36798,59.46827],[17.72995,59.41636],[17.79528,59.36447],[18.03008,59.35928],[18.25142,59.43194],[18.63925,59.56693],[18.86789,59.71242],[19.04355,59.71242],[19.03732,59.86324],[18.89307,59.92569],[18.80409,60.1084],[18.41687,60.18162],[18.22439,60.32297],[17.93075,60.59031],[17.70646,60.55358],[17.60496,60.63754],[17.1885,60.67429],[17.31763,60.75307],[17.14621,60.95283],[17.15019,61.19771],[17.06518,61.53838],[17.16264,61.62991],[17.38697,61.65844],[17.49677,62.0881],[17.38736,62.20077],[17.29024,62.44072],[17.71811,62.35673],[17.93626,62.548],[17.86817,62.78862],[17.96744,62.77462],[18.30319,62.78942],[18.38895,62.85337],[18.48662,62.98124],[18.78499,63.13801],[19.07593,63.2025],[19.31822,63.44483],[19.46501,63.4807],[19.67028,63.38854],[19.98489,63.51727],[20.70066,63.81813],[20.86648,64.02562],[21.0489,64.21917],[21.38583,64.38456],[21.23705,64.52054],[21.06432,64.592],[20.92119,64.71382],[21.32944,64.89435],[21.48945,65.01716],[21.42371,65.10389],[21.27735,65.21228],[21.52233,65.37231],[21.81873,65.38014],[21.95748,65.44574],[22.20157,65.71529],[22.4898,65.88342],[22.64555,65.93479],[22.79816,65.85482],[23.20402,65.68075],[23.40569,65.72483],[23.84408,65.79847],[23.94773,65.79668]]]}},{"type":"Feature","id":157,"properties":{"name":null,"subjecto":null,"partof":null,"precision":3},"geometry":{"type":"MultiPolygon","coordinates":[[[[-73.11151,-72.74946],[-71.56611,-72.74946],[-70.02072,-72.67219],[-69.32529,-72.28585],[-68.62986,-72.05404],[-68.39805,-71.1268],[-68.86167,-70.50864],[-69.47983,-69.96775],[-69.94345,-69.34959],[-70.3298,-68.96325],[-70.71615,-68.8087],[-71.41157,-68.88598],[-71.95247,-69.04052],[-72.39444,-69.26146],[-71.79792,-69.73594],[-71.79792,-70.3541],[-72.18427,-70.58591],[-72.107,-71.04953],[-72.72516,-71.28134],[-74.11602,-71.35861],[-74.6569,-71.43588],[-75.27506,-71.66768],[-75.04326,-72.05404],[-74.34782,-72.20858],[-73.42059,-71.97677],[-72.02974,-71.82222],[-71.95247,-72.20858],[-72.49335,-72.44038],[-72.8797,-72.44038],[-73.11151,-72.74946]]],[[[-102.55128,-72.13131],[-101.16043,-72.36312],[-98.83399,-72.52066],[-97.1424,-72.67219],[-95.90609,-72.36312],[-97.21967,-71.82222],[-99.6923,-71.82222],[-101.16043,-71.82222],[-102.55128,-72.13131]]],[[[-150.95141,-76.94911],[-150.3246,-77.09835],[-149.42916,-77.09835],[-149.78734,-76.88942],[-150.41414,-76.82972],[-150.95141,-76.94911]]],[[[-55.18493,-80.94006],[-50.1624,-80.78552],[-44.83078,-80.3219],[-43.90355,-79.78101],[-43.90355,-79.24012],[-44.21262,-78.39016],[-45.75802,-78.08107],[-46.8398,-78.08107],[-48.84881,-78.08107],[-50.23967,-78.39016],[-50.85782,-78.69924],[-51.01236,-79.39467],[-51.70779,-79.78101],[-52.63503,-79.85828],[-53.87134,-79.93555],[-54.95312,-80.39917],[-55.18493,-80.94006]]],[[[-164.058,-79.35602],[-162.35807,-79.74237],[-160.42632,-79.97419],[-159.20263,-79.88246],[-158.80365,-79.6651],[-160.7354,-79.04695],[-162.58988,-78.81514],[-163.51711,-78.96968],[-164.058,-79.35602]]],[[[169.76939,-83.41789],[168.87443,-83.34305],[167.88531,-83.47493],[167.35778,-83.43538],[167.5688,-83.31668],[168.32052,-83.19799],[168.38647,-83.09248],[167.92973,-83.01605],[167.27467,-82.98771],[164.95657,-82.44683],[163.30863,-82.08681],[162.01522,-81.65986],[160.57742,-81.53428],[160.48323,-81.30825],[160.43301,-80.90642],[160.24311,-80.82416],[160.01861,-80.74318],[159.94326,-80.57993],[159.5791,-80.4418],[159.34051,-80.4418],[158.34849,-80.49202],[158.13501,-80.31623],[159.31539,-80.02741],[159.8177,-79.68836],[160.11907,-79.60045],[160.3451,-79.39954],[159.84281,-79.16095],[160.08857,-78.96968],[160.68562,-79.11382],[161.41069,-78.96117],[161.77322,-78.86577],[162.59368,-78.90393],[163.64299,-78.66061],[164.90243,-78.59864],[166.75326,-78.59864],[165.55117,-78.35059],[165.39854,-78.19795],[164.48266,-78.06438],[164.10661,-77.6561],[163.52864,-77.74001],[163.45231,-77.41564],[163.29966,-77.18667],[162.95622,-77.07219],[162.61276,-77.07219],[162.32655,-76.95771],[162.67001,-76.7669],[162.63185,-76.42345],[162.3838,-76.21356],[162.59368,-76.00367],[162.76541,-75.96551],[162.82264,-75.62206],[162.40667,-75.33801],[162.34564,-75.10688],[163.41415,-75.03056],[163.43322,-74.74435],[163.77668,-74.64895],[164.33001,-74.76343],[165.18864,-74.66803],[164.61622,-74.17193],[165.79922,-73.82848],[166.76818,-73.63719],[167.57543,-73.47574],[168.17819,-73.58337],[168.89935,-73.54032],[168.97468,-73.23894],[169.22224,-73.10978],[169.45904,-73.05597],[169.72813,-72.77611],[169.86805,-72.74382],[169.9111,-72.61466],[170.10484,-72.63619],[170.11561,-72.33481],[169.86805,-72.35634],[169.7927,-72.23794],[169.88958,-72.07649],[170.39546,-72.00115],[170.72912,-71.90428],[170.52462,-71.6029],[170.27706,-71.51679],[170.08332,-71.66748],[168.74279,-71.24271],[167.96292,-71.09702],[167.63464,-70.86512],[164.95657,-70.62455],[164.31925,-70.51775],[163.65144,-70.53895],[163.43942,-70.53895],[163.37582,-70.65555],[163.13201,-70.62375],[162.88821,-70.57075],[162.48539,-70.30574],[162.13558,-70.28454],[161.79637,-70.30574],[161.5567,-70.31547],[161.32995,-70.23154],[160.59854,-70.22094],[159.84591,-69.82872],[159.11448,-69.60612],[157.30686,-69.15643],[156.14782,-69.31097],[154.94532,-69.07735],[154.43458,-68.94967],[154.28561,-68.63045],[153.92384,-68.43892],[153.60462,-68.48149],[153.75245,-68.92462],[152.30648,-68.84327],[151.09346,-68.88582],[150.83808,-68.77942],[150.89347,-68.53827],[148.72993,-68.30646],[148.26307,-68.20483],[148.09313,-67.93697],[146.87545,-67.99738],[146.39035,-67.77921],[145.45397,-67.63025],[145.32196,-67.57509],[145.39013,-67.41743],[145.58566,-67.22348],[145.26245,-67.09822],[144.38015,-67.17326],[143.38813,-66.97234],[142.76026,-67.04768],[142.18263,-66.9849],[141.1575,-66.72243],[138.68486,-66.56789],[136.31742,-66.39859],[135.05319,-66.18155],[134.69076,-66.08297],[134.98211,-65.5974],[134.58956,-65.0225],[134.03526,-65.18467],[134.01097,-65.54885],[134.2052,-66.18009],[133.3069,-66.13153],[132.9669,-66.25881],[130.27211,-66.25292],[129.42236,-66.51999],[129.00962,-67.02983],[126.80029,-66.88416],[126.41184,-66.37431],[125.4407,-66.44715],[125.12508,-66.78704],[123.53999,-66.64516],[122.45821,-66.64516],[121.45371,-66.7997],[119.59923,-66.9156],[118.28565,-67.07014],[116.97206,-66.83834],[116.1221,-66.52926],[115.67881,-66.41427],[115.26441,-66.434],[114.43563,-66.49321],[114.26762,-66.29744],[113.95854,-65.98837],[113.01486,-65.76308],[112.0268,-65.98837],[111.67302,-65.96042],[110.60744,-66.05908],[110.4814,-66.29744],[110.56797,-66.39454],[109.97599,-66.59187],[109.40373,-66.71026],[108.43682,-66.74973],[108.10135,-66.71026],[107.62242,-66.45198],[107.1588,-66.45198],[105.45887,-66.29744],[103.8362,-65.98837],[103.31138,-66.06609],[102.63084,-65.92617],[102.28102,-65.9516],[101.71497,-65.97705],[100.87542,-66.07881],[99.65426,-66.54947],[99.12001,-66.89292],[98.66207,-66.62579],[98.0642,-66.58763],[97.11373,-66.6838],[95.72288,-66.52926],[93.48206,-66.60653],[90,-66.60653],[88.65355,-66.76391],[88.51687,-66.41462],[88.30499,-66.06564],[88.08406,-66.1109],[87.84136,-66.45198],[87.76514,-66.74873],[87.22321,-66.99287],[85.52327,-66.9156],[82.74156,-67.22468],[81.81433,-67.30195],[80.88709,-67.61103],[79.80532,-67.92011],[78.25992,-68.38373],[77.7963,-68.84735],[76.86906,-69.31096],[75.40094,-69.4655],[74.39643,-69.77459],[72.54196,-70.2382],[71.9238,-70.54728],[71.1511,-71.31998],[70.30114,-72.01541],[69.52845,-72.40175],[68.21485,-72.40175],[67.36489,-72.09268],[67.36489,-71.70633],[68.13758,-71.08817],[68.68395,-71.06032],[69.07437,-70.58771],[68.88943,-70.42332],[68.45792,-70.69045],[68.19079,-70.6699],[67.51269,-70.46442],[67.84146,-70.0329],[68.21485,-69.85185],[68.6223,-70.0329],[68.95108,-69.88907],[69.14209,-69.38823],[69.44424,-69.19042],[69.77301,-68.63562],[69.68299,-68.15192],[69.3739,-67.84284],[66.97854,-67.84284],[63.57867,-67.53376],[62.80597,-67.61103],[62.11055,-67.53376],[59.60304,-67.32982],[57.40192,-67.0392],[56.62695,-66.94233],[56.70229,-66.73782],[57.1113,-66.69477],[57.10054,-66.52256],[56.76687,-66.45797],[56.17488,-66.44721],[55.14159,-65.96286],[53.76541,-65.91109],[52.45182,-65.98836],[50.52008,-66.37471],[50.13962,-66.48374],[50.00605,-66.58763],[50.00605,-66.83992],[50.2435,-66.98832],[50.27318,-67.13672],[49.96153,-67.19609],[49.67012,-67.07014],[48.96722,-66.97348],[48.31423,-67.018],[48.26971,-67.18125],[48.522,-67.29997],[48.84849,-67.43353],[48.27926,-67.53376],[47.30508,-67.77486],[47.00827,-67.67098],[46.91923,-67.40385],[46.37013,-67.32965],[46.05848,-67.43353],[46.13268,-67.5671],[46.03844,-67.6883],[44.79704,-67.74518],[44.18396,-68.03601],[42.56129,-68.11328],[41.94314,-68.42236],[39.64714,-68.93356],[39.45927,-69.7007],[38.5982,-69.9512],[38.33205,-70.02948],[38.33205,-69.79464],[38.41033,-69.63808],[38.26942,-69.54414],[38.12852,-69.71636],[37.95631,-69.88858],[37.59622,-69.76333],[37.29876,-69.65374],[37.6745,-69.51283],[37.58057,-69.278],[36.98564,-69.35627],[36.53162,-69.65374],[36.0776,-69.59111],[35.29794,-69.11779],[34.71553,-68.93356],[34.29344,-68.49963],[33.54134,-68.54216],[33.0247,-68.9179],[32.74804,-69.3496],[31.74354,-69.50414],[30.66176,-69.73595],[28.34366,-70.04503],[25.63922,-70.35411],[23.70748,-70.58592],[22.54843,-70.58592],[19.53492,-70.16093],[17.60317,-70.08366],[16.05777,-70.16093],[12.65791,-70.31547],[11.96248,-70.70182],[11.11251,-70.85636],[10.33982,-70.70182],[9.41258,-70.08366],[8.48534,-70.08366],[6.5536,-70.47001],[3.30827,-70.93363],[0.68109,-71.31997],[-0.0916,-71.55178],[-0.78703,-71.70633],[-1.25065,-71.31997],[-2.71877,-71.39724],[-4.88233,-71.28134],[-6.3176,-71.42497],[-6.25498,-71.1536],[-5.73229,-70.89499],[-6.35045,-70.66318],[-7.20042,-70.89499],[-7.6327,-71.25798],[-7.74131,-71.66769],[-8.82255,-71.82159],[-9.36397,-71.1268],[-9.75032,-71.04953],[-10.21394,-71.20408],[-11.14118,-71.59042],[-11.59886,-71.63372],[-11.80761,-71.29972],[-12.37122,-71.4041],[-12.32947,-71.67547],[-11.55711,-72.07208],[-11.82848,-72.32258],[-12.53822,-72.51045],[-14.27081,-72.84444],[-14.58392,-73.17843],[-15.70009,-73.29036],[-16.39552,-73.44489],[-17.09095,-73.90851],[-16.16371,-74.06305],[-15.00466,-73.83124],[-14.45094,-74.06465],[-17.16821,-74.75847],[-18.40453,-75.68571],[-20.64535,-75.91752],[-23.5816,-75.91752],[-25.97697,-76.30388],[-30.2268,-76.84476],[-32.08128,-77.30838],[-33.16305,-77.38565],[-34.94026,-77.92654],[-36.40838,-78.62197],[-36.40838,-79.16285],[-35.01753,-79.16285],[-32.85397,-79.31739],[-31.84947,-79.24012],[-29.56768,-79.22432],[-29.03499,-79.37651],[-28.91322,-79.85828],[-28.37233,-80.09009],[-28.91322,-80.47644],[-32.93124,-80.86279],[-38.03105,-80.94006],[-41.81727,-81.40368],[-42.97631,-81.94457],[-43.82628,-81.79003],[-48.23065,-81.94457],[-51.14388,-81.99205],[-52.24867,-82.02183],[-55.18493,-82.33091],[-57.58029,-83.02634],[-58.97115,-83.18088],[-59.28022,-82.71726],[-60.20746,-82.33091],[-63.14371,-82.0991],[-67.93444,-81.48095],[-71.79792,-81.09459],[-74.88871,-80.70825],[-76.04776,-80.39917],[-76.64337,-80.21463],[-78.28858,-80.3219],[-80.00338,-79.92989],[-78.82947,-80.01282],[-77.36134,-79.93555],[-76.43411,-79.85828],[-76.41558,-79.58819],[-76.58865,-79.39466],[-77.9795,-79.08558],[-80.22033,-79.31739],[-81.3021,-79.31739],[-81.92026,-79.16285],[-82.46115,-79.24012],[-82.92476,-79.16285],[-84.10373,-78.64853],[-84.16108,-78.23562],[-83.0793,-78.23562],[-82.0748,-78.7765],[-81.45664,-78.85377],[-79.13855,-78.93104],[-78.13405,-78.69923],[-77.78236,-78.64853],[-77.67042,-78.46743],[-78.28858,-78.31289],[-79.29309,-78.31289],[-80.76121,-78.23562],[-81.28474,-77.99361],[-81.65491,-77.68039],[-80.68677,-77.56649],[-79.29309,-77.69473],[-77.05227,-77.92653],[-74.50237,-78.08107],[-73.02709,-77.82277],[-73.56811,-77.48107],[-75.81595,-77.46292],[-77.67042,-76.92203],[-78.59766,-76.61295],[-78.82947,-76.2266],[-78.44312,-75.99479],[-77.82496,-75.99479],[-77.05227,-76.14933],[-76.27957,-76.30388],[-75.93151,-76.48446],[-73.88133,-76.62683],[-70.5616,-76.69022],[-69.24802,-76.38114],[-68.16624,-76.2266],[-65.92543,-75.84025],[-64.4573,-75.68571],[-63.6846,-75.2221],[-63.22098,-74.83574],[-62.68009,-74.75847],[-61.36651,-73.90851],[-60.98016,-73.13581],[-60.82562,-72.74946],[-60.98016,-72.05404],[-61.36651,-71.43588],[-61.67559,-70.81772],[-62.1392,-70.50864],[-62.44829,-70.1223],[-63.14371,-69.42686],[-63.45279,-68.88598],[-63.83914,-68.65416],[-64.53457,-68.65416],[-65.15273,-68.49962],[-65.4618,-68.19055],[-65.69362,-67.88147],[-65.38453,-67.34058],[-64.92092,-67.0315],[-64.38002,-66.72242],[-63.83914,-66.49061],[-63.37552,-66.49061],[-62.75736,-66.64515],[-62.44829,-66.33607],[-62.37101,-65.79519],[-61.59832,-65.17703],[-61.13469,-64.86795],[-59.82111,-64.32706],[-58.89388,-64.32706],[-58.35299,-64.09525],[-57.88937,-63.94071],[-57.27121,-63.7089],[-57.42575,-63.24529],[-58.12118,-63.39982],[-59.12568,-63.86344],[-60.20746,-63.94071],[-61.28924,-64.4816],[-62.9119,-64.71341],[-64.22549,-65.2543],[-64.68911,-65.56338],[-65.07545,-65.94973],[-65.77088,-66.18154],[-66.85266,-66.79969],[-67.70263,-66.87696],[-67.85717,-67.57239],[-67.31628,-67.8042],[-67.23901,-68.26782],[-67.08447,-68.65416],[-67.47081,-69.19506],[-68.24352,-69.34959],[-68.7844,-69.81321],[-68.62986,-70.27683],[-68.08897,-70.58591],[-67.70263,-71.28134],[-67.08447,-71.82222],[-67.08447,-72.44038],[-67.62536,-72.74946],[-69.01621,-72.98127],[-71.48884,-73.36762],[-73.72967,-73.59943],[-75.58414,-73.75397],[-77.12954,-73.63807],[-78.52039,-73.71534],[-79.2931,-73.40625],[-79.7567,-73.17445],[-80.99302,-73.25171],[-81.30211,-73.7926],[-81.76572,-74.02441],[-82.69296,-73.94714],[-84.39289,-73.7926],[-85.93828,-73.48352],[-86.32464,-73.25171],[-87.40641,-73.40625],[-88.56546,-73.25171],[-88.72,-72.7881],[-89.26088,-72.7881],[-89.56997,-73.09717],[-90,-73.32898],[-91.96533,-73.25171],[-93.97434,-73.17445],[-95.44246,-73.25171],[-96.52424,-73.32898],[-99.7882,-72.99776],[-102.17372,-73.08951],[-102.55128,-72.7881],[-103.58668,-72.74086],[-103.58668,-73.10786],[-103.29308,-73.32807],[-102.94442,-73.36477],[-100.2286,-73.43817],[-99.6781,-73.65837],[-101.42137,-73.76847],[-103.24671,-73.5608],[-103.16463,-73.86022],[-102.86036,-73.94714],[-101.88012,-74.09877],[-101.49476,-74.53917],[-101.18281,-74.52082],[-100.55891,-74.46578],[-100.39376,-74.57588],[-100.41211,-74.75938],[-100.99931,-74.88783],[-100.0084,-74.94288],[-99.73315,-75.07133],[-100.0451,-75.30988],[-100.69681,-75.26073],[-101.75167,-75.25483],[-103.94214,-75.10619],[-105.64208,-75.06755],[-106.80111,-75.37664],[-108.34652,-75.29936],[-109.19648,-75.14483],[-110.55705,-75.30289],[-110.79144,-74.95131],[-110.33731,-74.76086],[-110.4328,-74.29486],[-111.09908,-74.17489],[-111.74638,-74.29486],[-111.74366,-74.71692],[-112.36454,-74.83574],[-113.42834,-74.68762],[-113.2379,-74.32138],[-113.50158,-74.07234],[-114.14616,-73.92585],[-114.93723,-74.05769],[-114.99171,-74.4494],[-117.38707,-74.52667],[-118.0825,-74.29486],[-118.77793,-74.60393],[-120.16878,-74.52667],[-123.56865,-74.83574],[-127.12307,-74.6812],[-128.97754,-74.91301],[-130.98655,-74.79711],[-133.53644,-74.79711],[-134.77277,-74.64257],[-136.78177,-74.87438],[-138.55898,-75.10619],[-140.568,-75.26072],[-143.11789,-75.56981],[-144.50875,-75.72435],[-145.8996,-75.95616],[-146.67231,-76.11069],[-148.52678,-76.03343],[-149.60856,-76.3425],[-148.44951,-76.49704],[-147.13085,-76.53124],[-146.11602,-76.85956],[-146.14586,-77.1282],[-146.14586,-77.45652],[-147.98589,-77.34701],[-149.99491,-77.73336],[-150.61306,-77.65609],[-152.08564,-77.33713],[-154.16747,-77.1152],[-156.4083,-77.1152],[-157.15114,-77.238],[-158.03096,-77.26974],[-158.18549,-77.81063],[-157.33553,-78.19698],[-156.56283,-78.35152],[-156.02195,-78.35152],[-154.70836,-78.11971],[-154.13231,-78.35233],[-154.70836,-78.50605],[-155.86741,-78.73787],[-154.55382,-79.12422],[-153.24024,-79.12422],[-151.7721,-79.20148],[-150.5802,-79.48294],[-148.60405,-79.6651],[-146.90412,-80.05145],[-145.66779,-80.51507],[-146.74958,-80.82415],[-148.83587,-81.36504],[-149.99491,-81.2105],[-151.5403,-81.2105],[-154.47655,-81.05596],[-155.71286,-81.05596],[-156.99875,-81.19633],[-156.95186,-81.31356],[-155.56864,-81.40733],[-154.26749,-81.67695],[-154.98253,-81.91139],[-154.55382,-82.13774],[-153.54931,-82.29227],[-152.08118,-82.60135],[-152.93116,-82.91044],[-153.24024,-83.29678],[-153.30974,-83.94193],[-153.0857,-84.14675],[-152.39026,-84.30129],[-152.00391,-84.37856],[-150.61306,-84.45583],[-149.60856,-84.45583],[-145.28145,-84.7649],[-138.81679,-85.01299],[-139.33091,-85.22283],[-141.41796,-85.22853],[-148.75858,-85.07399],[-150.38125,-85.46033],[-151.46303,-85.3058],[-154.39928,-85.38306],[-156.56283,-85.46033],[-160.50359,-85.38306],[-163.36257,-85.15126],[-167.22606,-84.7649],[-170.31685,-84.68763],[-173.87125,-84.45583],[-178.43017,-84.45583],[-180,-84.32232],[-180,-85.32232],[-180,-86.32232],[-180,-87.32232],[-180,-88.32232],[-180,-89.32232],[-180,-90],[-179.20366,-90],[-178.20366,-90],[-177.20366,-90],[-176.20366,-90],[-175.20366,-90],[-174.20366,-90],[-173.20366,-90],[-172.20366,-90],[-171.20366,-90],[-170.20366,-90],[-169.20366,-90],[-168.20366,-90],[-167.20366,-90],[-166.20366,-90],[-165.20366,-90],[-164.20366,-90],[-163.20366,-90],[-162.20366,-90],[-161.20366,-90],[-160.20366,-90],[-159.20366,-90],[-158.20366,-90],[-157.20366,-90],[-156.20366,-90],[-155.20366,-90],[-154.20366,-90],[-153.20366,-90],[-152.20366,-90],[-151.20366,-90],[-150.20366,-90],[-149.20366,-90],[-148.20366,-90],[-147.20366,-90],[-146.20366,-90],[-145.20366,-90],[-144.20366,-90],[-143.20366,-90],[-142.20366,-90],[-141.20366,-90],[-140.20366,-90],[-139.20366,-90],[-138.20366,-90],[-137.20366,-90],[-136.20366,-90],[-135.20366,-90],[-134.20366,-90],[-133.20366,-90],[-132.20366,-90],[-131.20366,-90],[-130.20366,-90],[-129.20366,-90],[-128.20366,-90],[-127.20366,-90],[-126.20366,-90],[-125.20366,-90],[-124.20366,-90],[-123.20366,-90],[-122.20366,-90],[-121.20366,-90],[-120.20366,-90],[-119.20366,-90],[-118.20366,-90],[-117.20366,-90],[-116.20366,-90],[-115.20366,-90],[-114.20366,-90],[-113.20366,-90],[-112.20366,-90],[-111.20366,-90],[-110.20366,-90],[-109.20366,-90],[-108.20366,-90],[-107.20366,-90],[-106.20366,-90],[-105.20366,-90],[-104.20366,-90],[-103.20366,-90],[-102.20366,-90],[-101.20366,-90],[-100.20366,-90],[-99.20366,-90],[-98.20366,-90],[-97.20366,-90],[-96.20366,-90],[-95.20366,-90],[-94.20366,-90],[-93.20366,-90],[-92.20366,-90],[-91.20366,-90],[-90,-90],[-89.20366,-90],[-88.20366,-90],[-87.20366,-90],[-86.20366,-90],[-85.20366,-90],[-84.20366,-90],[-83.20366,-90],[-82.20366,-90],[-81.20366,-90],[-80.20366,-90],[-79.20366,-90],[-78.20366,-90],[-77.20366,-90],[-76.20366,-90],[-75.20366,-90],[-74.20366,-90],[-73.20366,-90],[-72.20366,-90],[-71.20366,-90],[-70.20366,-90],[-69.20366,-90],[-68.20366,-90],[-67.20366,-90],[-66.20366,-90],[-65.20366,-90],[-64.20366,-90],[-63.20366,-90],[-62.20366,-90],[-61.20366,-90],[-60.20366,-90],[-59.20366,-90],[-58.20366,-90],[-57.20366,-90],[-56.20366,-90],[-55.20366,-90],[-54.20366,-90],[-53.20366,-90],[-52.20366,-90],[-51.20366,-90],[-50.20366,-90],[-49.20366,-90],[-48.20366,-90],[-47.20366,-90],[-46.20366,-90],[-45.20366,-90],[-44.20366,-90],[-43.20366,-90],[-42.20366,-90],[-41.20366,-90],[-40.20366,-90],[-39.20366,-90],[-38.20366,-90],[-37.20366,-90],[-36.20366,-90],[-35.20366,-90],[-34.20366,-90],[-33.20366,-90],[-32.20366,-90],[-31.20366,-90],[-30.20366,-90],[-29.20366,-90],[-28.20366,-90],[-27.20366,-90],[-26.20366,-90],[-25.20366,-90],[-24.20366,-90],[-23.20366,-90],[-22.20366,-90],[-21.20366,-90],[-20.20366,-90],[-19.20366,-90],[-18.20366,-90],[-17.20366,-90],[-16.20366,-90],[-15.20366,-90],[-14.20366,-90],[-13.20366,-90],[-12.20366,-90],[-11.20366,-90],[-10.20366,-90],[-9.20366,-90],[-8.20366,-90],[-7.20366,-90],[-6.20366,-90],[-5.20366,-90],[-4.20366,-90],[-3.20366,-90],[-2.20366,-90],[-1.20366,-90],[-0.20366,-90],[0.77806,-90],[1.77806,-90],[2.77806,-90],[3.77806,-90],[4.77806,-90],[5.77806,-90],[6.77806,-90],[7.77806,-90],[8.77806,-90],[9.77806,-90],[10.77806,-90],[11.77806,-90],[12.77806,-90],[13.77806,-90],[14.77806,-90],[15.77806,-90],[16.77806,-90],[17.77806,-90],[18.77806,-90],[19.77806,-90],[20.77806,-90],[21.77806,-90],[22.77806,-90],[23.77806,-90],[24.77806,-90],[25.77806,-90],[26.77806,-90],[27.77806,-90],[28.77806,-90],[29.77806,-90],[30.77806,-90],[31.77806,-90],[32.77806,-90],[33.77806,-90],[34.77806,-90],[35.77806,-90],[36.77806,-90],[37.77806,-90],[38.77806,-90],[39.77806,-90],[40.77806,-90],[41.77806,-90],[42.77806,-90],[43.77806,-90],[44.77806,-90],[45.77806,-90],[46.77806,-90],[47.77806,-90],[48.77806,-90],[49.77806,-90],[50.77806,-90],[51.77806,-90],[52.77806,-90],[53.77806,-90],[54.77806,-90],[55.77806,-90],[56.77806,-90],[57.77806,-90],[58.77806,-90],[59.77806,-90],[60.77806,-90],[61.77806,-90],[62.77806,-90],[63.77806,-90],[64.77806,-90],[65.77806,-90],[66.77806,-90],[67.77806,-90],[68.77806,-90],[69.77806,-90],[70.77806,-90],[71.77806,-90],[72.77806,-90],[73.77806,-90],[74.77806,-90],[75.77806,-90],[76.77806,-90],[77.77806,-90],[78.77806,-90],[79.77806,-90],[80.77806,-90],[81.77806,-90],[82.77806,-90],[83.77806,-90],[84.77806,-90],[85.77806,-90],[86.77806,-90],[87.77806,-90],[88.77806,-90],[89.77806,-90],[89.79634,-90],[90,-90],[91.77806,-90],[92.77806,-90],[93.77806,-90],[94.77806,-90],[95.77806,-90],[96.77806,-90],[97.77806,-90],[98.77806,-90],[99.77806,-90],[100.77806,-90],[101.77806,-90],[102.77806,-90],[103.77806,-90],[104.77806,-90],[105.77806,-90],[106.77806,-90],[107.77806,-90],[108.77806,-90],[109.77806,-90],[110.77806,-90],[111.77806,-90],[112.77806,-90],[113.77806,-90],[114.77806,-90],[115.77806,-90],[116.77806,-90],[117.77806,-90],[118.77806,-90],[119.77806,-90],[120.77806,-90],[121.77806,-90],[122.77806,-90],[123.77806,-90],[124.77806,-90],[125.77806,-90],[126.77806,-90],[127.77806,-90],[128.77806,-90],[129.77806,-90],[130.77806,-90],[131.77806,-90],[132.77806,-90],[133.77806,-90],[134.77806,-90],[135.77806,-90],[136.77806,-90],[137.77806,-90],[138.77806,-90],[139.77806,-90],[140.77806,-90],[141.77806,-90],[142.77806,-90],[143.77806,-90],[144.77806,-90],[145.77806,-90],[146.77806,-90],[147.77806,-90],[148.77806,-90],[149.77806,-90],[150.77806,-90],[151.77806,-90],[152.77806,-90],[153.77806,-90],[154.77806,-90],[155.77806,-90],[156.77806,-90],[157.77806,-90],[158.77806,-90],[159.77806,-90],[160.77806,-90],[161.77806,-90],[162.77806,-90],[163.77806,-90],[164.77806,-90],[165.77806,-90],[166.77806,-90],[167.77806,-90],[168.77806,-90],[169.77806,-90],[170.77806,-90],[171.77806,-90],[172.77806,-90],[173.77806,-90],[174.77806,-90],[175.77806,-90],[176.77806,-90],[177.77806,-90],[178.77806,-90],[180,-90],[180,-89.31922],[180,-88.31922],[180,-87.31922],[180,-86.31922],[180,-85.31922],[180,-84.34037],[179.16128,-84.17392],[178.81839,-84.16073],[178.30404,-84.1871],[176.93338,-84.03086],[174.58512,-83.88251],[173.62879,-83.88377],[172.58033,-83.84421],[172.03962,-83.71232],[171.89454,-83.60682],[171.48974,-83.59369],[169.76939,-83.41789]]]]}},{"type":"Feature","id":158,"properties":{"name":"Turkish Cypriot-administered area","subjecto":"Turkish Cypriot-administered area","partof":"Turkish Cypriot-administered area","precision":3},"geometry":{"type":"Polygon","coordinates":[[[33.67646,34.93546],[33.68582,34.93487],[33.73258,34.90862],[33.79196,34.95737],[33.92467,34.95323],[33.77267,35.12928],[33.7805,35.20814],[34.04843,35.40793],[34.24465,35.51184],[34.45821,35.64456],[34.21734,35.57357],[33.90732,35.43685],[33.53904,35.3317],[33.37371,35.30648],[33.07748,35.31861],[32.79511,35.36061],[32.81907,35.28175],[32.77952,35.15294],[32.74495,35.11427],[32.65909,35.13824],[32.64626,35.09493],[32.83585,35.00924],[33.14789,35.12724],[33.38489,35.12078],[33.41648,34.93804],[33.52906,35.00439],[33.67125,34.9963],[33.67646,34.93546]]]}},{"type":"Feature","id":159,"properties":{"name":"Russia","subjecto":"Russia","partof":"Russia","precision":3},"geometry":{"type":"MultiPolygon","coordinates":[[[[146.20554,43.4811],[146.21024,43.48555],[146.22607,43.52555],[146.2222,43.52972],[146.21414,43.53166],[146.17352,43.5347],[146.15942,43.54583],[146.15219,43.54583],[146.14609,43.54388],[146.08081,43.51805],[146.07608,43.51333],[146.12439,43.45916],[146.1308,43.45805],[146.13748,43.45889],[146.16885,43.46777],[146.20554,43.4811]]],[[[146.86691,43.86805],[146.85053,43.87388],[146.84274,43.87499],[146.7847,43.86194],[146.60467,43.80388],[146.60053,43.79861],[146.59912,43.79305],[146.59607,43.73666],[146.59857,43.73221],[146.64694,43.70721],[146.65555,43.70444],[146.66998,43.70444],[146.68274,43.70777],[146.79749,43.76],[146.86163,43.79666],[146.90497,43.83999],[146.87494,43.86079],[146.86691,43.86805]]],[[[146.34497,44.42194],[146.32831,44.42555],[146.27304,44.44638],[146.26025,44.45332],[146.24274,44.46915],[146.20136,44.49944],[146.18747,44.50583],[146.17136,44.50861],[146.16077,44.50662],[146.14804,44.51],[146.13388,44.50916],[146.12744,44.50722],[146.10053,44.4886],[146.08164,44.46971],[146.05081,44.41193],[146.00803,44.33916],[145.97385,44.28777],[145.96329,44.28055],[145.95163,44.27499],[145.92108,44.26444],[145.88721,44.24638],[145.78998,44.14833],[145.75943,44.11138],[145.75333,44.09388],[145.75583,44.0686],[145.74939,44.0561],[145.74469,44.05166],[145.66138,43.99222],[145.55246,43.9261],[145.48245,43.89527],[145.4097,43.83527],[145.40747,43.82944],[145.42609,43.73999],[145.43747,43.71693],[145.5433,43.65083],[145.54858,43.64916],[145.55469,43.65083],[145.55942,43.65555],[145.56192,43.66138],[145.57553,43.73888],[145.57413,43.77499],[145.57526,43.8175],[145.58026,43.83444],[145.5958,43.85889],[145.65747,43.89972],[145.67249,43.89888],[145.68829,43.8961],[145.6958,43.8961],[145.70886,43.89888],[145.76276,43.91972],[145.77942,43.9286],[145.78943,43.94721],[145.79581,43.97527],[145.80801,43.99249],[145.94025,44.12804],[146.09192,44.23611],[146.10275,44.24332],[146.11997,44.25139],[146.15747,44.26305],[146.32968,44.29166],[146.50833,44.35805],[146.53998,44.38055],[146.55026,44.39888],[146.56802,44.43832],[146.53803,44.44249],[146.52054,44.43443],[146.48886,44.42555],[146.46884,44.42222],[146.35996,44.42083],[146.34497,44.42194]]],[[[148.56247,45.30972],[148.58218,45.31694],[148.59192,45.31889],[148.61969,45.32027],[148.6561,45.31722],[148.68274,45.31221],[148.71884,45.30777],[148.7561,45.30972],[148.78497,45.31638],[148.82526,45.33499],[148.83997,45.34666],[148.84302,45.35278],[148.85886,45.46749],[148.85635,45.47416],[148.84219,45.48833],[148.79971,45.51361],[148.77304,45.5211],[148.71997,45.52444],[148.70081,45.52083],[148.55887,45.45916],[148.54025,45.44777],[148.46051,45.39222],[148.38416,45.32333],[148.37024,45.30499],[148.35053,45.28722],[148.3219,45.27027],[148.3122,45.26721],[148.07913,45.2486],[148.05164,45.24944],[148.00861,45.26721],[148.00027,45.27305],[147.99774,45.27972],[148.00165,45.30527],[148.0022,45.32527],[147.99692,45.3386],[147.95996,45.41916],[147.95136,45.42249],[147.9422,45.42333],[147.93274,45.42138],[147.90414,45.40416],[147.8794,45.38666],[147.85886,45.3625],[147.85608,45.3561],[147.85773,45.34305],[147.87329,45.28999],[147.89499,45.22999],[147.89414,45.2236],[147.88748,45.21777],[147.87802,45.21471],[147.78333,45.19749],[147.76388,45.18971],[147.74551,45.17833],[147.71329,45.14833],[147.69135,45.12416],[147.67746,45.10583],[147.66913,45.08721],[147.66443,45.08111],[147.65637,45.07527],[147.608,45.05943],[147.50497,45.04388],[147.49191,44.99305],[147.48636,44.98055],[147.47995,44.97471],[147.39359,44.92027],[147.31052,44.8761],[147.22717,44.83611],[147.11191,44.79388],[147.14444,44.72833],[147.15305,44.72527],[147.15942,44.71832],[147.1622,44.71166],[147.16303,44.69222],[147.15305,44.67361],[147.14414,44.66138],[147.10635,44.62527],[147.0983,44.61944],[147.00638,44.57166],[146.9408,44.55444],[146.84692,44.47694],[146.83801,44.46471],[146.83551,44.45833],[146.83218,44.43527],[146.84052,44.41554],[146.84857,44.40833],[146.86551,44.39944],[146.88303,44.39694],[146.92996,44.40221],[146.94885,44.4086],[146.95859,44.41444],[146.96469,44.42027],[146.97357,44.43277],[146.98886,44.47083],[147.00247,44.48943],[147.02109,44.5075],[147.04053,44.51777],[147.07913,44.52833],[147.10635,44.52916],[147.17081,44.53611],[147.19913,44.54444],[147.20914,44.55027],[147.22525,44.56194],[147.24051,44.57999],[147.25137,44.60527],[147.29108,44.66694],[147.34497,44.70027],[147.46942,44.77305],[147.47913,44.77749],[147.50748,44.78444],[147.51721,44.78889],[147.53525,44.80055],[147.54804,44.81249],[147.62274,44.89722],[147.61469,44.90443],[147.58829,44.91166],[147.58578,44.91833],[147.59052,44.93721],[147.6044,44.95555],[147.62051,44.9661],[147.63944,44.9711],[147.65802,44.9736],[147.67664,44.97471],[147.70386,44.97249],[147.71246,44.96944],[147.72745,44.94888],[147.74442,44.9411],[147.76248,44.93832],[147.87775,44.97471],[147.94608,45.00166],[147.96414,45.01167],[147.99219,45.05555],[148.03803,45.09055],[148.2355,45.19888],[148.26553,45.21333],[148.28525,45.22083],[148.33273,45.22971],[148.42804,45.24444],[148.44721,45.24805],[148.46664,45.25417],[148.47635,45.25861],[148.49301,45.27027],[148.56247,45.30972]]],[[[149.67386,45.6286],[149.69247,45.6386],[149.78415,45.71082],[149.81079,45.73444],[149.86856,45.77305],[149.98163,45.8336],[149.99106,45.83388],[150.01776,45.82749],[150.02692,45.82666],[150.15888,45.89999],[150.19885,45.9325],[150.20276,45.95166],[150.20218,45.95833],[150.21274,45.98333],[150.22189,46.00194],[150.24051,46.01971],[150.31024,46.05055],[150.42554,46.11888],[150.47498,46.15943],[150.49857,46.19249],[150.4372,46.21416],[150.35245,46.21333],[150.34274,46.21166],[150.07275,46.0825],[149.96884,46.02972],[149.92914,46.0075],[149.89053,45.97193],[149.8569,45.92305],[149.67609,45.85527],[149.66776,45.85083],[149.54804,45.7011],[149.48108,45.60833],[149.47354,45.60332],[149.45081,45.59554],[149.4422,45.58971],[149.43747,45.5836],[149.4408,45.58083],[149.53388,45.58277],[149.67386,45.6286]]],[[[150.87411,46.44083],[150.87552,46.44721],[150.87329,46.45083],[150.85107,46.46999],[150.84192,46.4711],[150.83218,46.47054],[150.82221,46.46777],[150.79852,46.44998],[150.80277,46.44305],[150.81192,46.44193],[150.86719,46.43527],[150.87411,46.44083]]],[[[150.76999,46.70972],[150.76886,46.72305],[150.76221,46.72749],[150.75333,46.72971],[150.74356,46.72943],[150.73969,46.72856],[150.7308,46.72276],[150.73746,46.70916],[150.74551,46.70194],[150.75443,46.69972],[150.76498,46.70388],[150.76999,46.70972]]],[[[152.42691,47.37972],[152.41638,47.37555],[152.40164,47.36416],[152.38803,47.34415],[152.38858,47.33083],[152.40247,47.31638],[152.42252,47.30336],[152.50833,47.30332],[152.51914,47.30721],[152.5336,47.31889],[152.54193,47.32833],[152.54166,47.33499],[152.53165,47.34916],[152.51193,47.3711],[152.50388,47.37721],[152.4855,47.38194],[152.4372,47.38249],[152.42691,47.37972]]],[[[153.06525,47.81194],[153.05609,47.81444],[153.04608,47.81305],[153.02582,47.79555],[153.00583,47.77166],[152.98111,47.7233],[152.98663,47.70694],[152.99661,47.69276],[153.0061,47.69166],[153.01608,47.69305],[153.06912,47.70889],[153.08026,47.71416],[153.09662,47.75305],[153.09775,47.77249],[153.0958,47.77943],[153.08191,47.80083],[153.07413,47.80833],[153.06525,47.81194]]],[[[153.1636,48.13082],[153.1561,48.12527],[153.13776,48.10111],[153.13998,48.09444],[153.14636,48.08833],[153.20581,48.05332],[153.2244,48.05],[153.23669,48.05106],[153.27969,48.04305],[153.29053,48.0536],[153.28748,48.09361],[153.28333,48.09916],[153.27499,48.10555],[153.24106,48.12555],[153.2233,48.13305],[153.21414,48.13527],[153.18469,48.13638],[153.17468,48.135],[153.1636,48.13082]]],[[[154.1294,48.90582],[154.11218,48.895],[153.98801,48.77999],[153.97662,48.76167],[153.97302,48.74222],[153.97498,48.73555],[153.9808,48.73469],[153.99939,48.72305],[154.00916,48.72193],[154.01944,48.72332],[154.03082,48.72694],[154.06329,48.74277],[154.18887,48.83499],[154.21942,48.87054],[154.22717,48.88277],[154.2308,48.89555],[154.22885,48.90249],[154.2208,48.9086],[154.21137,48.9111],[154.18192,48.91361],[154.14053,48.90971],[154.1294,48.90582]]],[[[154.0047,48.96361],[153.96692,48.97221],[153.91885,48.97971],[153.90747,48.97582],[153.90192,48.96999],[153.89832,48.95721],[153.90414,48.94332],[153.92114,48.92646],[153.94052,48.92277],[153.9819,48.92666],[154.0036,48.93194],[154.01111,48.93749],[154.01111,48.95083],[154.0047,48.96361]]],[[[154.59885,49.11194],[154.6008,49.12471],[154.59106,49.13944],[154.58304,49.14583],[154.5647,49.15221],[154.49829,49.1661],[154.45468,49.16916],[154.44608,49.16777],[154.44025,49.15527],[154.47134,49.09833],[154.48303,49.08333],[154.50055,49.07444],[154.51025,49.07333],[154.52109,49.07583],[154.58331,49.10055],[154.59302,49.1061],[154.59885,49.11194]]],[[[154.7511,49.57166],[154.70303,49.48082],[154.63831,49.42305],[154.60635,49.37972],[154.60053,49.36721],[154.5939,49.29103],[154.63162,49.28027],[154.70718,49.26222],[154.71579,49.26389],[154.80331,49.29722],[154.8111,49.30277],[154.81497,49.30888],[154.83496,49.34583],[154.8269,49.38527],[154.82303,49.39249],[154.79385,49.42305],[154.79025,49.42999],[154.79025,49.44332],[154.79413,49.4561],[154.81802,49.50583],[154.83774,49.52305],[154.87079,49.53722],[154.8783,49.54166],[154.88217,49.54749],[154.90442,49.61749],[154.90442,49.62416],[154.85635,49.63333],[154.81442,49.63638],[154.74911,49.59193],[154.74329,49.58611],[154.74524,49.57916],[154.7511,49.57166]]],[[[154.42886,49.8325],[154.39832,49.83388],[154.37497,49.825],[154.36719,49.81916],[154.35495,49.76666],[154.36746,49.74638],[154.40442,49.7336],[154.41443,49.73249],[154.42499,49.7336],[154.43247,49.73805],[154.45609,49.78805],[154.46191,49.80694],[154.45581,49.82111],[154.43857,49.83138],[154.42886,49.8325]]],[[[152.2319,47.10249],[152.2536,47.11305],[152.26999,47.12444],[152.2897,47.14166],[152.29303,47.14777],[152.28638,47.15249],[152.25971,47.16082],[152.2066,47.12502],[152.22553,47.17471],[152.21692,47.17166],[152.20245,47.16027],[152.12024,47.09083],[152.02046,46.98872],[151.86884,46.86639],[151.85996,46.86083],[151.8494,46.85666],[151.83942,46.85527],[151.82996,46.855],[151.76471,46.86221],[151.74524,46.86166],[151.72525,46.85722],[151.71469,46.85333],[151.70581,46.84749],[151.70441,46.8411],[151.71219,46.8011],[151.73718,46.78527],[151.77222,46.77222],[151.78165,46.77138],[151.80109,46.77305],[151.83191,46.78277],[152.01303,46.88889],[152.01831,46.89471],[152.02997,46.91972],[152.03525,46.92555],[152.17413,47.06305],[152.2319,47.10249]]],[[[155.49939,50.13055],[155.52554,50.14694],[155.59634,50.17833],[155.61856,50.18305],[155.7019,50.1836],[155.74191,50.17916],[155.78552,50.18499],[155.79526,50.18888],[155.89276,50.26361],[156.14887,50.51888],[156.15305,50.52499],[156.11636,50.74749],[156.11246,50.75472],[156.10413,50.76111],[156.0769,50.77305],[156.0672,50.77583],[156.04553,50.77361],[156.02222,50.76749],[156.00998,50.7625],[155.97913,50.74694],[155.88888,50.69305],[155.88272,50.68721],[155.86359,50.65665],[155.85831,50.61749],[155.85162,50.59166],[155.76138,50.45805],[155.74911,50.44638],[155.66138,50.38527],[155.63803,50.37804],[155.54526,50.37499],[155.43829,50.36694],[155.39221,50.35333],[155.24774,50.30138],[155.22162,50.23444],[155.20859,50.08083],[155.21219,50.06694],[155.22412,50.05332],[155.22617,50.0526],[155.25583,50.05777],[155.29776,50.05999],[155.31857,50.05972],[155.35745,50.05305],[155.47107,50.10805],[155.48331,50.11944],[155.49939,50.13055]]],[[[156.16443,50.7286],[156.1636,50.7086],[156.16721,50.69499],[156.18054,50.67972],[156.1983,50.67027],[156.28552,50.64666],[156.35075,50.63712],[156.40085,50.62564],[156.40382,50.6534],[156.41415,50.67388],[156.43497,50.69083],[156.4519,50.70833],[156.49023,50.7561],[156.49579,50.83555],[156.49411,50.84249],[156.48856,50.85],[156.47302,50.86555],[156.46387,50.86944],[156.45386,50.87083],[156.44275,50.86999],[156.36469,50.8586],[156.3533,50.8561],[156.34106,50.85111],[156.1922,50.77138],[156.17526,50.75361],[156.16443,50.7286]]],[[[155.44769,50.88001],[155.4494,50.87222],[155.46109,50.85055],[155.4808,50.82805],[155.49829,50.8175],[155.52719,50.80972],[155.55692,50.80416],[155.58801,50.80277],[155.62079,50.8061],[155.64444,50.81361],[155.65888,50.82472],[155.66971,50.85666],[155.66608,50.87054],[155.64694,50.91305],[155.63916,50.92083],[155.60053,50.93138],[155.58026,50.93416],[155.5697,50.93416],[155.50555,50.93111],[155.49442,50.92999],[155.48273,50.9261],[155.44775,50.89777],[155.44769,50.88001]]]]}},{"type":"Feature","id":160,"properties":{"name":"Antigua and Barbuda","subjecto":"Antigua and Barbuda","partof":"Antigua and Barbuda","precision":3},"geometry":{"type":"MultiPolygon","coordinates":[[[[-61.68667,17.02444],[-61.6675,17.04055],[-61.66639,17.04583],[-61.67028,17.09027],[-61.74417,17.13722],[-61.79445,17.16333],[-61.82639,17.16722],[-61.83278,17.16389],[-61.88722,17.10527],[-61.89111,17.09417],[-61.88722,17.03305],[-61.88361,17.02361],[-61.87611,17.01694],[-61.82917,16.99694],[-61.73806,16.98972],[-61.68667,17.02444]]],[[[-61.72917,17.60861],[-61.73167,17.625],[-61.74028,17.64917],[-61.78722,17.70055],[-61.83917,17.72472],[-61.84556,17.725],[-61.85028,17.72278],[-61.87306,17.70389],[-61.87528,17.69861],[-61.87389,17.68889],[-61.85667,17.5925],[-61.85306,17.58305],[-61.8475,17.58083],[-61.83472,17.58861],[-61.81556,17.58388],[-61.75194,17.54944],[-61.73889,17.54055],[-61.73278,17.54111],[-61.73112,17.54722],[-61.72917,17.60861]]]]}},{"type":"Feature","id":161,"properties":{"name":"Barbados","subjecto":"Barbados","partof":"Barbados","precision":3},"geometry":{"type":"Polygon","coordinates":[[[-59.53306,13.05055],[-59.51028,13.055],[-59.5,13.05944],[-59.45667,13.09222],[-59.45028,13.09944],[-59.43944,13.11667],[-59.43028,13.13528],[-59.42722,13.14694],[-59.42695,13.15389],[-59.42917,13.165],[-59.44222,13.17305],[-59.46361,13.18028],[-59.47,13.18111],[-59.47945,13.18583],[-59.52112,13.21444],[-59.55445,13.25111],[-59.55945,13.25944],[-59.56528,13.27417],[-59.56945,13.29028],[-59.59112,13.32972],[-59.6125,13.33694],[-59.61973,13.33722],[-59.63111,13.335],[-59.64111,13.33139],[-59.65084,13.32028],[-59.65834,13.29917],[-59.65945,13.28778],[-59.64333,13.14917],[-59.62862,13.10333],[-59.60778,13.0825],[-59.60334,13.08],[-59.57111,13.07583],[-59.5475,13.07056],[-59.54333,13.0675],[-59.53306,13.05055]]]}},{"type":"Feature","id":162,"properties":{"name":"Dominica","subjecto":"Dominica","partof":"Dominica","precision":3},"geometry":{"type":"Polygon","coordinates":[[[-61.36362,15.19806],[-61.28028,15.2375],[-61.27,15.24833],[-61.26501,15.25806],[-61.25528,15.285],[-61.25084,15.32306],[-61.25333,15.46139],[-61.26723,15.51667],[-61.30417,15.57361],[-61.31778,15.58194],[-61.42722,15.63028],[-61.43362,15.63167],[-61.45222,15.63194],[-61.46806,15.62805],[-61.47472,15.61861],[-61.48251,15.58778],[-61.49139,15.54055],[-61.47472,15.48639],[-61.42278,15.4175],[-61.39278,15.35472],[-61.37417,15.27444],[-61.37778,15.24806],[-61.37584,15.2075],[-61.37417,15.2025],[-61.37056,15.19917],[-61.36362,15.19806]]]}},{"type":"Feature","id":163,"properties":{"name":"Grenada","subjecto":"Grenada","partof":"Grenada","precision":3},"geometry":{"type":"MultiPolygon","coordinates":[[[[-61.74695,11.9975],[-61.71751,12.00389],[-61.65139,12.02917],[-61.6425,12.03417],[-61.62862,12.04805],[-61.61111,12.07944],[-61.59639,12.12556],[-61.59972,12.18667],[-61.60473,12.22055],[-61.61195,12.23111],[-61.65306,12.23778],[-61.65861,12.23667],[-61.67583,12.22778],[-61.7075,12.19694],[-61.72472,12.17222],[-61.78973,12.00917],[-61.78722,12.00472],[-61.78015,12],[-61.7525,11.99639],[-61.74695,11.9975]]],[[[-61.58,12.29556],[-61.57417,12.30361],[-61.5725,12.30889],[-61.57223,12.31583],[-61.57389,12.32083],[-61.5789,12.32306],[-61.58334,12.31917],[-61.58556,12.31444],[-61.58889,12.30361],[-61.58917,12.29805],[-61.58556,12.29444],[-61.58,12.29556]]],[[[-61.42834,12.45361],[-61.42528,12.4575],[-61.41862,12.495],[-61.41945,12.5075],[-61.42556,12.52694],[-61.4275,12.52889],[-61.43445,12.52917],[-61.4939,12.475],[-61.49556,12.46944],[-61.49695,12.44361],[-61.49556,12.43806],[-61.49167,12.435],[-61.42834,12.45361]]]]}},{"type":"Feature","id":164,"properties":{"name":"Martinique","subjecto":"Martinique","partof":"Martinique","precision":3},"geometry":{"type":"Polygon","coordinates":[[[-60.86084,14.40278],[-60.855,14.40306],[-60.83945,14.41528],[-60.82695,14.43972],[-60.82056,14.45583],[-60.81667,14.47055],[-60.82973,14.57],[-60.84972,14.59472],[-60.90667,14.6525],[-60.9425,14.72778],[-60.94083,14.74083],[-61.03445,14.82917],[-61.09473,14.85917],[-61.14473,14.87778],[-61.165,14.88028],[-61.17473,14.87694],[-61.19862,14.85889],[-61.22667,14.83222],[-61.23139,14.81555],[-61.23167,14.80944],[-61.1725,14.69305],[-61.03389,14.46583],[-61.01112,14.47],[-60.97501,14.47139],[-60.88695,14.46556],[-60.86084,14.40278]]]}},{"type":"Feature","id":165,"properties":{"name":"Montserrat","subjecto":"Montserrat","partof":"Montserrat","precision":3},"geometry":{"type":"Polygon","coordinates":[[[-62.17139,16.67139],[-62.16556,16.67167],[-62.15556,16.67528],[-62.14028,16.68833],[-62.1375,16.69278],[-62.14639,16.74667],[-62.17639,16.80861],[-62.20195,16.81361],[-62.20723,16.81111],[-62.23584,16.73055],[-62.23667,16.71194],[-62.20862,16.68361],[-62.19,16.6725],[-62.17139,16.67139]]]}},{"type":"Feature","id":166,"properties":{"name":"Anguilla","subjecto":"Anguilla","partof":"Anguilla","precision":3},"geometry":{"type":"Polygon","coordinates":[[[-63.16778,18.16444],[-63.15667,18.165],[-63.15084,18.16555],[-63.14001,18.16833],[-63.07417,18.19278],[-63.03084,18.21028],[-63.02112,18.21444],[-62.99306,18.22722],[-62.98667,18.23555],[-62.96945,18.26639],[-62.97,18.27222],[-62.9725,18.27667],[-62.97889,18.27667],[-63.02251,18.26889],[-63.04861,18.26139],[-63.05334,18.25916],[-63.0575,18.25639],[-63.1414,18.19416],[-63.15861,18.17583],[-63.16778,18.16444]]]}},{"type":"Feature","id":167,"properties":{"name":"Saint Kitts and Nevis","subjecto":"Saint Kitts and Nevis","partof":"Saint Kitts and Nevis","precision":3},"geometry":{"type":"MultiPolygon","coordinates":[[[[-62.55278,17.09417],[-62.54778,17.09611],[-62.53861,17.10861],[-62.53528,17.12083],[-62.53417,17.13361],[-62.53528,17.145],[-62.5425,17.18222],[-62.54472,17.18667],[-62.54861,17.19],[-62.57612,17.19944],[-62.59972,17.19722],[-62.61,17.19111],[-62.62361,17.15111],[-62.62611,17.12666],[-62.62195,17.11138],[-62.61723,17.1025],[-62.61056,17.09528],[-62.58501,17.09166],[-62.55278,17.09417]]],[[[-62.70167,17.33694],[-62.73,17.36528],[-62.81278,17.40944],[-62.8175,17.41083],[-62.83861,17.40194],[-62.84945,17.39306],[-62.85639,17.38583],[-62.86389,17.37083],[-62.83917,17.32777],[-62.79333,17.3],[-62.77834,17.29222],[-62.75944,17.2875],[-62.72501,17.28416],[-62.7075,17.28583],[-62.6925,17.27833],[-62.67722,17.265],[-62.67111,17.25722],[-62.66222,17.23917],[-62.65389,17.20888],[-62.62528,17.22083],[-62.62167,17.22444],[-62.62056,17.23139],[-62.6225,17.24194],[-62.70167,17.33694]]]]}},{"type":"Feature","id":168,"properties":{"name":"Saint Lucia","subjecto":"Saint Lucia","partof":"Saint Lucia","precision":3},"geometry":{"type":"Polygon","coordinates":[[[-60.95473,13.70944],[-60.95139,13.71],[-60.93834,13.71778],[-60.90028,13.77833],[-60.89001,13.82361],[-60.88528,13.85417],[-60.87806,13.95667],[-60.87862,13.97583],[-60.88806,14.01305],[-60.91445,14.09972],[-60.91972,14.10556],[-60.93028,14.10944],[-60.93639,14.10917],[-60.94584,14.10472],[-61.01167,14.00972],[-61.075,13.89694],[-61.07944,13.88],[-61.07445,13.80194],[-61.0675,13.78861],[-61.05056,13.77056],[-61.02611,13.7525],[-61.01445,13.75],[-61.0014,13.75083],[-60.995,13.74972],[-60.98639,13.74444],[-60.96806,13.72805],[-60.95612,13.715],[-60.95473,13.70944]]]}},{"type":"Feature","id":169,"properties":{"name":"Saint Vincent and the Grenadines","subjecto":"Saint Vincent and the Grenadines","partof":"Saint Vincent and the Grenadines","precision":3},"geometry":{"type":"MultiPolygon","coordinates":[[[[-61.41695,12.59028],[-61.40528,12.59917],[-61.40306,12.60389],[-61.40695,12.60694],[-61.42583,12.6125],[-61.43778,12.6125],[-61.44334,12.61111],[-61.45417,12.59389],[-61.44862,12.58694],[-61.44389,12.58444],[-61.41695,12.59028]]],[[[-61.32806,12.68778],[-61.32084,12.69417],[-61.30584,12.71417],[-61.30584,12.72583],[-61.31056,12.735],[-61.32362,12.7375],[-61.32667,12.73639],[-61.34778,12.70167],[-61.34778,12.69889],[-61.3325,12.68667],[-61.32806,12.68778]]],[[[-61.21667,12.99806],[-61.19723,13.03361],[-61.19972,13.04472],[-61.20612,13.04278],[-61.22806,13.02333],[-61.25223,12.98861],[-61.2475,12.98083],[-61.23945,12.975],[-61.21667,12.99806]]],[[[-61.17306,13.1325],[-61.16806,13.13444],[-61.165,13.13833],[-61.14806,13.16778],[-61.13,13.22028],[-61.12334,13.24889],[-61.12028,13.3075],[-61.12361,13.33111],[-61.14389,13.37833],[-61.17722,13.38417],[-61.20528,13.37083],[-61.20889,13.36778],[-61.26556,13.27305],[-61.27806,13.25028],[-61.28139,13.20778],[-61.26306,13.17833],[-61.24361,13.15611],[-61.18445,13.13028],[-61.17306,13.1325]]]]}},{"type":"Feature","id":170,"properties":{"name":"United States Virgin Islands","subjecto":"United States Virgin Islands","partof":"United States Virgin Islands","precision":3},"geometry":{"type":"MultiPolygon","coordinates":[[[[-64.76195,17.77417],[-64.7664,17.78305],[-64.77335,17.79],[-64.78696,17.7925],[-64.79695,17.78889],[-64.81862,17.76806],[-64.82695,17.76222],[-64.83195,17.76083],[-64.83806,17.76028],[-64.84445,17.76167],[-64.86195,17.77083],[-64.86446,17.77444],[-64.87083,17.77472],[-64.87973,17.76972],[-64.88251,17.765],[-64.89002,17.75833],[-64.89168,17.7525],[-64.89084,17.74667],[-64.88306,17.73389],[-64.88,17.72389],[-64.88196,17.71028],[-64.8889,17.68694],[-64.89584,17.67944],[-64.89612,17.67667],[-64.86806,17.68972],[-64.8625,17.68916],[-64.85861,17.68583],[-64.85223,17.68444],[-64.84306,17.68889],[-64.83362,17.68333],[-64.82834,17.68333],[-64.82306,17.68472],[-64.81557,17.69167],[-64.78862,17.69778],[-64.77695,17.69917],[-64.76306,17.69806],[-64.73889,17.70805],[-64.71417,17.70417],[-64.69196,17.70833],[-64.66833,17.71083],[-64.64418,17.72166],[-64.62807,17.72583],[-64.6189,17.73027],[-64.61084,17.73611],[-64.60057,17.74722],[-64.59584,17.74944],[-64.56418,17.74528],[-64.56029,17.74833],[-64.56084,17.75389],[-64.565,17.75722],[-64.57667,17.76083],[-64.61,17.76222],[-64.63806,17.76527],[-64.65779,17.76917],[-64.66307,17.76778],[-64.67445,17.75805],[-64.6839,17.75389],[-64.68973,17.74472],[-64.69667,17.74555],[-64.70917,17.755],[-64.72195,17.75805],[-64.72974,17.76444],[-64.73584,17.77222],[-64.74139,17.77417],[-64.75862,17.77166],[-64.76195,17.77417]]],[[[-64.66528,18.33222],[-64.66112,18.33528],[-64.65834,18.33972],[-64.66833,18.35083],[-64.70862,18.37055],[-64.73195,18.37194],[-64.74417,18.36861],[-64.78195,18.34305],[-64.79001,18.33694],[-64.79028,18.33083],[-64.78807,18.32638],[-64.77473,18.31778],[-64.76918,18.31583],[-64.70445,18.3075],[-64.66528,18.33222]]],[[[-64.84167,18.3125],[-64.83585,18.31305],[-64.83307,18.3175],[-64.83195,18.32444],[-64.83446,18.32889],[-64.84695,18.33861],[-64.9039,18.36472],[-64.95001,18.37528],[-64.97667,18.37778],[-65.02417,18.36722],[-65.02695,18.36278],[-65.02612,18.35694],[-65.01834,18.35056],[-64.97945,18.34694],[-64.92862,18.33861],[-64.8864,18.31667],[-64.87807,18.31056],[-64.84167,18.3125]]]]}},{"type":"Feature","id":171,"properties":{"name":"Guadeloupe","subjecto":"Guadeloupe","partof":"Guadeloupe","precision":3},"geometry":{"type":"MultiPolygon","coordinates":[[[[-61.24556,15.87167],[-61.23083,15.87722],[-61.19445,15.90278],[-61.1875,15.91],[-61.18695,15.92111],[-61.19611,15.94472],[-61.20222,15.9525],[-61.23806,15.99333],[-61.26139,16.01278],[-61.26694,16.015],[-61.27528,16.00916],[-61.30917,15.97278],[-61.32973,15.93444],[-61.32944,15.92861],[-61.31695,15.89],[-61.31,15.88278],[-61.30556,15.88],[-61.28306,15.87194],[-61.25667,15.87],[-61.24556,15.87167]]],[[[-61.03722,16.31111],[-60.99084,16.34083],[-60.98862,16.34611],[-61.01528,16.35028],[-61.02528,16.34666],[-61.04723,16.33416],[-61.08223,16.30833],[-61.08778,16.30083],[-61.08667,16.29583],[-61.08167,16.29556],[-61.03722,16.31111]]],[[[-61.34611,16.33416],[-61.35778,16.33806],[-61.36639,16.34417],[-61.39473,16.37889],[-61.39889,16.38778],[-61.40028,16.39278],[-61.39944,16.39972],[-61.3914,16.42194],[-61.39306,16.43278],[-61.40472,16.47277],[-61.40778,16.47667],[-61.43611,16.49889],[-61.45667,16.51305],[-61.46028,16.51416],[-61.46612,16.51361],[-61.50695,16.485],[-61.53167,16.45194],[-61.53278,16.43333],[-61.52251,16.39306],[-61.49889,16.34861],[-61.54187,16.29025],[-61.58155,16.2751],[-61.60667,16.27528],[-61.61028,16.27861],[-61.60973,16.28389],[-61.65584,16.32472],[-61.73083,16.36222],[-61.74778,16.35972],[-61.78361,16.33305],[-61.79362,16.30694],[-61.79611,16.26416],[-61.79389,16.24194],[-61.76139,16.05666],[-61.69501,15.94917],[-61.69056,15.94639],[-61.685,15.94778],[-61.64834,15.96528],[-61.60695,15.98972],[-61.57278,16.01833],[-61.55945,16.03389],[-61.55278,16.05444],[-61.55556,16.07611],[-61.5675,16.1425],[-61.57667,16.16611],[-61.58139,16.19861],[-61.58112,16.20472],[-61.56706,16.22694],[-61.53334,16.23167],[-61.50917,16.21278],[-61.49834,16.20833],[-61.47417,16.20138],[-61.45473,16.20055],[-61.22584,16.25305],[-61.20556,16.26722],[-61.26862,16.31889],[-61.29167,16.32666],[-61.33362,16.33361],[-61.34611,16.33416]]],[[[-62.81139,17.88833],[-62.79084,17.90277],[-62.78945,17.9075],[-62.79084,17.9125],[-62.86333,17.93028],[-62.86917,17.92972],[-62.87306,17.92333],[-62.8725,17.9175],[-62.84112,17.87917],[-62.83556,17.87833],[-62.81139,17.88833]]]]}},{"type":"Feature","id":172,"properties":{"name":"Netherlands Antilles","subjecto":"Netherlands Antilles","partof":"Netherlands Antilles","precision":3},"geometry":{"type":"MultiPolygon","coordinates":[[[[-68.19528,12.22111],[-68.36389,12.30528],[-68.36974,12.30694],[-68.38417,12.3075],[-68.39944,12.30167],[-68.40445,12.29278],[-68.41612,12.25694],[-68.41695,12.25056],[-68.40224,12.22417],[-68.39889,12.22083],[-68.38834,12.21694],[-68.36751,12.21639],[-68.35474,12.2175],[-68.32806,12.21528],[-68.31222,12.20944],[-68.30473,12.20305],[-68.29861,12.19528],[-68.28667,12.17305],[-68.27917,12.14667],[-68.28528,12.10222],[-68.27863,12.06167],[-68.27528,12.05139],[-68.25917,12.02611],[-68.25111,12.02056],[-68.23889,12.02222],[-68.23556,12.02556],[-68.2289,12.03972],[-68.20557,12.11305],[-68.19307,12.20472],[-68.19278,12.21028],[-68.19528,12.22111]]],[[[-68.96556,12.19889],[-68.98083,12.20472],[-68.99722,12.21611],[-69.0314,12.24444],[-69.04028,12.25639],[-69.04779,12.26972],[-69.05556,12.28889],[-69.05833,12.31306],[-69.06723,12.33167],[-69.07779,12.34861],[-69.08139,12.35194],[-69.09778,12.36333],[-69.14639,12.38389],[-69.16362,12.36639],[-69.15834,12.31139],[-69.13444,12.27333],[-69.0625,12.18833],[-68.96167,12.1125],[-68.82751,12.04722],[-68.81696,12.04333],[-68.79889,12.04028],[-68.74695,12.04028],[-68.75307,12.065],[-68.82417,12.16028],[-68.83667,12.16861],[-68.86168,12.17889],[-68.87889,12.18278],[-68.91196,12.18167],[-68.96556,12.19889]]],[[[-62.96111,17.46083],[-62.95195,17.465],[-62.94028,17.47444],[-62.93639,17.48583],[-62.93861,17.49028],[-62.98584,17.51972],[-62.99111,17.52194],[-62.99667,17.52055],[-62.99806,17.51444],[-62.9975,17.49416],[-62.99528,17.48972],[-62.97667,17.46083],[-62.97195,17.45805],[-62.96111,17.46083]]]]}},{"type":"Feature","id":173,"properties":{"name":"Saint Martin","subjecto":"Saint Martin","partof":"Saint Martin","precision":3},"geometry":{"type":"Polygon","coordinates":[[[-63.01146,18.06728],[-63.00667,18.08056],[-63.00639,18.08694],[-63.01611,18.11389],[-63.01917,18.11778],[-63.03917,18.12194],[-63.04501,18.12139],[-63.14223,18.07417],[-63.14667,18.07194],[-63.14612,18.06639],[-63.14389,18.06194],[-63.13984,18.0586],[-63.10987,18.06612],[-63.03027,18.07037],[-63.01146,18.06728]]]}},{"type":"Feature","id":174,"properties":{"name":"Saint Barthelemy","subjecto":"Saint Barthelemy","partof":"Saint Barthelemy","precision":3},"geometry":{"type":"Polygon","coordinates":[[[-63.13984,18.0586],[-63.11611,18.04277],[-63.07917,18.02667],[-63.07278,18.025],[-63.03334,18.01555],[-63.02834,18.01555],[-63.01945,18.02055],[-63.01667,18.025],[-63.01222,18.03555],[-63.01028,18.04778],[-63.01146,18.06728],[-63.03027,18.07037],[-63.10987,18.06612],[-63.13984,18.0586]]]}},{"type":"Feature","id":175,"properties":{"name":null,"subjecto":null,"partof":null,"precision":3},"geometry":{"type":"Polygon","coordinates":[[[19.33444,57.95583],[19.33555,57.96055],[19.3325,57.96527],[19.3075,57.97444],[19.29639,57.97666],[19.10472,57.97527],[19.09583,57.97361],[19.08889,57.97028],[19.03611,57.91861],[19.03444,57.90111],[19.0375,57.89639],[19.07777,57.85833],[19.12611,57.83972],[19.14167,57.90778],[19.15083,57.91861],[19.16278,57.92694],[19.23805,57.94694],[19.25666,57.94944],[19.26806,57.94861],[19.27444,57.945],[19.2775,57.94028],[19.28666,57.93749],[19.33444,57.95583]]]}},{"type":"Feature","id":176,"properties":{"name":null,"subjecto":null,"partof":null,"precision":3},"geometry":{"type":"Polygon","coordinates":[[[18.20611,56.91194],[18.21555,56.91306],[18.3025,56.93749],[18.34666,56.9986],[18.34333,57.01444],[18.33583,57.01749],[18.33917,57.0686],[18.34139,57.07388],[18.38667,57.12499],[18.39722,57.13416],[18.41722,57.14417],[18.43944,57.15277],[18.51472,57.16944],[18.65805,57.22083],[18.71194,57.24166],[18.78833,57.44833],[18.76944,57.46722],[18.75972,57.50805],[18.79333,57.65916],[18.80917,57.70361],[18.84889,57.72111],[18.92944,57.73972],[19.03333,57.82694],[19.00389,57.89889],[19.00611,57.90361],[19.00472,57.90861],[18.88194,57.91972],[18.725,57.92278],[18.68194,57.91361],[18.46722,57.81194],[18.45639,57.80277],[18.40167,57.73861],[18.38194,57.71861],[18.29472,57.64583],[18.27611,57.63416],[18.24222,57.61749],[18.19144,57.59614],[18.17917,57.58833],[18.11916,57.53111],[18.11138,57.51944],[18.11028,57.49611],[18.1425,57.40944],[18.15805,57.31583],[18.14833,57.23528],[18.17333,57.14194],[18.25444,57.07916],[18.25666,57.03222],[18.15833,56.94167],[18.14027,56.91499],[18.14778,56.91194],[18.16889,56.91],[18.20611,56.91194]]]}},{"type":"Feature","id":177,"properties":{"name":"Turks and Caicos Islands","subjecto":"Turks and Caicos Islands","partof":"Turks and Caicos Islands","precision":3},"geometry":{"type":"MultiPolygon","coordinates":[[[[-71.14029,21.43194],[-71.12807,21.44139],[-71.12973,21.50361],[-71.13139,21.50861],[-71.13556,21.51111],[-71.14002,21.50944],[-71.15056,21.47083],[-71.15001,21.43333],[-71.14584,21.43028],[-71.14029,21.43194]]],[[[-72.46056,21.62972],[-72.44667,21.64444],[-72.42862,21.69278],[-72.4275,21.69889],[-72.42862,21.71083],[-72.43362,21.71333],[-72.44862,21.70611],[-72.45668,21.69972],[-72.46806,21.64528],[-72.46584,21.62805],[-72.46056,21.62972]]],[[[-71.4689,21.655],[-71.46474,21.65833],[-71.46223,21.66278],[-71.45695,21.68722],[-71.45723,21.69972],[-71.46278,21.72083],[-71.46667,21.72416],[-71.53334,21.73444],[-71.535,21.71944],[-71.505,21.70444],[-71.47806,21.66833],[-71.47362,21.65278],[-71.4689,21.655]]],[[[-71.65779,21.82333],[-71.66112,21.82722],[-71.67029,21.83278],[-71.69501,21.83889],[-71.84778,21.85472],[-71.85057,21.84583],[-71.85057,21.83972],[-71.84279,21.8025],[-71.84113,21.7975],[-71.82752,21.77639],[-71.82306,21.77444],[-71.81639,21.77472],[-71.79695,21.78361],[-71.75723,21.79277],[-71.7189,21.78972],[-71.71306,21.78778],[-71.68085,21.76722],[-71.65889,21.73972],[-71.65363,21.74],[-71.64362,21.74416],[-71.63362,21.77222],[-71.65779,21.82333]]],[[[-72.26222,21.75111],[-72.24223,21.77444],[-72.24779,21.79556],[-72.29056,21.83222],[-72.32722,21.85583],[-72.32973,21.82694],[-72.30084,21.75889],[-72.28723,21.74416],[-72.27417,21.74167],[-72.26222,21.75111]]],[[[-71.88417,21.84722],[-71.9064,21.93528],[-71.91223,21.94333],[-71.91751,21.94583],[-71.94724,21.95305],[-71.97307,21.95722],[-72.005,21.95778],[-72.02667,21.94917],[-72.03334,21.94278],[-72.03584,21.93805],[-72.02917,21.905],[-71.90167,21.82722],[-71.88196,21.82361],[-71.88417,21.84722]]]]}},{"type":"Feature","id":178,"properties":{"name":"Bahamas","subjecto":"Bahamas","partof":"Bahamas","precision":3},"geometry":{"type":"MultiPolygon","coordinates":[[[[-73.03723,21.13944],[-73.02139,21.175],[-73.0025,21.31167],[-73.0089,21.32583],[-73.01779,21.33139],[-73.02444,21.3325],[-73.0314,21.3325],[-73.05334,21.32639],[-73.07028,21.31667],[-73.07529,21.29222],[-73.08362,21.27139],[-73.13806,21.1875],[-73.15472,21.17555],[-73.26112,21.13416],[-73.30667,21.14917],[-73.33723,21.16306],[-73.34973,21.1725],[-73.42223,21.19416],[-73.52724,21.18694],[-73.53639,21.18333],[-73.64056,21.10167],[-73.65556,21.08194],[-73.70222,20.99972],[-73.68584,20.93556],[-73.6839,20.93055],[-73.68056,20.92694],[-73.66278,20.91528],[-73.6125,20.94305],[-73.59584,20.94722],[-73.52473,20.93389],[-73.46695,20.925],[-73.45279,20.92472],[-73.31084,20.93611],[-73.16223,20.96889],[-73.15167,20.97222],[-73.14111,20.98333],[-73.03723,21.13944]]],[[[-72.92473,21.48361],[-72.91362,21.49361],[-72.91084,21.49833],[-72.91139,21.50333],[-72.9225,21.51361],[-72.97806,21.54055],[-73.01945,21.53055],[-73.0564,21.51806],[-73.065,21.5125],[-73.0675,21.50777],[-73.0675,21.50139],[-73.0475,21.44416],[-73.03807,21.435],[-73.01945,21.4525],[-73.01112,21.45805],[-72.95695,21.48111],[-72.92946,21.48111],[-72.92473,21.48361]]],[[[-72.82918,22.38222],[-73.02306,22.4325],[-73.0675,22.44194],[-73.08168,22.44361],[-73.14002,22.42833],[-73.16362,22.37694],[-73.16473,22.37083],[-73.16446,22.36583],[-73.16196,22.36166],[-73.15611,22.35972],[-73.08168,22.34055],[-73.06056,22.33917],[-73.05389,22.33917],[-73.04251,22.34194],[-73.01112,22.36028],[-72.98889,22.36639],[-72.89973,22.3625],[-72.88556,22.36028],[-72.86029,22.34778],[-72.81418,22.31333],[-72.78751,22.28305],[-72.7814,22.28416],[-72.76834,22.29194],[-72.74028,22.32166],[-72.7375,22.32639],[-72.74057,22.33694],[-72.76222,22.35167],[-72.82918,22.38222]]],[[[-73.61029,22.57972],[-73.59334,22.60611],[-73.59418,22.61166],[-73.59834,22.61472],[-73.60445,22.61389],[-73.62056,22.59972],[-73.62306,22.58],[-73.61639,22.57861],[-73.61029,22.57972]]],[[[-73.46278,22.60194],[-73.46445,22.60694],[-73.47223,22.61361],[-73.49779,22.61889],[-73.53223,22.62],[-73.5475,22.61528],[-73.55139,22.61222],[-73.47111,22.5975],[-73.46529,22.59722],[-73.46278,22.60194]]],[[[-74.37779,22.53889],[-74.31612,22.6],[-74.27751,22.64778],[-74.27556,22.65333],[-74.28001,22.6625],[-74.28445,22.66555],[-74.37946,22.57639],[-74.38528,22.56778],[-74.38806,22.54861],[-74.38612,22.5375],[-74.38223,22.53666],[-74.37779,22.53889]]],[[[-73.84723,22.72361],[-73.85196,22.73139],[-73.92473,22.70889],[-73.97195,22.68166],[-74.03778,22.6225],[-74.03528,22.61805],[-74.01472,22.60222],[-73.98195,22.58972],[-73.96167,22.59028],[-73.9214,22.59944],[-73.89944,22.58472],[-73.87862,22.56278],[-73.86389,22.52944],[-73.86389,22.52305],[-73.86778,22.51222],[-73.88695,22.48805],[-73.91084,22.46889],[-73.9214,22.46555],[-74.03973,22.39666],[-74.17834,22.29528],[-74.27667,22.21694],[-74.2814,22.17305],[-74.2764,22.17056],[-74.1839,22.22055],[-74.16167,22.23972],[-74.15167,22.25222],[-74.10417,22.29528],[-74.01306,22.32444],[-73.97723,22.34555],[-73.86751,22.46944],[-73.83694,22.55167],[-73.84723,22.72361]]],[[[-74.07362,22.66333],[-74.02444,22.70861],[-74.01779,22.71639],[-74.2189,22.80833],[-74.29945,22.84111],[-74.30528,22.84305],[-74.3439,22.835],[-74.34695,22.82639],[-74.3475,22.81944],[-74.34361,22.80333],[-74.27251,22.71444],[-74.20418,22.68639],[-74.15834,22.67194],[-74.0889,22.6575],[-74.07362,22.66333]]],[[[-73.7289,23.07055],[-73.66501,23.08889],[-73.67279,23.09583],[-73.68278,23.10056],[-73.6964,23.10278],[-73.77057,23.10305],[-73.81361,23.09694],[-73.81529,23.08806],[-73.78473,23.0675],[-73.77779,23.06639],[-73.7289,23.07055]]],[[[-75.55112,23.43139],[-75.56557,23.43916],[-75.6239,23.45556],[-75.63806,23.45694],[-75.65085,23.45583],[-75.65112,23.45305],[-75.64445,23.43889],[-75.62222,23.42167],[-75.61639,23.42],[-75.58974,23.42194],[-75.54112,23.40944],[-75.53168,23.40416],[-75.52501,23.40444],[-75.52306,23.40833],[-75.52863,23.41694],[-75.55112,23.43139]]],[[[-75.02139,23.10639],[-75.05501,23.13055],[-75.06612,23.14083],[-75.07278,23.155],[-75.0789,23.17611],[-75.08556,23.20972],[-75.08556,23.22889],[-75.0825,23.26],[-75.10001,23.33],[-75.10945,23.34833],[-75.27473,23.63],[-75.28639,23.64666],[-75.30751,23.66777],[-75.30334,23.63028],[-75.25723,23.48972],[-75.17946,23.39805],[-75.13667,23.36389],[-75.12668,23.34611],[-75.12112,23.33111],[-75.10806,23.27028],[-75.10751,23.16472],[-75.08585,23.138],[-75.06834,23.11194],[-75.08278,23.10466],[-75.09045,23.10633],[-75.12395,23.122],[-75.14162,23.1355],[-75.14479,23.14067],[-75.13378,23.13617],[-75.12628,23.13533],[-75.12395,23.13733],[-75.12761,23.14583],[-75.13195,23.15017],[-75.15694,23.1595],[-75.16328,23.15416],[-75.16862,23.14283],[-75.12929,23.11683],[-75.09212,23.0965],[-75.08417,23.08889],[-75.065,23.08555],[-75.03557,23.08444],[-74.99306,23.08],[-74.98668,23.07889],[-74.97223,23.07111],[-74.93584,23.02389],[-74.92584,23.00611],[-74.91,22.96722],[-74.85335,22.85806],[-74.8475,22.85639],[-74.84056,22.85667],[-74.83057,22.86083],[-74.82779,22.86556],[-74.83223,22.90111],[-74.84113,22.965],[-74.8475,23],[-74.85028,23.00417],[-74.92529,23.08694],[-74.96751,23.10472],[-75.0089,23.10361],[-75.0164,23.10416],[-75.02139,23.10639]]],[[[-75.77196,23.49972],[-75.91863,23.62639],[-75.99612,23.67416],[-76.02028,23.67528],[-76.02863,23.6725],[-76.03307,23.65194],[-76.0325,23.64694],[-75.99112,23.59944],[-75.94446,23.585],[-75.90973,23.56805],[-75.80501,23.50028],[-75.80556,23.49472],[-75.77196,23.49972]]],[[[-74.78195,23.68389],[-74.77806,23.69472],[-74.79695,23.7175],[-74.80196,23.71833],[-74.85112,23.71666],[-74.93028,23.69583],[-74.94862,23.68528],[-74.93695,23.65694],[-74.9314,23.65861],[-74.91833,23.66666],[-74.91139,23.66694],[-74.88223,23.66194],[-74.84306,23.65194],[-74.81973,23.63944],[-74.8114,23.645],[-74.79167,23.66472],[-74.78195,23.68389]]],[[[-76.36389,24.07222],[-76.37723,24.10028],[-76.38612,24.1125],[-76.39223,24.11417],[-76.39835,24.11333],[-76.4014,24.10167],[-76.39862,24.08416],[-76.33501,23.98027],[-76.32779,23.97305],[-76.32167,23.97278],[-76.36389,24.07222]]],[[[-74.49028,23.95444],[-74.43529,24.04194],[-74.42361,24.07555],[-74.46085,24.14278],[-74.51112,24.12111],[-74.52695,24.10083],[-74.53029,24.07611],[-74.52362,24.05167],[-74.52362,24.03222],[-74.53723,23.98],[-74.5414,23.96917],[-74.52779,23.95667],[-74.49028,23.95444]]],[[[-77.94667,24.15],[-77.88583,24.17555],[-77.8089,24.23139],[-77.8,24.24278],[-77.79918,24.24889],[-77.80029,24.25333],[-77.80612,24.25472],[-77.84557,24.25389],[-77.85167,24.2525],[-77.97168,24.19361],[-77.97389,24.18139],[-77.97057,24.15778],[-77.95834,24.14833],[-77.95222,24.14805],[-77.94667,24.15]]],[[[-77.93668,24.22583],[-77.92306,24.26111],[-77.92473,24.27305],[-77.9275,24.27722],[-77.93112,24.27944],[-77.93861,24.27972],[-78.01945,24.25083],[-78.01973,24.24528],[-78.01723,24.24111],[-77.99583,24.22556],[-77.94168,24.22333],[-77.93668,24.22583]]],[[[-76.4689,24.21],[-76.46474,24.21306],[-76.46445,24.21861],[-76.4664,24.22361],[-76.52306,24.28222],[-76.53639,24.29111],[-76.54529,24.29028],[-76.54723,24.2875],[-76.54472,24.27639],[-76.50362,24.21778],[-76.47473,24.20889],[-76.4689,24.21]]],[[[-77.73556,24.02861],[-77.74167,24.03028],[-77.75723,24.13416],[-77.755,24.13889],[-77.73334,24.16083],[-77.66278,24.22028],[-77.65279,24.22472],[-77.64002,24.22611],[-77.63667,24.23027],[-77.63278,24.24806],[-77.63417,24.25222],[-77.66307,24.28722],[-77.67029,24.29444],[-77.67639,24.29611],[-77.68251,24.295],[-77.69724,24.28806],[-77.7164,24.26944],[-77.85251,24.16028],[-77.87668,24.07306],[-77.80833,23.87861],[-77.73029,23.78694],[-77.72084,23.78194],[-77.70361,23.77611],[-77.69667,23.77667],[-77.64418,23.81778],[-77.60583,23.84444],[-77.595,23.84805],[-77.58168,23.84889],[-77.57556,23.84722],[-77.57278,23.84278],[-77.57362,23.83667],[-77.5889,23.82278],[-77.66863,23.77944],[-77.66965,23.76637],[-77.68182,23.76028],[-77.74474,23.78222],[-77.77444,23.74694],[-77.77306,23.74278],[-77.60529,23.72722],[-77.57167,23.73666],[-77.56696,23.73917],[-77.55278,23.75361],[-77.52444,23.82972],[-77.51973,23.86111],[-77.51695,23.92778],[-77.5475,24.11944],[-77.55139,24.12917],[-77.57695,24.17389],[-77.60667,24.21389],[-77.61195,24.21611],[-77.61945,24.21639],[-77.63,24.21278],[-77.63417,24.20944],[-77.66667,24.12055],[-77.70222,24.04916],[-77.70778,24.04028],[-77.71667,24.03111],[-77.72806,24.02833],[-77.73556,24.02861]]],[[[-77.68695,24.33722],[-77.6839,24.34111],[-77.68251,24.34722],[-77.6925,24.36556],[-77.69585,24.36916],[-77.70334,24.36972],[-77.72696,24.36444],[-77.76028,24.35416],[-77.79333,24.33278],[-77.80417,24.32417],[-77.80667,24.31972],[-77.80168,24.31056],[-77.79668,24.30805],[-77.68695,24.33722]]],[[[-75.31473,24.21389],[-75.31946,24.22305],[-75.39835,24.31528],[-75.40556,24.3225],[-75.43167,24.34055],[-75.4514,24.35056],[-75.47278,24.36583],[-75.52389,24.43],[-75.59351,24.54361],[-75.60134,24.56844],[-75.60068,24.57678],[-75.62668,24.64389],[-75.63306,24.65194],[-75.68417,24.68222],[-75.71501,24.69639],[-75.72862,24.69861],[-75.73946,24.695],[-75.76083,24.65833],[-75.75917,24.65333],[-75.74445,24.64583],[-75.72307,24.6425],[-75.69112,24.62194],[-75.59656,24.50844],[-75.58507,24.48261],[-75.58023,24.46728],[-75.53001,24.38361],[-75.51807,24.36055],[-75.47084,24.29444],[-75.46306,24.28806],[-75.47278,24.18166],[-75.52585,24.15555],[-75.51502,24.13972],[-75.50334,24.12944],[-75.46251,24.1225],[-75.43834,24.14583],[-75.42862,24.15083],[-75.34639,24.16],[-75.33362,24.15222],[-75.29695,24.14389],[-75.29001,24.14417],[-75.28973,24.14972],[-75.31473,24.21389]]],[[[-77.4364,25.00805],[-77.43112,25.01],[-77.34113,25.01694],[-77.26222,25.04],[-77.25806,25.04333],[-77.25862,25.04944],[-77.26056,25.05444],[-77.27,25.06056],[-77.33,25.07694],[-77.3589,25.07972],[-77.44945,25.07694],[-77.50557,25.06278],[-77.51834,25.05639],[-77.5614,25.0275],[-77.5614,25.02111],[-77.55778,25.01194],[-77.54668,24.995],[-77.5414,24.99194],[-77.46584,24.98666],[-77.4364,25.00805]]],[[[-78.19196,25.20361],[-78.205,25.20194],[-78.21194,25.20277],[-78.21445,25.185],[-78.21167,25.17389],[-78.18806,25.11444],[-78.16112,25.05778],[-78.15556,25.03611],[-78.15668,25.02305],[-78.17723,24.91722],[-78.19945,24.86778],[-78.205,24.85889],[-78.21056,24.85722],[-78.23584,24.83472],[-78.28889,24.77639],[-78.29501,24.76083],[-78.30585,24.72111],[-78.27556,24.67389],[-78.27196,24.67028],[-78.26502,24.67056],[-78.26028,24.68],[-78.26195,24.705],[-78.26668,24.72111],[-78.25667,24.72278],[-78.19446,24.61611],[-78.19278,24.5975],[-78.22029,24.56639],[-78.22417,24.56305],[-78.23556,24.56],[-78.24861,24.56194],[-78.32167,24.58139],[-78.32752,24.58305],[-78.33139,24.58639],[-78.3325,24.59222],[-78.32834,24.60222],[-78.30473,24.62194],[-78.2914,24.645],[-78.28778,24.65583],[-78.28807,24.6675],[-78.29251,24.68361],[-78.29945,24.6975],[-78.31473,24.71111],[-78.32085,24.71139],[-78.32556,24.70889],[-78.43973,24.61972],[-78.44057,24.61361],[-78.39084,24.56278],[-78.36029,24.53472],[-78.34361,24.52222],[-78.31111,24.50389],[-78.21417,24.45916],[-78.08639,24.37972],[-78.07918,24.3725],[-78.06862,24.35472],[-78.0475,24.28028],[-78.04472,24.27583],[-78.04028,24.27305],[-78.03445,24.27139],[-78.02139,24.27278],[-78.0114,24.27722],[-77.8714,24.36861],[-77.86418,24.37583],[-77.86195,24.38055],[-77.86584,24.39027],[-77.86667,24.40278],[-77.86389,24.41444],[-77.85779,24.42305],[-77.80473,24.44361],[-77.76056,24.45],[-77.74306,24.45389],[-77.73834,24.45639],[-77.72528,24.47333],[-77.72084,24.48333],[-77.71722,24.49416],[-77.71667,24.50666],[-77.74335,24.62],[-77.77362,24.73278],[-77.81473,24.765],[-77.82918,24.77944],[-77.84279,24.79444],[-77.87334,24.83416],[-77.8864,24.85611],[-77.94556,24.99167],[-77.98279,25.14611],[-77.99084,25.1525],[-78.02834,25.17389],[-78.04472,25.18028],[-78.19196,25.20361]]],[[[-76.53334,25.39833],[-76.68028,25.48944],[-76.67834,25.54444],[-76.73529,25.55917],[-76.71584,25.44167],[-76.63251,25.43222],[-76.60695,25.42667],[-76.59639,25.42222],[-76.57556,25.40667],[-76.55223,25.38611],[-76.53946,25.37028],[-76.52278,25.35778],[-76.51306,25.3525],[-76.39862,25.32805],[-76.37834,25.325],[-76.35583,25.31833],[-76.33974,25.29833],[-76.32556,25.27055],[-76.31445,25.25361],[-76.25446,25.17806],[-76.24556,25.17222],[-76.20807,25.16333],[-76.1875,25.15389],[-76.17168,25.14083],[-76.16335,25.12778],[-76.15195,25.10444],[-76.145,25.07722],[-76.14362,25.06472],[-76.14389,25.01527],[-76.145,25.00916],[-76.21112,24.86583],[-76.33806,24.825],[-76.33585,24.81361],[-76.32752,24.80083],[-76.32028,24.79361],[-76.21613,24.71528],[-76.16833,24.69],[-76.13945,24.84611],[-76.11,25.06667],[-76.10918,25.08028],[-76.11056,25.105],[-76.11307,25.11639],[-76.1189,25.13111],[-76.13223,25.14611],[-76.31306,25.28722],[-76.3232,25.29773],[-76.32878,25.31957],[-76.3497,25.34328],[-76.41028,25.34028],[-76.53334,25.39833]]],[[[-77.82194,25.70222],[-77.81807,25.70556],[-77.81557,25.71028],[-77.81696,25.71583],[-77.8564,25.77528],[-77.86446,25.78194],[-77.875,25.78639],[-77.88806,25.785],[-77.89002,25.77944],[-77.88806,25.77444],[-77.82834,25.70111],[-77.82194,25.70222]]],[[[-77.56334,26.26889],[-77.53946,26.29611],[-77.53696,26.30083],[-77.53723,26.30694],[-77.56639,26.33583],[-77.57251,26.33611],[-77.57501,26.33555],[-77.58168,26.32472],[-77.58112,26.31861],[-77.56862,26.26722],[-77.56334,26.26889]]],[[[-77.91724,26.74528],[-77.94446,26.75139],[-77.95778,26.73528],[-77.96667,26.72944],[-77.98361,26.72472],[-78.1064,26.70222],[-78.12028,26.70139],[-78.19862,26.70861],[-78.24612,26.71055],[-78.31084,26.69389],[-78.32722,26.68833],[-78.36389,26.68972],[-78.51889,26.73417],[-78.60028,26.70166],[-78.59973,26.69527],[-78.60278,26.68389],[-78.65695,26.60944],[-78.67223,26.59555],[-78.68167,26.59055],[-78.70418,26.58389],[-78.79779,26.58583],[-78.82028,26.60028],[-78.84001,26.61694],[-78.87445,26.64139],[-78.9789,26.69527],[-78.96861,26.67083],[-78.81917,26.5425],[-78.7589,26.49972],[-78.73001,26.49056],[-78.70862,26.48972],[-78.68918,26.4925],[-78.67834,26.49611],[-78.5464,26.55666],[-78.36612,26.61083],[-78.2375,26.63528],[-78.02112,26.65889],[-77.96362,26.65444],[-77.94694,26.64833],[-77.93806,26.6425],[-77.90861,26.68944],[-77.91724,26.74528]]],[[[-77.735,26.91444],[-77.82695,26.92917],[-77.84084,26.92833],[-77.90611,26.91944],[-77.91695,26.91583],[-77.95029,26.89778],[-77.83473,26.91028],[-77.78973,26.90083],[-77.72389,26.88222],[-77.66084,26.86111],[-77.65417,26.86],[-77.59584,26.8575],[-77.56056,26.86639],[-77.54584,26.86639],[-77.53973,26.86472],[-77.52556,26.85639],[-77.49084,26.81722],[-77.34973,26.64055],[-77.345,26.60527],[-77.33,26.5975],[-77.29279,26.58833],[-77.27306,26.58472],[-77.22778,26.58333],[-77.20252,26.5775],[-77.1564,26.55611],[-77.14889,26.54889],[-77.14806,26.53639],[-77.15445,26.52028],[-77.20001,26.45222],[-77.20807,26.44555],[-77.22111,26.44416],[-77.22585,26.44167],[-77.23195,26.41583],[-77.22612,26.24778],[-77.2189,26.14694],[-77.30778,26.07611],[-77.39806,26.02639],[-77.3025,25.98083],[-77.29611,25.97305],[-77.27917,25.93444],[-77.26862,25.91666],[-77.24556,25.88944],[-77.2314,25.88139],[-77.21806,25.87917],[-77.20473,25.88083],[-77.19446,25.89194],[-77.18834,25.92944],[-77.1875,25.95694],[-77.18973,26.02722],[-77.18861,26.07472],[-77.17389,26.19778],[-77.16833,26.22861],[-77.16446,26.23944],[-77.1514,26.25528],[-77.10973,26.28639],[-77.07861,26.30694],[-77.07306,26.30889],[-77.05972,26.31028],[-77.05362,26.31],[-77.05,26.30639],[-77.02779,26.35972],[-77.03973,26.49778],[-77.04224,26.50889],[-77.05139,26.52083],[-77.08974,26.54889],[-77.1564,26.58],[-77.22639,26.6075],[-77.27501,26.62055],[-77.30362,26.66805],[-77.47278,26.83639],[-77.50084,26.86286],[-77.53696,26.89139],[-77.54668,26.89666],[-77.57362,26.9075],[-77.59723,26.91444],[-77.60251,26.91417],[-77.60667,26.91083],[-77.63556,26.90583],[-77.66196,26.90305],[-77.69694,26.90583],[-77.735,26.91444]]]]}},{"type":"Feature","id":179,"properties":{"name":"United States","subjecto":"United States","partof":"United States","precision":3},"geometry":{"type":"Polygon","coordinates":[[[-74.22,40.51167],[-74.145,40.53889],[-74.12332,40.54972],[-74.05749,40.59972],[-74.0536,40.60444],[-74.05388,40.61527],[-74.06277,40.63944],[-74.0739,40.64916],[-74.08278,40.65138],[-74.17084,40.64277],[-74.17694,40.64194],[-74.18167,40.6375],[-74.23111,40.54222],[-74.23389,40.53555],[-74.23639,40.51833],[-74.23555,40.51333],[-74.2325,40.50889],[-74.22,40.51167]]]}},{"type":"Feature","id":180,"properties":{"name":"United States","subjecto":"United States","partof":"United States","precision":3},"geometry":{"type":"Polygon","coordinates":[[[-72.26222,41.12527],[-72.25307,41.13305],[-72.23889,41.15527],[-72.23972,41.16055],[-72.24611,41.16361],[-72.28528,41.16193],[-72.35083,41.14083],[-72.45306,41.08888],[-72.5775,41.01555],[-72.6161,40.9886],[-72.62805,40.9836],[-72.64723,40.97971],[-72.75111,40.96388],[-72.76556,40.96361],[-72.78139,40.96555],[-72.89362,40.96999],[-73.03722,40.9686],[-73.14612,40.95916],[-73.14416,40.9486],[-73.14639,40.94276],[-73.15556,40.93499],[-73.18999,40.92027],[-73.22667,40.91055],[-73.35417,40.92583],[-73.49055,40.93416],[-73.58945,40.92055],[-73.61221,40.91166],[-73.73167,40.85166],[-73.83556,40.80499],[-73.91139,40.795],[-73.9225,40.78972],[-73.93999,40.77305],[-73.96595,40.72153],[-73.97988,40.70723],[-74.00111,40.69777],[-74.00389,40.6911],[-74.005,40.67999],[-74.02611,40.6586],[-74.03307,40.64749],[-74.035,40.63583],[-74.0325,40.62582],[-74.00778,40.58028],[-74.00111,40.58055],[-73.93999,40.58555],[-73.88028,40.6],[-73.87555,40.60305],[-73.87193,40.6086],[-73.875,40.61305],[-73.88362,40.615],[-73.88779,40.61888],[-73.89973,40.63583],[-73.86888,40.65443],[-73.85055,40.65916],[-73.82889,40.65916],[-73.81277,40.65665],[-73.7675,40.64166],[-73.77178,40.62927],[-73.77145,40.61627],[-73.79178,40.60877],[-73.83103,40.5976],[-73.85774,40.58452],[-73.92931,40.57196],[-73.93305,40.56716],[-73.92905,40.56422],[-73.91408,40.56315],[-73.79723,40.59222],[-73.61806,40.59444],[-73.58278,40.5961],[-73.57667,40.59749],[-73.57973,40.60166],[-73.58583,40.60471],[-73.65279,40.61999],[-73.56111,40.64527],[-73.4386,40.66583],[-73.14029,40.71888],[-73.01584,40.75222],[-72.89416,40.77388],[-72.88695,40.77361],[-72.86777,40.7561],[-72.81946,40.76999],[-72.66583,40.79444],[-72.54277,40.82555],[-72.44666,40.85555],[-72.35278,40.88721],[-72.08417,40.98166],[-71.86027,41.06444],[-71.85611,41.06916],[-71.85916,41.07361],[-71.87332,41.07861],[-71.92389,41.08194],[-71.99805,41.05249],[-72.01279,41.04194],[-72.02084,41.03249],[-72.05333,41.01611],[-72.10194,41.0025],[-72.11,41.00388],[-72.13501,41.03527],[-72.26363,41.01944],[-72.34584,40.99972],[-72.40195,40.96471],[-72.43443,40.9286],[-72.43195,40.92361],[-72.43639,40.91972],[-72.48444,40.90499],[-72.49805,40.90416],[-72.58473,40.9061],[-72.60722,40.90749],[-72.61583,40.90971],[-72.62111,40.91305],[-72.62166,40.91833],[-72.61777,40.92305],[-72.38834,41.08499],[-72.28944,41.12499],[-72.28889,41.11971],[-72.285,41.11583],[-72.27861,41.11721],[-72.26222,41.12527]]]}},{"type":"Feature","id":181,"properties":{"name":"","subjecto":"","partof":"","precision":3},"geometry":{"type":"Polygon","coordinates":[[[5.98955,46.17547],[5.98331,46.16214],[5.96266,46.13265],[5.96562,46.12893],[5.97637,46.13064],[5.97783,46.13212],[5.99073,46.14293],[6.03054,46.14094],[6.04449,46.13517],[6.05922,46.15174],[6.08131,46.15014],[6.08315,46.14891],[6.09957,46.15224],[6.10357,46.14811],[6.10033,46.14578],[6.1034,46.14279],[6.10577,46.14417],[6.13511,46.14046],[6.15074,46.14554],[6.15368,46.14819],[6.15883,46.15231],[6.18224,46.15884],[6.19272,46.17889],[6.22873,46.19954],[6.23033,46.20174],[6.24224,46.20678],[6.25113,46.20541],[6.2517,46.20688],[6.29834,46.22428],[6.31557,46.24762],[6.31568,46.25701],[6.31041,46.25748],[6.30847,46.25652],[6.30365,46.25709],[6.30209,46.25979],[6.30318,46.26491],[6.27435,46.24959],[6.26826,46.25307],[6.26985,46.25559],[6.25736,46.26297],[6.24445,46.28234],[6.2605,46.29107],[6.24875,46.30555],[6.24725,46.30501],[6.24791,46.30262],[6.2423,46.29098],[6.21608,46.2668],[6.20216,46.26383],[6.19735,46.24468],[6.19794,46.23842],[6.17851,46.21494],[6.17929,46.21359],[6.1613,46.20608],[6.15437,46.20694],[6.15603,46.20847],[6.1478,46.20674],[6.15726,46.24253],[6.15965,46.25159],[6.17135,46.29583],[6.21631,46.3486],[6.21813,46.35457],[6.23525,46.37083],[6.24822,46.38606],[6.25891,46.3925],[6.26169,46.39207],[6.26456,46.39389],[6.275,46.3918],[6.29127,46.42266],[6.34687,46.46095],[6.35425,46.4616],[6.35874,46.46215],[6.3866,46.46503],[6.38961,46.46537],[6.39952,46.46025],[6.44864,46.47363],[6.51109,46.51589],[6.51654,46.5149],[6.51974,46.51662],[6.53546,46.51145],[6.55254,46.50833],[6.56265,46.50842],[6.59164,46.51783],[6.59585,46.51922],[6.60102,46.51609],[6.6612,46.50529],[6.68188,46.5042],[6.70797,46.49582],[6.71726,46.48983],[6.72659,46.4864],[6.74944,46.48869],[6.75656,46.48675],[6.78026,46.47469],[6.83634,46.46855],[6.83874,46.46234],[6.84018,46.46137],[6.85683,46.45708],[6.85763,46.45343],[6.86415,46.44805],[6.86597,46.44764],[6.87187,46.44819],[6.88155,46.44563],[6.88224,46.44394],[6.89382,46.4413],[6.9068,46.44023],[6.91323,46.43035],[6.91942,46.42955],[6.92749,46.42114],[6.93499,46.4099],[6.92547,46.39619],[6.92081,46.39502],[6.88758,46.39546],[6.87244,46.39342],[6.86654,46.39558],[6.86443,46.39546],[6.86391,46.38753],[6.85792,46.3882],[6.85691,46.38533],[6.80915,46.39368],[6.80944,46.38023],[6.77606,46.36219],[6.7782,46.34749],[6.79148,46.33245],[6.80035,46.33333],[6.80563,46.31959],[6.82267,46.31656],[6.82769,46.31252],[6.83214,46.30483],[6.8517,46.29106],[6.86372,46.29227],[6.85864,46.26095],[6.83335,46.23681],[6.82435,46.23509],[6.82455,46.23123],[6.81081,46.19818],[6.81578,46.18319],[6.79376,46.15436],[6.80402,46.13679],[6.81939,46.13021],[6.84605,46.13349],[6.85345,46.12842],[6.8977,46.12709],[6.90312,46.12545],[6.88556,46.09729],[6.89601,46.08649],[6.8926,46.0822],[6.8952,46.07679],[6.87626,46.05447],[6.89613,46.04382],[6.91759,46.05478],[6.93021,46.06601],[6.93874,46.06688],[6.94115,46.06512],[6.93882,46.0577],[6.95458,46.0535],[6.9669,46.03206],[6.97381,46.02876],[6.99932,46.00153],[7.01009,46.00189],[7.01677,45.98877],[7.02534,45.98328],[7.02462,45.97973],[7.0121,45.97446],[7.04129,45.94881],[7.04864,45.9239],[7.06769,45.91229],[7.06715,45.9029],[7.07914,45.89679],[7.08457,45.88783],[7.0895,45.88691],[7.09805,45.87901],[7.09689,45.87411],[7.10158,45.86369],[7.10742,45.86006],[7.12352,45.8623],[7.1381,45.87069],[7.1415,45.87592],[7.15938,45.88223],[7.1679,45.87933],[7.16523,45.87619],[7.17976,45.86528],[7.18423,45.86612],[7.19096,45.86134],[7.19574,45.86052],[7.20021,45.8622],[7.20541,45.8667],[7.20374,45.87483],[7.20567,45.87776],[7.21251,45.88424],[7.2204,45.88791],[7.22128,45.89219],[7.23337,45.89482],[7.24322,45.89328],[7.25427,45.89549],[7.26144,45.89185],[7.27619,45.90252],[7.28112,45.90389],[7.28276,45.90493],[7.28409,45.90734],[7.28513,45.90974],[7.28692,45.91203],[7.28856,45.91392],[7.29079,45.91861],[7.29511,45.92258],[7.29809,45.92301],[7.30557,45.91895],[7.31214,45.91959],[7.31976,45.91803],[7.32171,45.91313],[7.32709,45.91189],[7.33292,45.912],[7.34769,45.91661],[7.3589,45.91224],[7.35965,45.90879],[7.36548,45.90536],[7.37354,45.90495],[7.38848,45.8986],[7.39684,45.90288],[7.40594,45.91228],[7.41177,45.91051],[7.42536,45.91416],[7.42685,45.91625],[7.43118,45.9174],[7.44687,45.93034],[7.44852,45.93337],[7.45912,45.93462],[7.46331,45.93786],[7.47138,45.9365],[7.47616,45.93723],[7.47751,45.93796],[7.47662,45.9486],[7.47692,45.951],[7.48276,45.95476],[7.49203,45.9583],[7.49576,45.9583],[7.49845,45.95872],[7.49995,45.96018],[7.5025,45.96404],[7.50862,45.96059],[7.5149,45.96101],[7.51954,45.96435],[7.52581,45.96038],[7.53568,45.95985],[7.54135,45.95797],[7.54434,45.95912],[7.54929,45.9636],[7.54588,45.97466],[7.54574,45.97967],[7.54963,45.98311],[7.54964,45.98541],[7.55129,45.98749],[7.57688,45.99112],[7.58061,45.9883],[7.58252,45.97766],[7.58729,45.97411],[7.6112,45.97116],[7.62318,45.97448],[7.6441,45.97279],[7.66028,45.97892],[7.6664,45.97807],[7.67802,45.96824],[7.6786,45.96459],[7.68276,45.9601],[7.70009,45.95808],[7.71007,45.95264],[7.71093,45.94544],[7.7088,45.93762],[7.71267,45.93636],[7.71489,45.93114],[7.72277,45.9259],[7.73756,45.92629],[7.75096,45.94222],[7.76828,45.9405],[7.78047,45.9315],[7.79179,45.92709],[7.79639,45.92217],[7.80488,45.91933],[7.8082,45.92287],[7.82288,45.92898],[7.83198,45.9277],[7.83913,45.92423],[7.85869,45.92323],[7.86612,45.91955],[7.86958,45.92152],[7.87331,45.92141],[7.87708,45.92588],[7.8786,45.92848],[7.87936,45.93057],[7.87436,45.93903],[7.87258,45.94081],[7.87237,45.95062],[7.8794,45.95216],[7.87996,45.96478],[7.88312,45.96728],[7.88082,45.9772],[7.89401,45.98049],[7.89655,45.981],[7.89718,45.98413],[7.90382,45.99046],[7.90637,45.99129],[7.90819,45.99389],[7.9082,45.99535],[7.91287,45.99878],[7.92094,45.99781],[7.93008,45.99902],[7.93276,45.99797],[7.95282,45.99987],[7.96013,45.99785],[7.97722,46.00133],[7.99275,45.99886],[7.99713,46.00238],[8.00049,46.00873],[8.00261,46.01133],[8.00309,46.01383],[8.01357,46.0141],[8.01463,46.01545],[8.01572,46.0192],[8.0144,46.0215],[8.01473,46.02432],[8.0191,46.0269],[8.01956,46.02774],[8.01913,46.0292],[8.01603,46.03339],[8.02526,46.04179],[8.03292,46.04384],[8.03488,46.04498],[8.03775,46.04758],[8.02719,46.06662],[8.02596,46.07705],[8.0322,46.08464],[8.03562,46.09506],[8.03657,46.10027],[8.03721,46.10287],[8.0486,46.10292],[8.05237,46.10499],[8.05821,46.10444],[8.0701,46.10834],[8.08419,46.10806],[8.10072,46.11152],[8.10299,46.11317],[8.1105,46.11407],[8.11369,46.1177],[8.11596,46.11884],[8.11765,46.12206],[8.11821,46.13072],[8.12625,46.13735],[8.13588,46.13917],[8.14126,46.138],[8.15001,46.14149],[8.15661,46.1523],[8.15238,46.16099],[8.15382,46.16693],[8.16192,46.17752],[8.1669,46.17968],[8.16843,46.18124],[8.16673,46.18897],[8.15482,46.19593],[8.15096,46.20972],[8.14888,46.2113],[8.14414,46.21623],[8.14114,46.227],[8.13953,46.23013],[8.13516,46.22985],[8.12708,46.23229],[8.12207,46.2391],[8.11696,46.23965],[8.1149,46.24227],[8.11381,46.25115],[8.11039,46.25399],[8.10813,46.25389],[8.10391,46.25287],[8.10274,46.25538],[8.09313,46.25627],[8.08805,46.25839],[8.08387,46.2607],[8.08314,46.26238],[8.08812,46.26402],[8.08862,46.26777],[8.10744,46.28134],[8.11438,46.28297],[8.12357,46.29502],[8.12886,46.29687],[8.13737,46.30318],[8.1416,46.30441],[8.1461,46.30365],[8.15405,46.30152],[8.15867,46.29847],[8.16454,46.29854],[8.1802,46.29959],[8.19367,46.30524],[8.19968,46.30437],[8.21332,46.31096],[8.21725,46.32179],[8.22468,46.32539],[8.22638,46.32799],[8.22611,46.33039],[8.22463,46.33228],[8.22544,46.33572],[8.23698,46.3418],[8.24315,46.34144],[8.25265,46.34232],[8.25317,46.3468],[8.26371,46.34662],[8.26273,46.35122],[8.26731,46.35515],[8.26735,46.35745],[8.2671,46.36069],[8.26441,46.36185],[8.26293,46.36374],[8.26507,46.3655],[8.27475,46.36794],[8.28494,46.36484],[8.29106,46.37053],[8.30322,46.37671],[8.30956,46.37739],[8.31443,46.38017],[8.31585,46.38381],[8.31831,46.38693],[8.3203,46.38848],[8.31973,46.39057],[8.31719,46.39163],[8.31829,46.39434],[8.31987,46.39839],[8.31111,46.4067],[8.30415,46.40508],[8.29531,46.40828],[8.29279,46.4109],[8.29782,46.4141],[8.30616,46.42552],[8.30707,46.42624],[8.30875,46.42696],[8.31053,46.42559],[8.31188,46.42495],[8.31625,46.42492],[8.31958,46.42573],[8.32699,46.42651],[8.33947,46.4332],[8.34394,46.43859],[8.35048,46.44147],[8.36015,46.45078],[8.37214,46.45455],[8.3816,46.45208],[8.38947,46.45316],[8.39399,46.45302],[8.39675,46.45529],[8.39995,46.45662],[8.40401,46.45597],[8.40664,46.4596],[8.4127,46.46069],[8.41691,46.45993],[8.42452,46.46331],[8.4374,46.46581],[8.43888,46.46423],[8.44478,46.46502],[8.45003,46.4633],[8.45337,46.4567],[8.46158,46.45204],[8.46138,46.44985],[8.46269,46.44734],[8.46568,46.44606],[8.46332,46.44097],[8.46013,46.43985],[8.45705,46.43685],[8.45718,46.43591],[8.45983,46.43265],[8.45748,46.42787],[8.45729,46.42589],[8.46064,46.42033],[8.46273,46.41885],[8.46714,46.41318],[8.46454,46.41132],[8.46348,46.40382],[8.47015,46.39823],[8.46726,46.39669],[8.46172,46.39121],[8.46212,46.38849],[8.46404,46.38639],[8.46678,46.3801],[8.46583,46.37051],[8.46727,46.36716],[8.47097,46.364],[8.46398,46.36093],[8.46146,46.35542],[8.46187,46.35343],[8.46422,46.33526],[8.45947,46.33112],[8.45583,46.32948],[8.45379,46.32554],[8.45405,46.32366],[8.4435,46.32291],[8.44028,46.32002],[8.44064,46.3148],[8.43829,46.31043],[8.44062,46.30635],[8.43216,46.30475],[8.42775,46.30218],[8.42788,46.30134],[8.43304,46.29587],[8.43591,46.28854],[8.44997,46.27695],[8.45564,46.26678],[8.45125,46.26525],[8.44332,46.25958],[8.44162,46.2575],[8.44228,46.2527],[8.44345,46.25112],[8.46188,46.24784],[8.46483,46.24541],[8.46459,46.24061],[8.46692,46.23684],[8.47018,46.23472],[8.4922,46.2314],[8.50445,46.22753],[8.512,46.22224],[8.52269,46.22361],[8.53195,46.2207],[8.53406,46.21421],[8.53589,46.20846],[8.54011,46.20185],[8.55349,46.19546],[8.55562,46.1898],[8.56473,46.18763],[8.56997,46.18038],[8.573,46.16793],[8.57522,46.16624],[8.58571,46.16593],[8.58778,46.16445],[8.58828,46.15965],[8.60356,46.15866],[8.60426,46.15636],[8.60108,46.15535],[8.60047,46.15452],[8.59509,46.14904],[8.59501,46.14529],[8.60301,46.14082],[8.61037,46.13491],[8.61014,46.13105],[8.61329,46.12465],[8.64752,46.12618],[8.65852,46.11584],[8.67176,46.11143],[8.67586,46.11337],[8.67975,46.11332],[8.68132,46.10986],[8.68795,46.1052],[8.6977,46.1052],[8.713,46.0982],[8.72145,46.10836],[8.73959,46.12372],[8.7561,46.10863],[8.75858,46.1061],[8.77332,46.10207],[8.7825,46.09758],[8.79971,46.09665],[8.80048,46.09716],[8.80711,46.10429],[8.81733,46.09957],[8.83199,46.0873],[8.85079,46.07872],[8.852,46.07391],[8.85221,46.06514],[8.84382,46.05397],[8.83433,46.05742],[8.82773,46.05145],[8.83068,46.04985],[8.83409,46.04866],[8.83374,46.04647],[8.82912,46.04726],[8.8288,46.04132],[8.82042,46.03015],[8.80521,46.02667],[8.79808,46.01716],[8.79335,46.01387],[8.78533,45.99299],[8.79025,45.99262],[8.79602,45.99568],[8.81362,45.9936],[8.81983,45.99102],[8.83182,45.99182],[8.84123,45.98576],[8.84173,45.9821],[8.8467,45.97807],[8.8589,45.9702],[8.86376,45.96761],[8.8754,45.96236],[8.8806,45.96031],[8.88727,45.96059],[8.89351,45.95982],[8.89677,45.95637],[8.89828,45.94985],[8.89448,45.94307],[8.89388,45.93621],[8.90103,45.92806],[8.91441,45.91859],[8.918,45.91354],[8.923,45.90554],[8.91987,45.90057],[8.92104,45.89972],[8.92174,45.89784],[8.92983,45.88855],[8.93201,45.8761],[8.93489,45.87241],[8.94003,45.87464],[8.94458,45.87187],[8.9375,45.86967],[8.93131,45.86714],[8.9144,45.84983],[8.91042,45.83579],[8.911,45.83505],[8.91307,45.83429],[8.92183,45.83846],[8.92867,45.83764],[8.93224,45.8425],[8.95133,45.84747],[8.95783,45.84509],[8.95976,45.83974],[8.96535,45.83696],[8.97235,45.83686],[8.97606,45.84099],[8.98081,45.8403],[8.9849,45.84233],[8.99402,45.83814],[8.99076,45.82879],[8.99055,45.82681],[8.99291,45.82595],[8.99711,45.82672],[9.00564,45.82285],[9.01499,45.82116],[9.02123,45.82546],[9.03074,45.82439],[9.03398,45.82799],[9.03169,45.83084],[9.03671,45.83912],[9.03736,45.84068],[9.03712,45.84277],[9.03584,45.84487],[9.03852,45.84943],[9.04257,45.8501],[9.05114,45.85708],[9.05191,45.85801],[9.05224,45.85873],[9.05198,45.8602],[9.05032,45.86909],[9.0548,45.87873],[9.06468,45.87974],[9.07797,45.88947],[9.07666,45.89512],[9.08148,45.89641],[9.08354,45.90024],[9.08718,45.90217],[9.08705,45.90729],[9.08091,45.90696],[9.07622,45.90494],[9.07535,45.91069],[9.0757,45.91235],[9.07434,45.91634],[9.07034,45.91744],[9.06762,45.91654],[9.06691,45.91769],[9.05909,45.92083],[9.05986,45.92646],[9.05163,45.92615],[9.04346,45.93232],[9.02894,45.93168],[9.0235,45.93437],[9.02066,45.93451],[9.02154,45.93867],[9.02178,45.9418],[9.02137,45.94306],[9.0127,45.94798],[9.0169,45.95345],[9.01421,45.96319],[9.01336,45.96498],[9.01073,45.96689],[8.99573,45.97022],[8.99442,45.97139],[8.98885,45.97522],[8.99069,45.97676],[8.99532,45.97649],[8.99612,45.98337],[9.00602,45.98428],[9.01043,45.98662],[9.01208,45.99171],[9.02167,45.99231],[9.02358,45.99604],[9.02809,45.99671],[9.02614,46.00143],[9.02286,46.01066],[9.02193,46.02058],[9.01323,46.02968],[9.00736,46.03362],[9.00956,46.04204],[9.01628,46.04644],[9.01707,46.04768],[9.01694,46.04841],[9.01553,46.05135],[9.01786,46.05393],[9.02612,46.05465],[9.04462,46.06191],[9.04724,46.06459],[9.06132,46.06429],[9.07699,46.0672],[9.0778,46.07867],[9.08734,46.08667],[9.08907,46.09374],[9.08664,46.09764],[9.07457,46.11868],[9.07211,46.12164],[9.07836,46.12499],[9.09834,46.13045],[9.1042,46.13548],[9.11538,46.13803],[9.12076,46.13743],[9.13522,46.15747],[9.15469,46.16532],[9.16065,46.17306],[9.16851,46.17482],[9.17569,46.17409],[9.17893,46.17206],[9.18573,46.1779],[9.19382,46.18175],[9.19663,46.18932],[9.19725,46.18994],[9.19658,46.19245],[9.19567,46.19643],[9.20094,46.21003],[9.20402,46.21227],[9.21186,46.2132],[9.21923,46.21768],[9.22211,46.22713],[9.22024,46.23405],[9.22702,46.23447],[9.23372,46.23708],[9.24538,46.23512],[9.24646,46.23594],[9.24979,46.24518],[9.25,46.25978],[9.254,46.26671],[9.25139,46.26968],[9.25734,46.27198],[9.25947,46.28113],[9.26635,46.28426],[9.27069,46.29213],[9.28314,46.29955],[9.28407,46.30465],[9.28192,46.31178],[9.28376,46.31707],[9.29302,46.31912],[9.29494,46.32639],[9.29941,46.32924],[9.29559,46.33212],[9.29101,46.33856],[9.29644,46.34317],[9.29893,46.34522],[9.29863,46.34961],[9.29678,46.35266],[9.29701,46.35485],[9.29508,46.35979],[9.28194,46.36313],[9.27729,46.37228],[9.27709,46.37928],[9.28182,46.38525],[9.28432,46.38762],[9.27754,46.39618],[9.27687,46.39848],[9.2823,46.40299],[9.27989,46.4072],[9.28188,46.40801],[9.28244,46.41102],[9.2759,46.42219],[9.27046,46.42196],[9.26431,46.42279],[9.26395,46.42561],[9.25033,46.43282],[9.24864,46.43618],[9.24771,46.44862],[9.25079,46.45024],[9.25956,46.45083],[9.27556,46.45935],[9.2783,46.46432],[9.27595,46.46613],[9.27454,46.46876],[9.27813,46.4806],[9.27668,46.4824],[9.27495,46.48462],[9.28302,46.49921],[9.28952,46.49942],[9.31257,46.50573],[9.32562,46.50729],[9.33622,46.50806],[9.3384,46.50562],[9.35286,46.50842],[9.35553,46.50722],[9.36128,46.51151],[9.37044,46.50583],[9.3697,46.5024],[9.36594,46.4986],[9.37052,46.49184],[9.37334,46.49044],[9.37532,46.48686],[9.37859,46.48545],[9.38675,46.48155],[9.38937,46.47514],[9.39443,46.47307],[9.39528,46.47149],[9.39993,46.47069],[9.41316,46.46921],[9.42472,46.47945],[9.42599,46.49279],[9.43302,46.49883],[9.45977,46.51058],[9.45963,46.50703],[9.46006,46.50264],[9.45971,46.49377],[9.45877,46.48889],[9.44709,46.48773],[9.44702,46.48189],[9.44929,46.48195],[9.44959,46.48591],[9.45473,46.48614],[9.4555,46.48258],[9.46062,46.48207],[9.46095,46.47893],[9.4614,46.47517],[9.46213,46.47046],[9.45778,46.4674],[9.45682,46.4623],[9.45624,46.45897],[9.45592,46.44301],[9.45459,46.43207],[9.45311,46.42124],[9.4547,46.41934],[9.46219,46.41034],[9.46534,46.39828],[9.46555,46.39222],[9.46405,46.38849],[9.45992,46.387],[9.46064,46.37842],[9.46182,46.37778],[9.49056,46.36892],[9.49609,46.36392],[9.49685,46.36046],[9.49831,46.35908],[9.50555,46.35551],[9.50753,46.34472],[9.50815,46.34147],[9.51127,46.33651],[9.51272,46.33513],[9.51511,46.33477],[9.51488,46.33269],[9.51497,46.33112],[9.5331,46.31399],[9.54779,46.30506],[9.55732,46.3099],[9.57477,46.29872],[9.58726,46.2987],[9.59183,46.29632],[9.59973,46.29805],[9.60782,46.29728],[9.61657,46.29054],[9.62382,46.29123],[9.63697,46.289],[9.6475,46.29246],[9.64961,46.29607],[9.65414,46.2963],[9.66197,46.30001],[9.66659,46.29898],[9.669,46.30248],[9.67501,46.30571],[9.67881,46.30302],[9.67899,46.3002],[9.68577,46.29694],[9.69359,46.29679],[9.70265,46.294],[9.71328,46.29619],[9.71679,46.3075],[9.72399,46.31383],[9.72624,46.32036],[9.72634,46.32276],[9.72147,46.32505],[9.718,46.32491],[9.71876,46.32834],[9.72704,46.33517],[9.72531,46.34032],[9.7237,46.3415],[9.72293,46.34454],[9.73319,46.35154],[9.7414,46.35336],[9.745,46.34964],[9.75159,46.34857],[9.75778,46.34228],[9.76459,46.33943],[9.7761,46.33753],[9.79048,46.3458],[9.8034,46.34825],[9.8119,46.35288],[9.81839,46.35316],[9.82899,46.36088],[9.83095,46.36418],[9.83795,46.3656],[9.84153,46.3648],[9.84632,46.36741],[9.86019,46.36754],[9.86478,46.36567],[9.87906,46.37132],[9.88215,46.37616],[9.90387,46.3828],[9.91261,46.37311],[9.91597,46.37408],[9.91895,46.37319],[9.9192,46.369],[9.92325,46.3686],[9.92802,46.37069],[9.92858,46.37601],[9.93074,46.377],[9.9531,46.38122],[9.95158,46.37781],[9.95121,46.37635],[9.96478,46.36416],[9.97915,46.3558],[9.99028,46.35556],[9.99057,46.35221],[9.99157,46.34801],[9.98215,46.34018],[9.97596,46.32758],[9.98075,46.32403],[9.987,46.31941],[9.99588,46.31618],[9.99288,46.31343],[9.99123,46.31044],[9.99518,46.30816],[9.99255,46.30362],[9.98669,46.30073],[9.9921,46.28829],[10.00206,46.28587],[10.0247,46.28109],[10.04661,46.27078],[10.05094,46.27027],[10.05234,46.26209],[10.05644,46.25386],[10.051,46.24751],[10.04949,46.24138],[10.03948,46.2367],[10.03875,46.23411],[10.04604,46.23248],[10.05544,46.22809],[10.06032,46.22349],[10.06933,46.22037],[10.07998,46.22879],[10.08858,46.23224],[10.09952,46.23168],[10.11976,46.22756],[10.12883,46.2286],[10.14219,46.23392],[10.14891,46.24462],[10.17295,46.25846],[10.17524,46.26206],[10.17388,46.26763],[10.17138,46.27166],[10.16764,46.27488],[10.16184,46.27616],[10.1592,46.28604],[10.15178,46.29102],[10.15431,46.29346],[10.15283,46.29673],[10.14784,46.29925],[10.14545,46.29962],[10.13709,46.30378],[10.13675,46.30588],[10.13697,46.30734],[10.13618,46.30944],[10.12853,46.31307],[10.11756,46.31635],[10.11504,46.31714],[10.10966,46.32958],[10.10316,46.33798],[10.10637,46.35639],[10.1121,46.35657],[10.11807,46.36133],[10.12698,46.36447],[10.12395,46.37289],[10.12577,46.37598],[10.12529,46.38132],[10.14196,46.38876],[10.15291,46.38756],[10.16135,46.3905],[10.15939,46.40777],[10.16569,46.40981],[10.15908,46.41905],[10.15582,46.42028],[10.15049,46.41936],[10.14816,46.41806],[10.14253,46.42873],[10.1404,46.43129],[10.13688,46.43325],[10.13037,46.43278],[10.12807,46.43492],[10.11744,46.4337],[10.11321,46.43077],[10.10573,46.43209],[10.10259,46.42976],[10.10019,46.43003],[10.09684,46.42635],[10.08845,46.42769],[10.08625,46.42596],[10.07995,46.42673],[10.0798,46.42955],[10.07838,46.43147],[10.07256,46.43264],[10.06321,46.42993],[10.05805,46.43224],[10.05518,46.44128],[10.05516,46.44379],[10.0536,46.44581],[10.05065,46.4442],[10.0396,46.44665],[10.03782,46.45013],[10.04042,46.45696],[10.04452,46.46032],[10.04758,46.46108],[10.05103,46.46675],[10.05019,46.47094],[10.04573,46.47835],[10.04286,46.48144],[10.04126,46.48565],[10.04593,46.49129],[10.04387,46.49551],[10.04509,46.50165],[10.04621,46.50287],[10.04487,46.50635],[10.04155,46.50945],[10.04037,46.51303],[10.04787,46.51495],[10.04948,46.51679],[10.05173,46.5254],[10.04968,46.53276],[10.05161,46.53512],[10.05137,46.53637],[10.04618,46.53837],[10.0421,46.54149],[10.04399,46.54594],[10.05514,46.54809],[10.06559,46.55432],[10.06957,46.56112],[10.0765,46.56358],[10.08484,46.56986],[10.08406,46.57238],[10.07984,46.57572],[10.07871,46.5772],[10.09426,46.57946],[10.10027,46.58747],[10.10099,46.58964],[10.09631,46.59873],[10.09991,46.61264],[10.11969,46.60874],[10.13108,46.6092],[10.13585,46.61066],[10.13587,46.614],[10.13946,46.61318],[10.14984,46.61764],[10.16036,46.61886],[10.18095,46.62725],[10.18982,46.62881],[10.19073,46.62608],[10.19932,46.62796],[10.20558,46.62614],[10.21114,46.62246],[10.21343,46.62272],[10.21528,46.62341],[10.21791,46.63002],[10.23576,46.63795],[10.23745,46.62997],[10.24116,46.62571],[10.2539,46.61485],[10.24689,46.60563],[10.23826,46.59738],[10.23847,46.58714],[10.24236,46.57796],[10.25182,46.57377],[10.26407,46.57921],[10.26759,46.57996],[10.26836,46.57744],[10.27134,46.57653],[10.28257,46.57437],[10.28393,46.57152],[10.28868,46.56441],[10.29103,46.5631],[10.29175,46.56245],[10.29156,46.55891],[10.29118,46.55485],[10.29278,46.55355],[10.30511,46.55231],[10.30934,46.54939],[10.32415,46.55466],[10.32859,46.55277],[10.33526,46.54498],[10.34624,46.55191],[10.35023,46.55829],[10.36429,46.55804],[10.37889,46.55412],[10.39396,46.54768],[10.41408,46.55562],[10.43872,46.53953],[10.45038,46.53453],[10.45782,46.5429],[10.45763,46.54468],[10.46338,46.54474],[10.47012,46.54874],[10.46932,46.55325],[10.47604,46.56205],[10.47276,46.56799],[10.47373,46.57172],[10.47741,46.57768],[10.48405,46.58242],[10.48257,46.58559],[10.48524,46.59492],[10.48331,46.5981],[10.48538,46.60494],[10.48331,46.60844],[10.48898,46.61476],[10.49111,46.61993],[10.48936,46.62112],[10.48498,46.62145],[10.46338,46.63548],[10.44922,46.64462],[10.44325,46.64634],[10.4395,46.64435],[10.41896,46.643],[10.40604,46.63978],[10.4004,46.6417],[10.39755,46.64229],[10.39833,46.64541],[10.3979,46.65106],[10.39458,46.65396],[10.3907,46.66032],[10.3891,46.67216],[10.39089,46.67431],[10.38461,46.68387],[10.38276,46.6859],[10.37908,46.68787],[10.38815,46.69004],[10.40085,46.70789],[10.40497,46.7082],[10.41324,46.71217],[10.41538,46.72036],[10.41716,46.7223],[10.40541,46.7343],[10.39978,46.73674],[10.43244,46.75532],[10.43965,46.75399],[10.44273,46.76519],[10.44058,46.77266],[10.44051,46.77663],[10.43297,46.78277],[10.4321,46.78624],[10.4277,46.78886],[10.42261,46.79024],[10.4207,46.79144],[10.42477,46.79343],[10.42861,46.79938],[10.44619,46.80373],[10.45574,46.81884],[10.45372,46.82317],[10.45747,46.82746],[10.45539,46.83357],[10.45847,46.83673],[10.46323,46.83754],[10.46229,46.84488],[10.47002,46.85524],[10.46515,46.88468],[10.49005,46.93811],[10.45694,46.9524],[10.42926,46.95672],[10.42785,46.97384],[10.38954,47.00102],[10.34981,46.99133],[10.34414,46.98262],[10.34006,46.98019],[10.34118,46.97879],[10.32228,46.95236],[10.30644,46.94118],[10.31659,46.92587],[10.2972,46.92064],[10.24177,46.93215],[10.2279,46.89077],[10.23279,46.86688],[10.19381,46.86686],[10.15631,46.84845],[10.14537,46.8514],[10.11449,46.85055],[10.11482,46.84814],[10.10412,46.84421],[10.09708,46.8522],[10.09057,46.8558],[10.09185,46.86287],[10.08513,46.86542],[10.05529,46.86515],[10.04904,46.87103],[10.01561,46.90539],[10.01127,46.90382],[9.97943,46.90973],[9.97578,46.91921],[9.96128,46.91555],[9.96063,46.91776],[9.94243,46.91627],[9.91392,46.92533],[9.87584,46.93824],[9.87923,46.94224],[9.87474,46.9439],[9.87423,46.95247],[9.87592,46.95275],[9.87027,46.9654],[9.88342,46.98214],[9.882,46.98446],[9.89085,46.99096],[9.87028,47.01394],[9.87989,47.02021],[9.85664,47.0257],[9.84257,47.01848],[9.82894,47.01761],[9.8216,47.02381],[9.81068,47.02528],[9.78134,47.04111],[9.74599,47.03941],[9.74221,47.04366],[9.7045,47.05066],[9.70918,47.05286],[9.70706,47.05666],[9.68308,47.06015],[9.68084,47.06468],[9.6421,47.06249],[9.63474,47.05469],[9.61584,47.05546],[9.60199,47.06396],[9.5849,47.05697],[9.55718,47.05142],[9.5536,47.05346],[9.54791,47.06359],[9.53952,47.06749],[9.49917,47.05944],[9.49679,47.05708],[9.49154,47.05957],[9.48376,47.05219],[9.48202,47.05817],[9.47344,47.05748],[9.47444,47.06728],[9.51167,47.08521],[9.51695,47.11726],[9.50936,47.1414],[9.50187,47.14895],[9.49615,47.15907],[9.4873,47.19001],[9.50854,47.23066],[9.53021,47.26597],[9.52991,47.27349],[9.54347,47.27889],[9.56588,47.3049],[9.57573,47.30921],[9.62239,47.36681],[9.65073,47.36837],[9.67228,47.38331],[9.65075,47.40772],[9.65081,47.41617],[9.64548,47.43162],[9.65153,47.4433],[9.65849,47.45475],[9.61786,47.46187],[9.60691,47.4723],[9.6007,47.46386],[9.59556,47.46604],[9.57583,47.48727],[9.56257,47.49993],[9.56151,47.50031],[9.56064,47.49975],[9.52782,47.48143],[9.48219,47.48171],[9.4723,47.49066],[9.44886,47.50075],[9.44751,47.50259],[9.43613,47.50619],[9.43602,47.50644],[9.43581,47.5069],[9.43556,47.50745],[9.43734,47.51822],[9.42035,47.52419],[9.41539,47.52741],[9.40726,47.53407],[9.38378,47.54692],[9.37982,47.55638],[9.38109,47.56523],[9.37925,47.56547],[9.3829,47.56817],[9.38284,47.56854],[9.35595,47.5815],[9.33069,47.59098],[9.31316,47.60086],[9.28243,47.61678],[9.22849,47.63527],[9.22241,47.63553],[9.22197,47.63751],[9.18081,47.6518],[9.18266,47.65626],[9.17204,47.65446],[9.15883,47.66473],[9.14121,47.6651],[9.13825,47.66295],[9.09909,47.66569],[9.09632,47.66604],[9.09404,47.66862],[9.08614,47.6732],[9.0831,47.67335],[9.07761,47.67037],[9.06892,47.67403],[9.05485,47.67366],[9.04558,47.67318],[9.03621,47.6727],[9.00392,47.67103],[8.97463,47.66479],[8.97206,47.66329],[8.97068,47.66009],[8.92662,47.64843],[8.9233,47.64843],[8.90704,47.64429],[8.89468,47.64423],[8.88405,47.65031],[8.88186,47.6513],[8.87504,47.65312],[8.87021,47.65245],[8.86333,47.65525],[8.85998,47.65696],[8.8648,47.65794],[8.87815,47.65556],[8.87179,47.673],[8.85244,47.68083],[8.85896,47.69352],[8.85252,47.69546],[8.8529,47.69747],[8.86183,47.69872],[8.8623,47.69671],[8.86356,47.69759],[8.86742,47.69648],[8.86494,47.69301],[8.87262,47.6928],[8.8772,47.69744],[8.86943,47.70195],[8.87364,47.704],[8.85149,47.7032],[8.83629,47.71509],[8.82188,47.71149],[8.82472,47.71755],[8.81961,47.7172],[8.80707,47.72424],[8.80703,47.72596],[8.81337,47.72833],[8.80805,47.73687],[8.79874,47.73362],[8.80061,47.72704],[8.7878,47.72747],[8.78242,47.72081],[8.78069,47.72194],[8.77651,47.71816],[8.77307,47.71927],[8.77125,47.70692],[8.79347,47.70487],[8.80007,47.69633],[8.81163,47.69416],[8.80147,47.69147],[8.79761,47.67479],[8.72813,47.69236],[8.73689,47.71685],[8.71804,47.72008],[8.72297,47.74395],[8.74546,47.7488],[8.72984,47.75866],[8.73108,47.7604],[8.71516,47.76538],[8.70673,47.76126],[8.69488,47.7571],[8.68599,47.77077],[8.68893,47.77253],[8.68087,47.78649],[8.67748,47.78559],[8.66042,47.8003],[8.64822,47.79355],[8.65171,47.77523],[8.65596,47.77586],[8.64852,47.76687],[8.63422,47.75923],[8.62112,47.76997],[8.62644,47.77807],[8.61825,47.78084],[8.61683,47.78598],[8.62638,47.79557],[8.61684,47.80062],[8.60096,47.80329],[8.59638,47.79921],[8.58986,47.80314],[8.58904,47.8017],[8.57926,47.80014],[8.57177,47.80808],[8.56587,47.80542],[8.56452,47.79306],[8.57849,47.78234],[8.56708,47.77846],[8.55534,47.78548],[8.52073,47.77182],[8.51292,47.77601],[8.49253,47.77258],[8.4537,47.731],[8.45841,47.73021],[8.45811,47.72619],[8.44796,47.72346],[8.44262,47.71707],[8.43833,47.71787],[8.40869,47.69793],[8.41475,47.69515],[8.41867,47.67914],[8.40731,47.67439],[8.41438,47.66674],[8.425,47.66747],[8.43638,47.65788],[8.45953,47.65333],[8.46752,47.6566],[8.4671,47.64253],[8.4767,47.63831],[8.47997,47.63956],[8.47352,47.64147],[8.47346,47.64348],[8.48066,47.64502],[8.4806,47.64674],[8.47547,47.64753],[8.47542,47.64896],[8.48293,47.64921],[8.48539,47.64336],[8.49004,47.64457],[8.49094,47.64286],[8.49522,47.64206],[8.49551,47.64666],[8.53134,47.64485],[8.52748,47.66],[8.53419,47.66354],[8.54246,47.65762],[8.54058,47.66362],[8.56425,47.66996],[8.56868,47.66428],[8.60005,47.66957],[8.60084,47.67187],[8.60937,47.67169],[8.63127,47.64988],[8.60565,47.63722],[8.60298,47.6412],[8.61232,47.64218],[8.61513,47.64853],[8.6061,47.65157],[8.60493,47.64782],[8.59715,47.64138],[8.60756,47.61486],[8.59847,47.60499],[8.59419,47.60609],[8.58384,47.59591],[8.56721,47.59713],[8.56713,47.59988],[8.56687,47.60889],[8.57535,47.61014],[8.57132,47.61698],[8.56279,47.61744],[8.55748,47.62454],[8.54424,47.62609],[8.54332,47.62837],[8.53953,47.62688],[8.53983,47.63119],[8.52272,47.63383],[8.51706,47.62371],[8.51067,47.62391],[8.50917,47.61729],[8.48115,47.6149],[8.47628,47.60737],[8.47494,47.60936],[8.4729,47.60646],[8.4594,47.60254],[8.46932,47.58461],[8.48919,47.58862],[8.4945,47.5818],[8.43461,47.56575],[8.42896,47.56755],[8.40323,47.57649],[8.38702,47.56477],[8.33239,47.57084],[8.31366,47.58403],[8.30063,47.6042],[8.25896,47.6156],[8.23125,47.60482],[8.21706,47.62066],[8.14096,47.58409],[8.11843,47.58371],[8.09857,47.55783],[8.07625,47.56346],[8.04179,47.55309],[7.96804,47.55805],[7.95481,47.54891],[7.91904,47.55024],[7.89967,47.58603],[7.82806,47.58921],[7.80827,47.56529],[7.71309,47.54052],[7.69108,47.53388],[7.63998,47.56263],[7.64323,47.56586],[7.67596,47.56628],[7.67904,47.56405],[7.68489,47.56618],[7.68233,47.56641],[7.6876,47.57198],[7.6908,47.56716],[7.69293,47.56721],[7.68656,47.58515],[7.67801,47.58612],[7.69984,47.60151],[7.68276,47.59368],[7.65455,47.59624],[7.61321,47.57984],[7.61193,47.58871],[7.59823,47.59042],[7.58502,47.57738],[7.56883,47.57781],[7.55584,47.56343],[7.5057,47.54216],[7.49983,47.53538],[7.50321,47.52798],[7.51291,47.52776],[7.51878,47.53235],[7.52186,47.5335],[7.53156,47.52932],[7.52644,47.51441],[7.50227,47.51952],[7.49965,47.51796],[7.51117,47.50231],[7.51147,47.4973],[7.50238,47.49344],[7.50315,47.49073],[7.48959,47.48197],[7.47343,47.48009],[7.4642,47.48864],[7.43665,47.49803],[7.42279,47.47914],[7.45818,47.47174],[7.44787,47.46214],[7.43156,47.45953],[7.42263,47.44575],[7.38773,47.43258],[7.38527,47.43383],[7.32867,47.44055],[7.3036,47.43822],[7.29377,47.43372],[7.28485,47.43454],[7.25183,47.42311],[7.22931,47.4409],[7.20042,47.43572],[7.19672,47.43884],[7.17517,47.44327],[7.18323,47.4628],[7.19559,47.48683],[7.20696,47.49019],[7.20556,47.49457],[7.16386,47.4905],[7.13115,47.50366],[7.11518,47.49557],[7.07952,47.48794],[7.07811,47.49128],[7.04419,47.49773],[7.04188,47.49761],[7.02798,47.50361],[6.98526,47.49394],[6.99423,47.47009],[6.99303,47.46602],[7.00243,47.46512],[7.00291,47.46168],[6.99989,47.4553],[7.00406,47.45323],[6.98318,47.44886],[6.96652,47.43606],[6.9607,47.43385],[6.95607,47.43518],[6.94226,47.43241],[6.94113,47.40517],[6.91732,47.40412],[6.91949,47.40183],[6.9134,47.39596],[6.91516,47.38888],[6.90937,47.38394],[6.89863,47.38222],[6.89361,47.3774],[6.88647,47.36995],[6.88283,47.35147],[6.89127,47.35151],[6.90655,47.35837],[6.90871,47.35786],[6.93836,47.35654],[6.9761,47.35942],[7.01624,47.3717],[7.01977,47.37223],[7.02209,47.36953],[7.03546,47.36833],[7.03578,47.36666],[7.0372,47.36197],[7.05165,47.35994],[7.05112,47.3469],[7.06328,47.34287],[7.05535,47.33596],[7.05797,47.33388],[7.03821,47.32942],[7.01232,47.32317],[7.0125,47.31931],[7.01711,47.31828],[7.01202,47.30282],[6.99904,47.29619],[6.98032,47.29674],[6.97668,47.29203],[6.95337,47.29224],[6.95246,47.2914],[6.94347,47.28541],[6.95434,47.2696],[6.94958,47.25383],[6.95795,47.24281],[6.94501,47.23471],[6.93554,47.23175],[6.93039,47.22536],[6.88362,47.20124],[6.87628,47.18617],[6.87184,47.18667],[6.84537,47.17234],[6.84417,47.17004],[6.85875,47.16594],[6.8351,47.14651],[6.82991,47.14554],[6.8038,47.12964],[6.74339,47.10872],[6.74682,47.09173],[6.74515,47.09068],[6.72773,47.09119],[6.70525,47.08196],[6.70943,47.07761],[6.70811,47.07385],[6.6943,47.0676],[6.70497,47.05797],[6.72139,47.05129],[6.70171,47.03948],[6.67661,47.03419],[6.64397,47.00276],[6.59489,46.99113],[6.51055,46.96676],[6.50202,46.97514],[6.49042,46.96784],[6.4757,46.95572],[6.43614,46.92866],[6.46851,46.89076],[6.46436,46.85211],[6.43726,46.81358],[6.43991,46.8016],[6.46186,46.78959],[6.4562,46.77514],[6.42199,46.75386],[6.39364,46.74483],[6.3946,46.74234],[6.38947,46.733],[6.37227,46.72835],[6.37546,46.72817],[6.37491,46.72556],[6.36736,46.72382],[6.3113,46.69905],[6.21028,46.63579],[6.2053,46.63511],[6.10789,46.57592],[6.1329,46.55588],[6.14668,46.55931],[6.1626,46.5456],[6.15297,46.53862],[6.15727,46.53606],[6.14853,46.52876],[6.14241,46.53193],[6.10093,46.48072],[6.07656,46.46519],[6.07943,46.45344],[6.092,46.44566],[6.08928,46.4402],[6.07876,46.43277],[6.06891,46.41689],[6.11764,46.39776],[6.12032,46.39925],[6.15625,46.37829],[6.16344,46.38004],[6.17534,46.36776],[6.16306,46.35197],[6.14418,46.33578],[6.13179,46.31905],[6.12467,46.30258],[6.12747,46.29896],[6.10885,46.28549],[6.11861,46.27392],[6.11549,46.27221],[6.12613,46.2617],[6.13011,46.25287],[6.11608,46.24248],[6.10759,46.23967],[6.09624,46.2484],[6.07515,46.24438],[6.0692,46.24786],[6.05258,46.23377],[6.04038,46.24072],[6.00763,46.22339],[6.00669,46.22463],[5.99754,46.2242],[5.99979,46.21849],[5.98623,46.22009],[5.97871,46.20403],[5.97046,46.19797],[6.00088,46.18397],[5.9959,46.17931],[5.99745,46.17766],[5.99427,46.17282],[5.98955,46.17547]],[[8.71704,47.69111],[8.68934,47.69578],[8.66636,47.68558],[8.66124,47.69095],[8.66959,47.69129],[8.67918,47.69766],[8.66684,47.71145],[8.67861,47.71217],[8.681,47.70891],[8.69215,47.70931],[8.6919,47.71182],[8.69968,47.71383],[8.70248,47.71432],[8.71704,47.69111]],[[8.96935,45.96838],[8.96698,45.96904],[8.95884,45.96998],[8.96056,45.97919],[8.9644,45.98653],[8.96823,45.98602],[8.9731,45.98367],[8.97335,45.98221],[8.9733,45.98033],[8.97339,45.97845],[8.97391,45.97594],[8.97628,45.97507],[8.97394,45.96665],[8.97008,45.96764],[8.96935,45.96838]]]}},{"type":"Feature","id":182,"properties":{"name":"Switzerland","subjecto":"Switzerland","partof":"Switzerland","precision":3},"geometry":{"type":"Polygon","coordinates":[[[7.28483,45.90904],[7.286,45.91085],[7.28513,45.90974],[7.28483,45.90904]]]}},{"type":"Feature","id":183,"properties":{"name":"Austria","subjecto":"Austria","partof":"Austria","precision":3},"geometry":{"type":"Polygon","coordinates":[[[13.94668,48.6551],[13.64004,48.53816],[13.44369,48.60633],[13.38414,48.59393],[13.36665,48.44214],[13.29362,48.36472],[12.85825,48.23158],[12.69419,48.12944],[12.93631,47.87266],[12.84753,47.73971],[12.99808,47.73352],[13.023,47.66242],[12.97892,47.50791],[12.94202,47.4832],[12.74373,47.56353],[12.76539,47.6377],[12.70008,47.69025],[12.44609,47.66242],[12.35818,47.72425],[12.16328,47.70879],[12.12203,47.62843],[11.55957,47.61298],[11.50343,47.53572],[11.35983,47.52954],[11.34001,47.47084],[11.17035,47.4245],[10.90294,47.41524],[10.87662,47.48011],[10.83481,47.54499],[10.6132,47.58517],[10.49541,47.56044],[10.38833,47.57899],[10.40313,47.45539],[10.19951,47.30096],[10.10294,47.30096],[10.13797,47.38866],[10.02095,47.40597],[10.02581,47.48011],[9.93827,47.50173],[9.89199,47.56353],[9.77998,47.56662],[9.73671,47.61607],[9.66547,47.55624],[9.68024,47.55631],[9.68034,47.54266],[9.71242,47.55062],[9.75237,47.51077],[9.74281,47.50464],[9.69925,47.50628],[9.67807,47.48883],[9.66583,47.49599],[9.64783,47.48811],[9.64135,47.50711],[9.59838,47.48729],[9.56257,47.49993],[9.57583,47.48727],[9.59556,47.46604],[9.6007,47.46386],[9.60691,47.4723],[9.61786,47.46187],[9.65849,47.45475],[9.65153,47.4433],[9.64548,47.43162],[9.65081,47.41617],[9.65075,47.40772],[9.67228,47.38331],[9.65073,47.36837],[9.62239,47.36681],[9.57573,47.30921],[9.56588,47.3049],[9.54347,47.27889],[9.52991,47.27349],[9.53021,47.26597],[9.54147,47.26014],[9.53974,47.25902],[9.55528,47.24914],[9.5658,47.23685],[9.55169,47.22175],[9.55501,47.22055],[9.55842,47.22163],[9.58189,47.20409],[9.57733,47.19384],[9.57038,47.18875],[9.57055,47.17455],[9.56477,47.17173],[9.56376,47.16945],[9.58786,47.1639],[9.61003,47.14554],[9.61772,47.15],[9.62195,47.13071],[9.6299,47.12712],[9.6206,47.11717],[9.61693,47.10993],[9.63368,47.09761],[9.63116,47.09599],[9.62742,47.08364],[9.61393,47.07888],[9.6064,47.07787],[9.60199,47.06396],[9.61584,47.05546],[9.6187,47.05534],[9.63474,47.05469],[9.6421,47.06249],[9.68084,47.06468],[9.68308,47.06015],[9.70706,47.05666],[9.70918,47.05286],[9.7045,47.05066],[9.71064,47.04952],[9.70817,47.05605],[9.71064,47.04952],[9.74221,47.04366],[9.74599,47.03941],[9.78134,47.04111],[9.81068,47.02528],[9.8216,47.02381],[9.82894,47.01761],[9.84257,47.01848],[9.85664,47.0257],[9.87989,47.02021],[9.87028,47.01394],[9.89085,46.99096],[9.882,46.98446],[9.88342,46.98214],[9.87027,46.9654],[9.87592,46.95275],[9.87423,46.95247],[9.87474,46.9439],[9.87923,46.94224],[9.87584,46.93824],[9.91392,46.92533],[9.94243,46.91627],[9.96063,46.91776],[9.96128,46.91555],[9.97578,46.91921],[9.97943,46.90973],[10.01127,46.90382],[10.01561,46.90539],[10.04904,46.87103],[10.05529,46.86515],[10.08513,46.86542],[10.09185,46.86287],[10.09057,46.8558],[10.09708,46.8522],[10.10412,46.84421],[10.11482,46.84814],[10.11449,46.85055],[10.14537,46.8514],[10.15631,46.84845],[10.19381,46.86686],[10.23279,46.86688],[10.2279,46.89077],[10.24177,46.93215],[10.2972,46.92064],[10.31659,46.92587],[10.30644,46.94118],[10.32228,46.95236],[10.34118,46.97879],[10.34006,46.98019],[10.34414,46.98262],[10.34981,46.99133],[10.35578,46.99279],[10.34963,46.99294],[10.35578,46.99279],[10.38954,47.00102],[10.42785,46.97384],[10.42926,46.95672],[10.45694,46.9524],[10.49005,46.93811],[10.46559,46.88562],[10.47273,46.87205],[10.47187,46.86671],[10.67936,46.8103],[10.94784,46.79488],[11.0958,46.97995],[11.26085,47.02315],[11.34297,46.98613],[11.54326,47.03549],[11.6786,46.98921],[12.06433,47.09104],[12.07475,46.92751],[12.21781,46.88432],[12.36185,46.70854],[12.95189,46.59746],[13.35401,46.56066],[13.5689,46.51043],[14.03665,46.48106],[14.11742,46.43292],[14.39295,46.43693],[14.52177,46.36873],[14.81286,46.59343],[15.06786,46.64159],[15.45004,46.60548],[15.58399,46.69379],[15.98458,46.64159],[15.94739,46.81827],[16.25957,46.8888],[16.41522,47.02314],[16.4845,47.15577],[16.3929,47.24019],[16.41081,47.40908],[16.59506,47.43725],[16.66548,47.52978],[16.60452,47.6183],[16.40087,47.64648],[16.50116,47.73504],[16.64744,47.73504],[16.72155,47.67466],[17.03687,47.69881],[17.04519,47.86388],[17.33122,47.99468],[16.98897,48.24063],[16.91925,48.35768],[16.9629,48.61903],[16.93879,48.66104],[16.91433,48.70365],[16.66915,48.79378],[16.06963,48.7122],[15.61152,48.81425],[14.99314,48.96779],[14.65748,48.61972],[14.38851,48.54648],[14.17094,48.591],[14.01181,48.64891],[13.94668,48.6551]]]}},{"type":"Feature","id":184,"properties":{"name":"Liechtenstein","subjecto":"Liechtenstein","partof":"Liechtenstein","precision":3},"geometry":{"type":"Polygon","coordinates":[[[9.53021,47.26597],[9.50854,47.23066],[9.4873,47.19001],[9.49615,47.15907],[9.50187,47.14895],[9.50936,47.1414],[9.51695,47.11726],[9.51167,47.08521],[9.47444,47.06728],[9.47344,47.05748],[9.48202,47.05817],[9.48376,47.05219],[9.49154,47.05957],[9.49679,47.05708],[9.49917,47.05944],[9.53952,47.06749],[9.54791,47.06359],[9.5536,47.05346],[9.55718,47.05142],[9.5849,47.05697],[9.60199,47.06396],[9.6064,47.07787],[9.61393,47.07888],[9.62742,47.08364],[9.63116,47.09599],[9.63368,47.09761],[9.61693,47.10993],[9.6206,47.11717],[9.6299,47.12712],[9.62195,47.13071],[9.61772,47.15],[9.61003,47.14554],[9.58786,47.1639],[9.56376,47.16945],[9.56477,47.17173],[9.57055,47.17455],[9.57038,47.18875],[9.57733,47.19384],[9.58189,47.20409],[9.55842,47.22163],[9.55501,47.22055],[9.55169,47.22175],[9.5658,47.23685],[9.55528,47.24914],[9.53974,47.25902],[9.54147,47.26014],[9.53021,47.26597]]]}},{"type":"Feature","id":185,"properties":{"name":"Germany","subjecto":"Germany","partof":"Germany","precision":3},"geometry":{"type":"MultiPolygon","coordinates":[[[[7.61321,47.57984],[7.65455,47.59624],[7.68276,47.59368],[7.69984,47.60151],[7.67801,47.58612],[7.68656,47.58515],[7.69293,47.56721],[7.6908,47.56716],[7.6876,47.57198],[7.68233,47.56641],[7.68489,47.56618],[7.67904,47.56405],[7.67596,47.56628],[7.64323,47.56586],[7.63998,47.56263],[7.69108,47.53388],[7.71309,47.54052],[7.80827,47.56529],[7.82806,47.58921],[7.89967,47.58603],[7.90452,47.57707],[7.91096,47.57025],[7.90452,47.57707],[7.91904,47.55024],[7.95481,47.54891],[7.96804,47.55805],[8.04179,47.55309],[8.07625,47.56346],[8.09857,47.55783],[8.11843,47.58371],[8.14096,47.58409],[8.21706,47.62066],[8.23125,47.60482],[8.25896,47.6156],[8.30063,47.6042],[8.31366,47.58403],[8.33239,47.57084],[8.38702,47.56477],[8.40323,47.57649],[8.42896,47.56755],[8.43461,47.56575],[8.4945,47.5818],[8.48919,47.58862],[8.46932,47.58461],[8.4594,47.60254],[8.4729,47.60646],[8.47494,47.60936],[8.47628,47.60737],[8.48115,47.6149],[8.50917,47.61729],[8.51067,47.62391],[8.51706,47.62371],[8.52272,47.63383],[8.53983,47.63119],[8.53953,47.62688],[8.54332,47.62837],[8.54424,47.62609],[8.55748,47.62454],[8.56279,47.61744],[8.57132,47.61698],[8.57535,47.61014],[8.56687,47.60889],[8.56713,47.59988],[8.56721,47.59713],[8.58384,47.59591],[8.59419,47.60609],[8.59847,47.60499],[8.60756,47.61486],[8.59715,47.64138],[8.60493,47.64782],[8.6061,47.65157],[8.61513,47.64853],[8.61232,47.64218],[8.60298,47.6412],[8.60565,47.63722],[8.63127,47.64988],[8.60937,47.67169],[8.60084,47.67187],[8.60005,47.66957],[8.56868,47.66428],[8.56425,47.66996],[8.54058,47.66362],[8.54246,47.65762],[8.53419,47.66354],[8.52748,47.66],[8.53134,47.64485],[8.49551,47.64666],[8.49522,47.64206],[8.49094,47.64286],[8.49004,47.64457],[8.48539,47.64336],[8.48293,47.64921],[8.47542,47.64896],[8.47547,47.64753],[8.4806,47.64674],[8.48066,47.64502],[8.47346,47.64348],[8.47352,47.64147],[8.47997,47.63956],[8.4767,47.63831],[8.4671,47.64253],[8.46752,47.6566],[8.45953,47.65333],[8.43638,47.65788],[8.425,47.66747],[8.41438,47.66674],[8.40731,47.67439],[8.41867,47.67914],[8.41475,47.69515],[8.40869,47.69793],[8.43833,47.71787],[8.44262,47.71707],[8.44796,47.72346],[8.45811,47.72619],[8.45841,47.73021],[8.4537,47.731],[8.49253,47.77258],[8.51292,47.77601],[8.52073,47.77182],[8.55534,47.78548],[8.56708,47.77846],[8.57849,47.78234],[8.56452,47.79306],[8.56587,47.80542],[8.57177,47.80808],[8.57926,47.80014],[8.58904,47.8017],[8.58986,47.80314],[8.59638,47.79921],[8.60096,47.80329],[8.61684,47.80062],[8.62638,47.79557],[8.61683,47.78598],[8.61825,47.78084],[8.62644,47.77807],[8.62112,47.76997],[8.63422,47.75923],[8.64852,47.76687],[8.65596,47.77586],[8.65171,47.77523],[8.64822,47.79355],[8.66042,47.8003],[8.67748,47.78559],[8.68087,47.78649],[8.68893,47.77253],[8.68599,47.77077],[8.69488,47.7571],[8.70673,47.76126],[8.71516,47.76538],[8.73108,47.7604],[8.72984,47.75866],[8.74546,47.7488],[8.72297,47.74395],[8.71804,47.72008],[8.73689,47.71685],[8.72813,47.69236],[8.79761,47.67479],[8.80147,47.69147],[8.81163,47.69416],[8.80007,47.69633],[8.79347,47.70487],[8.77125,47.70692],[8.77307,47.71927],[8.77651,47.71816],[8.78069,47.72194],[8.78242,47.72081],[8.7878,47.72747],[8.80061,47.72704],[8.79874,47.73362],[8.80805,47.73687],[8.81337,47.72833],[8.80703,47.72596],[8.80707,47.72424],[8.81961,47.7172],[8.82472,47.71755],[8.82188,47.71149],[8.83629,47.71509],[8.85149,47.7032],[8.87364,47.704],[8.86943,47.70195],[8.8772,47.69744],[8.87262,47.6928],[8.86494,47.69301],[8.86742,47.69648],[8.86356,47.69759],[8.8623,47.69671],[8.86183,47.69872],[8.8529,47.69747],[8.85252,47.69546],[8.85896,47.69352],[8.85244,47.68083],[8.87179,47.673],[8.87815,47.65556],[8.8648,47.65794],[8.86058,47.65708],[8.89425,47.65198],[8.93573,47.659],[8.99459,47.68441],[9.00635,47.69476],[8.9943,47.70671],[8.93997,47.72618],[8.95924,47.73739],[9.01402,47.71961],[8.98718,47.74341],[9.10092,47.70242],[9.10902,47.69016],[9.08447,47.68972],[9.04818,47.70827],[9.04332,47.69346],[9.08139,47.68321],[9.11252,47.68572],[9.12427,47.6707],[9.21788,47.66631],[9.21148,47.68279],[9.18805,47.69931],[9.20132,47.70741],[9.1798,47.70459],[9.17365,47.73444],[9.06687,47.77953],[9.03061,47.80499],[9.04297,47.81762],[9.1057,47.79245],[9.13238,47.77234],[9.22578,47.73935],[9.23725,47.71148],[9.2878,47.68377],[9.34763,47.66092],[9.42118,47.66595],[9.46608,47.64798],[9.48817,47.65151],[9.50226,47.64637],[9.53393,47.59678],[9.56336,47.58475],[9.60088,47.58531],[9.60671,47.57248],[9.62819,47.5704],[9.65315,47.55618],[9.66547,47.55624],[9.73671,47.61607],[9.77998,47.56662],[9.89199,47.56353],[9.93827,47.50173],[10.02581,47.48011],[10.02095,47.40597],[10.13797,47.38866],[10.10294,47.30096],[10.19951,47.30096],[10.40313,47.45539],[10.38833,47.57899],[10.49541,47.56044],[10.6132,47.58517],[10.83481,47.54499],[10.87662,47.48011],[10.90294,47.41524],[11.17035,47.4245],[11.34001,47.47084],[11.35983,47.52954],[11.50343,47.53572],[11.55957,47.61298],[12.12203,47.62843],[12.16328,47.70879],[12.35818,47.72425],[12.44609,47.66242],[12.70008,47.69025],[12.76539,47.6377],[12.74373,47.56353],[12.94202,47.4832],[12.97892,47.50791],[13.023,47.66242],[12.99808,47.73352],[12.84753,47.73971],[12.93631,47.87266],[12.69419,48.12944],[12.85825,48.23158],[13.29362,48.36472],[13.36665,48.44214],[13.38414,48.59393],[13.44369,48.60633],[13.64004,48.53816],[13.94668,48.6551],[13.74548,48.93995],[13.65207,48.9561],[13.57815,49.03689],[13.47973,48.99918],[13.39694,49.08953],[13.20311,49.16617],[12.94526,49.39792],[12.86081,49.36557],[12.64578,49.48458],[12.5363,49.56258],[12.51971,49.66758],[12.44831,49.70615],[12.48435,49.88885],[12.55416,50.00162],[12.36839,50.04564],[12.23536,50.24081],[12.46162,50.39812],[12.59385,50.38356],[12.78367,50.47411],[12.98234,50.47411],[13.0175,50.55555],[13.1894,50.56098],[13.233,50.66377],[13.39415,50.69134],[13.47326,50.65874],[13.52416,50.75655],[13.85478,50.76742],[13.91066,50.84351],[14.14649,50.86526],[14.38877,50.94683],[14.26166,51.04474],[14.4578,51.07738],[14.59638,51.02298],[14.61032,50.89788],[14.76481,50.86526],[14.82888,50.91691],[15.0242,51.23097],[14.8975,51.44927],[14.68734,51.53399],[14.73875,51.65024],[14.59212,51.77161],[14.59532,51.85762],[14.69141,51.91328],[14.74487,52.04491],[14.68579,52.09048],[14.69495,52.22727],[14.55443,52.29316],[14.51213,52.37427],[14.60974,52.5518],[14.30256,52.7447],[14.12681,52.79041],[14.14986,52.93775],[14.32562,53.00383],[14.42389,53.23778],[14.28019,53.61342],[14.18958,53.62479],[14.17686,53.68341],[14.00974,53.67321],[13.85017,53.72929],[13.7805,53.77518],[13.73778,54.03029],[13.66761,54.08417],[13.43102,54.03025],[13.34917,54.06349],[13.06377,54.19369],[13.02581,54.26522],[12.94314,54.34698],[12.7648,54.27033],[12.65252,54.32143],[12.31188,54.20194],[12.04107,54.09666],[11.56502,54.03538],[11.40782,53.85929],[11.20249,53.85678],[11.15138,53.93842],[10.85892,53.87719],[10.71672,53.96393],[11.01589,54.09666],[11.07301,54.21963],[11.03861,54.31325],[10.64859,54.25898],[10.44597,54.29203],[10.34024,54.36232],[10.21288,54.37192],[10.14173,54.33675],[10.06493,54.43389],[9.86481,54.4114],[9.97801,54.49015],[9.98669,54.59244],[9.86444,54.72629],[9.61026,54.88004],[9.49598,54.93829],[8.6686,54.88034],[8.6161,54.88736],[8.59599,54.76135],[8.74207,54.6078],[8.9506,54.41856],[8.85242,54.33165],[8.55395,54.27544],[8.58073,54.19369],[8.88401,54.22945],[8.8533,54.16816],[8.77879,54.1324],[8.83265,54.06602],[8.94634,54.01497],[8.81897,53.96904],[8.8571,53.86699],[9.12504,53.79048],[8.84848,53.74968],[8.53954,53.80068],[8.42866,53.61205],[8.5018,53.44903],[8.30565,53.52543],[8.189,53.53052],[8.26077,53.43885],[8.24193,53.35229],[8.17499,53.32174],[8.02908,53.37265],[8.09873,53.44393],[8.01102,53.56569],[7.96854,53.63753],[7.83638,53.63209],[7.33239,53.60443],[7.16564,53.59167],[7.03733,53.51015],[6.98071,53.31666],[7.18975,53.23014],[7.15994,53.164],[7.228,52.96672],[7.0729,52.80426],[7.03479,52.6235],[6.77809,52.63993],[6.72684,52.55833],[6.71357,52.4757],[6.91192,52.41552],[6.99685,52.44287],[7.06903,52.36628],[7.06772,52.21864],[6.88223,52.12573],[6.82462,51.95639],[6.68037,51.88775],[6.38145,51.8199],[6.21138,51.87994],[6.13267,51.83844],[5.97937,51.80353],[5.9479,51.72167],[6.11686,51.63986],[6.15382,51.52067],[6.22228,51.3891],[6.17962,51.32233],[6.08924,51.19849],[6.17621,51.14405],[5.96424,51.02434],[5.9279,50.98082],[6.00967,50.9645],[6.07393,50.86661],[5.99958,50.7416],[6.15455,50.66176],[6.28143,50.4976],[6.29835,50.28687],[6.10851,50.11745],[6.1366,49.98198],[6.32148,49.84161],[6.53092,49.79843],[6.51136,49.66893],[6.39945,49.60419],[6.43304,49.44533],[6.6255,49.30179],[6.77724,49.1769],[6.95441,49.20174],[6.97474,49.13657],[7.285,49.16449],[7.31738,49.18621],[7.42281,49.18311],[7.46543,49.09933],[7.67046,49.05901],[7.88571,49.06521],[8.1583,48.97835],[7.72908,48.61562],[7.70458,48.51958],[7.68064,48.35852],[7.53603,48.19134],[7.50214,48.05827],[7.54312,48.02423],[7.44596,47.70879],[7.50658,47.60371],[7.58536,47.57772],[7.59823,47.59042],[7.61193,47.58871],[7.61321,47.57984]],[[8.1961,47.61696],[8.20866,47.62029],[8.19335,47.61623],[8.1961,47.61696]]],[[[9.44886,47.50075],[9.4723,47.49066],[9.46622,47.49633],[9.44751,47.50259],[9.44886,47.50075]]],[[[9.43556,47.50745],[9.43581,47.5069],[9.43614,47.5093],[9.43556,47.50745]]],[[[9.42035,47.52419],[9.43734,47.51822],[9.40726,47.53407],[9.41539,47.52741],[9.42035,47.52419]]],[[[9.38378,47.54692],[9.38663,47.54543],[9.3829,47.56817],[9.37925,47.56547],[9.38109,47.56523],[9.37982,47.55638],[9.38378,47.54692]]],[[[9.35595,47.5815],[9.38284,47.56854],[9.3824,47.57123],[9.30006,47.61073],[9.28243,47.61678],[9.31316,47.60086],[9.33069,47.59098],[9.35595,47.5815]]],[[[9.22197,47.63751],[9.22241,47.63553],[9.22849,47.63527],[9.22197,47.63751]]],[[[9.18081,47.6518],[9.19026,47.64924],[9.17793,47.66433],[9.15883,47.66473],[9.17204,47.65446],[9.18266,47.65626],[9.18081,47.6518]]],[[[9.13825,47.66295],[9.14121,47.6651],[9.09909,47.66569],[9.13825,47.66295]]],[[[9.09404,47.66862],[9.09017,47.673],[9.08614,47.6732],[9.09404,47.66862]]],[[[9.07761,47.67037],[9.0831,47.67335],[9.06571,47.67422],[9.05485,47.67366],[9.06892,47.67403],[9.07761,47.67037]]],[[[8.97463,47.66479],[9.00392,47.67103],[8.9835,47.66998],[8.97463,47.66479]]],[[[8.97068,47.66009],[8.97206,47.66329],[8.96396,47.65856],[8.97068,47.66009]]],[[[8.92662,47.64843],[8.92782,47.64944],[8.9233,47.64843],[8.92662,47.64843]]],[[[8.90704,47.64429],[8.91051,47.64559],[8.90653,47.6447],[8.88186,47.6513],[8.88405,47.65031],[8.89468,47.64423],[8.90704,47.64429]]],[[[8.87021,47.65245],[8.87504,47.65312],[8.85998,47.65696],[8.86333,47.65525],[8.87021,47.65245]]],[[[14.06995,53.91777],[13.77841,54.04441],[13.7774,53.94862],[13.82777,53.82972],[14.02872,53.86548],[14.06835,53.84347],[14.14543,53.82645],[14.06995,53.91777]]],[[[8.69968,47.71383],[8.6919,47.71182],[8.69215,47.70931],[8.681,47.70891],[8.67861,47.71217],[8.66684,47.71145],[8.67918,47.69766],[8.66959,47.69129],[8.66124,47.69095],[8.66636,47.68558],[8.68934,47.69578],[8.71704,47.69111],[8.70248,47.71432],[8.69968,47.71383]]]]}},{"type":"Feature","id":186,"properties":{"name":"Italy","subjecto":"Italy","partof":"Italy","precision":3},"geometry":{"type":"Polygon","coordinates":[[[8.92853,45.88633],[8.93366,45.87039],[8.92674,45.89191],[8.92853,45.88633]]]}},{"type":"Feature","id":187,"properties":{"name":null,"subjecto":null,"partof":null,"precision":3},"geometry":{"type":"MultiPolygon","coordinates":[[[[27.78139,35.89027],[27.79972,35.89333],[27.83944,35.91166],[27.86556,35.93222],[27.89278,35.96083],[27.90611,35.98805],[27.94583,36.03471],[27.95666,36.04499],[28.00916,36.06889],[28.06361,36.11193],[28.12277,36.18582],[28.14139,36.21054],[28.18694,36.29999],[28.20694,36.3436],[28.23805,36.43111],[28.23389,36.44138],[28.22583,36.45305],[28.21917,36.45694],[28.21583,36.45776],[28.21277,36.45554],[28.20722,36.44249],[28.10749,36.41861],[28.06833,36.405],[27.90916,36.33972],[27.89583,36.33222],[27.80306,36.26833],[27.71972,36.1661],[27.74083,36.10444],[27.73083,35.97888],[27.71917,35.94083],[27.72222,35.92972],[27.73027,35.91333],[27.76861,35.89361],[27.78139,35.89027]]],[[[26.96972,36.92443],[26.97555,36.92443],[27.04944,36.94611],[27.05,36.99056],[27.04833,36.99361],[26.98583,37.04417],[26.96055,37.05611],[26.89083,37.07638],[26.88194,37.06889],[26.91917,36.94666],[26.93556,36.93221],[26.94638,36.92806],[26.96972,36.92443]]],[[[26.97139,36.67221],[26.96583,36.68166],[26.96639,36.70361],[26.97055,36.73638],[26.97416,36.74278],[26.98055,36.74694],[27.03611,36.76611],[27.24333,36.82694],[27.32944,36.84277],[27.34417,36.84944],[27.35527,36.85889],[27.35555,36.86527],[27.34666,36.8811],[27.34055,36.88528],[27.28444,36.90055],[27.16805,36.88721],[27.15249,36.88139],[27.06083,36.83721],[26.92194,36.7611],[26.91777,36.75527],[26.91861,36.7161],[26.92083,36.70888],[26.94638,36.67915],[26.95305,36.67528],[26.97139,36.67221]]],[[[26.88666,37.09666],[26.88916,37.09861],[26.88972,37.10166],[26.88888,37.10915],[26.85833,37.18111],[26.855,37.18277],[26.82055,37.18722],[26.78555,37.19082],[26.78083,37.19],[26.76916,37.17638],[26.76944,37.16943],[26.82055,37.11055],[26.85389,37.09666],[26.86389,37.09528],[26.88666,37.09666]]]]}},{"type":"Feature","id":188,"properties":{"name":"Malta","subjecto":"Malta","partof":"Malta","precision":3},"geometry":{"type":"MultiPolygon","coordinates":[[[[14.56222,35.82027],[14.56805,35.82944],[14.57,35.86944],[14.56389,35.87778],[14.51028,35.92528],[14.44333,35.96027],[14.375,35.99083],[14.36833,35.99249],[14.36167,35.99139],[14.32639,35.97888],[14.325,35.97277],[14.33306,35.895],[14.33639,35.88389],[14.375,35.8475],[14.42389,35.8186],[14.51972,35.8],[14.56222,35.82027]]],[[[14.2675,36.01138],[14.275,36.01167],[14.33583,36.02722],[14.34083,36.02972],[14.34111,36.03388],[14.32056,36.05111],[14.25333,36.07305],[14.22917,36.075],[14.20889,36.07166],[14.19083,36.06638],[14.18111,36.06083],[14.18083,36.05528],[14.18583,36.03333],[14.19111,36.02444],[14.19694,36.02194],[14.23722,36.01277],[14.2675,36.01138]]]]}},{"type":"Feature","id":189,"properties":{"name":null,"subjecto":null,"partof":null,"precision":3},"geometry":{"type":"Polygon","coordinates":[[[-4.15333,53.22556],[-4.10139,53.24777],[-4.09,53.255],[-4.04639,53.29972],[-4.04667,53.30333],[-4.11,53.31222],[-4.12222,53.31194],[-4.12694,53.31056],[-4.22222,53.32166],[-4.27695,53.39833],[-4.2925,53.40749],[-4.31389,53.41194],[-4.42306,53.425],[-4.47472,53.41861],[-4.56,53.39666],[-4.56694,53.39139],[-4.56917,53.38805],[-4.5675,53.27333],[-4.49444,53.18944],[-4.47889,53.17667],[-4.40222,53.12583],[-4.35139,53.12444],[-4.32556,53.145],[-4.21806,53.20027],[-4.15333,53.22556]]]}},{"type":"Feature","id":190,"properties":{"name":null,"subjecto":null,"partof":null,"precision":3},"geometry":{"type":"Polygon","coordinates":[[[-5.10361,55.43861],[-5.09333,55.44167],[-5.07889,55.45222],[-5.07444,55.45916],[-5.08389,55.55306],[-5.15472,55.67333],[-5.16806,55.68417],[-5.19833,55.69917],[-5.22833,55.71027],[-5.25194,55.71611],[-5.26556,55.71722],[-5.29528,55.71666],[-5.33,55.69972],[-5.37806,55.67166],[-5.38111,55.66861],[-5.40028,55.61778],[-5.40028,55.60056],[-5.35722,55.50417],[-5.34222,55.47722],[-5.34028,55.475],[-5.28333,55.44694],[-5.23167,55.43028],[-5.17194,55.42944],[-5.10361,55.43861]]]}},{"type":"Feature","id":191,"properties":{"name":null,"subjecto":null,"partof":null,"precision":3},"geometry":{"type":"Polygon","coordinates":[[[-6.12167,55.87888],[-6.12278,55.895],[-6.11861,55.92166],[-6.12194,55.92889],[-6.12944,55.93361],[-6.13667,55.93444],[-6.16306,55.9275],[-6.19222,55.91638],[-6.30972,55.86361],[-6.36972,55.86944],[-6.44167,55.85361],[-6.44972,55.84861],[-6.5,55.72138],[-6.51,55.69055],[-6.50917,55.68222],[-6.505,55.67667],[-6.50139,55.67333],[-6.49139,55.66944],[-6.485,55.66861],[-6.47333,55.67],[-6.4625,55.67388],[-6.41083,55.70389],[-6.37972,55.72805],[-6.3675,55.74083],[-6.34833,55.77139],[-6.33778,55.78027],[-6.32528,55.78139],[-6.26528,55.77777],[-6.25444,55.77472],[-6.25139,55.77139],[-6.25111,55.76722],[-6.28583,55.70722],[-6.32194,55.61527],[-6.3275,55.58944],[-6.31722,55.58167],[-6.30056,55.57694],[-6.27444,55.57278],[-6.22889,55.59222],[-6.07667,55.64999],[-6.03833,55.67],[-6.02472,55.68083],[-6.03028,55.72055],[-6.05,55.76416],[-6.05944,55.77222],[-6.07556,55.7775],[-6.08833,55.78388],[-6.0975,55.79666],[-6.12167,55.87888]]]}},{"type":"Feature","id":192,"properties":{"name":null,"subjecto":null,"partof":null,"precision":3},"geometry":{"type":"Polygon","coordinates":[[[-5.94694,55.82999],[-5.90417,55.8825],[-5.74611,56.06361],[-5.71694,56.08944],[-5.69083,56.10667],[-5.68444,56.11749],[-5.685,56.12583],[-5.69444,56.14722],[-5.70556,56.15083],[-5.71139,56.15028],[-5.745,56.1375],[-5.80917,56.10972],[-5.96806,56.02361],[-6.07889,55.90555],[-6.08444,55.89417],[-6.08806,55.8775],[-6.07556,55.81555],[-6.07056,55.80833],[-6.06306,55.80389],[-6.02722,55.79166],[-5.97194,55.78833],[-5.94694,55.82999]]]}},{"type":"Feature","id":193,"properties":{"name":null,"subjecto":null,"partof":null,"precision":3},"geometry":{"type":"Polygon","coordinates":[[[-7.46694,56.94083],[-7.43917,56.94277],[-7.43472,56.945],[-7.37611,56.97861],[-7.37806,56.98222],[-7.41472,57.04138],[-7.41861,57.04388],[-7.43972,57.05444],[-7.44556,57.05555],[-7.55361,56.96639],[-7.56,56.96027],[-7.56056,56.95555],[-7.55944,56.95139],[-7.55028,56.9475],[-7.53056,56.94416],[-7.51528,56.94305],[-7.47528,56.94083],[-7.46694,56.94083]]]}},{"type":"Feature","id":194,"properties":{"name":null,"subjecto":null,"partof":null,"precision":3},"geometry":{"type":"Polygon","coordinates":[[[-7.22306,57.33749],[-7.22444,57.34166],[-7.27194,57.37528],[-7.28583,57.3811],[-7.33556,57.39583],[-7.36806,57.40138],[-7.41222,57.38972],[-7.42222,57.38528],[-7.425,57.38222],[-7.41889,57.18666],[-7.39611,57.13194],[-7.38667,57.11472],[-7.38139,57.1086],[-7.36306,57.1],[-7.33361,57.1],[-7.30333,57.10611],[-7.28722,57.10611],[-7.26556,57.10361],[-7.23028,57.09472],[-7.22583,57.09694],[-7.21528,57.11028],[-7.21472,57.11444],[-7.25917,57.1525],[-7.28806,57.3225],[-7.28528,57.33611],[-7.25889,57.32722],[-7.25222,57.32666],[-7.23111,57.33277],[-7.22306,57.33749]]]}},{"type":"Feature","id":195,"properties":{"name":null,"subjecto":null,"partof":null,"precision":3},"geometry":{"type":"Polygon","coordinates":[[[-7.26889,57.39889],[-7.24472,57.40222],[-7.23944,57.40361],[-7.20444,57.41499],[-7.20222,57.41888],[-7.2025,57.4575],[-7.20472,57.46083],[-7.24417,57.47639],[-7.27611,57.48055],[-7.30056,57.4836],[-7.35111,57.48944],[-7.35778,57.48833],[-7.40028,57.47028],[-7.40417,57.46777],[-7.40639,57.46417],[-7.41,57.45222],[-7.40944,57.44833],[-7.40472,57.44194],[-7.38806,57.42388],[-7.37806,57.42027],[-7.32028,57.40138],[-7.31361,57.39972],[-7.28333,57.3975],[-7.26889,57.39889]]]}},{"type":"Feature","id":196,"properties":{"name":null,"subjecto":null,"partof":null,"precision":3},"geometry":{"type":"Polygon","coordinates":[[[-7.18861,57.68722],[-7.19722,57.68694],[-7.24472,57.67694],[-7.275,57.65639],[-7.4325,57.65333],[-7.47278,57.655],[-7.48389,57.65194],[-7.49139,57.64639],[-7.54333,57.59555],[-7.54333,57.59083],[-7.53639,57.58611],[-7.47694,57.56249],[-7.46778,57.56194],[-7.41167,57.56805],[-7.32528,57.54417],[-7.3275,57.5275],[-7.32611,57.50777],[-7.32139,57.50527],[-7.31472,57.50417],[-7.23361,57.50361],[-7.15389,57.50944],[-7.1475,57.515],[-7.06583,57.63333],[-7.0675,57.6375],[-7.07528,57.64222],[-7.18861,57.68722]]]}},{"type":"Feature","id":197,"properties":{"name":null,"subjecto":null,"partof":null,"precision":3},"geometry":{"type":"Polygon","coordinates":[[[-7.00639,57.88139],[-6.99889,57.88722],[-6.9975,57.89083],[-6.99417,57.91389],[-6.99361,57.91861],[-6.99944,57.92],[-7.00722,57.91972],[-7.0275,57.91694],[-7.03278,57.91555],[-7.07361,57.89611],[-7.07667,57.89278],[-7.07778,57.88],[-7.07361,57.87778],[-7.00639,57.88139]]]}},{"type":"Feature","id":198,"properties":{"name":null,"subjecto":null,"partof":null,"precision":3},"geometry":{"type":"Polygon","coordinates":[[[-6.80222,58.20305],[-6.79444,58.20333],[-6.79139,58.20694],[-6.79444,58.21805],[-6.80972,58.22861],[-6.85417,58.25],[-6.86028,58.25111],[-6.88167,58.25417],[-6.88972,58.2525],[-6.89,58.2486],[-6.88889,58.24444],[-6.87306,58.20638],[-6.86917,58.20389],[-6.83889,58.20194],[-6.80222,58.20305]]]}},{"type":"Feature","id":199,"properties":{"name":null,"subjecto":null,"partof":null,"precision":3},"geometry":{"type":"Polygon","coordinates":[[[-6.20417,58.35611],[-6.16583,58.42056],[-6.16611,58.42528],[-6.22333,58.49638],[-6.24444,58.50861],[-6.25306,58.51167],[-6.26694,58.5125],[-6.27694,58.50833],[-6.29278,58.48833],[-6.55028,58.36333],[-6.56028,58.35972],[-6.64694,58.34194],[-6.65222,58.34861],[-6.67306,58.34916],[-6.79778,58.30222],[-6.81556,58.28472],[-6.81778,58.28],[-6.80806,58.25972],[-6.78658,58.22942],[-6.74473,58.1972],[-6.75037,58.18524],[-6.80518,58.19587],[-6.87328,58.17859],[-6.86,58.10806],[-6.86194,58.10388],[-6.86806,58.10611],[-6.87417,58.11111],[-6.93611,58.18805],[-6.92028,58.20361],[-6.90806,58.20611],[-6.90583,58.20972],[-6.90806,58.21278],[-7.00111,58.23444],[-7.03194,58.23805],[-7.05556,58.22333],[-7.09444,58.18194],[-7.12806,58.13472],[-7.12667,58.12333],[-7.09389,58.07055],[-7.05778,58.03639],[-7.05556,58.02027],[-7.08417,58.00805],[-7.11389,57.98722],[-7.11278,57.98389],[-7.07528,57.96249],[-7.03556,57.95333],[-7.02194,57.95194],[-6.99278,57.95916],[-6.985,57.95944],[-6.935,57.94972],[-6.87944,57.9325],[-6.83028,57.90083],[-7.02889,57.83222],[-7.06583,57.82083],[-7.08361,57.82472],[-7.09222,57.83277],[-7.10389,57.83666],[-7.12528,57.83778],[-7.12444,57.82083],[-7.12,57.81416],[-6.97833,57.72583],[-6.9725,57.72472],[-6.96083,57.72749],[-6.73528,57.82583],[-6.66222,57.88055],[-6.66056,57.88472],[-6.66472,57.90055],[-6.67972,57.92833],[-6.69639,57.9425],[-6.70528,57.94694],[-6.71889,57.94917],[-6.72278,57.95111],[-6.76139,57.99833],[-6.68444,58.0575],[-6.67,58.05805],[-6.60778,58.05472],[-6.60028,58.05389],[-6.59028,58.05],[-6.59361,58.04639],[-6.59861,58.04527],[-6.62944,58.04833],[-6.65278,58.04833],[-6.65917,58.04666],[-6.69444,58.02444],[-6.70611,58.0075],[-6.70472,57.98666],[-6.69861,57.9675],[-6.66639,57.92694],[-6.65306,57.92],[-6.62111,57.91444],[-6.5775,57.91083],[-6.54417,57.91499],[-6.47389,57.94028],[-6.47389,57.94833],[-6.45778,57.96805],[-6.38611,58.00916],[-6.35667,58.03],[-6.35389,58.03305],[-6.39056,58.09861],[-6.39611,58.10472],[-6.41028,58.10555],[-6.42028,58.10222],[-6.49694,58.08749],[-6.59472,58.07833],[-6.61917,58.07833],[-6.62028,58.08194],[-6.49722,58.0975],[-6.38222,58.12972],[-6.37694,58.13194],[-6.37472,58.13555],[-6.36667,58.15861],[-6.32911,58.18277],[-6.26378,58.17661],[-6.22472,58.18361],[-6.17222,58.20694],[-6.15833,58.21833],[-6.14694,58.25278],[-6.14806,58.2561],[-6.16,58.25972],[-6.16778,58.26055],[-6.22083,58.2336],[-6.26544,58.22744],[-6.27694,58.22278],[-6.28511,58.22294],[-6.32178,58.23077],[-6.32844,58.23544],[-6.32389,58.26361],[-6.27972,58.28777],[-6.2325,58.31777],[-6.20417,58.35611]]]}},{"type":"Feature","id":200,"properties":{"name":null,"subjecto":null,"partof":null,"precision":3},"geometry":{"type":"Polygon","coordinates":[[[-2.91833,58.73194],[-2.91389,58.73389],[-2.87667,58.82027],[-2.87778,58.82417],[-2.88639,58.83194],[-2.89417,58.83694],[-2.89917,58.83833],[-2.91611,58.83888],[-2.97472,58.83527],[-3.00444,58.83305],[-3.01,58.83167],[-3.02889,58.82305],[-3.03361,58.82083],[-3.03694,58.81805],[-2.98,58.75028],[-2.97056,58.74194],[-2.95778,58.73472],[-2.94806,58.73055],[-2.93944,58.73],[-2.91833,58.73194]]]}},{"type":"Feature","id":201,"properties":{"name":null,"subjecto":null,"partof":null,"precision":3},"geometry":{"type":"Polygon","coordinates":[[[-3.23139,58.77555],[-3.16028,58.78111],[-3.13694,58.78666],[-3.13472,58.80083],[-3.13639,58.80416],[-3.21472,58.87416],[-3.23306,58.88722],[-3.33556,58.9275],[-3.34917,58.92694],[-3.39806,58.91722],[-3.41222,58.91055],[-3.41806,58.90416],[-3.43306,58.87888],[-3.43111,58.87138],[-3.30083,58.77805],[-3.28889,58.77555],[-3.23139,58.77555]]]}},{"type":"Feature","id":202,"properties":{"name":null,"subjecto":null,"partof":null,"precision":3},"geometry":{"type":"Polygon","coordinates":[[[-2.79306,58.95139],[-2.85222,58.97556],[-2.94722,58.99833],[-2.99583,59.05583],[-2.99528,59.06667],[-2.99833,59.06972],[-3.07694,59.12167],[-3.2025,59.14861],[-3.21889,59.14861],[-3.27222,59.14139],[-3.3175,59.12944],[-3.35028,59.10999],[-3.36806,59.01],[-3.36306,58.99555],[-3.34556,58.96583],[-3.30333,58.94583],[-3.195,58.91111],[-3.18833,58.91],[-3.17222,58.91083],[-3.11972,58.91917],[-3.11972,58.92333],[-3.11056,58.92806],[-3.05722,58.93583],[-3.00833,58.94],[-2.97,58.93944],[-2.86917,58.89333],[-2.82444,58.87888],[-2.75583,58.91777],[-2.79306,58.95139]]]}},{"type":"Feature","id":203,"properties":{"name":null,"subjecto":null,"partof":null,"precision":3},"geometry":{"type":"Polygon","coordinates":[[[-2.68139,59.19583],[-2.625,59.2336],[-2.62056,59.23611],[-2.57722,59.24222],[-2.57083,59.24222],[-2.49556,59.245],[-2.39,59.27972],[-2.39028,59.28305],[-2.39722,59.30333],[-2.4,59.31027],[-2.40222,59.31278],[-2.40722,59.31389],[-2.41444,59.31361],[-2.53444,59.30499],[-2.55556,59.30306],[-2.59278,59.29055],[-2.68444,59.22083],[-2.69056,59.21444],[-2.6925,59.21027],[-2.69361,59.1975],[-2.69167,59.19],[-2.68972,59.18666],[-2.68583,59.18417],[-2.68139,59.19583]]]}},{"type":"Feature","id":204,"properties":{"name":null,"subjecto":null,"partof":null,"precision":3},"geometry":{"type":"Polygon","coordinates":[[[-2.89,59.29527],[-2.89722,59.29972],[-3.04889,59.32916],[-3.07167,59.33138],[-3.07639,59.33138],[-3.07556,59.3275],[-3.07361,59.32417],[-3.02833,59.285],[-3.00333,59.26361],[-2.99917,59.26111],[-2.99222,59.26167],[-2.98806,59.26416],[-2.97694,59.27277],[-2.97417,59.28139],[-2.97639,59.28472],[-2.97194,59.28722],[-2.96556,59.28806],[-2.95861,59.28777],[-2.93667,59.28361],[-2.87694,59.25861],[-2.87306,59.2561],[-2.87306,59.25194],[-2.8775,59.22861],[-2.85306,59.24944],[-2.84972,59.26805],[-2.89,59.29527]]]}},{"type":"Feature","id":205,"properties":{"name":null,"subjecto":null,"partof":null,"precision":3},"geometry":{"type":"Polygon","coordinates":[[[-1.29611,60.4911],[-1.2875,60.61333],[-1.29583,60.63472],[-1.30194,60.63667],[-1.41611,60.605],[-1.54694,60.53583],[-1.59306,60.50777],[-1.61167,60.47666],[-1.60972,60.47416],[-1.565,60.47305],[-1.55833,60.47305],[-1.55361,60.47556],[-1.50222,60.46972],[-1.44583,60.46055],[-1.32028,60.35638],[-1.34583,60.34],[-1.42694,60.32139],[-1.47472,60.315],[-1.58972,60.30639],[-1.59667,60.30805],[-1.62833,60.30722],[-1.65528,60.30306],[-1.66694,60.29972],[-1.69139,60.28833],[-1.69306,60.27972],[-1.67444,60.23944],[-1.66472,60.23083],[-1.655,60.22611],[-1.58889,60.21583],[-1.51972,60.20111],[-1.52778,60.19083],[-1.52722,60.18694],[-1.52028,60.18139],[-1.44861,60.15111],[-1.35833,60.1925],[-1.35306,60.20889],[-1.36361,60.22972],[-1.3875,60.23722],[-1.41028,60.24944],[-1.41417,60.25194],[-1.41028,60.255],[-1.40333,60.25583],[-1.29139,60.24139],[-1.26167,60.13083],[-1.26306,60.10694],[-1.30583,60.01277],[-1.31139,60.00666],[-1.31639,60.00889],[-1.3225,60.0075],[-1.33004,60],[-1.37806,59.90222],[-1.37194,59.89166],[-1.30694,59.8575],[-1.26861,59.85111],[-1.26028,59.86222],[-1.22056,60.0225],[-1.21222,60.10278],[-1.18722,60.12722],[-1.17056,60.13722],[-1.16306,60.1375],[-1.14667,60.13194],[-1.12556,60.14777],[-1.12611,60.15167],[-1.18556,60.23055],[-1.19806,60.25583],[-1.20056,60.26333],[-1.19889,60.26778],[-1.195,60.27083],[-1.18694,60.26972],[-1.16583,60.26194],[-1.16417,60.25833],[-1.10111,60.27583],[-1.06611,60.35806],[-1.03722,60.44416],[-1.04139,60.44694],[-1.16389,60.45444],[-1.28667,60.47111],[-1.29611,60.4911]]]}},{"type":"Feature","id":206,"properties":{"name":null,"subjecto":null,"partof":null,"precision":3},"geometry":{"type":"Polygon","coordinates":[[[-1.02944,60.49583],[-1.02333,60.50305],[-1.01778,60.51944],[-0.98278,60.65138],[-0.99111,60.71999],[-0.99667,60.72472],[-1.05694,60.73083],[-1.0925,60.73138],[-1.11,60.72583],[-1.17945,60.6325],[-1.18361,60.60278],[-1.17028,60.52722],[-1.14,60.48944],[-1.1275,60.48638],[-1.10472,60.48555],[-1.02944,60.49583]]]}},{"type":"Feature","id":207,"properties":{"name":null,"subjecto":null,"partof":null,"precision":3},"geometry":{"type":"Polygon","coordinates":[[[-0.81972,60.68889],[-0.76361,60.79333],[-0.75806,60.81777],[-0.76778,60.82889],[-0.80611,60.84055],[-0.87833,60.84444],[-0.93889,60.79444],[-0.96556,60.68805],[-0.95861,60.6825],[-0.93556,60.67444],[-0.835,60.67333],[-0.81972,60.68889]]]}},{"type":"Feature","id":208,"properties":{"name":null,"subjecto":null,"partof":null,"precision":3},"geometry":{"type":"MultiPolygon","coordinates":[[[[-6.65528,61.38944],[-6.64222,61.39722],[-6.64167,61.40083],[-6.70944,61.55833],[-6.72444,61.57333],[-6.88944,61.645],[-6.92639,61.64139],[-6.94472,61.63667],[-6.96278,61.61916],[-6.95833,61.59861],[-6.84583,61.46805],[-6.71917,61.40749],[-6.66806,61.38944],[-6.66028,61.38833],[-6.65528,61.38944]]],[[[-6.60417,61.82166],[-6.60417,61.82611],[-6.66139,61.85889],[-6.77694,61.89527],[-6.85583,61.90694],[-6.90472,61.90778],[-6.90889,61.90111],[-6.86611,61.83749],[-6.84111,61.8175],[-6.83611,61.81777],[-6.70472,61.7775],[-6.65222,61.74278],[-6.63889,61.75055],[-6.63,61.76111],[-6.60417,61.82166]]],[[[-7.04972,62.06777],[-7.04111,62.08305],[-7.04139,62.09139],[-7.045,62.09444],[-7.16307,62.12882],[-7.22333,62.15944],[-7.23111,62.16],[-7.43361,62.14361],[-7.43444,62.12778],[-7.43111,62.1161],[-7.37806,62.065],[-7.34556,62.05222],[-7.25111,62.04277],[-7.23333,62.06027],[-7.2325,62.06472],[-7.22667,62.06444],[-7.19833,62.05],[-7.19361,62.04333],[-7.19167,62.03111],[-7.20167,62.01861],[-7.18583,62.01972],[-7.16528,62.02361],[-7.06278,62.04944],[-7.04972,62.06777]]],[[[-6.70694,61.93749],[-6.7025,61.94028],[-6.69639,61.97944],[-6.71889,62.02861],[-6.735,62.04361],[-6.84139,62.12444],[-6.91639,62.15389],[-6.97389,62.1825],[-6.99083,62.19305],[-7.0425,62.24],[-7.0575,62.2725],[-7.06583,62.28222],[-7.0875,62.29083],[-7.135,62.30389],[-7.19222,62.30778],[-7.21083,62.28472],[-7.23278,62.19805],[-7.235,62.17999],[-7.23222,62.17249],[-7.13031,62.1256],[-7.03458,62.11211],[-6.96111,62.04666],[-6.86917,61.9975],[-6.77306,61.95],[-6.72528,61.93444],[-6.71778,61.93333],[-6.70694,61.93749]]],[[[-6.62,62.22972],[-6.61917,62.23444],[-6.62556,62.25333],[-6.72083,62.33138],[-6.71167,62.29388],[-6.68583,62.245],[-6.65806,62.23444],[-6.63222,62.22749],[-6.62361,62.22666],[-6.62,62.22972]]],[[[-6.6575,62.0925],[-6.65417,62.09972],[-6.64972,62.10249],[-6.58806,62.13416],[-6.59778,62.19416],[-6.60111,62.19694],[-6.735,62.26],[-6.80722,62.29028],[-6.95028,62.33805],[-6.95806,62.33917],[-7.06028,62.31361],[-7.0625,62.29583],[-7.025,62.23778],[-6.96417,62.19333],[-6.92194,62.16722],[-6.75278,62.09277],[-6.66972,62.05861],[-6.6575,62.05583],[-6.6575,62.0925]]],[[[-6.41861,62.18388],[-6.41222,62.18527],[-6.40722,62.19167],[-6.38889,62.255],[-6.39778,62.26],[-6.43,62.26888],[-6.48889,62.28833],[-6.52222,62.31805],[-6.53667,62.3425],[-6.54167,62.3575],[-6.5744,62.34988],[-6.54897,62.3009],[-6.55086,62.25098],[-6.58806,62.23972],[-6.58194,62.225],[-6.5725,62.21166],[-6.52722,62.17388],[-6.51806,62.16888],[-6.41861,62.18388]]],[[[-6.58583,62.25639],[-6.5725,62.25889],[-6.56556,62.26527],[-6.56111,62.27694],[-6.56639,62.29639],[-6.63222,62.37083],[-6.63806,62.37306],[-6.65472,62.37416],[-6.66083,62.3725],[-6.66583,62.35194],[-6.66833,62.33389],[-6.66444,62.3225],[-6.62,62.26694],[-6.60833,62.25861],[-6.595,62.2561],[-6.58583,62.25639]]],[[[-6.40611,62.28444],[-6.39167,62.29694],[-6.48917,62.38139],[-6.51917,62.39694],[-6.52528,62.39611],[-6.54528,62.38694],[-6.54694,62.38361],[-6.48028,62.29778],[-6.42278,62.28555],[-6.40611,62.28444]]]]}},{"type":"Feature","id":209,"properties":{"name":null,"subjecto":null,"partof":null,"precision":3},"geometry":{"type":"Polygon","coordinates":[[[-4.77778,54.05555],[-4.72083,54.07611],[-4.70472,54.07972],[-4.62389,54.0686],[-4.55056,54.09777],[-4.49111,54.12666],[-4.47056,54.1375],[-4.39444,54.18639],[-4.32167,54.27667],[-4.3075,54.29694],[-4.35278,54.40916],[-4.36028,54.41611],[-4.36806,54.41666],[-4.485,54.38722],[-4.5275,54.36722],[-4.54139,54.35611],[-4.55278,54.34389],[-4.55472,54.33111],[-4.57806,54.29694],[-4.59583,54.27389],[-4.61806,54.25417],[-4.64583,54.23805],[-4.69889,54.21916],[-4.71028,54.21722],[-4.71389,54.21444],[-4.78861,54.06722],[-4.7875,54.05944],[-4.77778,54.05555]]]}},{"type":"Feature","id":210,"properties":{"name":null,"subjecto":null,"partof":null,"precision":3},"geometry":{"type":"Polygon","coordinates":[[[129.71552,28.45111],[129.70441,28.47861],[129.69046,28.49772],[129.66748,28.47694],[129.61911,28.44833],[129.62161,28.47694],[129.57498,28.46166],[129.25665,28.32083],[129.14304,28.25472],[129.14359,28.25028],[129.15775,28.23499],[129.36856,28.11611],[129.37552,28.11527],[129.38052,28.11778],[129.46552,28.21138],[129.51193,28.295],[129.58441,28.37],[129.62161,28.3975],[129.64972,28.40416],[129.66275,28.40416],[129.71719,28.42916],[129.71829,28.44138],[129.71552,28.45111]]]}},{"type":"Feature","id":211,"properties":{"name":null,"subjecto":null,"partof":null,"precision":3},"geometry":{"type":"Polygon","coordinates":[[[129.96301,29.95722],[129.96802,29.95972],[129.97107,29.96472],[129.96719,29.97416],[129.9494,29.99193],[129.94165,30],[129.93387,30.00166],[129.92859,30],[129.92468,29.99583],[129.92358,29.98972],[129.92358,29.98388],[129.92746,29.97444],[129.93524,29.96694],[129.95081,29.95777],[129.95691,29.95638],[129.96301,29.95722]]]}},{"type":"Feature","id":212,"properties":{"name":null,"subjecto":null,"partof":null,"precision":3},"geometry":{"type":"Polygon","coordinates":[[[129.89636,29.87417],[129.89053,29.87694],[129.87912,29.87444],[129.8761,29.87225],[129.86273,29.87305],[129.85858,29.86944],[129.85303,29.85861],[129.8519,29.85222],[129.85467,29.84805],[129.87219,29.83416],[129.87717,29.83083],[129.88888,29.82555],[129.91638,29.81805],[129.92191,29.81972],[129.92331,29.825],[129.90692,29.85666],[129.90219,29.86555],[129.89636,29.87417]]]}},{"type":"Feature","id":213,"properties":{"name":null,"subjecto":null,"partof":null,"precision":3},"geometry":{"type":"Polygon","coordinates":[[[130.9061,30.35472],[130.9697,30.39055],[131.0744,30.68916],[131.08273,30.74777],[131.08551,30.80055],[131.08469,30.80583],[131.06912,30.83111],[131.06024,30.83805],[131.05359,30.84028],[131.0397,30.83111],[131.00833,30.78944],[130.94525,30.68333],[130.94302,30.67083],[130.94775,30.62639],[130.95523,30.59583],[130.9519,30.58305],[130.94721,30.57027],[130.90414,30.50666],[130.88303,30.47888],[130.87744,30.47722],[130.86942,30.46972],[130.86301,30.43805],[130.86163,30.40889],[130.87079,30.36778],[130.87247,30.36305],[130.87912,30.355],[130.89887,30.35361],[130.9061,30.35472]]]}},{"type":"Feature","id":214,"properties":{"name":null,"subjecto":null,"partof":null,"precision":3},"geometry":{"type":"Polygon","coordinates":[[[130.55859,30.23638],[130.59998,30.24361],[130.64941,30.28778],[130.65665,30.30417],[130.67191,30.37333],[130.66998,30.37833],[130.66638,30.38194],[130.63333,30.40527],[130.59247,30.42472],[130.54999,30.44194],[130.52353,30.4431],[130.51971,30.45194],[130.5108,30.45889],[130.48969,30.46083],[130.48358,30.46],[130.47385,30.45499],[130.38272,30.39389],[130.38025,30.38805],[130.38748,30.35194],[130.44025,30.25278],[130.4519,30.24749],[130.51859,30.23666],[130.55859,30.23638]]]}},{"type":"Feature","id":215,"properties":{"name":"Taiwan","subjecto":"Taiwan","partof":null,"precision":3},"geometry":{"type":"Polygon","coordinates":[[[121.73471,25.13889],[121.68127,25.16867],[121.63666,25.21444],[121.61693,25.24944],[121.61081,25.2575],[121.59804,25.26722],[121.58333,25.27583],[121.56694,25.28305],[121.55942,25.28416],[121.51805,25.28278],[121.48055,25.27194],[121.44275,25.24389],[121.43526,25.23666],[121.39499,25.18694],[121.39471,25.18055],[121.39694,25.17611],[121.44412,25.13474],[121.44111,25.1291],[121.40942,25.15527],[121.39694,25.15916],[121.39055,25.15889],[121.37553,25.15278],[121.36304,25.14333],[121.33859,25.1325],[121.27587,25.11891],[121.2236,25.11555],[121.1947,25.11],[121.06276,25.05],[121.00916,25.00889],[121.00166,25.00166],[120.9211,24.87583],[120.90332,24.83666],[120.8716,24.73999],[120.8647,24.74055],[120.86026,24.7375],[120.75139,24.6475],[120.69775,24.60083],[120.6947,24.59639],[120.66582,24.53305],[120.65054,24.49389],[120.64276,24.47916],[120.57166,24.40222],[120.55887,24.38527],[120.54498,24.36222],[120.50804,24.28666],[120.47638,24.21027],[120.47191,24.19305],[120.4272,24.15],[120.4211,24.14111],[120.36304,24.04833],[120.2787,23.88907],[120.2397,23.83],[120.22192,23.81944],[120.19331,23.78111],[120.11554,23.63139],[120.11137,23.62027],[120.11554,23.56889],[120.12387,23.51416],[120.13472,23.46611],[120.14749,23.3975],[120.14833,23.32722],[120.14526,23.32277],[120.1411,23.32],[120.13,23.3175],[120.10971,23.28694],[120.08333,23.22805],[120.05748,23.15889],[120.05554,23.15305],[120.05609,23.14722],[120.05859,23.14277],[120.06721,23.13666],[120.08194,23.13472],[120.08777,23.1325],[120.09166,23.12916],[120.09387,23.12472],[120.09999,23.09389],[120.09915,23.08833],[120.08693,23.07916],[120.06749,23.07916],[120.05693,23.07583],[120.05331,23.07194],[120.04915,23.06083],[120.05276,23.045],[120.05582,23.04111],[120.06442,23.035],[120.10776,23.01361],[120.13554,23.02277],[120.16388,22.95361],[120.16748,22.90805],[120.17276,22.88166],[120.19971,22.78694],[120.20638,22.77333],[120.22868,22.73673],[120.25166,22.69],[120.2511,22.67749],[120.23859,22.66083],[120.24026,22.64944],[120.24471,22.64027],[120.2625,22.61639],[120.26639,22.61305],[120.2961,22.59694],[120.31276,22.5725],[120.32193,22.55444],[120.32999,22.53611],[120.33276,22.52583],[120.33089,22.52117],[120.32388,22.52639],[120.30664,22.545],[120.30034,22.55787],[120.30708,22.54044],[120.34554,22.50389],[120.3772,22.48333],[120.38611,22.47861],[120.39276,22.47833],[120.4169,22.4825],[120.42915,22.46694],[120.4447,22.45333],[120.47581,22.43222],[120.48859,22.42916],[120.50555,22.4225],[120.57304,22.36611],[120.61026,22.31278],[120.62943,22.2775],[120.67499,22.18194],[120.67776,22.17194],[120.69304,22.10444],[120.68637,22.05361],[120.69832,21.94583],[120.69971,21.94083],[120.70665,21.93361],[120.71638,21.92805],[120.82416,21.92777],[120.88248,22.03944],[120.88472,22.09805],[120.87943,22.23256],[120.87137,22.29194],[120.87331,22.32361],[120.87859,22.34139],[120.95555,22.53583],[120.96971,22.56833],[121.03027,22.65638],[121.07944,22.70916],[121.10832,22.72222],[121.12886,22.72805],[121.16805,22.7625],[121.25916,22.9],[121.35555,23.0875],[121.45305,23.32722],[121.47331,23.40111],[121.47633,23.42242],[121.49637,23.48527],[121.53693,23.70139],[121.59637,23.9],[121.61137,23.98333],[121.61609,24.03416],[121.60915,24.04166],[121.60193,24.06083],[121.60498,24.08055],[121.65942,24.18472],[121.74498,24.28639],[121.75305,24.29277],[121.77249,24.30166],[121.76054,24.32389],[121.75943,24.33527],[121.77666,24.41416],[121.78055,24.42638],[121.7961,24.44833],[121.80359,24.45555],[121.83971,24.47638],[121.85304,24.53361],[121.85332,24.56361],[121.84943,24.59222],[121.8436,24.60638],[121.82832,24.61444],[121.81999,24.62694],[121.81721,24.63722],[121.79971,24.75666],[121.81694,24.84778],[121.82832,24.86694],[121.87859,24.92916],[121.91388,24.96],[121.9472,24.97638],[121.96951,24.98503],[121.97832,24.98694],[121.99275,24.99389],[122.0011,25.00028],[122.00221,25.00694],[121.88165,25.11472],[121.7886,25.12658],[121.73471,25.13889]]]}},{"type":"Feature","id":216,"properties":{"name":null,"subjecto":null,"partof":null,"precision":3},"geometry":{"type":"Polygon","coordinates":[[[128.90082,32.64305],[128.90219,32.64833],[128.88611,32.6861],[128.84412,32.75166],[128.81329,32.7925],[128.6608,32.78194],[128.64941,32.77777],[128.64832,32.77138],[128.64749,32.71194],[128.6524,32.69664],[128.61856,32.6611],[128.60107,32.6186],[128.61023,32.61166],[128.63831,32.60527],[128.74191,32.58916],[128.90082,32.64305]]]}},{"type":"Feature","id":217,"properties":{"name":null,"subjecto":null,"partof":null,"precision":3},"geometry":{"type":"Polygon","coordinates":[[[123.87082,24.2525],[123.87498,24.25528],[123.90193,24.28361],[123.92526,24.32138],[123.93637,24.35194],[123.93665,24.35666],[123.93054,24.36472],[123.92192,24.37111],[123.79225,24.40524],[123.78442,24.41555],[123.7711,24.41805],[123.67886,24.31611],[123.71832,24.27722],[123.85832,24.25194],[123.86554,24.25083],[123.87082,24.2525]]]}},{"type":"Feature","id":218,"properties":{"name":null,"subjecto":null,"partof":null,"precision":3},"geometry":{"type":"Polygon","coordinates":[[[125.35637,24.77667],[125.34776,24.78305],[125.32361,24.80944],[125.28137,24.87528],[125.26944,24.88444],[125.26332,24.88416],[125.25221,24.73777],[125.25722,24.72916],[125.26111,24.72555],[125.27332,24.72111],[125.30081,24.71666],[125.34526,24.7175],[125.44443,24.73111],[125.44832,24.73444],[125.4511,24.73972],[125.45,24.74472],[125.44498,24.75361],[125.40248,24.775],[125.38832,24.77694],[125.36388,24.77528],[125.35637,24.77667]]]}},{"type":"Feature","id":219,"properties":{"name":null,"subjecto":null,"partof":null,"precision":3},"geometry":{"type":"Polygon","coordinates":[[[124.26166,24.4575],[124.27499,24.48805],[124.2961,24.52805],[124.30693,24.53944],[124.32416,24.55083],[124.32748,24.55528],[124.33055,24.57361],[124.32916,24.58444],[124.32443,24.5875],[124.31749,24.58805],[124.31303,24.58527],[124.2872,24.55889],[124.24609,24.49611],[124.21915,24.44694],[124.21527,24.44333],[124.18887,24.43555],[124.15109,24.43444],[124.09492,24.4395],[124.08388,24.43805],[124.07887,24.43611],[124.07639,24.43083],[124.07582,24.42472],[124.12192,24.345],[124.12553,24.34139],[124.14166,24.33361],[124.16026,24.3275],[124.17915,24.32833],[124.21915,24.33527],[124.22971,24.33833],[124.2336,24.34194],[124.23943,24.35139],[124.25333,24.39389],[124.2536,24.4175],[124.26166,24.4575]]]}},{"type":"Feature","id":220,"properties":{"name":null,"subjecto":null,"partof":null,"precision":3},"geometry":{"type":"Polygon","coordinates":[[[128.25278,26.63889],[128.27136,26.65833],[128.33136,26.7525],[128.33551,26.765],[128.33304,26.79694],[128.32913,26.81194],[128.30997,26.84166],[128.2872,26.855],[128.24719,26.84],[128.12329,26.71611],[128.10507,26.69542],[128.10053,26.68388],[128.10053,26.67805],[128.1044,26.67444],[128.10635,26.66972],[128.10467,26.66305],[128.06747,26.64249],[128.02387,26.63111],[127.99054,26.63722],[127.98553,26.64611],[127.98442,26.65694],[127.98692,26.66305],[127.99803,26.675],[127.99693,26.68],[127.99387,26.68416],[127.96193,26.69527],[127.95499,26.69583],[127.90776,26.68889],[127.88388,26.6675],[127.87637,26.62055],[127.87831,26.61583],[127.88777,26.60972],[127.91249,26.60027],[127.94359,26.60166],[127.94832,26.59861],[127.96666,26.57972],[127.96582,26.56778],[127.95888,26.54444],[127.80054,26.44249],[127.79526,26.44055],[127.71693,26.43499],[127.71609,26.42861],[127.71805,26.41277],[127.74443,26.31194],[127.74387,26.30694],[127.72415,26.27055],[127.63998,26.20861],[127.65277,26.08305],[127.67776,26.07861],[127.70248,26.08],[127.71944,26.08361],[127.77609,26.11639],[127.81303,26.15555],[127.81833,26.18139],[127.81805,26.18722],[127.81331,26.19027],[127.80693,26.19027],[127.77859,26.23666],[127.83582,26.41944],[127.83804,26.42527],[127.84166,26.42944],[127.84972,26.43638],[127.8636,26.44416],[127.87469,26.44666],[127.94637,26.45111],[128.14664,26.56889],[128.24023,26.62861],[128.25278,26.63889]]]}},{"type":"Feature","id":221,"properties":{"name":null,"subjecto":null,"partof":null,"precision":3},"geometry":{"type":"Polygon","coordinates":[[[126.76193,26.38694],[126.75499,26.38778],[126.74664,26.38577],[126.73499,26.38611],[126.72916,26.385],[126.72388,26.38333],[126.69859,26.37333],[126.69386,26.37083],[126.69193,26.36639],[126.6922,26.36055],[126.69803,26.35222],[126.70193,26.34861],[126.7811,26.29833],[126.7872,26.29694],[126.79166,26.29972],[126.80971,26.33638],[126.8111,26.34194],[126.80998,26.34694],[126.78943,26.37611],[126.76193,26.38694]]]}},{"type":"Feature","id":222,"properties":{"name":null,"subjecto":null,"partof":null,"precision":3},"geometry":{"type":"Polygon","coordinates":[[[128.95108,27.67583],[128.9855,27.70111],[129.00665,27.72722],[129.02332,27.75],[129.02997,27.77444],[128.96109,27.89861],[128.95831,27.90278],[128.95358,27.90611],[128.94748,27.9075],[128.94165,27.90638],[128.93362,27.9011],[128.89887,27.89777],[128.89026,27.88194],[128.88553,27.86222],[128.88025,27.82472],[128.89722,27.72583],[128.91693,27.68944],[128.92081,27.68583],[128.9447,27.67555],[128.95108,27.67583]]]}},{"type":"Feature","id":223,"properties":{"name":null,"subjecto":null,"partof":null,"precision":3},"geometry":{"type":"Polygon","coordinates":[[[128.60913,27.35889],[128.63135,27.36972],[128.63553,27.37305],[128.70108,27.43611],[128.70386,27.44138],[128.7019,27.44583],[128.69635,27.44861],[128.56213,27.41735],[128.52777,27.41694],[128.52359,27.41361],[128.52249,27.37389],[128.52637,27.36444],[128.53693,27.35305],[128.5658,27.34666],[128.60913,27.35889]]]}},{"type":"Feature","id":224,"properties":{"name":null,"subjecto":null,"partof":null,"precision":3},"geometry":{"type":"Polygon","coordinates":[[[129.99219,28.28167],[129.99884,28.29111],[130.03247,28.35305],[130.03305,28.35777],[130.0322,28.36305],[130.02747,28.36639],[130.01608,28.36388],[130.01138,28.36139],[130.00562,28.3565],[129.94302,28.32222],[129.93857,28.31889],[129.91858,28.30055],[129.91498,28.29611],[129.91443,28.29139],[129.9183,28.2875],[129.95386,28.28111],[129.98691,28.28],[129.99219,28.28167]]]}},{"type":"Feature","id":225,"properties":{"name":null,"subjecto":null,"partof":null,"precision":3},"geometry":{"type":"Polygon","coordinates":[[[129.33609,28.07528],[129.35275,28.08861],[129.35385,28.095],[129.34885,28.10389],[129.34024,28.11083],[129.22385,28.18361],[129.19754,28.1914],[129.19107,28.18861],[129.18469,28.17694],[129.19135,28.15777],[129.21912,28.09778],[129.32941,28.07528],[129.33609,28.07528]]]}},{"type":"Feature","id":226,"properties":{"name":null,"subjecto":null,"partof":null,"precision":3},"geometry":{"type":"Polygon","coordinates":[[[129.73303,29.60972],[129.73746,29.61305],[129.74051,29.61833],[129.75333,29.64777],[129.75333,29.65361],[129.75137,29.65833],[129.74747,29.66194],[129.74133,29.66333],[129.73578,29.66166],[129.71521,29.65331],[129.70969,29.65166],[129.70609,29.6475],[129.70609,29.64166],[129.71664,29.60694],[129.7222,29.60638],[129.73303,29.60972]]]}},{"type":"Feature","id":227,"properties":{"name":"Italy","subjecto":"Italy","partof":"Italy","precision":3},"geometry":{"type":"Polygon","coordinates":[[[8.96935,45.96838],[8.97008,45.96764],[8.97394,45.96665],[8.97628,45.97507],[8.97391,45.97594],[8.97339,45.97845],[8.9733,45.98033],[8.97335,45.98221],[8.9731,45.98367],[8.96823,45.98602],[8.9644,45.98653],[8.96056,45.97919],[8.95884,45.96998],[8.96698,45.96904],[8.96935,45.96838]]]}},{"type":"Feature","id":228,"properties":{"name":"France","subjecto":"France","partof":"France","precision":3},"geometry":{"type":"MultiPolygon","coordinates":[[[[7.03695,45.93043],[7.03721,45.92994],[7.04624,45.93203],[7.04129,45.94881],[7.0121,45.97446],[7.02462,45.97973],[7.02534,45.98328],[7.01677,45.98877],[7.01009,46.00189],[6.99932,46.00153],[6.97381,46.02876],[6.9669,46.03206],[6.95458,46.0535],[6.93882,46.0577],[6.94115,46.06512],[6.93874,46.06688],[6.93021,46.06601],[6.91759,46.05478],[6.89613,46.04382],[6.87626,46.05447],[6.8952,46.07679],[6.8926,46.0822],[6.89601,46.08649],[6.88556,46.09729],[6.90312,46.12545],[6.8977,46.12709],[6.85345,46.12842],[6.84605,46.13349],[6.81939,46.13021],[6.80402,46.13679],[6.79376,46.15436],[6.81578,46.18319],[6.81081,46.19818],[6.82455,46.23123],[6.82435,46.23509],[6.83335,46.23681],[6.85864,46.26095],[6.86372,46.29227],[6.8517,46.29106],[6.83214,46.30483],[6.82769,46.31252],[6.82267,46.31656],[6.80563,46.31959],[6.80035,46.33333],[6.79148,46.33245],[6.7782,46.34749],[6.77606,46.36219],[6.80944,46.38023],[6.80915,46.39368],[6.72551,46.40831],[6.63677,46.40672],[6.54507,46.39479],[6.51488,46.40487],[6.4843,46.39338],[6.47732,46.37561],[6.41351,46.36003],[6.38925,46.34005],[6.36094,46.34786],[6.34353,46.37011],[6.30354,46.36605],[6.27785,46.35038],[6.23532,46.28911],[6.19913,46.26397],[6.19382,46.23842],[6.17222,46.21187],[6.15603,46.20847],[6.15437,46.20694],[6.1613,46.20608],[6.17929,46.21359],[6.17851,46.21494],[6.19794,46.23842],[6.19735,46.24468],[6.20216,46.26383],[6.21608,46.2668],[6.2423,46.29098],[6.24791,46.30262],[6.24725,46.30501],[6.24875,46.30555],[6.2605,46.29107],[6.24445,46.28234],[6.25736,46.26297],[6.26985,46.25559],[6.26826,46.25307],[6.27435,46.24959],[6.30318,46.26491],[6.30209,46.25979],[6.30365,46.25709],[6.30847,46.25652],[6.31041,46.25748],[6.31568,46.25701],[6.31557,46.24762],[6.29834,46.22428],[6.2517,46.20688],[6.25113,46.20541],[6.24224,46.20678],[6.23033,46.20174],[6.22873,46.19954],[6.19272,46.17889],[6.18224,46.15884],[6.15883,46.15231],[6.15368,46.14819],[6.15074,46.14554],[6.13511,46.14046],[6.10577,46.14417],[6.1034,46.14279],[6.10033,46.14578],[6.10357,46.14811],[6.09957,46.15224],[6.08315,46.14891],[6.08131,46.15014],[6.05922,46.15174],[6.04449,46.13517],[6.03054,46.14094],[5.99073,46.14293],[5.97783,46.13212],[5.97637,46.13064],[5.96562,46.12893],[5.96266,46.13265],[5.98331,46.16214],[5.98955,46.17547],[5.99427,46.17282],[5.99745,46.17766],[5.9959,46.17931],[6.00088,46.18397],[5.97046,46.19797],[5.97871,46.20403],[5.98623,46.22009],[5.99979,46.21849],[5.99754,46.2242],[6.00669,46.22463],[6.00763,46.22339],[6.04038,46.24072],[6.05258,46.23377],[6.0692,46.24786],[6.07515,46.24438],[6.09624,46.2484],[6.10759,46.23967],[6.11608,46.24248],[6.13011,46.25287],[6.12613,46.2617],[6.11549,46.27221],[6.11861,46.27392],[6.10885,46.28549],[6.12747,46.29896],[6.12467,46.30258],[6.13179,46.31905],[6.14418,46.33578],[6.16306,46.35197],[6.17534,46.36776],[6.16344,46.38004],[6.15625,46.37829],[6.12032,46.39925],[6.11764,46.39776],[6.06891,46.41689],[6.07876,46.43277],[6.08928,46.4402],[6.092,46.44566],[6.07943,46.45344],[6.07656,46.46519],[6.10093,46.48072],[6.14241,46.53193],[6.14853,46.52876],[6.15727,46.53606],[6.15297,46.53862],[6.1626,46.5456],[6.14668,46.55931],[6.1329,46.55588],[6.10789,46.57592],[6.2053,46.63511],[6.21028,46.63579],[6.3113,46.69905],[6.36736,46.72382],[6.37491,46.72556],[6.37546,46.72817],[6.37227,46.72835],[6.38947,46.733],[6.3946,46.74234],[6.39364,46.74483],[6.42199,46.75386],[6.4562,46.77514],[6.46186,46.78959],[6.43991,46.8016],[6.43726,46.81358],[6.46436,46.85211],[6.46851,46.89076],[6.43614,46.92866],[6.4757,46.95572],[6.49042,46.96784],[6.50202,46.97514],[6.51055,46.96676],[6.59489,46.99113],[6.64397,47.00276],[6.67661,47.03419],[6.70171,47.03948],[6.72139,47.05129],[6.70497,47.05797],[6.6943,47.0676],[6.70811,47.07385],[6.70943,47.07761],[6.70525,47.08196],[6.72773,47.09119],[6.74515,47.09068],[6.74682,47.09173],[6.74339,47.10872],[6.8038,47.12964],[6.82991,47.14554],[6.8351,47.14651],[6.85875,47.16594],[6.84417,47.17004],[6.84537,47.17234],[6.87184,47.18667],[6.87628,47.18617],[6.88362,47.20124],[6.93039,47.22536],[6.93554,47.23175],[6.94501,47.23471],[6.95795,47.24281],[6.94958,47.25383],[6.95434,47.2696],[6.94347,47.28541],[6.95246,47.2914],[6.95337,47.29224],[6.97668,47.29203],[6.98032,47.29674],[6.99904,47.29619],[7.01202,47.30282],[7.01711,47.31828],[7.0125,47.31931],[7.01232,47.32317],[7.03821,47.32942],[7.05797,47.33388],[7.05535,47.33596],[7.06328,47.34287],[7.05112,47.3469],[7.05165,47.35994],[7.0372,47.36197],[7.03578,47.36666],[7.03546,47.36833],[7.02209,47.36953],[7.01977,47.37223],[7.01624,47.3717],[6.9761,47.35942],[6.93836,47.35654],[6.90871,47.35786],[6.90655,47.35837],[6.89127,47.35151],[6.88283,47.35147],[6.88647,47.36995],[6.89361,47.3774],[6.89863,47.38222],[6.90937,47.38394],[6.91516,47.38888],[6.9134,47.39596],[6.91949,47.40183],[6.91732,47.40412],[6.94113,47.40517],[6.94226,47.43241],[6.95607,47.43518],[6.9607,47.43385],[6.96652,47.43606],[6.98318,47.44886],[7.00406,47.45323],[6.99989,47.4553],[7.00291,47.46168],[7.00243,47.46512],[6.99303,47.46602],[6.99423,47.47009],[6.98526,47.49394],[7.02798,47.50361],[7.04188,47.49761],[7.04419,47.49773],[7.07811,47.49128],[7.07952,47.48794],[7.11518,47.49557],[7.13115,47.50366],[7.16386,47.4905],[7.20556,47.49457],[7.20696,47.49019],[7.19559,47.48683],[7.18323,47.4628],[7.17517,47.44327],[7.19672,47.43884],[7.20042,47.43572],[7.22931,47.4409],[7.25183,47.42311],[7.28485,47.43454],[7.29377,47.43372],[7.3036,47.43822],[7.32867,47.44055],[7.38527,47.43383],[7.38773,47.43258],[7.42263,47.44575],[7.43156,47.45953],[7.44787,47.46214],[7.45818,47.47174],[7.42279,47.47914],[7.43665,47.49803],[7.4642,47.48864],[7.47343,47.48009],[7.48959,47.48197],[7.50315,47.49073],[7.50238,47.49344],[7.51147,47.4973],[7.51117,47.50231],[7.49965,47.51796],[7.50227,47.51952],[7.52644,47.51441],[7.53156,47.52932],[7.52186,47.5335],[7.51878,47.53235],[7.51291,47.52776],[7.50321,47.52798],[7.49983,47.53538],[7.5057,47.54216],[7.55584,47.56343],[7.56883,47.57781],[7.58502,47.57738],[7.58536,47.57772],[7.50658,47.60371],[7.44596,47.70879],[7.54312,48.02423],[7.50214,48.05827],[7.53603,48.19134],[7.68064,48.35852],[7.70458,48.51958],[7.72908,48.61562],[8.1583,48.97835],[7.88571,49.06521],[7.67046,49.05901],[7.46543,49.09933],[7.42281,49.18311],[7.31738,49.18621],[7.285,49.16449],[6.97474,49.13657],[6.95441,49.20174],[6.77724,49.1769],[6.6255,49.30179],[6.43304,49.44533],[6.36796,49.47348],[6.11233,49.47865],[5.8235,49.50711],[5.78785,49.55865],[5.47542,49.48014],[5.41809,49.58262],[5.25128,49.67433],[5.09771,49.76065],[4.85987,49.78224],[4.87707,49.8848],[4.81162,49.96578],[4.86541,50.13372],[4.75492,50.10119],[4.6681,49.96038],[4.46748,49.94473],[4.28463,49.91098],[4.15631,49.96578],[4.18846,50.05495],[4.14782,50.13372],[4.21957,50.24216],[4.05089,50.31809],[3.79146,50.33979],[3.67496,50.33437],[3.60338,50.47004],[3.37032,50.46461],[3.28276,50.52433],[3.19188,50.73072],[3.12284,50.80713],[2.87506,50.68182],[2.75548,50.73916],[2.61573,50.89022],[2.52213,51.09112],[2.4426,51.04803],[2.03033,51.00666],[1.82356,50.93456],[1.58892,50.82188],[1.5283,50.57773],[1.55199,50.22881],[1.41623,50.10984],[1.27452,50.0043],[0.52856,49.8258],[0.18937,49.68103],[0.11505,49.60228],[0.09037,49.51055],[0.33085,49.45496],[0.03287,49.33371],[-0.23936,49.28549],[-0.46495,49.35138],[-1.02319,49.39846],[-1.17714,49.33255],[-1.28866,49.52097],[-1.25097,49.69988],[-1.52425,49.65277],[-1.94128,49.7093],[-1.89154,49.52635],[-1.639,49.21961],[-1.57978,49.22901],[-1.56341,49.03624],[-1.58841,48.88095],[-1.57555,48.76814],[-1.45659,48.68355],[-1.59136,48.6375],[-1.85761,48.60837],[-1.87057,48.71174],[-2.07597,48.65616],[-2.20007,48.59898],[-2.34289,48.67415],[-2.63638,48.552],[-2.79054,48.58958],[-3.09123,48.87155],[-3.43506,48.83646],[-3.55767,48.81008],[-3.60787,48.69295],[-3.82131,48.72115],[-3.90222,48.64596],[-3.99887,48.73054],[-4.25148,48.65191],[-4.4883,48.61227],[-4.6257,48.54667],[-4.76196,48.552],[-4.77963,48.35477],[-4.59202,48.39232],[-4.47379,48.38294],[-4.3502,48.39051],[-4.3889,48.29844],[-4.58797,48.25149],[-4.35098,48.20457],[-4.31287,48.10133],[-4.70031,48.0638],[-4.6754,48.01689],[-4.51013,47.99813],[-4.39094,47.94185],[-4.36437,47.82931],[-3.95484,47.90434],[-3.8581,47.79181],[-3.71187,47.79815],[-3.43353,47.71681],[-3.0627,47.60394],[-2.84247,47.4919],[-2.61365,47.57225],[-2.46554,47.49438],[-2.57648,47.32487],[-2.49371,47.24692],[-2.26375,47.18288],[-2.10948,47.12404],[-2.00465,47.0425],[-2.12966,46.85084],[-1.94248,46.7058],[-1.71073,46.44879],[-1.40267,46.40393],[-1.25606,46.30683],[-1.16598,46.18368],[-1.0752,46.01462],[-1.23651,45.80004],[-1.2474,45.68815],[-1.13839,45.58316],[-0.8547,45.32145],[-0.72849,45.01864],[-0.81423,45.12184],[-0.90036,45.29391],[-1.12344,45.43162],[-1.17519,45.5005],[-1.27551,45.12873],[-1.33178,44.61383],[-1.23032,44.73041],[-1.13585,44.6001],[-1.31438,44.55896],[-1.56141,43.52443],[-1.74607,43.36016],[-1.91458,43.30542],[-1.70239,43.19594],[-1.49138,43.20962],[-1.46565,43.15489],[-1.55767,43.04543],[-1.51513,42.99756],[-1.44755,42.98388],[-1.39727,43.03176],[-0.90735,42.8813],[-0.84002,42.90865],[-0.61198,42.73088],[-0.58679,42.76506],[-0.46884,42.75139],[-0.40991,42.78557],[-0.21614,42.7172],[-0.16563,42.64884],[0.17955,42.66252],[0.19627,42.60783],[0.34784,42.63517],[0.59192,42.62833],[0.58414,42.77189],[0.7442,42.77189],[1.43691,42.63422],[1.45437,42.6129],[1.48111,42.64722],[1.49194,42.65361],[1.55639,42.65639],[1.73861,42.61639],[1.78172,42.56996],[1.77472,42.57111],[1.75389,42.57],[1.74306,42.56361],[1.73528,42.55444],[1.72528,42.53],[1.72361,42.50944],[1.72123,42.50622],[1.91263,42.45394],[1.9721,42.37683],[1.99367,42.30716],[2.17111,42.38232],[2.36317,42.29349],[2.58151,42.28666],[2.59927,42.34814],[2.9365,42.40964],[3.08708,42.36864],[3.0459,42.53946],[3.00189,42.77081],[3.0679,42.94456],[3.31787,43.19595],[3.47871,43.3121],[3.80747,43.46723],[4.0782,43.48709],[4.41676,43.34615],[4.64651,43.32087],[4.75059,43.35326],[4.90985,43.36644],[5.05182,43.3281],[5.43449,43.10366],[5.64655,43.03332],[5.82857,43.02082],[6.18778,43.09229],[6.33122,43.11187],[6.52301,43.15085],[6.92308,43.44767],[7.29762,43.6673],[7.39712,43.76409],[7.55281,43.86745],[7.61877,44.07831],[7.59108,44.2047],[7.2092,44.1731],[6.86978,44.34917],[6.78292,44.54787],[6.92469,44.71502],[7.00347,44.71954],[6.9426,44.86865],[6.66532,44.95452],[6.50732,45.11571],[6.70359,45.1992],[6.78593,45.14932],[7.0292,45.30802],[7.11911,45.43048],[6.92555,45.51668],[6.91433,45.6483],[6.67451,45.80327],[6.95528,45.9389],[7.03695,45.93043]]],[[[6.23525,46.37083],[6.21813,46.35457],[6.21631,46.3486],[6.23525,46.37083]]],[[[6.26456,46.39389],[6.26169,46.39207],[6.27412,46.39014],[6.275,46.3918],[6.26456,46.39389]]],[[[6.35874,46.46215],[6.35425,46.4616],[6.38479,46.4643],[6.39937,46.45869],[6.42617,46.46682],[6.39952,46.46025],[6.38961,46.46537],[6.3866,46.46503],[6.35874,46.46215]]],[[[6.51974,46.51662],[6.51654,46.5149],[6.53546,46.51145],[6.51974,46.51662]]],[[[6.56265,46.50842],[6.55254,46.50833],[6.55879,46.5072],[6.56265,46.50842]]],[[[6.59164,46.51783],[6.5862,46.51585],[6.59204,46.5177],[6.60102,46.51609],[6.59585,46.51922],[6.59164,46.51783]]],[[[6.72659,46.4864],[6.71726,46.48983],[6.70797,46.49582],[6.68188,46.5042],[6.6612,46.50529],[6.68944,46.50022],[6.72087,46.4856],[6.72659,46.4864]]],[[[6.74944,46.48869],[6.74422,46.48809],[6.75065,46.48578],[6.74397,46.48806],[6.7765,46.47344],[6.83204,46.46683],[6.83874,46.46234],[6.83634,46.46855],[6.78026,46.47469],[6.75656,46.48675],[6.74944,46.48869]]],[[[6.86415,46.44805],[6.85763,46.45343],[6.85683,46.45708],[6.84018,46.46137],[6.8579,46.44947],[6.86415,46.44805]]],[[[6.88224,46.44394],[6.88155,46.44563],[6.87187,46.44819],[6.86597,46.44764],[6.88224,46.44394]]],[[[6.92081,46.39502],[6.92547,46.39619],[6.93499,46.4099],[6.92749,46.42114],[6.91942,46.42955],[6.91323,46.43035],[6.9068,46.44023],[6.89382,46.4413],[6.90091,46.43969],[6.93087,46.40835],[6.91909,46.39564],[6.92081,46.39502]]],[[[6.86654,46.39558],[6.87244,46.39342],[6.88758,46.39546],[6.86053,46.39567],[6.85792,46.3882],[6.86391,46.38753],[6.86443,46.39546],[6.86654,46.39558]]],[[[8.62693,41.73209],[8.82325,41.68798],[8.85465,41.65368],[8.72692,41.56057],[8.82875,41.49198],[9.01327,41.45768],[9.03894,41.3695],[9.17302,41.34991],[9.30454,41.57527],[9.35746,41.90121],[9.45251,42.04831],[9.48671,42.40638],[9.45855,42.55606],[9.40549,42.5806],[9.43216,42.79414],[9.41424,42.90953],[9.36705,42.9881],[9.30319,42.98319],[9.27052,42.88251],[9.28039,42.72786],[9.23769,42.66404],[9.14946,42.71067],[9.01843,42.69104],[9.00039,42.63459],[8.879,42.62477],[8.6093,42.48735],[8.50045,42.35978],[8.62842,42.26166],[8.51725,42.2077],[8.5107,42.13412],[8.62645,42.09734],[8.66831,42.02869],[8.58959,41.95759],[8.53793,41.94778],[8.56187,41.8816],[8.69283,41.91346],[8.74245,41.8816],[8.62693,41.73209]]]]}},{"type":"Feature","id":229,"properties":{"name":"Italy","subjecto":"Italy","partof":"Italy","precision":3},"geometry":{"type":"MultiPolygon","coordinates":[[[[15.47289,38.11006],[15.45369,38.16742],[15.38674,38.20555],[14.76587,38.05761],[14.13447,37.97345],[13.80953,37.96642],[13.62796,38.02981],[13.32248,38.22051],[13.06595,38.06693],[12.78284,38.11738],[12.66433,38.0725],[12.51664,37.91917],[12.45415,37.76601],[12.53204,37.63867],[12.63688,37.5815],[13.01157,37.52489],[13.8684,37.15695],[14.21591,37.04932],[14.62202,36.77614],[14.9424,36.73856],[15.02734,36.74512],[15.22063,37.00038],[15.30135,37.0579],[15.11625,37.28694],[15.11218,37.45903],[15.18103,37.68228],[15.42252,38.05257],[15.47289,38.11006]]],[[[9.3062,41.18445],[8.91842,40.94002],[8.76607,40.8628],[8.40555,40.86208],[8.24071,40.85534],[8.15949,40.78468],[8.20155,40.663],[8.42819,40.46485],[8.48798,40.2088],[8.50848,39.94648],[8.46503,39.63994],[8.37422,39.30785],[8.41717,39.2122],[8.58238,39.06577],[8.6961,38.99581],[8.81956,38.97691],[8.93137,39.0537],[8.99852,39.17509],[9.06254,39.21989],[9.29628,39.23312],[9.47892,39.14416],[9.64834,39.45721],[9.69801,39.6935],[9.6308,40.09586],[9.69572,40.31369],[9.78785,40.44196],[9.79374,40.56368],[9.59085,40.90291],[9.3062,41.18445]]],[[[7.20021,45.8622],[7.19574,45.86052],[7.19096,45.86134],[7.18423,45.86612],[7.17976,45.86528],[7.16523,45.87619],[7.1679,45.87933],[7.15938,45.88223],[7.1415,45.87592],[7.1381,45.87069],[7.12352,45.8623],[7.10742,45.86006],[7.10158,45.86369],[7.09689,45.87411],[7.09805,45.87901],[7.0895,45.88691],[7.08457,45.88783],[7.07914,45.89679],[7.06715,45.9029],[7.06769,45.91229],[7.04864,45.9239],[7.04624,45.93203],[7.03721,45.92994],[7.03695,45.93043],[6.95528,45.9389],[6.67451,45.80327],[6.91433,45.6483],[6.92555,45.51668],[7.11911,45.43048],[7.0292,45.30802],[6.78593,45.14932],[6.70359,45.1992],[6.50732,45.11571],[6.66532,44.95452],[6.9426,44.86865],[7.00347,44.71954],[6.92469,44.71502],[6.78292,44.54787],[6.86978,44.34917],[7.2092,44.1731],[7.59108,44.2047],[7.61877,44.07831],[7.55281,43.86745],[7.68912,43.88705],[7.97953,43.96492],[8.18636,44.1264],[8.67172,44.4174],[8.89659,44.43719],[9.15704,44.37324],[9.69194,44.2196],[9.9093,44.11048],[10.13675,43.90477],[10.29248,43.70544],[10.48775,43.23594],[10.74276,42.85051],[11.10476,42.54908],[11.49737,42.37635],[11.96343,42.00474],[12.39485,41.72955],[12.64152,41.5311],[12.97678,41.37138],[13.27145,41.31424],[13.49839,41.30186],[13.79701,41.19345],[13.8525,41.09096],[13.94188,40.99804],[14.05087,40.76751],[14.24,40.85294],[14.37031,40.85147],[14.49459,40.72996],[14.34977,40.64252],[14.33413,40.5936],[14.74332,40.70481],[14.95101,40.55148],[14.99232,40.37222],[14.89867,40.24146],[15.02726,40.2122],[15.43203,39.98897],[15.51592,40.06595],[15.6662,40.09186],[15.75702,39.93363],[15.82467,39.66063],[15.98955,39.42835],[16.08256,39.01247],[16.17721,38.93099],[16.21223,38.77795],[16.15221,38.70127],[15.98985,38.73476],[15.8273,38.62273],[15.93347,38.53992],[15.79087,38.2964],[15.62658,38.23308],[15.62748,38.00421],[15.71023,37.94144],[15.78524,37.90971],[16.05294,37.93117],[16.33069,38.32074],[16.572,38.45712],[16.5222,38.72502],[16.61333,38.82733],[16.7977,38.92586],[17.09469,38.91502],[17.18071,39.02221],[17.121,39.08602],[17.10742,39.28047],[17.14907,39.4218],[16.87399,39.54365],[16.5321,39.69751],[16.53501,39.83157],[16.62385,39.96775],[16.60441,40.08991],[16.72756,40.1836],[16.84413,40.36314],[16.94871,40.48109],[17.08408,40.52511],[17.2428,40.49576],[17.20417,40.39794],[17.40165,40.29193],[17.61915,40.28784],[17.8496,40.2435],[17.96775,40.16689],[18.01707,39.94789],[18.16013,39.87313],[18.36492,39.74672],[18.52265,40.09413],[18.38361,40.30775],[18.05994,40.51353],[18.03392,40.59665],[17.31927,40.92925],[16.94596,41.09381],[16.42027,41.27872],[15.99104,41.40614],[15.87325,41.50214],[15.98915,41.63465],[16.19841,41.74567],[16.18741,41.84086],[16.01284,41.90432],[15.44861,41.85673],[14.92241,41.97177],[14.73853,42.04716],[14.71996,42.14176],[14.51931,42.2297],[14.40493,42.35311],[14.09277,42.60953],[13.91509,42.87276],[13.79163,43.12334],[13.73156,43.37416],[13.60087,43.5348],[12.69723,43.93476],[12.34508,44.30104],[12.28073,44.55012],[12.27358,44.67264],[12.47604,44.78709],[12.52309,44.88275],[12.40899,44.98901],[12.32214,45.04237],[12.31251,45.17829],[12.17619,45.21429],[12.18037,45.27028],[12.25142,45.29028],[12.27974,45.40229],[12.48321,45.46231],[12.44816,45.39429],[12.89865,45.55837],[13.10461,45.58239],[13.15617,45.72652],[13.3677,45.69449],[13.43773,45.63843],[13.56461,45.72652],[13.67318,45.71451],[13.79998,45.56637],[13.82496,45.66269],[13.69714,45.75176],[13.53506,45.80127],[13.59201,45.96381],[13.44074,46.00389],[13.60634,46.13214],[13.522,46.21557],[13.38871,46.21633],[13.34447,46.28451],[13.6211,46.42088],[13.5689,46.51043],[13.35401,46.56066],[12.95189,46.59746],[12.36185,46.70854],[12.21781,46.88432],[12.07475,46.92751],[12.06433,47.09104],[11.6786,46.98921],[11.54326,47.03549],[11.34297,46.98613],[11.26085,47.02315],[11.0958,46.97995],[10.94784,46.79488],[10.67936,46.8103],[10.47187,46.86671],[10.47052,46.85842],[10.47273,46.87205],[10.46559,46.88562],[10.46515,46.88468],[10.47002,46.85524],[10.46229,46.84488],[10.46323,46.83754],[10.45847,46.83673],[10.45539,46.83357],[10.45747,46.82746],[10.45372,46.82317],[10.45574,46.81884],[10.44619,46.80373],[10.42861,46.79938],[10.42477,46.79343],[10.4207,46.79144],[10.42261,46.79024],[10.4277,46.78886],[10.4321,46.78624],[10.43297,46.78277],[10.44051,46.77663],[10.44058,46.77266],[10.44273,46.76519],[10.43965,46.75399],[10.43244,46.75532],[10.39978,46.73674],[10.40541,46.7343],[10.41716,46.7223],[10.41538,46.72036],[10.41324,46.71217],[10.40497,46.7082],[10.40085,46.70789],[10.38815,46.69004],[10.37908,46.68787],[10.38276,46.6859],[10.38461,46.68387],[10.39089,46.67431],[10.3891,46.67216],[10.3907,46.66032],[10.39458,46.65396],[10.3979,46.65106],[10.39833,46.64541],[10.39755,46.64229],[10.4004,46.6417],[10.40604,46.63978],[10.41896,46.643],[10.4395,46.64435],[10.44325,46.64634],[10.44922,46.64462],[10.46338,46.63548],[10.48498,46.62145],[10.48936,46.62112],[10.49111,46.61993],[10.48898,46.61476],[10.48331,46.60844],[10.48538,46.60494],[10.48331,46.5981],[10.48524,46.59492],[10.48257,46.58559],[10.48405,46.58242],[10.47741,46.57768],[10.47373,46.57172],[10.47276,46.56799],[10.47604,46.56205],[10.46932,46.55325],[10.47012,46.54874],[10.46338,46.54474],[10.45763,46.54468],[10.45782,46.5429],[10.45038,46.53453],[10.43872,46.53953],[10.41408,46.55562],[10.39396,46.54768],[10.37889,46.55412],[10.36429,46.55804],[10.35023,46.55829],[10.34624,46.55191],[10.33526,46.54498],[10.32859,46.55277],[10.32415,46.55466],[10.30934,46.54939],[10.30511,46.55231],[10.29278,46.55355],[10.29118,46.55485],[10.29156,46.55891],[10.29175,46.56245],[10.29103,46.5631],[10.28868,46.56441],[10.28393,46.57152],[10.28257,46.57437],[10.27134,46.57653],[10.26836,46.57744],[10.26759,46.57996],[10.26407,46.57921],[10.25182,46.57377],[10.24236,46.57796],[10.23847,46.58714],[10.23826,46.59738],[10.24689,46.60563],[10.2539,46.61485],[10.24116,46.62571],[10.23745,46.62997],[10.23576,46.63795],[10.21791,46.63002],[10.21528,46.62341],[10.21343,46.62272],[10.21114,46.62246],[10.20558,46.62614],[10.19932,46.62796],[10.19073,46.62608],[10.18982,46.62881],[10.18095,46.62725],[10.16036,46.61886],[10.14984,46.61764],[10.13946,46.61318],[10.13587,46.614],[10.13585,46.61066],[10.13108,46.6092],[10.11969,46.60874],[10.09991,46.61264],[10.09631,46.59873],[10.10099,46.58964],[10.10027,46.58747],[10.09426,46.57946],[10.07871,46.5772],[10.07984,46.57572],[10.08406,46.57238],[10.08484,46.56986],[10.0765,46.56358],[10.06957,46.56112],[10.06559,46.55432],[10.05514,46.54809],[10.04399,46.54594],[10.0421,46.54149],[10.04618,46.53837],[10.05137,46.53637],[10.05161,46.53512],[10.04968,46.53276],[10.05173,46.5254],[10.04948,46.51679],[10.04787,46.51495],[10.04037,46.51303],[10.04155,46.50945],[10.04487,46.50635],[10.04621,46.50287],[10.04509,46.50165],[10.04387,46.49551],[10.04593,46.49129],[10.04126,46.48565],[10.04286,46.48144],[10.04573,46.47835],[10.05019,46.47094],[10.05103,46.46675],[10.04758,46.46108],[10.04452,46.46032],[10.04042,46.45696],[10.03782,46.45013],[10.0396,46.44665],[10.05065,46.4442],[10.0536,46.44581],[10.05516,46.44379],[10.05518,46.44128],[10.05805,46.43224],[10.06321,46.42993],[10.07256,46.43264],[10.07838,46.43147],[10.0798,46.42955],[10.07995,46.42673],[10.08625,46.42596],[10.08845,46.42769],[10.09684,46.42635],[10.10019,46.43003],[10.10259,46.42976],[10.10573,46.43209],[10.11321,46.43077],[10.11744,46.4337],[10.12807,46.43492],[10.13037,46.43278],[10.13688,46.43325],[10.1404,46.43129],[10.14253,46.42873],[10.14816,46.41806],[10.15049,46.41936],[10.15582,46.42028],[10.15908,46.41905],[10.16569,46.40981],[10.15939,46.40777],[10.16135,46.3905],[10.15291,46.38756],[10.14196,46.38876],[10.12529,46.38132],[10.12577,46.37598],[10.12395,46.37289],[10.12698,46.36447],[10.11807,46.36133],[10.1121,46.35657],[10.10637,46.35639],[10.10316,46.33798],[10.10966,46.32958],[10.11504,46.31714],[10.11756,46.31635],[10.12853,46.31307],[10.13618,46.30944],[10.13697,46.30734],[10.13675,46.30588],[10.13709,46.30378],[10.14545,46.29962],[10.14784,46.29925],[10.15283,46.29673],[10.15431,46.29346],[10.15178,46.29102],[10.1592,46.28604],[10.16184,46.27616],[10.16764,46.27488],[10.17138,46.27166],[10.17388,46.26763],[10.17524,46.26206],[10.17295,46.25846],[10.14891,46.24462],[10.14219,46.23392],[10.12883,46.2286],[10.11976,46.22756],[10.09952,46.23168],[10.08858,46.23224],[10.07998,46.22879],[10.06933,46.22037],[10.06032,46.22349],[10.05544,46.22809],[10.04604,46.23248],[10.03875,46.23411],[10.03948,46.2367],[10.04949,46.24138],[10.051,46.24751],[10.05644,46.25386],[10.05234,46.26209],[10.05094,46.27027],[10.04661,46.27078],[10.0247,46.28109],[10.00206,46.28587],[9.9921,46.28829],[9.98669,46.30073],[9.99255,46.30362],[9.99518,46.30816],[9.99123,46.31044],[9.99288,46.31343],[9.99588,46.31618],[9.987,46.31941],[9.98075,46.32403],[9.97596,46.32758],[9.98215,46.34018],[9.99157,46.34801],[9.99057,46.35221],[9.99028,46.35556],[9.97915,46.3558],[9.96478,46.36416],[9.95121,46.37635],[9.95158,46.37781],[9.9531,46.38122],[9.93074,46.377],[9.92858,46.37601],[9.92802,46.37069],[9.92325,46.3686],[9.9192,46.369],[9.91895,46.37319],[9.91597,46.37408],[9.91261,46.37311],[9.90387,46.3828],[9.88215,46.37616],[9.87906,46.37132],[9.86478,46.36567],[9.86019,46.36754],[9.84632,46.36741],[9.84153,46.3648],[9.83795,46.3656],[9.83095,46.36418],[9.82899,46.36088],[9.81839,46.35316],[9.8119,46.35288],[9.8034,46.34825],[9.79048,46.3458],[9.7761,46.33753],[9.76459,46.33943],[9.75778,46.34228],[9.75159,46.34857],[9.745,46.34964],[9.7414,46.35336],[9.73319,46.35154],[9.72293,46.34454],[9.7237,46.3415],[9.72531,46.34032],[9.72704,46.33517],[9.71876,46.32834],[9.718,46.32491],[9.72147,46.32505],[9.72634,46.32276],[9.72624,46.32036],[9.72399,46.31383],[9.71679,46.3075],[9.71328,46.29619],[9.70265,46.294],[9.69359,46.29679],[9.68577,46.29694],[9.67899,46.3002],[9.67881,46.30302],[9.67501,46.30571],[9.669,46.30248],[9.66659,46.29898],[9.66197,46.30001],[9.65414,46.2963],[9.64961,46.29607],[9.6475,46.29246],[9.63697,46.289],[9.62382,46.29123],[9.61657,46.29054],[9.60782,46.29728],[9.59973,46.29805],[9.59183,46.29632],[9.58726,46.2987],[9.57477,46.29872],[9.55732,46.3099],[9.54779,46.30506],[9.5331,46.31399],[9.51497,46.33112],[9.51488,46.33269],[9.51511,46.33477],[9.51272,46.33513],[9.51127,46.33651],[9.50815,46.34147],[9.50753,46.34472],[9.50555,46.35551],[9.49831,46.35908],[9.49685,46.36046],[9.49609,46.36392],[9.49056,46.36892],[9.46182,46.37778],[9.46064,46.37842],[9.45992,46.387],[9.46405,46.38849],[9.46555,46.39222],[9.46534,46.39828],[9.46219,46.41034],[9.4547,46.41934],[9.45311,46.42124],[9.45459,46.43207],[9.45592,46.44301],[9.45624,46.45897],[9.45682,46.4623],[9.45778,46.4674],[9.46213,46.47046],[9.4614,46.47517],[9.46095,46.47893],[9.46062,46.48207],[9.4555,46.48258],[9.45473,46.48614],[9.44959,46.48591],[9.44929,46.48195],[9.44702,46.48189],[9.44709,46.48773],[9.45877,46.48889],[9.45971,46.49377],[9.46006,46.50264],[9.45963,46.50703],[9.45977,46.51058],[9.43302,46.49883],[9.42599,46.49279],[9.42472,46.47945],[9.41316,46.46921],[9.39993,46.47069],[9.39528,46.47149],[9.38973,46.47316],[9.39521,46.47161],[9.39443,46.47307],[9.38937,46.47514],[9.38675,46.48155],[9.37859,46.48545],[9.37532,46.48686],[9.37334,46.49044],[9.37052,46.49184],[9.36594,46.4986],[9.3697,46.5024],[9.37044,46.50583],[9.36128,46.51151],[9.35553,46.50722],[9.35286,46.50842],[9.3384,46.50562],[9.33622,46.50806],[9.32562,46.50729],[9.31257,46.50573],[9.28952,46.49942],[9.28302,46.49921],[9.27495,46.48462],[9.27668,46.4824],[9.27813,46.4806],[9.27454,46.46876],[9.27595,46.46613],[9.2783,46.46432],[9.27556,46.45935],[9.25956,46.45083],[9.25079,46.45024],[9.24771,46.44862],[9.24864,46.43618],[9.25033,46.43282],[9.26395,46.42561],[9.26431,46.42279],[9.27046,46.42196],[9.2759,46.42219],[9.28244,46.41102],[9.28188,46.40801],[9.27989,46.4072],[9.2823,46.40299],[9.27687,46.39848],[9.27754,46.39618],[9.28432,46.38762],[9.28182,46.38525],[9.27709,46.37928],[9.27729,46.37228],[9.28194,46.36313],[9.29508,46.35979],[9.29701,46.35485],[9.29678,46.35266],[9.29863,46.34961],[9.29893,46.34522],[9.29644,46.34317],[9.29101,46.33856],[9.29559,46.33212],[9.29941,46.32924],[9.29494,46.32639],[9.29302,46.31912],[9.28376,46.31707],[9.28192,46.31178],[9.28407,46.30465],[9.28314,46.29955],[9.27069,46.29213],[9.26635,46.28426],[9.25947,46.28113],[9.25734,46.27198],[9.25139,46.26968],[9.254,46.26671],[9.25,46.25978],[9.24979,46.24518],[9.24646,46.23594],[9.24538,46.23512],[9.23372,46.23708],[9.22702,46.23447],[9.22024,46.23405],[9.22211,46.22713],[9.21923,46.21768],[9.21186,46.2132],[9.20402,46.21227],[9.20094,46.21003],[9.19567,46.19643],[9.19658,46.19245],[9.19725,46.18994],[9.19663,46.18932],[9.19382,46.18175],[9.18573,46.1779],[9.17893,46.17206],[9.17569,46.17409],[9.16851,46.17482],[9.16065,46.17306],[9.15469,46.16532],[9.13522,46.15747],[9.12076,46.13743],[9.11538,46.13803],[9.1042,46.13548],[9.09834,46.13045],[9.07836,46.12499],[9.07211,46.12164],[9.07457,46.11868],[9.08664,46.09764],[9.08907,46.09374],[9.08734,46.08667],[9.0778,46.07867],[9.07699,46.0672],[9.06132,46.06429],[9.04724,46.06459],[9.04462,46.06191],[9.02612,46.05465],[9.01786,46.05393],[9.01553,46.05135],[9.01694,46.04841],[9.01707,46.04768],[9.01628,46.04644],[9.00956,46.04204],[9.00736,46.03362],[9.01323,46.02968],[9.02193,46.02058],[9.02286,46.01066],[9.02614,46.00143],[9.02809,45.99671],[9.02358,45.99604],[9.02167,45.99231],[9.01208,45.99171],[9.01043,45.98662],[9.00602,45.98428],[8.99612,45.98337],[8.99532,45.97649],[8.99069,45.97676],[8.98885,45.97522],[8.99442,45.97139],[8.99573,45.97022],[9.01073,45.96689],[9.01336,45.96498],[9.01421,45.96319],[9.0169,45.95345],[9.0127,45.94798],[9.02137,45.94306],[9.02178,45.9418],[9.02154,45.93867],[9.02066,45.93451],[9.0235,45.93437],[9.02894,45.93168],[9.04346,45.93232],[9.05163,45.92615],[9.05986,45.92646],[9.05909,45.92083],[9.06691,45.91769],[9.06762,45.91654],[9.07034,45.91744],[9.07434,45.91634],[9.0757,45.91235],[9.07535,45.91069],[9.07622,45.90494],[9.08091,45.90696],[9.08705,45.90729],[9.08718,45.90217],[9.08354,45.90024],[9.08148,45.89641],[9.07666,45.89512],[9.07797,45.88947],[9.06468,45.87974],[9.0548,45.87873],[9.05032,45.86909],[9.05198,45.8602],[9.05224,45.85873],[9.05191,45.85801],[9.05114,45.85708],[9.04257,45.8501],[9.03852,45.84943],[9.03584,45.84487],[9.03712,45.84277],[9.03736,45.84068],[9.03671,45.83912],[9.03169,45.83084],[9.03398,45.82799],[9.03074,45.82439],[9.02123,45.82546],[9.01499,45.82116],[9.00564,45.82285],[8.99711,45.82672],[8.99291,45.82595],[8.99055,45.82681],[8.99076,45.82879],[8.99402,45.83814],[8.9849,45.84233],[8.98081,45.8403],[8.97606,45.84099],[8.97235,45.83686],[8.96535,45.83696],[8.95976,45.83974],[8.95783,45.84509],[8.95133,45.84747],[8.93224,45.8425],[8.92867,45.83764],[8.92183,45.83846],[8.91307,45.83429],[8.911,45.83505],[8.91042,45.83579],[8.9144,45.84983],[8.93131,45.86714],[8.9375,45.86967],[8.94458,45.87187],[8.94003,45.87464],[8.93489,45.87241],[8.93201,45.8761],[8.92983,45.88855],[8.92174,45.89784],[8.92104,45.89972],[8.91987,45.90057],[8.923,45.90554],[8.918,45.91354],[8.91441,45.91859],[8.90103,45.92806],[8.89388,45.93621],[8.89448,45.94307],[8.89828,45.94985],[8.89677,45.95637],[8.89351,45.95982],[8.88727,45.96059],[8.8806,45.96031],[8.8754,45.96236],[8.86376,45.96761],[8.8589,45.9702],[8.8467,45.97807],[8.84173,45.9821],[8.84123,45.98576],[8.83182,45.99182],[8.81983,45.99102],[8.81362,45.9936],[8.79602,45.99568],[8.79025,45.99262],[8.78533,45.99299],[8.79335,46.01387],[8.79808,46.01716],[8.80521,46.02667],[8.82042,46.03015],[8.8288,46.04132],[8.82912,46.04726],[8.83374,46.04647],[8.83409,46.04866],[8.83068,46.04985],[8.82773,46.05145],[8.83433,46.05742],[8.84382,46.05397],[8.85221,46.06514],[8.852,46.07391],[8.85079,46.07872],[8.83199,46.0873],[8.81733,46.09957],[8.80711,46.10429],[8.80048,46.09716],[8.79971,46.09665],[8.7825,46.09758],[8.77332,46.10207],[8.75858,46.1061],[8.7561,46.10863],[8.73959,46.12372],[8.72145,46.10836],[8.713,46.0982],[8.6977,46.1052],[8.68795,46.1052],[8.68132,46.10986],[8.67975,46.11332],[8.67586,46.11337],[8.67176,46.11143],[8.65852,46.11584],[8.64752,46.12618],[8.61329,46.12465],[8.61014,46.13105],[8.61037,46.13491],[8.60301,46.14082],[8.59501,46.14529],[8.59509,46.14904],[8.60047,46.15452],[8.60108,46.15535],[8.60426,46.15636],[8.60356,46.15866],[8.58828,46.15965],[8.58778,46.16445],[8.58571,46.16593],[8.57522,46.16624],[8.573,46.16793],[8.56997,46.18038],[8.56473,46.18763],[8.55562,46.1898],[8.55349,46.19546],[8.54011,46.20185],[8.53589,46.20846],[8.53406,46.21421],[8.53195,46.2207],[8.52269,46.22361],[8.512,46.22224],[8.50445,46.22753],[8.4922,46.2314],[8.47018,46.23472],[8.46692,46.23684],[8.46459,46.24061],[8.46483,46.24541],[8.46188,46.24784],[8.44345,46.25112],[8.44228,46.2527],[8.44162,46.2575],[8.44332,46.25958],[8.45125,46.26525],[8.45564,46.26678],[8.44997,46.27695],[8.43591,46.28854],[8.43304,46.29587],[8.42788,46.30134],[8.42775,46.30218],[8.43216,46.30475],[8.44062,46.30635],[8.43829,46.31043],[8.44064,46.3148],[8.44028,46.32002],[8.4435,46.32291],[8.45405,46.32366],[8.45379,46.32554],[8.45583,46.32948],[8.45947,46.33112],[8.46422,46.33526],[8.46187,46.35343],[8.46146,46.35542],[8.46398,46.36093],[8.47097,46.364],[8.46727,46.36716],[8.46583,46.37051],[8.46678,46.3801],[8.46404,46.38639],[8.46212,46.38849],[8.46172,46.39121],[8.46726,46.39669],[8.47015,46.39823],[8.46348,46.40382],[8.46454,46.41132],[8.46714,46.41318],[8.46273,46.41885],[8.46064,46.42033],[8.45729,46.42589],[8.45748,46.42787],[8.45983,46.43265],[8.45718,46.43591],[8.45705,46.43685],[8.46013,46.43985],[8.46332,46.44097],[8.46568,46.44606],[8.46269,46.44734],[8.46138,46.44985],[8.46158,46.45204],[8.45337,46.4567],[8.45003,46.4633],[8.44478,46.46502],[8.43888,46.46423],[8.4374,46.46581],[8.42452,46.46331],[8.41691,46.45993],[8.4127,46.46069],[8.40664,46.4596],[8.40401,46.45597],[8.39995,46.45662],[8.39675,46.45529],[8.39399,46.45302],[8.38947,46.45316],[8.3816,46.45208],[8.37214,46.45455],[8.36015,46.45078],[8.35048,46.44147],[8.34394,46.43859],[8.33947,46.4332],[8.32699,46.42651],[8.31958,46.42573],[8.31625,46.42492],[8.31188,46.42495],[8.31053,46.42559],[8.30875,46.42696],[8.30707,46.42624],[8.30616,46.42552],[8.29782,46.4141],[8.29279,46.4109],[8.29531,46.40828],[8.30415,46.40508],[8.31111,46.4067],[8.31987,46.39839],[8.31829,46.39434],[8.31719,46.39163],[8.31973,46.39057],[8.3203,46.38848],[8.31831,46.38693],[8.31585,46.38381],[8.31443,46.38017],[8.30956,46.37739],[8.30322,46.37671],[8.29106,46.37053],[8.28494,46.36484],[8.27475,46.36794],[8.26507,46.3655],[8.26293,46.36374],[8.26441,46.36185],[8.2671,46.36069],[8.26735,46.35745],[8.26731,46.35515],[8.26273,46.35122],[8.26371,46.34662],[8.25317,46.3468],[8.25265,46.34232],[8.24315,46.34144],[8.23698,46.3418],[8.22544,46.33572],[8.22463,46.33228],[8.22611,46.33039],[8.22638,46.32799],[8.22468,46.32539],[8.21725,46.32179],[8.21332,46.31096],[8.19968,46.30437],[8.19367,46.30524],[8.1802,46.29959],[8.16454,46.29854],[8.15867,46.29847],[8.15405,46.30152],[8.1461,46.30365],[8.1416,46.30441],[8.13737,46.30318],[8.12886,46.29687],[8.12357,46.29502],[8.11438,46.28297],[8.10744,46.28134],[8.08862,46.26777],[8.08812,46.26402],[8.08314,46.26238],[8.08387,46.2607],[8.08805,46.25839],[8.09313,46.25627],[8.10274,46.25538],[8.10391,46.25287],[8.10813,46.25389],[8.11039,46.25399],[8.11381,46.25115],[8.1149,46.24227],[8.11696,46.23965],[8.12207,46.2391],[8.12708,46.23229],[8.13516,46.22985],[8.13953,46.23013],[8.14114,46.227],[8.14414,46.21623],[8.14888,46.2113],[8.15096,46.20972],[8.15482,46.19593],[8.16673,46.18897],[8.16843,46.18124],[8.1669,46.17968],[8.16192,46.17752],[8.15382,46.16693],[8.15238,46.16099],[8.15661,46.1523],[8.15001,46.14149],[8.14126,46.138],[8.13588,46.13917],[8.12625,46.13735],[8.11821,46.13072],[8.11765,46.12206],[8.11596,46.11884],[8.11369,46.1177],[8.1105,46.11407],[8.10299,46.11317],[8.10072,46.11152],[8.08419,46.10806],[8.0701,46.10834],[8.05821,46.10444],[8.05237,46.10499],[8.0486,46.10292],[8.03721,46.10287],[8.03657,46.10027],[8.03562,46.09506],[8.0322,46.08464],[8.02596,46.07705],[8.02719,46.06662],[8.03775,46.04758],[8.03488,46.04498],[8.03292,46.04384],[8.02526,46.04179],[8.01603,46.03339],[8.01913,46.0292],[8.01956,46.02774],[8.0191,46.0269],[8.01473,46.02432],[8.0144,46.0215],[8.01572,46.0192],[8.01463,46.01545],[8.01357,46.0141],[8.00309,46.01383],[8.00261,46.01133],[8.00049,46.00873],[7.99713,46.00238],[7.99275,45.99886],[7.97722,46.00133],[7.96013,45.99785],[7.95282,45.99987],[7.93276,45.99797],[7.93008,45.99902],[7.92094,45.99781],[7.91287,45.99878],[7.9082,45.99535],[7.90819,45.99389],[7.90637,45.99129],[7.90382,45.99046],[7.89718,45.98413],[7.89655,45.981],[7.89401,45.98049],[7.88082,45.9772],[7.88312,45.96728],[7.87996,45.96478],[7.8794,45.95216],[7.87237,45.95062],[7.87258,45.94081],[7.87436,45.93903],[7.87936,45.93057],[7.8786,45.92848],[7.87708,45.92588],[7.87331,45.92141],[7.86958,45.92152],[7.86612,45.91955],[7.85869,45.92323],[7.83913,45.92423],[7.83198,45.9277],[7.82288,45.92898],[7.8082,45.92287],[7.80488,45.91933],[7.79639,45.92217],[7.79179,45.92709],[7.78047,45.9315],[7.76828,45.9405],[7.75096,45.94222],[7.73756,45.92629],[7.72277,45.9259],[7.71489,45.93114],[7.71267,45.93636],[7.7088,45.93762],[7.71093,45.94544],[7.71007,45.95264],[7.70009,45.95808],[7.68276,45.9601],[7.6786,45.96459],[7.67802,45.96824],[7.6664,45.97807],[7.66028,45.97892],[7.6441,45.97279],[7.62318,45.97448],[7.6112,45.97116],[7.58729,45.97411],[7.58252,45.97766],[7.58061,45.9883],[7.57688,45.99112],[7.55129,45.98749],[7.54964,45.98541],[7.54963,45.98311],[7.54574,45.97967],[7.54588,45.97466],[7.54929,45.9636],[7.54434,45.95912],[7.54135,45.95797],[7.53568,45.95985],[7.52581,45.96038],[7.51954,45.96435],[7.5149,45.96101],[7.50862,45.96059],[7.5025,45.96404],[7.49995,45.96018],[7.49845,45.95872],[7.49576,45.9583],[7.49203,45.9583],[7.48276,45.95476],[7.47692,45.951],[7.47662,45.9486],[7.47751,45.93796],[7.47616,45.93723],[7.47138,45.9365],[7.46331,45.93786],[7.45912,45.93462],[7.44852,45.93337],[7.44687,45.93034],[7.43118,45.9174],[7.42685,45.91625],[7.42536,45.91416],[7.41177,45.91051],[7.40594,45.91228],[7.39684,45.90288],[7.38848,45.8986],[7.37354,45.90495],[7.36548,45.90536],[7.35965,45.90879],[7.3589,45.91224],[7.34769,45.91661],[7.33292,45.912],[7.32709,45.91189],[7.32171,45.91313],[7.31976,45.91803],[7.31214,45.91959],[7.30557,45.91895],[7.29809,45.92301],[7.29511,45.92258],[7.29079,45.91861],[7.28856,45.91392],[7.28692,45.91203],[7.286,45.91085],[7.28483,45.90904],[7.28409,45.90734],[7.28276,45.90493],[7.28112,45.90389],[7.27619,45.90252],[7.26144,45.89185],[7.25427,45.89549],[7.24322,45.89328],[7.23337,45.89482],[7.22128,45.89219],[7.2204,45.88791],[7.21251,45.88424],[7.20567,45.87776],[7.20374,45.87483],[7.20541,45.8667],[7.20021,45.8622]]]]}},{"type":"Feature","id":230,"properties":{"name":"American Samoa","subjecto":"American Samoa","partof":"American Samoa","precision":3},"geometry":{"type":"MultiPolygon","coordinates":[[[[-170.55029,-14.29833],[-170.54251,-14.2975],[-170.53668,-14.28889],[-170.54004,-14.28389],[-170.54837,-14.2825],[-170.56082,-14.28778],[-170.55588,-14.295],[-170.55029,-14.29833]]],[[[-170.74942,-14.37389],[-170.7439,-14.37555],[-170.63727,-14.28945],[-170.57861,-14.27917],[-170.56332,-14.2725],[-170.56003,-14.26584],[-170.56555,-14.25584],[-170.57028,-14.25278],[-170.66806,-14.25556],[-170.68167,-14.25806],[-170.79501,-14.29806],[-170.80029,-14.30056],[-170.80917,-14.30806],[-170.82611,-14.325],[-170.82227,-14.32945],[-170.74942,-14.37389]]],[[[-169.50946,-14.27667],[-169.44,-14.26056],[-169.43832,-14.25667],[-169.43945,-14.23167],[-169.44559,-14.22666],[-169.44977,-14.22639],[-169.51532,-14.22666],[-169.53394,-14.22972],[-169.53613,-14.23167],[-169.53723,-14.23778],[-169.53555,-14.24278],[-169.5217,-14.26833],[-169.51779,-14.27278],[-169.50946,-14.27667]]],[[[-169.63141,-14.19083],[-169.62558,-14.18972],[-169.62308,-14.18389],[-169.62195,-14.16861],[-169.62613,-14.16694],[-169.64056,-14.17167],[-169.64474,-14.17611],[-169.6442,-14.18111],[-169.64169,-14.18611],[-169.63141,-14.19083]]],[[[-169.68695,-14.19194],[-169.68112,-14.19167],[-169.66144,-14.18333],[-169.65976,-14.17917],[-169.66223,-14.175],[-169.68307,-14.16667],[-169.69086,-14.1675],[-169.69415,-14.17361],[-169.69415,-14.18528],[-169.69305,-14.18889],[-169.68695,-14.19194]]]]}},{"type":"Feature","id":231,"properties":{"name":"Fiji","subjecto":"Fiji","partof":"Fiji","precision":3},"geometry":{"type":"MultiPolygon","coordinates":[[[[-178.7056,-20.67084],[-178.72086,-20.64806],[-178.72446,-20.64473],[-178.73056,-20.64611],[-178.73776,-20.65972],[-178.73721,-20.66612],[-178.73334,-20.66944],[-178.71503,-20.67444],[-178.70776,-20.67444],[-178.7056,-20.67084]]],[[[-178.20392,-19.8275],[-178.20975,-19.82639],[-178.2128,-19.8275],[-178.22168,-19.84],[-178.22305,-19.84555],[-178.22168,-19.85111],[-178.2164,-19.85334],[-178.21143,-19.8525],[-178.20166,-19.84362],[-178.19809,-19.83584],[-178.20392,-19.8275]]],[[[-178.39279,-19.13055],[-178.39862,-19.12917],[-178.41113,-19.14362],[-178.42505,-19.1775],[-178.4231,-19.18222],[-178.41864,-19.185],[-178.3967,-19.185],[-178.39142,-19.17611],[-178.38641,-19.15945],[-178.38641,-19.13889],[-178.38837,-19.13389],[-178.39279,-19.13055]]],[[[179.75833,-19.13028],[179.75388,-19.13306],[179.73969,-19.18194],[179.74023,-19.18805],[179.74661,-19.19583],[179.77469,-19.1975],[179.79358,-19.18778],[179.79749,-19.18444],[179.78915,-19.14167],[179.77747,-19.125],[179.77304,-19.12333],[179.75833,-19.13028]]],[[[-178.54587,-19.18195],[-178.5386,-19.18195],[-178.55084,-19.11778],[-178.55444,-19.11417],[-178.5639,-19.10945],[-178.56973,-19.10805],[-178.57642,-19.10861],[-178.58585,-19.11361],[-178.59332,-19.12056],[-178.59915,-19.12862],[-178.60141,-19.13361],[-178.60141,-19.14583],[-178.59695,-19.15583],[-178.59332,-19.15916],[-178.58029,-19.1675],[-178.55612,-19.17917],[-178.54587,-19.18195]]],[[[178.17249,-19.07056],[178.18802,-19.04917],[178.19193,-19.04583],[178.30304,-18.99917],[178.32553,-19.00278],[178.32913,-19.00639],[178.32803,-19.02778],[178.33746,-19.05056],[178.38052,-19.05194],[178.41721,-19.04695],[178.46552,-19.03389],[178.49802,-19.00944],[178.49829,-18.99],[178.49634,-18.97805],[178.49051,-18.96972],[178.46829,-18.95639],[178.37219,-18.93167],[178.34497,-18.92639],[178.30692,-18.93555],[178.18192,-18.98222],[178.17526,-18.98972],[178.17136,-19],[178.06857,-19.06611],[177.9722,-19.10278],[177.96774,-19.10556],[177.95218,-19.12528],[177.95108,-19.13139],[177.95609,-19.14056],[177.99884,-19.1625],[178.0047,-19.16278],[178.01581,-19.15944],[178.03275,-19.14778],[178.03888,-19.14806],[178.08551,-19.15833],[178.09412,-19.16278],[178.13611,-19.13778],[178.17053,-19.09389],[178.16913,-19.08833],[178.17026,-19.07528],[178.17249,-19.07056]]],[[[-178.93671,-18.98944],[-178.93362,-18.98528],[-178.93057,-18.97417],[-178.93143,-18.94861],[-178.93335,-18.93694],[-178.93863,-18.92806],[-178.94281,-18.92528],[-178.94943,-18.92583],[-178.9628,-18.93417],[-178.96863,-18.94223],[-178.97226,-18.95278],[-178.96722,-18.97834],[-178.96225,-18.98722],[-178.95865,-18.99083],[-178.95337,-18.99278],[-178.94696,-18.99361],[-178.93671,-18.98944]]],[[[-179.85724,-19.01222],[-179.85083,-19.01306],[-179.85333,-18.97278],[-179.85251,-18.96666],[-179.84805,-18.95695],[-179.84003,-18.95083],[-179.8342,-18.94945],[-179.82693,-18.94945],[-179.81586,-18.95306],[-179.80948,-18.96083],[-179.80588,-18.97111],[-179.80307,-18.98638],[-179.79501,-18.98028],[-179.78833,-18.9725],[-179.78226,-18.95889],[-179.78363,-18.94639],[-179.7886,-18.93723],[-179.82169,-18.92528],[-179.83893,-18.9225],[-179.845,-18.9225],[-179.85309,-18.92862],[-179.85748,-18.93833],[-179.8703,-19.00112],[-179.8689,-19.00528],[-179.86526,-19.00862],[-179.85724,-19.01222]]],[[[178.5022,-18.93472],[178.52805,-18.91083],[178.53638,-18.89778],[178.53638,-18.89222],[178.52805,-18.86722],[178.52582,-18.8625],[178.52164,-18.85972],[178.50916,-18.85861],[178.50415,-18.86083],[178.47662,-18.88306],[178.47189,-18.89695],[178.47107,-18.91],[178.4733,-18.915],[178.49719,-18.93389],[178.5022,-18.93472]]],[[[-178.49863,-18.67472],[-178.48642,-18.6725],[-178.47833,-18.66639],[-178.47305,-18.6575],[-178.47305,-18.65056],[-178.47665,-18.64695],[-178.50668,-18.63528],[-178.51974,-18.64889],[-178.52139,-18.66139],[-178.51611,-18.67055],[-178.51196,-18.67333],[-178.49863,-18.67472]]],[[[179.9697,-18.54889],[179.96387,-18.54056],[179.92886,-18.54028],[179.88135,-18.55167],[179.84912,-18.56667],[179.84024,-18.57222],[179.83579,-18.58167],[179.83664,-18.58667],[179.83942,-18.59084],[179.89581,-18.64389],[179.90833,-18.64472],[179.91275,-18.64194],[179.96664,-18.56],[179.9697,-18.54889]]],[[[177.6633,-18.59028],[177.66361,-18.57778],[177.65164,-18.50972],[177.64471,-18.49583],[177.63611,-18.49139],[177.6308,-18.49194],[177.61523,-18.505],[177.61301,-18.50972],[177.61911,-18.53833],[177.64804,-18.58639],[177.65524,-18.59361],[177.66025,-18.59417],[177.6633,-18.59028]]],[[[178.15027,-18.40667],[178.15665,-18.37778],[178.15555,-18.36528],[178.14972,-18.35611],[178.14526,-18.35333],[178.13971,-18.35194],[178.12717,-18.35389],[178.12106,-18.36195],[178.10941,-18.4075],[178.11664,-18.41472],[178.13272,-18.4175],[178.13858,-18.41639],[178.15027,-18.40667]]],[[[-178.74753,-18.20139],[-178.76364,-18.18833],[-178.77307,-18.18333],[-178.80804,-18.18333],[-178.81891,-18.18528],[-178.82861,-18.19],[-178.84308,-18.21083],[-178.84387,-18.21695],[-178.8367,-18.22389],[-178.80307,-18.24834],[-178.79172,-18.25112],[-178.76532,-18.24834],[-178.7514,-18.24083],[-178.74472,-18.23333],[-178.74112,-18.22278],[-178.74112,-18.21611],[-178.74249,-18.21028],[-178.74753,-18.20139]]],[[[179.36829,-18.08805],[179.35523,-18.01389],[179.3533,-18.00917],[179.30801,-17.94833],[179.29221,-17.93722],[179.27332,-17.93555],[179.26666,-17.93611],[179.24329,-17.95111],[179.23636,-17.96833],[179.24301,-18.02528],[179.24579,-18.03639],[179.33609,-18.12111],[179.34164,-18.1225],[179.3519,-18.12111],[179.35858,-18.11361],[179.36746,-18.09444],[179.36829,-18.08805]]],[[[-179.00171,-17.94028],[-179.02139,-17.92444],[-179.02698,-17.92306],[-179.0481,-17.92362],[-179.06836,-17.9325],[-179.07782,-17.94416],[-179.07861,-17.95028],[-179.07059,-17.96333],[-179.06003,-17.97389],[-179.0289,-17.9925],[-179.0181,-17.99611],[-178.99554,-17.99],[-178.9928,-17.98722],[-178.98975,-17.97972],[-178.98831,-17.97417],[-178.98889,-17.95556],[-178.99112,-17.95083],[-179.00171,-17.94028]]],[[[-178.29755,-17.88528],[-178.31003,-17.88306],[-178.32388,-17.8825],[-178.33475,-17.88584],[-178.34781,-17.89416],[-178.35083,-17.89834],[-178.35443,-17.90861],[-178.35803,-17.92611],[-178.35529,-17.93556],[-178.34003,-17.95583],[-178.3306,-17.96056],[-178.31891,-17.96333],[-178.30139,-17.96611],[-178.28699,-17.96611],[-178.26282,-17.96139],[-178.24753,-17.95528],[-178.24081,-17.9475],[-178.23862,-17.94278],[-178.23862,-17.92611],[-178.24448,-17.91778],[-178.26501,-17.9025],[-178.29755,-17.88528]]],[[[179.41693,-17.85055],[179.42191,-17.84833],[179.42859,-17.84084],[179.43027,-17.82833],[179.42108,-17.79722],[179.41608,-17.78805],[179.39722,-17.785],[179.39276,-17.78639],[179.38611,-17.79417],[179.39609,-17.82194],[179.40833,-17.84472],[179.41193,-17.84833],[179.41693,-17.85055]]],[[[-179.28171,-17.75973],[-179.285,-17.74084],[-179.28809,-17.73667],[-179.29227,-17.73389],[-179.31332,-17.72612],[-179.31915,-17.72751],[-179.32587,-17.735],[-179.33252,-17.74973],[-179.33475,-17.7614],[-179.33115,-17.77195],[-179.29837,-17.78528],[-179.29251,-17.7839],[-179.28531,-17.77695],[-179.28171,-17.76667],[-179.28171,-17.75973]]],[[[178.82831,-17.62444],[178.81024,-17.62056],[178.79193,-17.62111],[178.76053,-17.63944],[178.75665,-17.64278],[178.74857,-17.65583],[178.74411,-17.6725],[178.74774,-17.71972],[178.77191,-17.75445],[178.82025,-17.74278],[178.83774,-17.73194],[178.8497,-17.71527],[178.8533,-17.705],[178.85303,-17.66972],[178.85025,-17.65861],[178.83609,-17.63055],[178.82831,-17.62444]]],[[[-179.12805,-17.45],[-179.14334,-17.43111],[-179.15335,-17.42973],[-179.16806,-17.42973],[-179.17889,-17.43306],[-179.18167,-17.43723],[-179.18335,-17.44973],[-179.17337,-17.46778],[-179.16614,-17.47473],[-179.16168,-17.4775],[-179.14783,-17.47834],[-179.13251,-17.47223],[-179.12805,-17.4625],[-179.12805,-17.45]]],[[[178.6933,-18.025],[178.62079,-17.89389],[178.59775,-17.78417],[178.59525,-17.69361],[178.6008,-17.67055],[178.60107,-17.65805],[178.5983,-17.64305],[178.59106,-17.63583],[178.37247,-17.475],[178.30277,-17.43028],[178.28082,-17.40305],[178.28165,-17.38972],[178.27969,-17.37806],[178.26914,-17.34389],[178.24411,-17.32611],[178.21747,-17.31],[178.19302,-17.30111],[178.18857,-17.30389],[178.18692,-17.32333],[178.17053,-17.3425],[177.95358,-17.41056],[177.89777,-17.40778],[177.83331,-17.39611],[177.83496,-17.38639],[177.83441,-17.37333],[177.83109,-17.36278],[177.82526,-17.36278],[177.62466,-17.44472],[177.51025,-17.50944],[177.38803,-17.63278],[177.38525,-17.65139],[177.38721,-17.66305],[177.39026,-17.6675],[177.41971,-17.68111],[177.42249,-17.68528],[177.43304,-17.74361],[177.43192,-17.75667],[177.42969,-17.76167],[177.37134,-17.8125],[177.27942,-17.85445],[177.25943,-17.87],[177.25665,-17.87417],[177.24829,-17.95639],[177.24884,-17.96278],[177.25916,-17.99833],[177.29913,-18.07861],[177.33331,-18.11945],[177.47302,-18.16278],[177.51608,-18.15305],[177.60608,-18.17389],[177.61191,-18.17556],[177.61997,-18.18167],[177.86414,-18.26389],[177.96024,-18.26833],[178.01914,-18.26778],[178.15497,-18.25667],[178.1647,-18.25194],[178.17554,-18.24166],[178.19443,-18.21778],[178.21942,-18.19305],[178.23053,-18.19],[178.24356,-18.18861],[178.27332,-18.1475],[178.34885,-18.11611],[178.39581,-18.10417],[178.5322,-18.09222],[178.55331,-18.0975],[178.55747,-18.10028],[178.56079,-18.11555],[178.58829,-18.13528],[178.67804,-18.07833],[178.69748,-18.04722],[178.6933,-18.025]]],[[[177.11246,-17.31444],[177.11746,-17.3125],[177.14331,-17.29555],[177.15833,-17.26806],[177.15833,-17.26528],[177.14554,-17.25],[177.14194,-17.24778],[177.11136,-17.25833],[177.10025,-17.27111],[177.09998,-17.31472],[177.11246,-17.31444]]],[[[-179.15256,-17.24667],[-179.15842,-17.24806],[-179.16281,-17.25083],[-179.16336,-17.25722],[-179.16147,-17.26889],[-179.15698,-17.27861],[-179.15338,-17.28223],[-179.14172,-17.285],[-179.12863,-17.28361],[-179.12366,-17.28167],[-179.11783,-17.27334],[-179.11642,-17.26778],[-179.11783,-17.26222],[-179.12143,-17.25862],[-179.15256,-17.24667]]],[[[179.41913,-17.24278],[179.35718,-17.25944],[179.37051,-17.29639],[179.37912,-17.31583],[179.38388,-17.34972],[179.38333,-17.39972],[179.39941,-17.39444],[179.42719,-17.3725],[179.44412,-17.33306],[179.44971,-17.30333],[179.44525,-17.25139],[179.43304,-17.24222],[179.41913,-17.24278]]],[[[-179.01141,-17.18222],[-178.98584,-17.31806],[-178.9713,-17.28911],[-178.94141,-17.26],[-178.9292,-17.26084],[-178.92529,-17.25722],[-178.90863,-17.21778],[-178.90921,-17.21306],[-178.92224,-17.19778],[-179.00778,-17.15111],[-179.01501,-17.15083],[-179.02005,-17.15305],[-179.01141,-17.18222]]],[[[177.18747,-17.1175],[177.17831,-17.14361],[177.17719,-17.16361],[177.1994,-17.17028],[177.26361,-17.12361],[177.27026,-17.11639],[177.27609,-17.10805],[177.29135,-17.07639],[177.29135,-17.06945],[177.28803,-17.05889],[177.28525,-17.05472],[177.2811,-17.05194],[177.24606,-17.05556],[177.24023,-17.05667],[177.23578,-17.05944],[177.20831,-17.08889],[177.18747,-17.1175]]],[[[178.27664,-16.82528],[178.2822,-16.83389],[178.29385,-16.83667],[178.33801,-16.83528],[178.34024,-16.83055],[178.32996,-16.79639],[178.32498,-16.79417],[178.27719,-16.78944],[178.27441,-16.79333],[178.27664,-16.82528]]],[[[179.88245,-16.96417],[179.88303,-16.97028],[179.88666,-16.97389],[179.92914,-17.00611],[179.94748,-17.00278],[179.95746,-16.99861],[179.98468,-16.98305],[180,-16.96572],[180,-16.78739],[179.96884,-16.8525],[179.95413,-16.88],[179.90442,-16.92972],[179.89276,-16.94611],[179.88245,-16.96417]]],[[[-179.92953,-16.71012],[-179.9386,-16.71586],[-180,-16.78736],[-180,-16.96573],[-179.98758,-16.94696],[-179.93588,-16.8997],[-179.90219,-16.87551],[-179.82111,-16.78109],[-179.85312,-16.69278],[-179.86163,-16.68032],[-179.8681,-16.67946],[-179.89508,-16.68838],[-179.92953,-16.71012]]],[[[177.55832,-16.72194],[177.47662,-16.79611],[177.43137,-16.84444],[177.52164,-16.79],[177.57413,-16.73611],[177.58441,-16.71889],[177.59357,-16.69944],[177.59442,-16.69333],[177.59302,-16.68778],[177.58386,-16.68278],[177.55997,-16.6775],[177.56052,-16.68028],[177.56693,-16.68805],[177.57053,-16.69833],[177.5672,-16.70944],[177.55832,-16.72194]]],[[[179.88666,-16.66028],[179.91415,-16.66194],[179.92941,-16.65916],[179.9433,-16.65194],[179.94913,-16.64361],[179.95053,-16.63805],[179.94998,-16.61778],[179.94775,-16.61306],[179.91666,-16.62583],[179.88443,-16.6575],[179.88666,-16.66028]]],[[[179.98828,-16.53833],[179.99469,-16.53917],[180,-16.53792],[180,-16.49427],[179.98636,-16.50167],[179.9819,-16.51139],[179.9819,-16.53083],[179.98828,-16.53833]]],[[[-180,-16.49427],[-180,-16.53792],[-179.96979,-16.53445],[-179.92694,-16.51889],[-179.89368,-16.43528],[-179.89642,-16.43111],[-179.90225,-16.42944],[-179.91476,-16.43167],[-179.94946,-16.44667],[-179.97113,-16.45889],[-179.98862,-16.47695],[-180,-16.49427]]],[[[179.89832,-16.23722],[179.97968,-16.18361],[179.99274,-16.17556],[180,-16.17274],[180,-16.15472],[179.96109,-16.15305],[179.87106,-16.20583],[179.84219,-16.2075],[179.77081,-16.20361],[179.67276,-16.22833],[179.50333,-16.27389],[179.46329,-16.29222],[179.40137,-16.34917],[179.39166,-16.38194],[179.40305,-16.39861],[179.40442,-16.40278],[179.40414,-16.40972],[179.40054,-16.41305],[179.29858,-16.41278],[179.23496,-16.40667],[179.2294,-16.39806],[179.22412,-16.3975],[178.9819,-16.46972],[178.92636,-16.49944],[178.92996,-16.50306],[178.92554,-16.51972],[178.89386,-16.55194],[178.86328,-16.56667],[178.8269,-16.57472],[178.77304,-16.60166],[178.74606,-16.62417],[178.7319,-16.64555],[178.70773,-16.67528],[178.68387,-16.67139],[178.59525,-16.64167],[178.52832,-16.70666],[178.4783,-16.75889],[178.47607,-16.76362],[178.47885,-16.78167],[178.48578,-16.79834],[178.49219,-16.80611],[178.51804,-16.81611],[178.54358,-16.81444],[178.55164,-16.80833],[178.62497,-16.83556],[178.67081,-16.92166],[178.68192,-16.97305],[178.69025,-16.9925],[178.69663,-17.00028],[178.70969,-17.00722],[178.7269,-17.01167],[178.74719,-17.01195],[178.75888,-17.00944],[178.79608,-16.98416],[178.80969,-16.94972],[178.81165,-16.92611],[178.80942,-16.91444],[178.81024,-16.90805],[178.86969,-16.86083],[178.90665,-16.855],[178.94412,-16.87917],[178.94971,-16.89444],[178.95468,-16.90361],[178.95886,-16.90639],[179.01886,-16.92722],[179.02387,-16.92528],[179.06998,-16.89305],[179.07358,-16.88278],[179.0397,-16.87472],[179.03305,-16.88917],[179.02637,-16.89667],[179.02054,-16.89806],[179.01639,-16.89528],[179.01639,-16.88972],[179.04636,-16.80833],[179.05304,-16.80056],[179.1683,-16.72417],[179.20636,-16.70528],[179.26581,-16.69056],[179.27805,-16.69278],[179.3494,-16.73167],[179.3558,-16.73944],[179.35468,-16.75667],[179.3519,-16.76083],[179.3483,-16.76445],[179.33359,-16.77111],[179.33191,-16.80222],[179.40942,-16.81083],[179.57163,-16.80111],[179.66275,-16.73972],[179.70996,-16.72972],[179.74634,-16.72639],[179.77887,-16.7275],[179.8447,-16.74389],[179.8533,-16.75639],[179.85523,-16.76139],[179.86606,-16.77195],[179.87051,-16.77333],[179.90219,-16.76945],[179.9372,-16.75445],[179.94525,-16.74972],[179.9519,-16.74194],[179.95053,-16.73638],[179.88721,-16.67083],[179.87802,-16.66583],[179.87134,-16.665],[179.87439,-16.63666],[179.90109,-16.57722],[179.92386,-16.53639],[179.92691,-16.5325],[179.94721,-16.51722],[179.95026,-16.51306],[179.95163,-16.5075],[179.94412,-16.46944],[179.94193,-16.46444],[179.93747,-16.46167],[179.93247,-16.46083],[179.91803,-16.46778],[179.85245,-16.50889],[179.81302,-16.54056],[179.75192,-16.59139],[179.71469,-16.625],[179.64304,-16.69083],[179.61606,-16.72055],[179.56857,-16.75806],[179.55969,-16.76362],[179.54663,-16.765],[179.49301,-16.76167],[179.47858,-16.70111],[179.59164,-16.53972],[179.65305,-16.50167],[179.67468,-16.49472],[179.68915,-16.48805],[179.73801,-16.45861],[179.75388,-16.44639],[179.80969,-16.36083],[179.85303,-16.29111],[179.89832,-16.23722]]]]}},{"type":"Feature","id":232,"properties":{"name":"Niue","subjecto":"Niue","partof":"Niue","precision":3},"geometry":{"type":"Polygon","coordinates":[[[-169.89389,-19.14556],[-169.88806,-19.14445],[-169.85916,-19.13055],[-169.82443,-19.11083],[-169.7981,-19.08722],[-169.7814,-19.06778],[-169.78171,-19.06278],[-169.81277,-18.97222],[-169.8175,-18.96833],[-169.88477,-18.96333],[-169.89474,-18.97028],[-169.92889,-19.01056],[-169.93167,-19.01667],[-169.95306,-19.07028],[-169.95142,-19.07639],[-169.93088,-19.12444],[-169.89389,-19.14556]]]}},{"type":"Feature","id":233,"properties":{"name":"Tonga","subjecto":"Tonga","partof":"Tonga","precision":3},"geometry":{"type":"MultiPolygon","coordinates":[[[[-174.9747,-21.36583],[-174.9736,-21.39139],[-174.96582,-21.41778],[-174.93393,-21.44611],[-174.92447,-21.45222],[-174.91727,-21.45417],[-174.91086,-21.42667],[-174.91144,-21.30611],[-174.97055,-21.35389],[-174.97391,-21.35889],[-174.9747,-21.36583]]],[[[-175.12332,-21.135],[-175.12946,-21.14473],[-175.13196,-21.15528],[-175.13196,-21.16305],[-175.13504,-21.17306],[-175.14169,-21.17862],[-175.14584,-21.17806],[-175.27667,-21.125],[-175.30475,-21.07445],[-175.30225,-21.07139],[-175.30194,-21.06806],[-175.3053,-21.065],[-175.3125,-21.06362],[-175.33917,-21.07305],[-175.35141,-21.08612],[-175.36053,-21.1025],[-175.35693,-21.13389],[-175.35141,-21.14333],[-175.33643,-21.16167],[-175.32364,-21.17444],[-175.1864,-21.25278],[-175.14529,-21.26806],[-175.13504,-21.26778],[-175.12363,-21.26389],[-175.11804,-21.26028],[-175.04642,-21.1525],[-175.04556,-21.14583],[-175.05029,-21.13444],[-175.06082,-21.12723],[-175.06699,-21.12472],[-175.09363,-21.125],[-175.10724,-21.12806],[-175.12332,-21.135]]],[[[-174.79532,-20.23861],[-174.79587,-20.24528],[-174.78531,-20.27167],[-174.77753,-20.27556],[-174.76755,-20.27806],[-174.76083,-20.27639],[-174.75613,-20.26445],[-174.75668,-20.2425],[-174.76004,-20.23722],[-174.77917,-20.23083],[-174.78644,-20.23167],[-174.79196,-20.23472],[-174.79532,-20.23861]]],[[[-174.40527,-19.88806],[-174.42255,-19.91],[-174.42392,-19.91472],[-174.42279,-19.92778],[-174.41864,-19.92833],[-174.41394,-19.92667],[-174.38895,-19.90056],[-174.38672,-19.89389],[-174.38751,-19.88695],[-174.39087,-19.88167],[-174.39584,-19.88055],[-174.40527,-19.88806]]],[[[-174.35443,-19.80639],[-174.35498,-19.81195],[-174.35309,-19.81556],[-174.34805,-19.81861],[-174.33331,-19.82472],[-174.32748,-19.82528],[-174.3186,-19.82194],[-174.31171,-19.81139],[-174.30643,-19.77195],[-174.30972,-19.76695],[-174.31586,-19.76417],[-174.32254,-19.76445],[-174.35443,-19.80639]]],[[[-175.08554,-19.7825],[-175.07724,-19.79361],[-175.06973,-19.79889],[-175.06332,-19.80084],[-175.05667,-19.80084],[-175.05139,-19.79917],[-175.04419,-19.79223],[-175.04227,-19.7875],[-175.04388,-19.75917],[-175.05029,-19.72834],[-175.05893,-19.71806],[-175.0817,-19.70639],[-175.08694,-19.70806],[-175.09027,-19.71195],[-175.09781,-19.74139],[-175.0986,-19.74973],[-175.08554,-19.7825]]],[[[-174.30722,-19.74083],[-174.30475,-19.74472],[-174.29282,-19.75112],[-174.27917,-19.75362],[-174.27252,-19.75278],[-174.26645,-19.75],[-174.26306,-19.74472],[-174.24918,-19.70723],[-174.24753,-19.69722],[-174.25085,-19.69223],[-174.25613,-19.68805],[-174.26172,-19.69111],[-174.3053,-19.73694],[-174.30722,-19.74083]]],[[[-175.03394,-19.68667],[-175.02557,-19.69194],[-175.01834,-19.69139],[-175.01395,-19.68556],[-175.00394,-19.66445],[-175.00308,-19.65694],[-175.00558,-19.6525],[-175.01501,-19.65167],[-175.02533,-19.65972],[-175.03586,-19.67667],[-175.03394,-19.68667]]],[[[-174.27393,-19.64333],[-174.25034,-19.65723],[-174.24057,-19.65445],[-174.23889,-19.65111],[-174.2392,-19.64695],[-174.2417,-19.64278],[-174.28003,-19.59278],[-174.28644,-19.59139],[-174.29196,-19.59444],[-174.29388,-19.60723],[-174.29059,-19.61861],[-174.28195,-19.63444],[-174.27393,-19.64333]]],[[[-174.66696,-18.82583],[-174.65366,-18.83028],[-174.64697,-18.83028],[-174.63031,-18.82334],[-174.62442,-18.81417],[-174.62308,-18.80944],[-174.62442,-18.80667],[-174.6456,-18.78556],[-174.64978,-18.78306],[-174.66528,-18.78723],[-174.67087,-18.79028],[-174.67416,-18.79417],[-174.67505,-18.80445],[-174.6731,-18.81278],[-174.66696,-18.82583]]],[[[-174.09027,-18.70306],[-174.06665,-18.70639],[-174.0614,-18.70472],[-174.06171,-18.69861],[-174.06555,-18.68723],[-174.06891,-18.68222],[-174.07971,-18.68139],[-174.08585,-18.68417],[-174.09418,-18.69111],[-174.09781,-18.69639],[-174.09613,-18.70112],[-174.09027,-18.70306]]],[[[-174.03336,-18.71555],[-174.0242,-18.71972],[-174.01974,-18.71722],[-174.01645,-18.71195],[-174.01501,-18.70528],[-174.0192,-18.69445],[-174.02972,-18.68417],[-174.04114,-18.68028],[-174.04333,-18.68084],[-174.04501,-18.68361],[-174.04446,-18.6875],[-174.03336,-18.71555]]],[[[-174.12805,-18.70333],[-174.12387,-18.70445],[-174.08972,-18.67417],[-174.0853,-18.66555],[-174.09109,-18.66389],[-174.10583,-18.66666],[-174.11581,-18.67139],[-174.12363,-18.6775],[-174.12637,-18.68278],[-174.12781,-18.69028],[-174.12805,-18.70333]]],[[[-173.98697,-18.68417],[-173.91055,-18.63806],[-173.90726,-18.63306],[-173.90616,-18.62694],[-173.9075,-18.62056],[-173.91669,-18.59973],[-173.93167,-18.57528],[-173.93921,-18.56889],[-173.96753,-18.56806],[-173.98944,-18.57112],[-173.99554,-18.57334],[-174.00558,-18.58001],[-174.01306,-18.58973],[-174.01724,-18.60305],[-174.02722,-18.61889],[-174.03336,-18.62112],[-174.05722,-18.62112],[-174.06805,-18.62639],[-174.07059,-18.6325],[-174.07004,-18.63944],[-174.06195,-18.66222],[-174.05444,-18.66972],[-173.98697,-18.68417]]],[[[-175.64474,-15.62917],[-175.63641,-15.625],[-175.61197,-15.60444],[-175.60947,-15.60055],[-175.60724,-15.585],[-175.60892,-15.57083],[-175.61667,-15.56333],[-175.6214,-15.56083],[-175.62723,-15.56028],[-175.66782,-15.56611],[-175.67166,-15.56861],[-175.67807,-15.57639],[-175.68393,-15.58972],[-175.68472,-15.59361],[-175.6828,-15.60778],[-175.6792,-15.615],[-175.66583,-15.62722],[-175.65472,-15.63028],[-175.64474,-15.62917]]]]}},{"type":"Feature","id":234,"properties":{"name":"Wallis and Futuna Islands","subjecto":"Wallis and Futuna Islands","partof":"Wallis and Futuna Islands","precision":3},"geometry":{"type":"MultiPolygon","coordinates":[[[[-178.04251,-14.31945],[-178.04227,-14.31667],[-178.04477,-14.31444],[-178.12997,-14.24694],[-178.17783,-14.23305],[-178.18558,-14.23167],[-178.18945,-14.23611],[-178.1911,-14.24333],[-178.18832,-14.25611],[-178.17783,-14.27806],[-178.1539,-14.30806],[-178.14056,-14.31639],[-178.06082,-14.32389],[-178.04251,-14.31945]]],[[[-176.16144,-13.35278],[-176.14447,-13.34667],[-176.14056,-13.34361],[-176.12109,-13.26333],[-176.12363,-13.25139],[-176.14584,-13.21806],[-176.15033,-13.21417],[-176.15616,-13.21361],[-176.16055,-13.21611],[-176.17834,-13.23222],[-176.18307,-13.24361],[-176.1911,-13.28694],[-176.18808,-13.31361],[-176.17725,-13.34139],[-176.17032,-13.35111],[-176.16782,-13.35278],[-176.16144,-13.35278]]]]}},{"type":"Feature","id":235,"properties":{"name":"Samoa","subjecto":"Samoa","partof":"Samoa","precision":3},"geometry":{"type":"MultiPolygon","coordinates":[[[[-171.42975,-14.01972],[-171.42865,-14.01278],[-171.42944,-14.00528],[-171.43198,-13.99944],[-171.44614,-13.9825],[-171.61914,-13.87861],[-171.74808,-13.83167],[-171.82227,-13.8075],[-171.88391,-13.80555],[-171.90671,-13.80667],[-172.0278,-13.83944],[-172.0578,-13.86472],[-172.06476,-13.87444],[-172.06476,-13.88194],[-172.06003,-13.90028],[-172.05283,-13.91056],[-171.91113,-14.0125],[-171.7681,-14.03583],[-171.64838,-14.05028],[-171.58893,-14.0525],[-171.51666,-14.04778],[-171.47998,-14.05056],[-171.44199,-14.0575],[-171.42975,-14.01972]]],[[[-172.28586,-13.48639],[-172.29892,-13.47417],[-172.30444,-13.47111],[-172.34836,-13.46139],[-172.36084,-13.46056],[-172.39111,-13.46417],[-172.47528,-13.47972],[-172.55194,-13.49722],[-172.5965,-13.50911],[-172.65527,-13.51917],[-172.72864,-13.51333],[-172.7417,-13.5075],[-172.75308,-13.50944],[-172.77005,-13.51556],[-172.77502,-13.51944],[-172.77948,-13.52722],[-172.78061,-13.53333],[-172.77972,-13.53972],[-172.77283,-13.55],[-172.75339,-13.57222],[-172.6911,-13.62611],[-172.59003,-13.73972],[-172.57443,-13.76584],[-172.5325,-13.80083],[-172.52722,-13.80389],[-172.50891,-13.80667],[-172.48279,-13.80667],[-172.39334,-13.79167],[-172.26227,-13.80195],[-172.25754,-13.80584],[-172.25195,-13.8075],[-172.22504,-13.80889],[-172.21417,-13.80778],[-172.21054,-13.80528],[-172.16782,-13.69139],[-172.16888,-13.6775],[-172.19336,-13.61333],[-172.20306,-13.59195],[-172.2225,-13.56305],[-172.28586,-13.48639]]]]}},{"type":"Feature","id":236,"properties":{"name":"Rapa Nui","subjecto":"Chile","partof":"Rapa Nui","precision":3},"geometry":{"type":"Polygon","coordinates":[[[-109.24139,-27.13306],[-109.23584,-27.13111],[-109.22417,-27.12111],[-109.21834,-27.11195],[-109.21779,-27.09944],[-109.22139,-27.09584],[-109.36584,-27.06333],[-109.39084,-27.06667],[-109.39612,-27.06834],[-109.41556,-27.0925],[-109.42056,-27.10195],[-109.44528,-27.17528],[-109.44917,-27.19306],[-109.44695,-27.19806],[-109.4425,-27.20084],[-109.42778,-27.20195],[-109.3889,-27.17722],[-109.33389,-27.15139],[-109.32167,-27.14917],[-109.29085,-27.15],[-109.24139,-27.13306]]]}},{"type":"Feature","id":237,"properties":{"name":"Korea, Democratic People's Republic of","subjecto":"Korea, Democratic People's Republic of","partof":"Korea, Democratic People's Republic of","precision":3},"geometry":{"type":"Polygon","coordinates":[[[127.06805,38.26],[127.10609,38.2875],[127.12776,38.29722],[127.19748,38.31194],[127.25139,38.31889],[127.36638,38.32333],[127.45082,38.31249],[127.53749,38.3075],[127.67609,38.32027],[127.88527,38.31361],[127.95427,38.30937],[128.13437,38.3377],[128.26962,38.42049],[128.27969,38.43028],[128.2933,38.45055],[128.30136,38.46832],[128.30774,38.4886],[128.31274,38.51416],[128.3136,38.53194],[128.30191,38.57833],[128.30359,38.58388],[128.30719,38.58888],[128.32135,38.59916],[128.36356,38.62524],[128.35735,38.68389],[127.99756,38.86651],[127.74503,39.11855],[127.49729,39.13681],[127.27689,39.22169],[127.54415,39.37412],[127.4408,39.62366],[127.55239,39.76416],[127.67153,39.86644],[127.93132,39.95623],[128.23623,39.96959],[128.44659,40.06587],[128.79103,40.35434],[129.01484,40.52752],[129.17704,40.63022],[129.47782,40.68203],[129.75957,40.88578],[129.82844,41.39581],[129.59071,41.46991],[129.64126,41.65585],[129.82472,41.86137],[130.4351,42.27676],[130.35992,42.45351],[130.22589,42.6513],[129.9656,42.95739],[129.85426,42.95679],[129.74046,42.89849],[129.56819,42.7374],[129.46447,42.41661],[129.03454,42.17738],[128.75553,42.06065],[128.51364,42.05294],[128.30996,42.07742],[128.16029,42.1342],[127.98405,42.10764],[127.86077,41.99817],[127.84928,41.84455],[128.07814,41.50039],[128.09849,41.44936],[127.86146,41.37773],[127.42281,41.35616],[127.1943,41.42522],[126.97238,41.53911],[126.84933,41.71753],[126.64752,41.71003],[126.47418,41.65151],[126.16551,41.18944],[125.8795,40.94503],[125.41501,40.6997],[124.72513,40.4277],[124.4911,40.27958],[124.30433,40.08068],[124.13388,39.84314],[124.20899,39.73833],[124.44284,39.57301],[124.54809,39.54134],[124.68843,39.60538],[124.85996,39.61848],[124.92234,39.61861],[125.32873,39.51817],[125.3976,39.37634],[125.29429,39.14526],[125.12785,38.80616],[125.29374,38.6887],[125.14506,38.61806],[124.92935,38.46494],[124.73619,38.27978],[124.69366,38.13954],[124.76972,37.93586],[125.07696,37.77087],[125.33733,37.68154],[125.48656,37.73149],[125.61857,37.77233],[125.76779,37.98298],[125.91415,37.80634],[126.07485,37.74737],[126.20972,37.75405],[126.33043,37.66143],[126.36684,37.68799],[126.36415,37.72027],[126.36665,37.78472],[126.36804,37.79028],[126.39694,37.81667],[126.40054,37.81889],[126.42026,37.82194],[126.42804,37.82111],[126.43803,37.81444],[126.4436,37.80634],[126.48667,37.78414],[126.56362,37.85355],[126.84851,38.18577],[126.99037,38.2565],[127.06023,38.25523],[127.06805,38.26]]]}},{"type":"Feature","id":238,"properties":{"name":"Korea, Republic of","subjecto":"Korea, Republic of","partof":"Korea, Republic of","precision":3},"geometry":{"type":"MultiPolygon","coordinates":[[[[126.58693,33.23138],[126.59943,33.23333],[126.72527,33.27027],[126.84305,33.30833],[126.84749,33.31166],[126.91582,33.38777],[126.93665,33.42444],[126.94109,33.45388],[126.89804,33.52332],[126.83966,33.53637],[126.82748,33.54778],[126.82138,33.55055],[126.81303,33.55193],[126.79305,33.55083],[126.63361,33.53166],[126.37804,33.47471],[126.31749,33.45277],[126.27026,33.42277],[126.18359,33.35278],[126.17638,33.34415],[126.15833,33.31471],[126.15526,33.28944],[126.15776,33.27888],[126.17053,33.2625],[126.20721,33.22943],[126.26639,33.19083],[126.27388,33.19027],[126.28581,33.19305],[126.29054,33.19554],[126.29721,33.20527],[126.30971,33.21639],[126.33083,33.22555],[126.34055,33.22721],[126.41693,33.23555],[126.48248,33.22138],[126.58693,33.23138]]],[[[126.73137,34.27916],[126.73915,34.2786],[126.77193,34.28194],[126.77499,34.28694],[126.77083,34.29639],[126.73082,34.36388],[126.70139,34.38694],[126.69414,34.38916],[126.68719,34.38889],[126.66887,34.385],[126.66388,34.38249],[126.65471,34.37054],[126.64915,34.35],[126.64583,34.325],[126.64804,34.32027],[126.65138,34.3161],[126.70082,34.28416],[126.73137,34.27916]]],[[[127.14583,34.41499],[127.16054,34.41444],[127.21361,34.41888],[127.21944,34.42055],[127.22887,34.42666],[127.23276,34.43111],[127.24165,34.44721],[127.24414,34.45332],[127.24582,34.46583],[127.24359,34.47054],[127.22272,34.48363],[127.21304,34.48555],[127.19914,34.48527],[127.12581,34.47166],[127.11415,34.46388],[127.11137,34.46027],[127.11581,34.43443],[127.13361,34.42027],[127.14583,34.41499]]],[[[127.78082,34.47471],[127.78554,34.47388],[127.79526,34.47971],[127.79832,34.48499],[127.79832,34.49083],[127.78638,34.51944],[127.77632,34.53367],[127.77083,34.53833],[127.76443,34.54083],[127.7511,34.54194],[127.71582,34.53082],[127.71193,34.52666],[127.71304,34.52138],[127.71609,34.51721],[127.75833,34.4875],[127.78082,34.47471]]],[[[126.17192,34.35194],[126.18665,34.35139],[126.19914,34.35333],[126.26193,34.37138],[126.34248,34.40138],[126.34694,34.40471],[126.38275,34.47193],[126.38333,34.48388],[126.38026,34.49471],[126.37692,34.49888],[126.33499,34.53999],[126.27332,34.56583],[126.25333,34.57305],[126.24332,34.57333],[126.10193,34.425],[126.09972,34.41916],[126.09915,34.40694],[126.10609,34.38721],[126.11249,34.37888],[126.1436,34.35555],[126.17192,34.35194]]],[[[127.79305,34.57333],[127.79971,34.57222],[127.80386,34.57555],[127.80664,34.58167],[127.81276,34.62193],[127.81219,34.64139],[127.79414,34.66138],[127.76805,34.66415],[127.73305,34.63583],[127.73442,34.61333],[127.73997,34.60444],[127.74832,34.59694],[127.79305,34.57333]]],[[[125.96361,34.64861],[125.97192,34.64722],[126.00249,34.68111],[126.00861,34.69138],[126.00305,34.70027],[125.98137,34.71693],[125.9561,34.71277],[125.91805,34.69749],[125.91499,34.69221],[125.91443,34.68582],[125.91776,34.6761],[125.92638,34.66888],[125.96361,34.64861]]],[[[126.00082,34.79194],[126.00055,34.78999],[125.98553,34.7925],[125.9736,34.78972],[125.95082,34.77305],[125.94443,34.77194],[125.92165,34.77388],[125.90833,34.77277],[125.89804,34.76721],[125.89388,34.76389],[125.88889,34.73888],[125.88832,34.73249],[125.89055,34.72804],[125.90443,34.71777],[125.91193,34.71693],[125.93221,34.71832],[125.93915,34.72804],[125.93831,34.74527],[125.94081,34.75111],[125.94525,34.75471],[125.9511,34.75666],[125.96693,34.75444],[125.97388,34.75194],[125.98027,34.75278],[125.9836,34.75805],[125.98831,34.76055],[126.00333,34.75805],[126.00916,34.76],[126.00861,34.76416],[126.00305,34.77305],[126.00638,34.78527],[126.00388,34.78999],[126.00082,34.79194]]],[[[128.01331,34.83277],[128.08081,34.82777],[128.08578,34.83028],[128.07886,34.86971],[128.07581,34.87388],[128.06577,34.87853],[128.03137,34.91166],[128.02414,34.91388],[128.01721,34.91388],[128.00775,34.90777],[127.97415,34.85833],[127.97331,34.85194],[127.97971,34.84361],[127.98997,34.83721],[128.01331,34.83277]]],[[[125.99304,34.85833],[126.04248,34.85388],[126.0636,34.85444],[126.07416,34.85916],[126.08221,34.86694],[126.08971,34.885],[126.09444,34.90971],[126.07527,34.92305],[126.06276,34.92833],[126.00221,34.89027],[125.9836,34.865],[125.98692,34.86083],[125.99304,34.85833]]],[[[127.96805,34.8],[127.9622,34.79833],[127.9561,34.80083],[127.91638,34.83277],[127.91026,34.84193],[127.90665,34.86916],[127.90971,34.87416],[127.93771,34.90192],[127.93387,34.9161],[127.92665,34.92416],[127.91527,34.92999],[127.89861,34.93305],[127.87997,34.92944],[127.86775,34.9175],[127.83693,34.87971],[127.82222,34.84305],[127.85721,34.72388],[127.86053,34.71971],[127.88026,34.71221],[127.9772,34.69777],[128.04443,34.69499],[128.05664,34.69749],[128.06079,34.7011],[128.06247,34.70638],[128.07553,34.8],[128.0733,34.80471],[128.06912,34.80833],[128.05554,34.81332],[128.03247,34.81777],[128.00192,34.82083],[127.99026,34.81721],[127.96805,34.8]]],[[[128.74191,34.78166],[128.75443,34.88277],[128.73523,34.93333],[128.72821,34.94305],[128.71109,34.97665],[128.64108,34.95249],[128.50192,34.8875],[128.49442,34.88027],[128.48856,34.85638],[128.49051,34.84583],[128.49802,34.83221],[128.52109,34.80916],[128.52609,34.80582],[128.55219,34.82361],[128.59192,34.83666],[128.59775,34.83499],[128.6008,34.83055],[128.60413,34.80916],[128.60107,34.76028],[128.58524,34.70388],[128.58829,34.69943],[128.59412,34.69777],[128.61246,34.7011],[128.63611,34.70721],[128.68552,34.72416],[128.74191,34.78166]]],[[[126.09305,35.04722],[126.09972,35.04583],[126.10609,35.04694],[126.11554,35.05305],[126.14444,35.08028],[126.14694,35.13252],[126.1622,35.14333],[126.15582,35.1461],[126.14888,35.14583],[126.13721,35.14222],[126.06805,35.0986],[126.05998,35.09083],[126.05609,35.05943],[126.05942,35.05527],[126.09305,35.04722]]],[[[126.3822,36.40277],[126.42831,36.39972],[126.43193,36.40388],[126.43387,36.41082],[126.37859,36.58611],[126.37637,36.59083],[126.35277,36.59277],[126.34193,36.58833],[126.33443,36.58111],[126.325,36.56554],[126.33582,36.4386],[126.33832,36.43416],[126.36554,36.41055],[126.37526,36.40388],[126.3822,36.40277]]],[[[126.15915,36.82777],[126.1636,36.82417],[126.16943,36.82583],[126.17387,36.82944],[126.17245,36.83684],[126.16693,36.83999],[126.1611,36.83804],[126.15804,36.83305],[126.15915,36.82777]]],[[[130.86856,37.45083],[130.87552,37.45],[130.88748,37.45332],[130.92081,37.47665],[130.92249,37.48193],[130.92206,37.51527],[130.92413,37.51916],[130.91943,37.54527],[130.9122,37.54555],[130.83856,37.52999],[130.80747,37.51833],[130.80582,37.50722],[130.81165,37.48138],[130.81885,37.46777],[130.86856,37.45083]]],[[[126.36684,37.68799],[126.37303,37.62166],[126.38193,37.60889],[126.39749,37.59888],[126.41026,37.59388],[126.41887,37.59249],[126.44859,37.59222],[126.50139,37.59444],[126.51389,37.59721],[126.53943,37.62777],[126.5294,37.68558],[126.53863,37.68686],[126.54749,37.64722],[126.55331,37.63833],[126.57249,37.61999],[126.62915,37.59138],[126.65213,37.56675],[126.65887,37.55499],[126.67442,37.48805],[126.67082,37.48499],[126.66415,37.48388],[126.63193,37.4875],[126.62581,37.48583],[126.62192,37.48138],[126.62553,37.47138],[126.65637,37.4111],[126.66609,37.40443],[126.71693,37.38611],[126.72554,37.38472],[126.74193,37.38679],[126.72221,37.32805],[126.77054,37.30471],[126.80193,37.29555],[126.80914,37.29555],[126.83611,37.30804],[126.84332,37.30833],[126.84749,37.30444],[126.86581,37.26694],[126.86192,37.26277],[126.7661,37.23193],[126.75278,37.245],[126.69942,37.26221],[126.66193,37.25388],[126.65887,37.2486],[126.6611,37.1561],[126.68776,37.12444],[126.69443,37.12166],[126.70749,37.1236],[126.7186,37.12804],[126.75943,37.16888],[126.76389,37.17222],[126.76999,37.17416],[126.86914,37.17638],[126.86859,37.14583],[126.86526,37.14083],[126.85942,37.13889],[126.81944,37.13388],[126.77638,37.1236],[126.77304,37.1186],[126.75278,37.04861],[126.86581,36.95055],[126.90804,36.91944],[126.91443,36.91694],[126.92165,36.91694],[127.00023,36.92972],[126.9922,36.91082],[126.9061,36.81694],[126.84637,36.7525],[126.83859,36.75333],[126.83415,36.75694],[126.8286,36.76583],[126.82721,36.8411],[126.83415,36.87277],[126.83055,36.89416],[126.82332,36.91388],[126.7811,36.96361],[126.77666,36.96721],[126.76138,36.96999],[126.61998,36.97276],[126.56749,37.02499],[126.52527,37.05027],[126.51776,37.05222],[126.50249,37.05277],[126.49915,37.04972],[126.49054,36.99554],[126.51416,36.94138],[126.49553,36.86416],[126.49054,36.85222],[126.48332,36.84249],[126.47887,36.83916],[126.47249,36.83943],[126.46832,36.84305],[126.46332,36.86388],[126.46198,36.89822],[126.46848,36.90638],[126.47665,36.92222],[126.47916,36.92833],[126.47804,36.9336],[126.44914,36.99138],[126.44247,36.99972],[126.43719,37.00278],[126.42943,37.00471],[126.39276,37.00471],[126.35582,36.99638],[126.33971,36.98916],[126.33499,36.98555],[126.34499,36.95666],[126.34833,36.95249],[126.38304,36.92944],[126.40721,36.93582],[126.4136,36.93333],[126.41509,36.89671],[126.40109,36.85194],[126.32471,36.80388],[126.29443,36.78722],[126.28943,36.78583],[126.28027,36.80444],[126.27916,36.80971],[126.28055,36.81527],[126.29721,36.8436],[126.32083,36.87804],[126.32166,36.88444],[126.30443,36.96221],[126.29776,36.96361],[126.29109,36.96249],[126.2861,36.95999],[126.18442,36.87833],[126.19167,36.81989],[126.16426,36.80965],[126.12886,36.75166],[126.1236,36.70916],[126.16609,36.67527],[126.17276,36.67277],[126.1861,36.67027],[126.23499,36.6825],[126.24387,36.68971],[126.25139,36.7075],[126.2561,36.71111],[126.27277,36.71749],[126.29887,36.63944],[126.29915,36.62777],[126.29305,36.58194],[126.31554,36.59943],[126.33693,36.64555],[126.33472,36.65027],[126.32277,36.66166],[126.30942,36.67833],[126.30359,36.69276],[126.34749,36.73999],[126.46944,36.74361],[126.47527,36.74194],[126.49721,36.72388],[126.5161,36.65971],[126.52721,36.59277],[126.5247,36.58694],[126.51888,36.58499],[126.50694,36.59083],[126.50027,36.59193],[126.47415,36.58804],[126.46582,36.57999],[126.46443,36.57471],[126.49582,36.39416],[126.53664,36.21916],[126.54442,36.13641],[126.67363,36.00471],[126.68533,35.99996],[126.70726,36.00081],[126.73947,36.00581],[126.86922,36.0606],[126.87299,36.05472],[126.86882,36.04306],[126.76193,35.99527],[126.64249,35.97166],[126.63165,35.96721],[126.62831,35.96194],[126.61526,35.92583],[126.61526,35.89083],[126.61998,35.8886],[126.73305,35.88249],[126.78831,35.89471],[126.80109,35.86166],[126.75194,35.77833],[126.70665,35.77083],[126.6322,35.73694],[126.4747,35.63583],[126.4686,35.60916],[126.4772,35.5961],[126.48804,35.58416],[126.4986,35.57805],[126.515,35.57583],[126.52138,35.57666],[126.53581,35.58555],[126.54694,35.58999],[126.65109,35.59499],[126.6586,35.59415],[126.66499,35.59166],[126.66914,35.58804],[126.67499,35.57361],[126.68748,35.53916],[126.68776,35.53333],[126.68387,35.52888],[126.67859,35.53221],[126.61943,35.54694],[126.52304,35.52499],[126.49165,35.50972],[126.48415,35.50111],[126.44693,35.44777],[126.44135,35.43019],[126.42192,35.40665],[126.3875,35.33694],[126.37831,35.31221],[126.3636,35.22777],[126.36053,35.18028],[126.41138,35.11916],[126.43137,35.10555],[126.45555,35.09471],[126.45888,35.09055],[126.45721,35.06889],[126.43137,35.02332],[126.4211,35.01805],[126.41638,35.02027],[126.35971,35.06916],[126.34082,35.10027],[126.35332,35.12083],[126.35416,35.12721],[126.34943,35.14805],[126.34499,35.15166],[126.26361,35.13472],[126.25417,35.1286],[126.24915,35.11666],[126.24832,35.11028],[126.30415,34.96194],[126.31805,34.93221],[126.33804,34.91944],[126.34387,34.9175],[126.36943,34.93082],[126.37608,34.94054],[126.37692,34.94666],[126.43359,34.96361],[126.41331,34.89444],[126.37859,34.80916],[126.37109,34.80055],[126.36914,34.79388],[126.37137,34.78916],[126.37581,34.78555],[126.38136,34.78361],[126.51054,34.77555],[126.5186,34.78333],[126.5311,34.80388],[126.53998,34.87305],[126.59082,34.87749],[126.65971,34.81277],[126.66081,34.8075],[126.63499,34.78221],[126.62915,34.78055],[126.60803,34.77943],[126.49414,34.75055],[126.47693,34.72499],[126.49248,34.72166],[126.50305,34.71527],[126.62025,34.62416],[126.61832,34.61944],[126.60609,34.61666],[126.52887,34.61416],[126.47276,34.63721],[126.45139,34.64833],[126.43248,34.61944],[126.45166,34.57805],[126.41748,34.59583],[126.32832,34.73472],[126.31667,34.7461],[126.30386,34.75111],[126.29694,34.75111],[126.28943,34.74222],[126.26694,34.68333],[126.26527,34.67083],[126.27304,34.63388],[126.28831,34.59027],[126.31276,34.56805],[126.31833,34.565],[126.39137,34.54388],[126.46332,34.48472],[126.46193,34.47332],[126.47832,34.34527],[126.52499,34.3161],[126.55637,34.30055],[126.59415,34.29944],[126.60027,34.30027],[126.68387,34.43443],[126.7561,34.55777],[126.77249,34.58277],[126.78333,34.58721],[126.7897,34.58611],[126.79915,34.57944],[126.80276,34.56944],[126.80498,34.52972],[126.79999,34.49194],[126.80081,34.46305],[126.81165,34.44554],[126.88943,34.41249],[126.88777,34.43499],[126.89694,34.44916],[126.93831,34.48721],[126.96638,34.50417],[126.98553,34.52638],[126.98859,34.53166],[127.00972,34.60222],[127.03693,34.61999],[127.09166,34.65054],[127.21666,34.7075],[127.27388,34.72749],[127.3286,34.74305],[127.33527,34.74194],[127.33832,34.73777],[127.35277,34.69276],[127.33249,34.65638],[127.3286,34.65221],[127.2422,34.56944],[127.19275,34.56944],[127.19165,34.57471],[127.21304,34.62083],[127.21193,34.63249],[127.20638,34.63555],[127.20166,34.63305],[127.13165,34.56527],[127.12526,34.55499],[127.12331,34.54805],[127.12469,34.53722],[127.12915,34.52777],[127.13971,34.51583],[127.16832,34.51194],[127.24359,34.51138],[127.31526,34.4436],[127.38943,34.4711],[127.50999,34.57861],[127.51443,34.59138],[127.51332,34.59666],[127.48581,34.64194],[127.3875,34.70194],[127.36388,34.75139],[127.39888,34.80222],[127.41832,34.8186],[127.49387,34.85166],[127.52249,34.85694],[127.56776,34.76666],[127.56276,34.71749],[127.55832,34.70471],[127.55637,34.69221],[127.55415,34.6561],[127.55637,34.65138],[127.57639,34.63833],[127.63499,34.615],[127.64082,34.61694],[127.74776,34.72749],[127.76944,34.795],[127.77388,34.82639],[127.77361,34.84388],[127.71082,34.84055],[127.70499,34.83888],[127.69026,34.83028],[127.67303,34.81554],[127.65471,34.81194],[127.6386,34.81416],[127.61137,34.84083],[127.57639,34.88694],[127.5686,34.91193],[127.56915,34.91777],[127.59332,34.94166],[127.60054,34.94193],[127.60555,34.9386],[127.60915,34.92305],[127.61859,34.91055],[127.62804,34.9036],[127.64305,34.90083],[127.66081,34.90527],[127.7674,34.96028],[127.86388,34.94027],[127.88304,34.94305],[127.90942,34.95527],[128.02054,34.98638],[128.04694,34.94749],[128.05026,34.93749],[128.05609,34.93082],[128.06665,34.92444],[128.15414,34.89444],[128.17636,34.88944],[128.20386,34.88833],[128.20801,34.89972],[128.20773,34.92277],[128.21109,34.92805],[128.21606,34.93055],[128.22775,34.93416],[128.32913,34.94943],[128.34079,34.9436],[128.35107,34.93138],[128.35663,34.90527],[128.34634,34.89999],[128.33551,34.87138],[128.40305,34.8336],[128.40888,34.83194],[128.43497,34.83472],[128.4458,34.83888],[128.4519,34.84554],[128.46997,34.88583],[128.50137,35.00833],[128.48746,35.04749],[128.47717,35.05388],[128.41553,35.03221],[128.41052,35.02972],[128.40524,35.01777],[128.39609,35.01083],[128.37939,35.00471],[128.37247,35.00471],[128.37106,35.00944],[128.37802,35.03611],[128.57275,35.16999],[128.61136,35.17333],[128.61997,35.14861],[128.71051,35.10111],[128.73496,35.09277],[128.81052,35.08416],[128.91913,35.08916],[128.92499,35.09083],[128.97391,35.13483],[128.97858,35.08499],[129.13693,35.11221],[129.17468,35.14694],[129.23749,35.1899],[129.24164,35.20889],[129.27777,35.29583],[129.2811,35.30083],[129.34747,35.34499],[129.43942,35.47582],[129.46637,35.53722],[129.47525,35.59222],[129.46475,35.64461],[129.48663,35.68333],[129.58386,35.98888],[129.58835,36.00764],[129.58835,36.01931],[129.5853,36.03487],[129.57391,36.06404],[129.56448,36.07655],[129.55725,36.07877],[129.55115,36.0771],[129.52814,36.05104],[129.48163,36.008],[129.47183,36],[129.46301,35.99471],[129.45718,35.99305],[129.44998,35.99305],[129.42554,35.99721],[129.39828,36.01296],[129.3941,36.01658],[129.38886,36.02574],[129.3869,36.03602],[129.38193,36.3144],[129.38525,36.32746],[129.39053,36.3394],[129.41803,36.36971],[129.43802,36.40027],[129.45053,36.50055],[129.45053,36.50639],[129.44107,36.53611],[129.43692,36.54583],[129.42719,36.55833],[129.41998,36.57777],[129.41693,36.61666],[129.42221,36.63416],[129.43857,36.66027],[129.4519,36.67138],[129.46692,36.67972],[129.47162,36.69249],[129.47302,36.71027],[129.47498,36.77444],[129.45386,36.8161],[129.43082,36.86888],[129.41608,36.94221],[129.41388,37.02166],[129.41721,37.03472],[129.42386,37.045],[129.42859,37.04833],[129.43359,37.05888],[129.42941,37.06833],[129.37634,37.135],[129.36249,37.15002],[129.35413,37.22833],[129.34247,37.25722],[129.1897,37.46471],[129.13611,37.52555],[129.06638,37.62444],[129.05997,37.6386],[129.06302,37.65749],[129.06302,37.66888],[129.04999,37.68582],[128.88272,37.84805],[128.8783,37.85194],[128.86328,37.8561],[128.858,37.85944],[128.63443,38.12555],[128.53247,38.33055],[128.36356,38.62524],[128.32135,38.59916],[128.30719,38.58888],[128.30359,38.58388],[128.30191,38.57833],[128.3136,38.53194],[128.31274,38.51416],[128.30774,38.4886],[128.30136,38.46832],[128.2933,38.45055],[128.27969,38.43028],[128.26053,38.41166],[128.26962,38.42049],[128.13437,38.3377],[127.95427,38.30937],[127.88527,38.31361],[127.67609,38.32027],[127.53749,38.3075],[127.45082,38.31249],[127.36638,38.32333],[127.25139,38.31889],[127.19748,38.31194],[127.12776,38.29722],[127.10609,38.2875],[127.06805,38.26],[127.05803,38.25388],[127.06023,38.25523],[126.99037,38.2565],[126.84851,38.18577],[126.56362,37.85355],[126.48667,37.78414],[126.4436,37.80634],[126.43803,37.81444],[126.42804,37.82111],[126.42026,37.82194],[126.40054,37.81889],[126.39694,37.81667],[126.36804,37.79028],[126.36665,37.78472],[126.36415,37.72027],[126.36684,37.68799]]],[[[124.64333,37.91583],[124.65193,37.91444],[124.69553,37.9161],[124.70139,37.91805],[124.74359,37.94971],[124.74664,37.95471],[124.74304,37.96471],[124.73166,37.97638],[124.72554,37.97804],[124.72554,37.98166],[124.71805,37.9836],[124.68887,37.98249],[124.62387,37.97416],[124.61526,37.9686],[124.60971,37.95721],[124.61331,37.94749],[124.63304,37.92249],[124.63666,37.91833],[124.64333,37.91583]]]]}},{"type":"Feature","id":239,"properties":{"name":"Hong Kong","subjecto":"China","partof":null,"precision":3},"geometry":{"type":"MultiPolygon","coordinates":[[[[113.9496,22.30284],[113.90153,22.2909],[113.85849,22.2577],[113.83625,22.21387],[113.8671,22.19727],[113.90368,22.21852],[113.93166,22.2059],[113.95462,22.2338],[113.98906,22.21454],[114.02206,22.22848],[114.03067,22.31015],[114.04645,22.34001],[113.9496,22.30284]]],[[[114.02923,22.50846],[114.04215,22.49852],[113.98117,22.46869],[113.90135,22.40652],[113.92539,22.36721],[113.94673,22.36589],[114.00771,22.37186],[114.08663,22.36058],[114.10241,22.32873],[114.14402,22.33138],[114.1607,22.3138],[114.15335,22.2987],[114.11586,22.27845],[114.12752,22.25438],[114.09882,22.21653],[114.13398,22.17169],[114.20716,22.22184],[114.2163,22.19229],[114.23119,22.22234],[114.26312,22.20441],[114.25881,22.22184],[114.32912,22.27231],[114.39799,22.3964],[114.41306,22.43686],[114.35782,22.50514],[114.30903,22.55352],[114.21864,22.55087],[114.16626,22.56081],[114.08448,22.52834],[114.02923,22.50846]]]]}},{"type":"Feature","id":240,"properties":{"name":"Andorra","subjecto":"Andorra","partof":"Andorra","precision":3},"geometry":{"type":"Polygon","coordinates":[[[1.72361,42.50944],[1.72528,42.53],[1.73528,42.55444],[1.74306,42.56361],[1.75389,42.57],[1.77472,42.57111],[1.78172,42.56996],[1.73861,42.61639],[1.55639,42.65639],[1.49194,42.65361],[1.48111,42.64722],[1.44583,42.60194],[1.42139,42.54583],[1.42417,42.49333],[1.45472,42.44167],[1.51222,42.43639],[1.54167,42.43722],[1.65444,42.46777],[1.71889,42.50305],[1.72361,42.50944]]]}},{"type":"Feature","properties":{"kind":"label","name":"Luxembourg","subjecto":"Luxembourg","area":0.34},"geometry":{"type":"Point","coordinates":[6.096,49.762]}},{"type":"Feature","properties":{"kind":"label","name":"Cyprus","subjecto":"Cyprus","area":0.54},"geometry":{"type":"Point","coordinates":[32.568,34.886]}},{"type":"Feature","properties":{"kind":"label","name":"Japan","subjecto":"Japan","area":22.92},"geometry":{"type":"Point","coordinates":[138.626,36.126]}},{"type":"Feature","properties":{"kind":"label","name":"Bhutan","subjecto":"Bhutan","area":3.46},"geometry":{"type":"Point","coordinates":[89.907,27.433]}},{"type":"Feature","properties":{"kind":"label","name":"Western Sahara","subjecto":"Western Sahara","area":23.65},"geometry":{"type":"Point","coordinates":[-14.608,22.8]}},{"type":"Feature","properties":{"kind":"label","name":"Qatar","subjecto":"Qatar","area":0.9},"geometry":{"type":"Point","coordinates":[51.227,25.233]}},{"type":"Feature","properties":{"kind":"label","name":"United Arab Emirates","subjecto":"United Arab Emirates","area":9.05},"geometry":{"type":"Point","coordinates":[54.655,23.163]}},{"type":"Feature","properties":{"kind":"label","name":"Mali","subjecto":"Mali","area":106.04},"geometry":{"type":"Point","coordinates":[-2.058,18.632]}},{"type":"Feature","properties":{"kind":"label","name":"Oman","subjecto":"Oman","area":26.6},"geometry":{"type":"Point","coordinates":[57.516,21.987]}},{"type":"Feature","properties":{"kind":"label","name":"Niger","subjecto":"Niger","area":100.33},"geometry":{"type":"Point","coordinates":[10.524,17.734]}},{"type":"Feature","properties":{"kind":"label","name":"Chad","subjecto":"Chad","area":106.61},"geometry":{"type":"Point","coordinates":[19.42,17.329]}},{"type":"Feature","properties":{"kind":"label","name":"Vietnam","subjecto":"Vietnam","area":28.22},"geometry":{"type":"Point","coordinates":[105.293,21.663]}},{"type":"Feature","properties":{"kind":"label","name":"Cuba","subjecto":"Cuba","area":8.74},"geometry":{"type":"Point","coordinates":[-76.492,20.637]}},{"type":"Feature","properties":{"kind":"label","name":"Laos","subjecto":"Laos","area":19.72},"geometry":{"type":"Point","coordinates":[102.45,19.603]}},{"type":"Feature","properties":{"kind":"label","name":"United States","subjecto":"United States","area":827.05},"geometry":{"type":"Point","coordinates":[-98.663,39.107]}},{"type":"Feature","properties":{"kind":"label","name":"China","subjecto":"China","area":944.65},"geometry":{"type":"Point","coordinates":[109.282,32.459]}},{"type":"Feature","properties":{"kind":"label","name":"Haiti","subjecto":"Haiti","area":2.2},"geometry":{"type":"Point","coordinates":[-72.196,19.156]}},{"type":"Feature","properties":{"kind":"label","name":"Dominican Republic","subjecto":"Dominican Republic","area":3.88},"geometry":{"type":"Point","coordinates":[-70.991,19.165]}},{"type":"Feature","properties":{"kind":"label","name":"Philippines","subjecto":"Philippines","area":8.2},"geometry":{"type":"Point","coordinates":[121.298,16.966]}},{"type":"Feature","properties":{"kind":"label","name":"Puerto Rico","subjecto":"Puerto Rico","area":0.68},"geometry":{"type":"Point","coordinates":[-66.906,18.241]}},{"type":"Feature","properties":{"kind":"label","name":"Jamaica","subjecto":"Jamaica","area":0.77},"geometry":{"type":"Point","coordinates":[-77.312,18.114]}},{"type":"Feature","properties":{"kind":"label","name":"Burkina Faso","subjecto":"Burkina Faso","area":22.89},"geometry":{"type":"Point","coordinates":[-0.792,12.78]}},{"type":"Feature","properties":{"kind":"label","name":"Nicaragua","subjecto":"Nicaragua","area":10.11},"geometry":{"type":"Point","coordinates":[-85.231,12.546]}},{"type":"Feature","properties":{"kind":"label","name":"Cambodia","subjecto":"Cambodia","area":15.12},"geometry":{"type":"Point","coordinates":[104.402,12.649]}},{"type":"Feature","properties":{"kind":"label","name":"Costa Rica","subjecto":"Costa Rica","area":4.15},"geometry":{"type":"Point","coordinates":[-83.998,10.116]}},{"type":"Feature","properties":{"kind":"label","name":"Central African Republic","subjecto":"Central African Republic","area":51.44},"geometry":{"type":"Point","coordinates":[21.548,6.914]}},{"type":"Feature","properties":{"kind":"label","name":"Sierra Leone","subjecto":"Sierra Leone","area":5.65},"geometry":{"type":"Point","coordinates":[-11.706,8.705]}},{"type":"Feature","properties":{"kind":"label","name":"Sri Lanka","subjecto":"Sri Lanka","area":5.06},"geometry":{"type":"Point","coordinates":[80.839,7.096]}},{"type":"Feature","properties":{"kind":"label","name":"Panama","subjecto":"Panama","area":6},"geometry":{"type":"Point","coordinates":[-80.855,8.367]}},{"type":"Feature","properties":{"kind":"label","name":"Guyana","subjecto":"Guyana","area":17.04},"geometry":{"type":"Point","coordinates":[-58.647,2.833]}},{"type":"Feature","properties":{"kind":"label","name":"Liberia","subjecto":"Liberia","area":7.41},"geometry":{"type":"Point","coordinates":[-10.124,6.97]}},{"type":"Feature","properties":{"kind":"label","name":"Zaire","subjecto":"Zaire","area":190.57},"geometry":{"type":"Point","coordinates":[23.124,-1.804]}},{"type":"Feature","properties":{"kind":"label","name":"Tanzania, United Republic of","subjecto":"Tanzania, United Republic of","area":76.96},"geometry":{"type":"Point","coordinates":[34.024,-5.658]}},{"type":"Feature","properties":{"kind":"label","name":"Rwanda","subjecto":"Rwanda","area":2.21},"geometry":{"type":"Point","coordinates":[29.578,-2.149]}},{"type":"Feature","properties":{"kind":"label","name":"Burundi","subjecto":"Burundi","area":2.29},"geometry":{"type":"Point","coordinates":[29.815,-3.588]}},{"type":"Feature","properties":{"kind":"label","name":"Angola","subjecto":"Angola","area":101.87},"geometry":{"type":"Point","coordinates":[17.733,-13.206]}},{"type":"Feature","properties":{"kind":"label","name":"Zambia","subjecto":"Zambia","area":63.29},"geometry":{"type":"Point","coordinates":[25.813,-15.014]}},{"type":"Feature","properties":{"kind":"label","name":"Malawi","subjecto":"Malawi","area":9.23},"geometry":{"type":"Point","coordinates":[33.708,-13.41]}},{"type":"Feature","properties":{"kind":"label","name":"Bolivia","subjecto":"Bolivia","area":92.26},"geometry":{"type":"Point","coordinates":[-64.642,-16.739]}},{"type":"Feature","properties":{"kind":"label","name":"Mozambique","subjecto":"Mozambique","area":66.32},"geometry":{"type":"Point","coordinates":[38.174,-14.097]}},{"type":"Feature","properties":{"kind":"label","name":"Madagascar","subjecto":"Madagascar","area":49.74},"geometry":{"type":"Point","coordinates":[46.785,-18.335]}},{"type":"Feature","properties":{"kind":"label","name":"Zimbabwe","subjecto":"Zimbabwe","area":33.75},"geometry":{"type":"Point","coordinates":[29.956,-19.2]}},{"type":"Feature","properties":{"kind":"label","name":"Namibia","subjecto":"Namibia","area":70.16},"geometry":{"type":"Point","coordinates":[17.106,-20.639]}},{"type":"Feature","properties":{"kind":"label","name":"Chile","subjecto":"Chile","area":71.58},"geometry":{"type":"Point","coordinates":[-69.083,-23.322]}},{"type":"Feature","properties":{"kind":"label","name":"Botswana","subjecto":"Botswana","area":51.54},"geometry":{"type":"Point","coordinates":[24.12,-22.098]}},{"type":"Feature","properties":{"kind":"label","name":"Paraguay","subjecto":"Paraguay","area":35.48},"geometry":{"type":"Point","coordinates":[-60,-21.659]}},{"type":"Feature","properties":{"kind":"label","name":"South Africa","subjecto":"South Africa","area":116.24},"geometry":{"type":"Point","coordinates":[23.237,-30.29]}},{"type":"Feature","properties":{"kind":"label","name":"Swaziland","subjecto":"Swaziland","area":1.55},"geometry":{"type":"Point","coordinates":[31.488,-26.782]}},{"type":"Feature","properties":{"kind":"label","name":"Lesotho","subjecto":"Lesotho","area":2.83},"geometry":{"type":"Point","coordinates":[28.426,-29.56]}},{"type":"Feature","properties":{"kind":"label","name":"New Zealand","subjecto":"New Zealand","area":15.7},"geometry":{"type":"Point","coordinates":[169.113,-45.365]}},{"type":"Feature","properties":{"kind":"label","name":"Argentina","subjecto":"Argentina","area":274.54},"geometry":{"type":"Point","coordinates":[-64.053,-31.667]}},{"type":"Feature","properties":{"kind":"label","name":"Iceland","subjecto":"Iceland","area":19.15},"geometry":{"type":"Point","coordinates":[-18.447,64.596]}},{"type":"Feature","properties":{"kind":"label","name":"Estonia","subjecto":"Estonia","area":6.02},"geometry":{"type":"Point","coordinates":[26.492,58.566]}},{"type":"Feature","properties":{"kind":"label","name":"Latvia","subjecto":"Latvia","area":9.22},"geometry":{"type":"Point","coordinates":[26.675,56.638]}},{"type":"Feature","properties":{"kind":"label","name":"Lithuania","subjecto":"Lithuania","area":9.22},"geometry":{"type":"Point","coordinates":[24.165,55.109]}},{"type":"Feature","properties":{"kind":"label","name":"Byelarus","subjecto":"Byelarus","area":28.01},"geometry":{"type":"Point","coordinates":[28.421,53.788]}},{"type":"Feature","properties":{"kind":"label","name":"United Kingdom","subjecto":"United Kingdom","area":28.07},"geometry":{"type":"Point","coordinates":[-1.511,52.562]}},{"type":"Feature","properties":{"kind":"label","name":"Kazakhstan","subjecto":"Kazakhstan","area":328.98},"geometry":{"type":"Point","coordinates":[69.149,48.441]}},{"type":"Feature","properties":{"kind":"label","name":"Ireland","subjecto":"Ireland","area":9.15},"geometry":{"type":"Point","coordinates":[-7.872,53.105]}},{"type":"Feature","properties":{"kind":"label","name":"Ukraine","subjecto":"Ukraine","area":72.43},"geometry":{"type":"Point","coordinates":[32.409,49.493]}},{"type":"Feature","properties":{"kind":"label","name":"Mongolia","subjecto":"Mongolia","area":186.09},"geometry":{"type":"Point","coordinates":[104.987,46.113]}},{"type":"Feature","properties":{"kind":"label","name":"Belgium","subjecto":"Belgium","area":4},"geometry":{"type":"Point","coordinates":[4.717,50.797]}},{"type":"Feature","properties":{"kind":"label","name":"Slovakia","subjecto":"Slovakia","area":5.87},"geometry":{"type":"Point","coordinates":[18.723,48.807]}},{"type":"Feature","properties":{"kind":"label","name":"Hungary","subjecto":"Hungary","area":11.38},"geometry":{"type":"Point","coordinates":[20.599,47.268]}},{"type":"Feature","properties":{"kind":"label","name":"Moldova","subjecto":"Moldova","area":3.87},"geometry":{"type":"Point","coordinates":[28.713,47.004]}},{"type":"Feature","properties":{"kind":"label","name":"Romania","subjecto":"Romania","area":26.93},"geometry":{"type":"Point","coordinates":[24.422,45.868]}},{"type":"Feature","properties":{"kind":"label","name":"Slovenia","subjecto":"Slovenia","area":2.39},"geometry":{"type":"Point","coordinates":[14.902,46.064]}},{"type":"Feature","properties":{"kind":"label","name":"Croatia","subjecto":"Croatia","area":6.07},"geometry":{"type":"Point","coordinates":[16.4,45.794]}},{"type":"Feature","properties":{"kind":"label","name":"Serbia","subjecto":"Serbia","area":9.91},"geometry":{"type":"Point","coordinates":[21.193,43.593]}},{"type":"Feature","properties":{"kind":"label","name":"Uzbekistan","subjecto":"Uzbekistan","area":48.38},"geometry":{"type":"Point","coordinates":[64.265,41.329]}},{"type":"Feature","properties":{"kind":"label","name":"Bosnia and Herzegovina","subjecto":"Bosnia and Herzegovina","area":5.79},"geometry":{"type":"Point","coordinates":[18.055,44.026]}},{"type":"Feature","properties":{"kind":"label","name":"Bulgaria","subjecto":"Bulgaria","area":13.16},"geometry":{"type":"Point","coordinates":[25.208,42.514]}},{"type":"Feature","properties":{"kind":"label","name":"Spain","subjecto":"Spain","area":51.66},"geometry":{"type":"Point","coordinates":[-3.411,39.934]}},{"type":"Feature","properties":{"kind":"label","name":"Georgia","subjecto":"Georgia","area":7.89},"geometry":{"type":"Point","coordinates":[42.432,42.365]}},{"type":"Feature","properties":{"kind":"label","name":"Montenegro","subjecto":"Montenegro","area":1.54},"geometry":{"type":"Point","coordinates":[19.028,42.741]}},{"type":"Feature","properties":{"kind":"label","name":"Kyrgyzstan","subjecto":"Kyrgyzstan","area":21.19},"geometry":{"type":"Point","coordinates":[74.627,41.652]}},{"type":"Feature","properties":{"kind":"label","name":"Turkmenistan","subjecto":"Turkmenistan","area":49.66},"geometry":{"type":"Point","coordinates":[58.759,39.814]}},{"type":"Feature","properties":{"kind":"label","name":"Albania","subjecto":"Albania","area":3},"geometry":{"type":"Point","coordinates":[20.116,40.574]}},{"type":"Feature","properties":{"kind":"label","name":"Macedonia","subjecto":"Macedonia","area":2.79},"geometry":{"type":"Point","coordinates":[21.249,41.436]}},{"type":"Feature","properties":{"kind":"label","name":"Portugal","subjecto":"Portugal","area":9.79},"geometry":{"type":"Point","coordinates":[-7.884,40.374]}},{"type":"Feature","properties":{"kind":"label","name":"Turkey","subjecto":"Turkey","area":79.72},"geometry":{"type":"Point","coordinates":[33.152,39.033]}},{"type":"Feature","properties":{"kind":"label","name":"Azerbaijan","subjecto":"Azerbaijan","area":8.64},"geometry":{"type":"Point","coordinates":[48.553,40.379]}},{"type":"Feature","properties":{"kind":"label","name":"Greece","subjecto":"Greece","area":10.16},"geometry":{"type":"Point","coordinates":[21.605,39.85]}},{"type":"Feature","properties":{"kind":"label","name":"Armenia","subjecto":"Armenia","area":3.25},"geometry":{"type":"Point","coordinates":[44.885,40.529]}},{"type":"Feature","properties":{"kind":"label","name":"Tajikistan","subjecto":"Tajikistan","area":15.16},"geometry":{"type":"Point","coordinates":[69.488,38.545]}},{"type":"Feature","properties":{"kind":"label","name":"Iran","subjecto":"Iran","area":155.16},"geometry":{"type":"Point","coordinates":[55.688,32.047]}},{"type":"Feature","properties":{"kind":"label","name":"Afghanistan","subjecto":"Afghanistan","area":62.92},"geometry":{"type":"Point","coordinates":[64.286,32.808]}},{"type":"Feature","properties":{"kind":"label","name":"Iraq","subjecto":"Iraq","area":42.55},"geometry":{"type":"Point","coordinates":[43.259,33.084]}},{"type":"Feature","properties":{"kind":"label","name":"Syria","subjecto":"Syria","area":19.13},"geometry":{"type":"Point","coordinates":[38.237,34.912]}},{"type":"Feature","properties":{"kind":"label","name":"Tunisia","subjecto":"Tunisia","area":15.17},"geometry":{"type":"Point","coordinates":[9.562,35.317]}},{"type":"Feature","properties":{"kind":"label","name":"Algeria","subjecto":"Algeria","area":212.41},"geometry":{"type":"Point","coordinates":[3.156,27.349]}},{"type":"Feature","properties":{"kind":"label","name":"Morocco","subjecto":"Morocco","area":39.19},"geometry":{"type":"Point","coordinates":[-6.497,31.834]}},{"type":"Feature","properties":{"kind":"label","name":"Lebanon","subjecto":"Lebanon","area":1},"geometry":{"type":"Point","coordinates":[35.881,34.007]}},{"type":"Feature","properties":{"kind":"label","name":"Mexico","subjecto":"Mexico","area":169.74},"geometry":{"type":"Point","coordinates":[-101.766,23.448]}},{"type":"Feature","properties":{"kind":"label","name":"Kuwait","subjecto":"Kuwait","area":1.49},"geometry":{"type":"Point","coordinates":[47.841,28.834]}},{"type":"Feature","properties":{"kind":"label","name":"Burma","subjecto":"Burma","area":57.04},"geometry":{"type":"Point","coordinates":[95.874,21.65]}},{"type":"Feature","properties":{"kind":"label","name":"Bangladesh","subjecto":"Bangladesh","area":11.73},"geometry":{"type":"Point","coordinates":[89.911,23.898]}},{"type":"Feature","properties":{"kind":"label","name":"Thailand","subjecto":"Thailand","area":42.46},"geometry":{"type":"Point","coordinates":[101.171,15.404]}},{"type":"Feature","properties":{"kind":"label","name":"Belize","subjecto":"Belize","area":1.87},"geometry":{"type":"Point","coordinates":[-88.753,16.965]}},{"type":"Feature","properties":{"kind":"label","name":"Guatemala","subjecto":"Guatemala","area":8.63},"geometry":{"type":"Point","coordinates":[-90.943,15.049]}},{"type":"Feature","properties":{"kind":"label","name":"Honduras","subjecto":"Honduras","area":9.47},"geometry":{"type":"Point","coordinates":[-87.111,14.744]}},{"type":"Feature","properties":{"kind":"label","name":"El Salvador","subjecto":"El Salvador","area":1.71},"geometry":{"type":"Point","coordinates":[-89.272,13.9]}},{"type":"Feature","properties":{"kind":"label","name":"Colombia","subjecto":"Colombia","area":93.67},"geometry":{"type":"Point","coordinates":[-73.26,3.286]}},{"type":"Feature","properties":{"kind":"label","name":"Benin","subjecto":"Benin","area":9.52},"geometry":{"type":"Point","coordinates":[2.383,10.41]}},{"type":"Feature","properties":{"kind":"label","name":"Ghana","subjecto":"Ghana","area":19.24},"geometry":{"type":"Point","coordinates":[-1.218,6.946]}},{"type":"Feature","properties":{"kind":"label","name":"Togo","subjecto":"Togo","area":4.93},"geometry":{"type":"Point","coordinates":[0.969,9.12]}},{"type":"Feature","properties":{"kind":"label","name":"Ivory Coast","subjecto":"Ivory Coast","area":25.59},"geometry":{"type":"Point","coordinates":[-5.387,7.474]}},{"type":"Feature","properties":{"kind":"label","name":"Malaysia","subjecto":"Malaysia","area":16.12},"geometry":{"type":"Point","coordinates":[113.906,2.607]}},{"type":"Feature","properties":{"kind":"label","name":"Suriname","subjecto":"Suriname","area":12.12},"geometry":{"type":"Point","coordinates":[-55.851,3.999]}},{"type":"Feature","properties":{"kind":"label","name":"French Guiana","subjecto":"French Guiana","area":6.7},"geometry":{"type":"Point","coordinates":[-52.959,3.952]}},{"type":"Feature","properties":{"kind":"label","name":"Congo","subjecto":"Congo","area":26.65},"geometry":{"type":"Point","coordinates":[15.956,0.033]}},{"type":"Feature","properties":{"kind":"label","name":"Gabon","subjecto":"Gabon","area":20.71},"geometry":{"type":"Point","coordinates":[11.299,-0.739]}},{"type":"Feature","properties":{"kind":"label","name":"Equatorial Guinea","subjecto":"Equatorial Guinea","area":1.82},"geometry":{"type":"Point","coordinates":[10.305,1.476]}},{"type":"Feature","properties":{"kind":"label","name":"Ecuador","subjecto":"Ecuador","area":20.13},"geometry":{"type":"Point","coordinates":[-78.266,-1.263]}},{"type":"Feature","properties":{"kind":"label","name":"Peru","subjecto":"Peru","area":107.05},"geometry":{"type":"Point","coordinates":[-72.982,-13.009]}},{"type":"Feature","properties":{"kind":"label","name":"Brazil","subjecto":"Brazil","area":697.49},"geometry":{"type":"Point","coordinates":[-49.058,-12.399]}},{"type":"Feature","properties":{"kind":"label","name":"Papua New Guinea","subjecto":"Papua New Guinea","area":31.96},"geometry":{"type":"Point","coordinates":[143.044,-5.712]}},{"type":"Feature","properties":{"kind":"label","name":"Australia","subjecto":"Australia","area":686.15},"geometry":{"type":"Point","coordinates":[132.467,-23.281]}},{"type":"Feature","properties":{"kind":"label","name":"Uruguay","subjecto":"Uruguay","area":16.9},"geometry":{"type":"Point","coordinates":[-55.907,-33.04]}},{"type":"Feature","properties":{"kind":"label","name":"Denmark","subjecto":"Denmark","area":3.08},"geometry":{"type":"Point","coordinates":[9.102,55.822]}},{"type":"Feature","properties":{"kind":"label","name":"Poland","subjecto":"Poland","area":40.26},"geometry":{"type":"Point","coordinates":[20.545,51.936]}},{"type":"Feature","properties":{"kind":"label","name":"Netherlands","subjecto":"Netherlands","area":4.35},"geometry":{"type":"Point","coordinates":[6.263,52.808]}},{"type":"Feature","properties":{"kind":"label","name":"Czech Republic","subjecto":"Czech Republic","area":10.04},"geometry":{"type":"Point","coordinates":[14.489,49.851]}},{"type":"Feature","properties":{"kind":"label","name":"Nigeria","subjecto":"Nigeria","area":74.57},"geometry":{"type":"Point","coordinates":[7.286,9.302]}},{"type":"Feature","properties":{"kind":"label","name":"Cameroon","subjecto":"Cameroon","area":37.67},"geometry":{"type":"Point","coordinates":[12.393,4.484]}},{"type":"Feature","properties":{"kind":"label","name":"Pakistan","subjecto":"Pakistan","area":81.44},"geometry":{"type":"Point","coordinates":[67.234,27.695]}},{"type":"Feature","properties":{"kind":"label","name":"India","subjecto":"India","area":277.99},"geometry":{"type":"Point","coordinates":[79.144,22.341]}},{"type":"Feature","properties":{"kind":"label","name":"Jordan","subjecto":"Jordan","area":8.46},"geometry":{"type":"Point","coordinates":[36.342,30.685]}},{"type":"Feature","properties":{"kind":"label","name":"Libya","subjecto":"Libya","area":147.08},"geometry":{"type":"Point","coordinates":[20.535,26.042]}},{"type":"Feature","properties":{"kind":"label","name":"Israel","subjecto":"Israel","area":2.95},"geometry":{"type":"Point","coordinates":[34.876,31.12]}},{"type":"Feature","properties":{"kind":"label","name":"Saudi Arabia","subjecto":"Saudi Arabia","area":169.61},"geometry":{"type":"Point","coordinates":[44.971,23.397]}},{"type":"Feature","properties":{"kind":"label","name":"Egypt","subjecto":"Egypt","area":90.45},"geometry":{"type":"Point","coordinates":[29.239,26.209]}},{"type":"Feature","properties":{"kind":"label","name":"Nepal","subjecto":"Nepal","area":13.54},"geometry":{"type":"Point","coordinates":[82.07,28.992]}},{"type":"Feature","properties":{"kind":"label","name":"Mauritania","subjecto":"Mauritania","area":88.31},"geometry":{"type":"Point","coordinates":[-9.769,19.241]}},{"type":"Feature","properties":{"kind":"label","name":"Sudan","subjecto":"Sudan","area":209.54},"geometry":{"type":"Point","coordinates":[30.144,15.692]}},{"type":"Feature","properties":{"kind":"label","name":"Yemen","subjecto":"Yemen","area":32.91},"geometry":{"type":"Point","coordinates":[50.526,16.793]}},{"type":"Feature","properties":{"kind":"label","name":"Eritrea","subjecto":"Eritrea","area":10.78},"geometry":{"type":"Point","coordinates":[38.014,15.949]}},{"type":"Feature","properties":{"kind":"label","name":"Senegal","subjecto":"Senegal","area":17.65},"geometry":{"type":"Point","coordinates":[-15.038,15.269]}},{"type":"Feature","properties":{"kind":"label","name":"Ethiopia","subjecto":"Ethiopia","area":93},"geometry":{"type":"Point","coordinates":[38.441,8.407]}},{"type":"Feature","properties":{"kind":"label","name":"Gambia, The","subjecto":"Gambia, The","area":0.83},"geometry":{"type":"Point","coordinates":[-16.232,13.348]}},{"type":"Feature","properties":{"kind":"label","name":"Djibouti","subjecto":"Djibouti","area":1.78},"geometry":{"type":"Point","coordinates":[42.151,11.437]}},{"type":"Feature","properties":{"kind":"label","name":"Guinea-Bissau","subjecto":"Guinea-Bissau","area":2.33},"geometry":{"type":"Point","coordinates":[-14.592,12.113]}},{"type":"Feature","properties":{"kind":"label","name":"Guinea","subjecto":"Guinea","area":20.88},"geometry":{"type":"Point","coordinates":[-9.651,10.434]}},{"type":"Feature","properties":{"kind":"label","name":"Venezuela","subjecto":"Venezuela","area":75.83},"geometry":{"type":"Point","coordinates":[-64.445,7.167]}},{"type":"Feature","properties":{"kind":"label","name":"Somalia","subjecto":"Somalia","area":52.12},"geometry":{"type":"Point","coordinates":[48.729,9.436]}},{"type":"Feature","properties":{"kind":"label","name":"Trinidad","subjecto":"Trinidad","area":0.4},"geometry":{"type":"Point","coordinates":[-61.492,10.401]}},{"type":"Feature","properties":{"kind":"label","name":"Brunei","subjecto":"Brunei","area":0.55},"geometry":{"type":"Point","coordinates":[114.773,4.444]}},{"type":"Feature","properties":{"kind":"label","name":"Kenya","subjecto":"Kenya","area":48.34},"geometry":{"type":"Point","coordinates":[37.915,0.334]}},{"type":"Feature","properties":{"kind":"label","name":"Uganda","subjecto":"Uganda","area":19.46},"geometry":{"type":"Point","coordinates":[32.973,1.891]}},{"type":"Feature","properties":{"kind":"label","name":"Indonesia","subjecto":"Indonesia","area":41.69},"geometry":{"type":"Point","coordinates":[113.946,-1.03]}},{"type":"Feature","properties":{"kind":"label","name":"Greenland","subjecto":"Greenland","area":641.05},"geometry":{"type":"Point","coordinates":[-42.819,73.484]}},{"type":"Feature","properties":{"kind":"label","name":"Canada","subjecto":"Canada","area":1244.02},"geometry":{"type":"Point","coordinates":[-119.595,58.959]}},{"type":"Feature","properties":{"kind":"label","name":"Russia","subjecto":"Russia","area":2796.42},"geometry":{"type":"Point","coordinates":[94.628,63.589]}},{"type":"Feature","properties":{"kind":"label","name":"Norway","subjecto":"Norway","area":55.96},"geometry":{"type":"Point","coordinates":[8.191,60.571]}},{"type":"Feature","properties":{"kind":"label","name":"Finland","subjecto":"Finland","area":62.56},"geometry":{"type":"Point","coordinates":[27.359,63.083]}},{"type":"Feature","properties":{"kind":"label","name":"Sweden","subjecto":"Sweden","area":76.73},"geometry":{"type":"Point","coordinates":[18.25,65.537]}},{"type":"Feature","properties":{"kind":"label","name":"Turkish Cypriot-administered area","subjecto":"Turkish Cypriot-administered area","area":0.37},"geometry":{"type":"Point","coordinates":[33.612,35.139]}},{"type":"Feature","properties":{"kind":"label","name":"Antigua and Barbuda","subjecto":"Antigua and Barbuda","area":0.03},"geometry":{"type":"Point","coordinates":[-61.802,17.078]}},{"type":"Feature","properties":{"kind":"label","name":"Barbados","subjecto":"Barbados","area":0.04},"geometry":{"type":"Point","coordinates":[-59.562,13.179]}},{"type":"Feature","properties":{"kind":"label","name":"Dominica","subjecto":"Dominica","area":0.06},"geometry":{"type":"Point","coordinates":[-61.356,15.437]}},{"type":"Feature","properties":{"kind":"label","name":"Grenada","subjecto":"Grenada","area":0.03},"geometry":{"type":"Point","coordinates":[-61.681,12.112]}},{"type":"Feature","properties":{"kind":"label","name":"Martinique","subjecto":"Martinique","area":0.1},"geometry":{"type":"Point","coordinates":[-61.021,14.653]}},{"type":"Feature","properties":{"kind":"label","name":"Montserrat","subjecto":"Montserrat","area":0.01},"geometry":{"type":"Point","coordinates":[-62.237,16.671]}},{"type":"Feature","properties":{"kind":"label","name":"Anguilla","subjecto":"Anguilla","area":0.01},"geometry":{"type":"Point","coordinates":[-63.058,18.224]}},{"type":"Feature","properties":{"kind":"label","name":"Saint Kitts and Nevis","subjecto":"Saint Kitts and Nevis","area":0.02},"geometry":{"type":"Point","coordinates":[-62.753,17.326]}},{"type":"Feature","properties":{"kind":"label","name":"Saint Lucia","subjecto":"Saint Lucia","area":0.05},"geometry":{"type":"Point","coordinates":[-60.969,13.898]}},{"type":"Feature","properties":{"kind":"label","name":"Saint Vincent and the Grenadines","subjecto":"Saint Vincent and the Grenadines","area":0.03},"geometry":{"type":"Point","coordinates":[-61.194,13.255]}},{"type":"Feature","properties":{"kind":"label","name":"United States Virgin Islands","subjecto":"United States Virgin Islands","area":0.02},"geometry":{"type":"Point","coordinates":[-64.762,17.736]}},{"type":"Feature","properties":{"kind":"label","name":"Guadeloupe","subjecto":"Guadeloupe","area":0.13},"geometry":{"type":"Point","coordinates":[-61.654,16.088]}},{"type":"Feature","properties":{"kind":"label","name":"Netherlands Antilles","subjecto":"Netherlands Antilles","area":0.04},"geometry":{"type":"Point","coordinates":[-68.906,12.126]}},{"type":"Feature","properties":{"kind":"label","name":"Saint Martin","subjecto":"Saint Martin","area":0},"geometry":{"type":"Point","coordinates":[-63.147,18.059]}},{"type":"Feature","properties":{"kind":"label","name":"Saint Barthelemy","subjecto":"Saint Barthelemy","area":0},"geometry":{"type":"Point","coordinates":[-63.14,18.016]}},{"type":"Feature","properties":{"kind":"label","name":"Turks and Caicos Islands","subjecto":"Turks and Caicos Islands","area":0.01},"geometry":{"type":"Point","coordinates":[-71.678,21.797]}},{"type":"Feature","properties":{"kind":"label","name":"Bahamas","subjecto":"Bahamas","area":0.32},"geometry":{"type":"Point","coordinates":[-77.943,24.588]}},{"type":"Feature","properties":{"kind":"label","name":"Switzerland","subjecto":"Switzerland","area":0},"geometry":{"type":"Point","coordinates":[7.285,45.909]}},{"type":"Feature","properties":{"kind":"label","name":"Austria","subjecto":"Austria","area":10.15},"geometry":{"type":"Point","coordinates":[15.297,47.749]}},{"type":"Feature","properties":{"kind":"label","name":"Liechtenstein","subjecto":"Liechtenstein","area":0.02},"geometry":{"type":"Point","coordinates":[9.554,47.132]}},{"type":"Feature","properties":{"kind":"label","name":"Germany","subjecto":"Germany","area":45.03},"geometry":{"type":"Point","coordinates":[9.747,51.12]}},{"type":"Feature","properties":{"kind":"label","name":"Italy","subjecto":"Italy","area":27.82},"geometry":{"type":"Point","coordinates":[10.811,45.083]}},{"type":"Feature","properties":{"kind":"label","name":"Malta","subjecto":"Malta","area":0.03},"geometry":{"type":"Point","coordinates":[14.421,35.896]}},{"type":"Feature","properties":{"kind":"label","name":"Taiwan","subjecto":"Taiwan","area":3.19},"geometry":{"type":"Point","coordinates":[120.843,23.576]}},{"type":"Feature","properties":{"kind":"label","name":"France","subjecto":"France","area":63.85},"geometry":{"type":"Point","coordinates":[2.58,46.758]}},{"type":"Feature","properties":{"kind":"label","name":"American Samoa","subjecto":"American Samoa","area":0.01},"geometry":{"type":"Point","coordinates":[-170.708,-14.304]}},{"type":"Feature","properties":{"kind":"label","name":"Fiji","subjecto":"Fiji","area":0.94},"geometry":{"type":"Point","coordinates":[177.972,-17.824]}},{"type":"Feature","properties":{"kind":"label","name":"Niue","subjecto":"Niue","area":0.02},"geometry":{"type":"Point","coordinates":[-169.869,-19.052]}},{"type":"Feature","properties":{"kind":"label","name":"Tonga","subjecto":"Tonga","area":0.03},"geometry":{"type":"Point","coordinates":[-175.258,-21.166]}},{"type":"Feature","properties":{"kind":"label","name":"Wallis and Futuna Islands","subjecto":"Wallis and Futuna Islands","area":0.01},"geometry":{"type":"Point","coordinates":[-176.191,-13.353]}},{"type":"Feature","properties":{"kind":"label","name":"Samoa","subjecto":"Samoa","area":0.15},"geometry":{"type":"Point","coordinates":[-172.435,-13.635]}},{"type":"Feature","properties":{"kind":"label","name":"Rapa Nui","subjecto":"Chile","area":0.02},"geometry":{"type":"Point","coordinates":[-109.38,-27.133]}},{"type":"Feature","properties":{"kind":"label","name":"Korea, Democratic People's Republic of","subjecto":"Korea, Democratic People's Republic of","area":13.58},"geometry":{"type":"Point","coordinates":[126.368,39.896]}},{"type":"Feature","properties":{"kind":"label","name":"Korea, Republic of","subjecto":"Korea, Republic of","area":9.53},"geometry":{"type":"Point","coordinates":[128.127,36.411]}},{"type":"Feature","properties":{"kind":"label","name":"Hong Kong","subjecto":"China","area":0.11},"geometry":{"type":"Point","coordinates":[114.242,22.415]}},{"type":"Feature","properties":{"kind":"label","name":"Andorra","subjecto":"Andorra","area":0.06},"geometry":{"type":"Point","coordinates":[1.531,42.546]}}]}