{"type":"FeatureCollection","features":[{"type":"Feature","id":1,"properties":{"name":"Atakapa","subjecto":"Atakapa","partof":"Atakapa","precision":1},"geometry":{"type":"Polygon","coordinates":[[[-95.468,31.216],[-95.972,30.84],[-95.821,29.645],[-95.174,29.106],[-94.142,29.69],[-93.446,29.768],[-92.117,29.542],[-92.017,29.825],[-91.981,30.233],[-92.46,30.584],[-93.126,30.498],[-94.708,30.755],[-95.468,31.216]]]}},{"type":"Feature","id":2,"properties":{"name":"Cuba (Spain)","subjecto":"Cuba (Spain)","partof":"Cuba (Spain)","precision":1},"geometry":{"type":"Polygon","coordinates":[[[-82.177,22.366],[-80.776,22.102],[-79.735,21.672],[-78.728,21.617],[-78.45,20.969],[-77.291,20.704],[-77.461,19.871],[-76.398,20.02],[-75.519,19.907],[-74.345,20.323],[-75.604,21.013],[-77.34,21.512],[-78.171,22.12],[-79.33,22.404],[-79.76,22.759],[-81.431,23.137],[-82.959,23.025],[-83.69,22.814],[-83.39,22.223],[-82.853,22.638],[-82.177,22.366]]]}},{"type":"Feature","id":3,"properties":{"name":"Hispaniola (Spain)","subjecto":"Hispaniola (Spain)","partof":"Hispaniola (Spain)","precision":1},"geometry":{"type":"MultiPolygon","coordinates":[[[[-77.425,17.831],[-76.426,18.119],[-77.769,18.51],[-77.425,17.831]]],[[[-67.152,17.987],[-65.967,18.027],[-65.952,18.472],[-67.055,18.546],[-67.152,17.987]]],[[[-71.374,19.834],[-71.843,19.731],[-72.94,19.945],[-72.676,19.392],[-72.746,18.509],[-74.303,18.696],[-73.857,18.112],[-73.474,18.316],[-71.978,18.262],[-71.401,17.704],[-71.062,18.347],[-70.621,18.507],[-68.373,18.575],[-68.657,18.873],[-70.882,19.93],[-71.374,19.834]]]]}},{"type":"Feature","id":4,"properties":{"name":null,"subjecto":null,"partof":null,"precision":1},"geometry":{"type":"MultiPolygon","coordinates":[[[[120.364,14.531],[121.009,13.656],[121.625,13.898],[122.492,13.43],[123.398,13.527],[122.397,14.307],[121.729,14.108],[121.242,15.308],[121.439,15.918],[122.064,16.332],[122.396,17.114],[122.028,18.009],[121.036,18.528],[120.393,18.044],[120.303,16.417],[119.762,16.359],[119.772,15.47],[120.364,14.531]]],[[[121.094,12.201],[121.304,13.129],[120.547,13.153],[121.094,12.201]]],[[[121.873,10.468],[122.897,11.15],[121.994,11.758],[121.873,10.468]]],[[[122.942,9.048],[123.312,10.738],[122.92,10.852],[122.396,9.478],[122.942,9.048]]],[[[126.045,6.608],[126.322,7.149],[126.272,8.426],[125.934,9.175],[125.461,9.053],[124.671,8.429],[124.372,8.561],[123.663,8.014],[123.486,8.496],[122.796,8.272],[122.094,7.775],[123.023,7.478],[123.465,7.791],[124.074,7.258],[123.864,6.851],[124.224,6.09],[125.073,5.723],[125.533,5.94],[125.28,6.594],[125.615,7.236],[126.045,6.608]]]]}},{"type":"Feature","id":5,"properties":{"name":"Madagascar","subjecto":"Madagascar","partof":"Madagascar","precision":1},"geometry":{"type":"Polygon","coordinates":[[[44.672,-16.236],[43.972,-17.553],[44.251,-19.103],[44.585,-19.528],[44.47,-20.17],[43.816,-21.316],[43.501,-21.494],[43.376,-22.632],[43.827,-23.413],[43.671,-24.227],[44.425,-25.312],[45.576,-25.621],[46.855,-25.218],[47.258,-24.766],[48.087,-22.044],[49.342,-18.228],[49.425,-17.198],[50.503,-15.314],[50.15,-14.419],[49.817,-12.831],[49.176,-12.266],[48.751,-13.418],[48.224,-13.794],[46.925,-15.36],[46.142,-15.826],[44.672,-16.236]],[[48.015,-17.023],[48.488,-19.449],[48.488,-20.041],[47.186,-23.119],[46.002,-23.592],[45.529,-23.592],[45.292,-22.645],[46.654,-17.733],[47.482,-16.904],[48.015,-17.023]]]}},{"type":"Feature","id":6,"properties":{"name":"Maoris","subjecto":"Maoris","partof":"Maoris","precision":1},"geometry":{"type":"MultiPolygon","coordinates":[[[[175.308,-37.321],[174.857,-36.694],[174.609,-35.789],[174.217,-35.337],[173.166,-35.421],[174.765,-37.297],[174.945,-37.928],[174.655,-38.983],[173.805,-39.42],[175.354,-40.3],[174.895,-41.296],[175.365,-41.662],[176.011,-41.255],[177.157,-39.854],[177.024,-39.445],[178.408,-38.771],[178.569,-37.921],[177.528,-38.204],[176.129,-37.798],[175.838,-37.026],[175.308,-37.321]]],[[[172.063,-43.923],[173.841,-42.488],[174.234,-42.011],[174.058,-41.291],[173.264,-41.544],[172.437,-40.753],[172.148,-41.578],[171.458,-41.993],[171.024,-42.887],[169.649,-43.741],[168.416,-44.221],[167.137,-45.2],[167.281,-45.563],[166.523,-46.233],[169.399,-46.71],[170.612,-45.946],[171.378,-44.338],[172.063,-43.923]]]]}},{"type":"Feature","id":7,"properties":{"name":"Portugal","subjecto":"Portugal","partof":"Portugal","precision":1},"geometry":{"type":"Polygon","coordinates":[[[-7.492,37.208],[-7.394,38.295],[-6.933,38.961],[-6.797,41.093],[-6.139,41.526],[-6.709,41.96],[-8.806,41.889],[-8.694,40.992],[-9.549,38.775],[-8.854,38.5],[-8.667,37.121],[-7.492,37.208]]]}},{"type":"Feature","id":8,"properties":{"name":"Malaysian Islamic states","subjecto":"Malaysian Islamic states","partof":"Malaysian Islamic states","precision":1},"geometry":{"type":"MultiPolygon","coordinates":[[[[121.263,1.102],[120.767,1.139],[120.432,0.636],[119.914,0.54],[119.205,-1.432],[119.175,-2.176],[118.684,-2.901],[118.791,-3.663],[119.461,-3.808],[119.477,-5.804],[120.248,-5.586],[120.144,-3.076],[120.999,-3.049],[120.881,-3.716],[121.508,-4.236],[121.393,-4.789],[121.873,-4.96],[122.641,-4.284],[122.19,-3.847],[122.258,-3.211],[121.265,-2.101],[122.223,-1.654],[122.757,-1.094],[121.461,-0.989],[121.055,-1.549],[120.507,-1.448],[119.873,-0.465],[120.337,0.356],[122.983,0.375],[123.472,0.153],[123.826,0.739],[122.733,0.673],[121.591,0.861],[121.263,1.102]]],[[[96.118,3.951],[96.72,3.705],[97.509,2.74],[97.597,2.251],[98.601,1.707],[99.113,0.221],[99.697,-0.152],[100.65,-1.631],[100.812,-2.336],[101.345,-3.015],[102.111,-3.604],[102.462,-4.182],[103.523,-4.999],[104.568,-6.071],[105.187,-5.542],[105.728,-5.827],[105.711,-4.105],[105.943,-3.215],[105.445,-2.599],[104.352,-1.89],[104.298,-1.363],[103.311,-0.818],[101.136,-1.366],[100.202,0.892],[98.646,2.76],[98.625,3.658],[98.146,4.07],[97.384,5.18],[96.602,5.077],[96.544,4.472],[96.118,3.951]]],[[[105.933,-6.026],[105.633,-6.755],[106.366,-7.04],[106.484,-7.503],[107.368,-7.565],[108.16,-7.856],[109.037,-7.72],[110.778,-8.32],[112.414,-8.488],[113.074,-8.347],[114.105,-8.688],[113.948,-7.824],[112.678,-7.719],[112.275,-7.027],[111.045,-6.852],[110.815,-6.534],[110.027,-7.044],[108.556,-6.921],[108.173,-6.356],[107.769,-6.452],[106.945,-6.026],[105.933,-6.026]]],[[[126,-8.656],[125.08,-8.772],[124.62,-9.25],[123.665,-9.748],[124.154,-10.205],[126,-8.656]]],[[[127.8,1.897],[127.424,0.982],[127.636,-0.308],[128.545,1.448],[127.8,1.897]]],[[[121.276,-8.914],[120.565,-8.388],[119.935,-8.936],[121.276,-8.914]]],[[[129.579,-3.583],[129.168,-3.139],[128.153,-2.97],[128.376,-3.547],[128.915,-3.254],[129.579,-3.583]]],[[[117.948,-8.162],[116.976,-9.178],[118.658,-8.856],[118.863,-8.481],[117.948,-8.162]]],[[[119.254,-9.827],[120.182,-10.347],[120.462,-9.926],[119.789,-9.458],[119.254,-9.827]]],[[[108.999,0.198],[109.179,-0.869],[109.941,-1.643],[110.102,-3.079],[110.797,-3.172],[111.436,-2.974],[111.729,-3.259],[112.578,-3.423],[112.795,-2.971],[113.744,-3.598],[114.099,-3.35],[114.712,-4.206],[115.568,-3.804],[116.349,-2.417],[116.046,-1.934],[117.046,-0.935],[117.534,0.611],[118.218,0.758],[118.517,1.166],[117.696,1.901],[117.829,2.314],[117.074,3.507],[117.589,4.048],[118.391,4.374],[119.043,5.17],[118.377,5.639],[117.37,5.789],[117.507,6.393],[116.596,6.899],[115.787,5.74],[114.878,4.856],[113.815,4.263],[112.759,3.009],[111.372,2.599],[110.818,1.244],[109.932,0.191],[108.999,0.198]]]]}},{"type":"Feature","id":9,"properties":{"name":null,"subjecto":null,"partof":null,"precision":1},"geometry":{"type":"MultiPolygon","coordinates":[[[[-26.787,71.558],[-25.291,71.569],[-23.754,70.59],[-21.471,70.532],[-21.726,71.405],[-25.073,72.634],[-27.357,72.859],[-24.076,73.756],[-22.82,73.327],[-20.33,73.42],[-19.071,74.609],[-20.616,74.954],[-19.194,75.444],[-19.57,76.11],[-21.183,76.697],[-18.253,77.3],[-20.777,77.969],[-20.879,78.818],[-14.202,81.21],[-22.053,81.54],[-25.457,82.221],[-22.432,82.743],[-26.421,83.342],[-32.513,83.577],[-45.213,82.967],[-49.648,82.478],[-61.122,81.798],[-61.112,81.182],[-67.143,80.562],[-64.623,79.949],[-65.485,79.158],[-72.383,78.526],[-72.525,78.166],[-69.688,77.555],[-71.184,77.26],[-69.045,76.294],[-67.037,75.936],[-63.651,76.38],[-58.636,75.793],[-56.939,74.919],[-54.73,73.038],[-55.626,71.73],[-53.323,71.891],[-51.72,71.59],[-50.799,70.385],[-53.628,70.819],[-53.666,70.357],[-50.573,69.866],[-50.954,68.539],[-50.477,67.482],[-52.808,67.775],[-53.494,67.473],[-52.303,66.909],[-53.103,65.873],[-52.078,65.372],[-51.366,63.726],[-49.857,62.967],[-50.048,62.314],[-49.116,62.104],[-48.915,61.421],[-47.159,60.856],[-45.622,60.601],[-43.144,59.819],[-42.271,62.194],[-40.516,63.782],[-39.992,65.533],[-35.972,65.847],[-34.433,66.384],[-32.956,67.641],[-32.037,67.985],[-30.305,67.98],[-26.964,68.502],[-22.732,69.774],[-24.585,70.304],[-27.475,70.207],[-28.384,70.458],[-26.787,71.558]]],[[[-53.551,69.278],[-52.084,69.772],[-54.594,70.24],[-54.687,69.707],[-53.551,69.278]]]]}},{"type":"Feature","id":10,"properties":{"name":null,"subjecto":null,"partof":null,"precision":1},"geometry":{"type":"MultiPolygon","coordinates":[[[[-73.112,-72.749],[-70.021,-72.672],[-68.63,-72.054],[-68.398,-71.127],[-70.33,-68.963],[-72.394,-69.261],[-71.798,-69.736],[-72.107,-71.05],[-75.275,-71.668],[-73.112,-72.749]]],[[[-102.551,-72.131],[-97.142,-72.672],[-95.906,-72.363],[-97.22,-71.822],[-101.16,-71.822],[-102.551,-72.131]]],[[[-55.185,-80.94],[-44.831,-80.322],[-43.904,-79.781],[-44.213,-78.39],[-48.849,-78.081],[-50.858,-78.699],[-51.708,-79.781],[-53.871,-79.936],[-55.185,-80.94]]],[[[-164.058,-79.356],[-160.426,-79.974],[-158.804,-79.665],[-160.735,-79.047],[-164.058,-79.356]]],[[[169.769,-83.418],[162.015,-81.66],[160.577,-81.534],[159.315,-80.027],[160.686,-79.114],[163.643,-78.661],[166.753,-78.599],[163.529,-77.74],[162.384,-76.214],[162.346,-75.107],[164.616,-74.172],[168.975,-73.239],[170.729,-71.904],[167.635,-70.865],[162.485,-70.306],[160.599,-70.221],[159.846,-69.829],[157.307,-69.156],[156.148,-69.311],[154.435,-68.95],[151.093,-68.886],[150.893,-68.538],[146.875,-67.997],[145.322,-67.575],[145.586,-67.223],[141.157,-66.722],[134.205,-66.18],[130.272,-66.253],[129.01,-67.03],[122.458,-66.645],[118.286,-67.07],[115.679,-66.414],[114.436,-66.493],[113.015,-65.763],[110.607,-66.059],[109.404,-66.71],[107.622,-66.452],[102.631,-65.926],[100.875,-66.079],[99.654,-66.549],[97.114,-66.684],[95.723,-66.529],[90,-66.607],[85.523,-66.916],[81.814,-67.302],[78.26,-68.384],[76.869,-69.311],[75.401,-69.466],[72.542,-70.238],[70.301,-72.015],[68.215,-72.402],[67.365,-71.706],[68.138,-71.088],[67.513,-70.464],[68.951,-69.889],[69.773,-68.636],[69.374,-67.843],[66.979,-67.843],[63.579,-67.534],[62.806,-67.611],[56.627,-66.942],[55.142,-65.963],[52.452,-65.988],[48.967,-66.973],[48.848,-67.434],[47.305,-67.775],[44.797,-67.745],[42.561,-68.113],[39.647,-68.934],[39.459,-69.701],[38.332,-70.029],[36.078,-69.591],[33.541,-68.542],[32.748,-69.35],[23.707,-70.586],[19.535,-70.161],[17.603,-70.084],[12.658,-70.315],[10.34,-70.702],[8.485,-70.084],[0.681,-71.32],[-4.882,-71.281],[-7.2,-70.895],[-7.741,-71.668],[-9.364,-71.127],[-11.141,-71.59],[-11.828,-72.323],[-16.396,-73.445],[-17.091,-73.909],[-14.451,-74.065],[-17.168,-74.758],[-18.405,-75.686],[-23.582,-75.918],[-30.227,-76.845],[-33.163,-77.386],[-36.408,-78.622],[-36.408,-79.163],[-29.568,-79.224],[-28.913,-80.476],[-32.931,-80.863],[-38.031,-80.94],[-43.826,-81.79],[-52.249,-82.022],[-60.207,-82.331],[-67.934,-81.481],[-74.889,-80.708],[-76.643,-80.215],[-76.589,-79.395],[-80.761,-78.236],[-80.687,-77.566],[-74.502,-78.081],[-78.598,-76.613],[-75.932,-76.484],[-70.562,-76.69],[-64.457,-75.686],[-61.367,-73.909],[-60.826,-72.749],[-61.676,-70.818],[-63.839,-68.654],[-65.153,-68.5],[-65.385,-67.341],[-63.839,-66.491],[-62.757,-66.645],[-62.371,-65.795],[-61.135,-64.868],[-59.821,-64.327],[-58.894,-64.327],[-57.271,-63.709],[-58.121,-63.4],[-60.207,-63.941],[-61.289,-64.482],[-62.912,-64.713],[-64.225,-65.254],[-66.853,-66.8],[-67.703,-66.877],[-67.084,-68.654],[-68.784,-69.813],[-67.084,-71.822],[-67.625,-72.749],[-71.489,-73.368],[-75.584,-73.754],[-78.52,-73.715],[-80.993,-73.252],[-81.766,-74.024],[-85.938,-73.484],[-88.565,-73.252],[-93.974,-73.174],[-96.524,-73.329],[-99.788,-72.998],[-101.88,-74.099],[-100.559,-74.466],[-100.045,-75.31],[-105.642,-75.068],[-106.801,-75.377],[-110.557,-75.303],[-113.238,-74.321],[-118.778,-74.604],[-120.169,-74.527],[-123.569,-74.836],[-127.123,-74.681],[-128.978,-74.913],[-134.773,-74.643],[-140.568,-75.261],[-146.672,-76.111],[-146.146,-77.457],[-149.995,-77.733],[-154.167,-77.115],[-158.031,-77.27],[-158.185,-77.811],[-156.022,-78.352],[-154.554,-79.124],[-151.772,-79.201],[-148.604,-79.665],[-145.668,-80.515],[-148.836,-81.365],[-154.477,-81.056],[-154.554,-82.138],[-152.081,-82.601],[-153.31,-83.942],[-148.759,-85.074],[-156.563,-85.46],[-167.226,-84.765],[-178.43,-84.456],[-180,-84.322],[-180,-85.322],[-180,-86.322],[-180,-87.322],[-180,-88.322],[-180,-89.322],[-180,-90],[-179.204,-90],[-178.204,-90],[-177.204,-90],[-176.204,-90],[-175.204,-90],[-174.204,-90],[-173.204,-90],[-172.204,-90],[-171.204,-90],[-170.204,-90],[-169.204,-90],[-168.204,-90],[-167.204,-90],[-166.204,-90],[-165.204,-90],[-164.204,-90],[-163.204,-90],[-162.204,-90],[-161.204,-90],[-160.204,-90],[-159.204,-90],[-158.204,-90],[-157.204,-90],[-156.204,-90],[-155.204,-90],[-154.204,-90],[-153.204,-90],[-152.204,-90],[-151.204,-90],[-150.204,-90],[-149.204,-90],[-148.204,-90],[-147.204,-90],[-146.204,-90],[-145.204,-90],[-144.204,-90],[-143.204,-90],[-142.204,-90],[-141.204,-90],[-140.204,-90],[-139.204,-90],[-138.204,-90],[-137.204,-90],[-136.204,-90],[-135.204,-90],[-134.204,-90],[-133.204,-90],[-132.204,-90],[-131.204,-90],[-130.204,-90],[-129.204,-90],[-128.204,-90],[-127.204,-90],[-126.204,-90],[-125.204,-90],[-124.204,-90],[-123.204,-90],[-122.204,-90],[-121.204,-90],[-120.204,-90],[-119.204,-90],[-118.204,-90],[-117.204,-90],[-116.204,-90],[-115.204,-90],[-114.204,-90],[-113.204,-90],[-112.204,-90],[-111.204,-90],[-110.204,-90],[-109.204,-90],[-108.204,-90],[-107.204,-90],[-106.204,-90],[-105.204,-90],[-104.204,-90],[-103.204,-90],[-102.204,-90],[-101.204,-90],[-100.204,-90],[-99.204,-90],[-98.204,-90],[-97.204,-90],[-96.204,-90],[-95.204,-90],[-94.204,-90],[-93.204,-90],[-92.204,-90],[-91.204,-90],[-90,-90],[-89.204,-90],[-88.204,-90],[-87.204,-90],[-86.204,-90],[-85.204,-90],[-84.204,-90],[-83.204,-90],[-82.204,-90],[-81.204,-90],[-80.204,-90],[-79.204,-90],[-78.204,-90],[-77.204,-90],[-76.204,-90],[-75.204,-90],[-74.204,-90],[-73.204,-90],[-72.204,-90],[-71.204,-90],[-70.204,-90],[-69.204,-90],[-68.204,-90],[-67.204,-90],[-66.204,-90],[-65.204,-90],[-64.204,-90],[-63.204,-90],[-62.204,-90],[-61.204,-90],[-60.204,-90],[-59.204,-90],[-58.204,-90],[-57.204,-90],[-56.204,-90],[-55.204,-90],[-54.204,-90],[-53.204,-90],[-52.204,-90],[-51.204,-90],[-50.204,-90],[-49.204,-90],[-48.204,-90],[-47.204,-90],[-46.204,-90],[-45.204,-90],[-44.204,-90],[-43.204,-90],[-42.204,-90],[-41.204,-90],[-40.204,-90],[-39.204,-90],[-38.204,-90],[-37.204,-90],[-36.204,-90],[-35.204,-90],[-34.204,-90],[-33.204,-90],[-32.204,-90],[-31.204,-90],[-30.204,-90],[-29.204,-90],[-28.204,-90],[-27.204,-90],[-26.204,-90],[-25.204,-90],[-24.204,-90],[-23.204,-90],[-22.204,-90],[-21.204,-90],[-20.204,-90],[-19.204,-90],[-18.204,-90],[-17.204,-90],[-16.204,-90],[-15.204,-90],[-14.204,-90],[-13.204,-90],[-12.204,-90],[-11.204,-90],[-10.204,-90],[-9.204,-90],[-8.204,-90],[-7.204,-90],[-6.204,-90],[-5.204,-90],[-4.204,-90],[-3.204,-90],[-2.204,-90],[-1.204,-90],[-0.204,-90],[0.778,-90],[1.778,-90],[2.778,-90],[3.778,-90],[4.778,-90],[5.778,-90],[6.778,-90],[7.778,-90],[8.778,-90],[9.778,-90],[10.778,-90],[11.778,-90],[12.778,-90],[13.778,-90],[14.778,-90],[15.778,-90],[16.778,-90],[17.778,-90],[18.778,-90],[19.778,-90],[20.778,-90],[21.778,-90],[22.778,-90],[23.778,-90],[24.778,-90],[25.778,-90],[26.778,-90],[27.778,-90],[28.778,-90],[29.778,-90],[30.778,-90],[31.778,-90],[32.778,-90],[33.778,-90],[34.778,-90],[35.778,-90],[36.778,-90],[37.778,-90],[38.778,-90],[39.778,-90],[40.778,-90],[41.778,-90],[42.778,-90],[43.778,-90],[44.778,-90],[45.778,-90],[46.778,-90],[47.778,-90],[48.778,-90],[49.778,-90],[50.778,-90],[51.778,-90],[52.778,-90],[53.778,-90],[54.778,-90],[55.778,-90],[56.778,-90],[57.778,-90],[58.778,-90],[59.778,-90],[60.778,-90],[61.778,-90],[62.778,-90],[63.778,-90],[64.778,-90],[65.778,-90],[66.778,-90],[67.778,-90],[68.778,-90],[69.778,-90],[70.778,-90],[71.778,-90],[72.778,-90],[73.778,-90],[74.778,-90],[75.778,-90],[76.778,-90],[77.778,-90],[78.778,-90],[79.778,-90],[80.778,-90],[81.778,-90],[82.778,-90],[83.778,-90],[84.778,-90],[85.778,-90],[86.778,-90],[87.778,-90],[88.778,-90],[89.778,-90],[89.796,-90],[90,-90],[91.778,-90],[92.778,-90],[93.778,-90],[94.778,-90],[95.778,-90],[96.778,-90],[97.778,-90],[98.778,-90],[99.778,-90],[100.778,-90],[101.778,-90],[102.778,-90],[103.778,-90],[104.778,-90],[105.778,-90],[106.778,-90],[107.778,-90],[108.778,-90],[109.778,-90],[110.778,-90],[111.778,-90],[112.778,-90],[113.778,-90],[114.778,-90],[115.778,-90],[116.778,-90],[117.778,-90],[118.778,-90],[119.778,-90],[120.778,-90],[121.778,-90],[122.778,-90],[123.778,-90],[124.778,-90],[125.778,-90],[126.778,-90],[127.778,-90],[128.778,-90],[129.778,-90],[130.778,-90],[131.778,-90],[132.778,-90],[133.778,-90],[134.778,-90],[135.778,-90],[136.778,-90],[137.778,-90],[138.778,-90],[139.778,-90],[140.778,-90],[141.778,-90],[142.778,-90],[143.778,-90],[144.778,-90],[145.778,-90],[146.778,-90],[147.778,-90],[148.778,-90],[149.778,-90],[150.778,-90],[151.778,-90],[152.778,-90],[153.778,-90],[154.778,-90],[155.778,-90],[156.778,-90],[157.778,-90],[158.778,-90],[159.778,-90],[160.778,-90],[161.778,-90],[162.778,-90],[163.778,-90],[164.778,-90],[165.778,-90],[166.778,-90],[167.778,-90],[168.778,-90],[169.778,-90],[170.778,-90],[171.778,-90],[172.778,-90],[173.778,-90],[174.778,-90],[175.778,-90],[176.778,-90],[177.778,-90],[178.778,-90],[180,-90],[180,-89.319],[180,-88.319],[180,-87.319],[180,-86.319],[180,-85.319],[180,-84.34],[169.769,-83.418]]]]}},{"type":"Feature","id":11,"properties":{"name":"Hausa States","subjecto":"Hausa States","partof":"Hausa States","precision":1},"geometry":{"type":"Polygon","coordinates":[[[10.727,11.291],[9.248,13.287],[6.957,14.247],[3.779,13.656],[3.558,12.178],[4.666,11.513],[7.183,11.049],[8.717,9.044],[9.424,9.044],[10.368,9.516],[10.84,10.577],[10.727,11.291]]]}},{"type":"Feature","id":12,"properties":{"name":"Papal States","subjecto":"Papal States","partof":"Papal States","precision":1},"geometry":{"type":"Polygon","coordinates":[[[12.378,44.732],[11.17,45.067],[11.854,44.357],[12.302,43.278],[11.96,42.007],[12.977,41.371],[13.761,41.207],[13.415,42.364],[14.076,42.634],[13.601,43.535],[12.697,43.935],[12.378,44.732]]]}},{"type":"Feature","id":13,"properties":{"name":"Merina Kingdom","subjecto":"Merina Kingdom","partof":"Expansionist Kingdom of Merina","precision":1},"geometry":{"type":"Polygon","coordinates":[[[48.015,-17.023],[47.482,-16.904],[46.654,-17.733],[45.292,-22.645],[45.529,-23.592],[46.002,-23.592],[47.186,-23.119],[48.488,-20.041],[48.488,-19.449],[48.015,-17.023]]]}},{"type":"Feature","id":14,"properties":{"name":"Mossi States","subjecto":"Mossi States","partof":"Mossi States","precision":1},"geometry":{"type":"Polygon","coordinates":[[[-3.02,13.656],[-3.833,12.695],[-3.168,10.922],[-1.173,10.848],[0.084,11.735],[-0.064,13.287],[-1.69,13.804],[-3.02,13.656]]]}},{"type":"Feature","id":15,"properties":{"name":"Wadai","subjecto":"Wadai","partof":"Wadai","precision":1},"geometry":{"type":"Polygon","coordinates":[[[20.025,12.637],[22.629,13.215],[22.81,13.759],[22.327,15.329],[21.542,16.597],[20.515,16.476],[19.791,14.967],[19.463,13.259],[19.845,13.223],[20.025,12.637]]]}},{"type":"Feature","id":16,"properties":{"name":"Darfur","subjecto":"Darfur","partof":"Darfur","precision":1},"geometry":{"type":"Polygon","coordinates":[[[22.689,15.329],[23.172,13.578],[24.32,12.793],[29.09,13.155],[29.996,14.242],[29.15,17.926],[27.46,18.167],[23.112,16.597],[22.689,15.329]]]}},{"type":"Feature","id":17,"properties":{"name":"Lunda","subjecto":"Lunda","partof":"Lunda","precision":1},"geometry":{"type":"Polygon","coordinates":[[[23.504,-10.335],[23.263,-9.671],[23.625,-6.772],[21.331,-6.712],[17.889,-7.376],[17.466,-8.161],[18.251,-11.12],[23.021,-10.818],[23.504,-10.335]]]}},{"type":"Feature","id":18,"properties":{"name":"Luba","subjecto":"Luba","partof":"Luba","precision":1},"geometry":{"type":"Polygon","coordinates":[[[29.198,-5.316],[25.98,-5.142],[25.316,-6.531],[23.625,-6.772],[23.263,-9.671],[23.504,-10.335],[25.467,-10.395],[25.648,-9.972],[26.373,-10.274],[27.339,-9.61],[28.728,-9.731],[29.271,-9.187],[30.358,-9.248],[30.999,-8.767],[30.294,-7.873],[30.147,-7.299],[29.511,-6.72],[29.19,-5.915],[29.198,-5.316]]]}},{"type":"Feature","id":19,"properties":{"name":"Congo","subjecto":"Congo","partof":"Congo","precision":1},"geometry":{"type":"Polygon","coordinates":[[[12.372,-6.258],[12.796,-6.861],[13.387,-8.156],[13.431,-8.823],[13.084,-9.287],[14.329,-9.368],[14.325,-8.234],[14.09,-7.706],[14.399,-7.198],[14.99,-7.198],[15.05,-6.015],[14.576,-4.772],[14.103,-4.949],[13.274,-5.778],[12.372,-6.258]]]}},{"type":"Feature","id":20,"properties":{"name":"Sardinia","subjecto":"Sardinia","partof":"Sardinia","precision":1},"geometry":{"type":"Polygon","coordinates":[[[8.82,38.977],[9.479,39.144],[9.794,40.564],[9.306,41.184],[8.241,40.855],[8.508,39.946],[8.374,39.308],[8.82,38.977]]]}},{"type":"Feature","id":21,"properties":{"name":"Naples","subjecto":"Naples","partof":"Naples","precision":1},"geometry":{"type":"Polygon","coordinates":[[[14.076,42.634],[13.415,42.364],[13.761,41.207],[15.666,40.092],[16.083,39.012],[15.627,38.004],[16.053,37.931],[17.095,38.915],[17.149,39.422],[16.532,39.698],[17.084,40.525],[15.991,41.406],[16.013,41.904],[14.922,41.972],[14.076,42.634]]]}},{"type":"Feature","id":22,"properties":{"name":"Sicily","subjecto":"Sicily","partof":"Sicily","precision":1},"geometry":{"type":"Polygon","coordinates":[[[14.942,36.739],[15.387,38.206],[13.81,37.966],[13.322,38.221],[12.454,37.766],[14.942,36.739]]]}},{"type":"Feature","id":23,"properties":{"name":"Đại Việt","subjecto":"Đại Việt","partof":"Đại Việt","precision":1},"geometry":{"type":"Polygon","coordinates":[[[101.968,22.534],[102.691,21.668],[102.993,20.94],[103.607,20.683],[104.129,20.94],[104.716,20.2],[104.005,19.701],[103.899,19.313],[104.812,18.722],[106.638,16.484],[107.108,16.17],[107.463,14.997],[107.297,14.176],[107.48,13.257],[107.482,12.583],[106.854,10.576],[107.266,10.348],[108.696,11.145],[109.073,11.635],[109.068,12.487],[109.307,12.906],[108.786,15.091],[108.236,16.08],[107.809,16.283],[106.433,17.55],[106.364,18.007],[105.533,18.844],[105.843,19.702],[106.381,20.11],[106.807,20.905],[107.876,21.462],[107.098,21.649],[106.507,22.325],[106.588,22.929],[105.941,22.931],[105.313,23.296],[104.478,22.783],[102.57,22.69],[101.968,22.534]]]}},{"type":"Feature","id":24,"properties":{"name":"Cambodia","subjecto":"Cambodia","partof":"Cambodia","precision":1},"geometry":{"type":"Polygon","coordinates":[[[102.671,12.038],[103.04,10.898],[103.67,10.766],[104.979,9.981],[104.742,8.494],[106.482,9.552],[106.854,10.576],[107.482,12.583],[107.48,13.257],[105.016,13.406],[103.657,12.846],[102.671,12.038]]]}},{"type":"Feature","id":25,"properties":{"name":null,"subjecto":null,"partof":null,"precision":1},"geometry":{"type":"Polygon","coordinates":[[[6.531,16.709],[7.781,16.584],[8.405,17.208],[8.155,18.208],[7.156,18.458],[6.531,17.958],[6.531,16.709]]]}},{"type":"Feature","id":26,"properties":{"name":"Oman","subjecto":"Oman","partof":"Oman","precision":1},"geometry":{"type":"Polygon","coordinates":[[[57.396,23.837],[57.621,22.705],[58.18,21.849],[58.774,20.941],[59.837,22.279],[58.628,23.458],[57.396,23.837]]]}},{"type":"Feature","id":27,"properties":{"name":"Astrakhan Khanate","subjecto":"Nogai Horde","partof":"Astrakhan Khanate","precision":1},"geometry":{"type":"Polygon","coordinates":[[[47.493,43.583],[46.873,44.68],[44.755,44.439],[43.88,44.814],[43.381,46.188],[42.257,46.813],[40.633,46.688],[40.383,45.439],[39.633,45.689],[37.474,44.692],[38.924,44.212],[40.252,43.268],[41.41,42.788],[41.652,42.121],[41.484,41.437],[42.878,41.546],[43.957,42.591],[44.978,42.772],[46.042,42.049],[47.35,41.442],[48.224,41.471],[47.249,42.785],[47.493,43.583]]]}},{"type":"Feature","id":28,"properties":{"name":"Britany","subjecto":"Britany","partof":"Britany","precision":1},"geometry":{"type":"Polygon","coordinates":[[[-1.999,48.677],[-3.091,48.872],[-4.35,48.391],[-3.955,47.904],[-2.576,47.324],[-1.752,48.178],[-1.999,48.677]]]}},{"type":"Feature","id":29,"properties":{"name":"Venice","subjecto":"Venice","partof":"Venice","precision":1},"geometry":{"type":"Polygon","coordinates":[[[9.569,46.038],[10.506,45.365],[11.17,45.067],[12.378,44.732],[12.176,45.214],[13.368,45.694],[13.709,46.839],[13.292,47.064],[12.075,46.928],[11.908,46.414],[10.795,45.638],[10.558,46.5],[9.569,46.038]]]}},{"type":"Feature","id":30,"properties":{"name":"Benin","subjecto":"Benin","partof":"Benin","precision":1},"geometry":{"type":"Polygon","coordinates":[[[5.383,5.61],[6.9,6.128],[7.365,6.94],[7.365,7.913],[6.879,8.643],[5.338,8.724],[4.823,7.93],[3.949,6.579],[5.383,5.61]]]}},{"type":"Feature","id":31,"properties":{"name":null,"subjecto":null,"partof":null,"precision":1},"geometry":{"type":"Polygon","coordinates":[[[53.955,19.73],[56.946,20.636],[58.18,21.849],[57.621,22.705],[57.396,23.837],[56.794,24.268],[56.015,25.772],[55.457,25.42],[54.347,24.154],[53.687,23.987],[52.383,24.108],[51.586,24.003],[51.587,25.609],[50.847,25.265],[50.968,24.436],[50.569,23.854],[49.704,24.41],[49.395,26.078],[48.469,26.695],[47.439,28.829],[46.905,29.438],[45.87,29.856],[44.839,29.993],[44.083,30.337],[40.029,34.391],[39.342,34.597],[38.036,34.597],[37.212,33.566],[36.525,31.162],[36.593,29.787],[37.421,27.834],[38.814,24.841],[40.648,24.153],[41.07,22.263],[41.812,21.713],[41.923,20.767],[43.066,18.654],[43.488,16.622],[44.509,14.097],[45.261,13.828],[46.335,14.097],[46.659,15.425],[47.838,16.422],[50.511,17.147],[53.955,19.73]]]}},{"type":"Feature","id":32,"properties":{"name":"Hadramaut","subjecto":"Hadramaut","partof":"Hadramaut","precision":1},"geometry":{"type":"Polygon","coordinates":[[[50.511,17.147],[47.838,16.422],[46.659,15.425],[46.335,14.097],[46.878,13.474],[48.036,14.045],[48.96,14.219],[49.334,14.633],[51.599,15.379],[50.511,17.147]]]}},{"type":"Feature","id":33,"properties":{"name":"Mahra","subjecto":"Mahra","partof":"Mahra","precision":1},"geometry":{"type":"Polygon","coordinates":[[[50.511,17.147],[51.599,15.379],[52.894,16.61],[54.084,17.019],[54.911,16.97],[55.389,17.81],[53.955,19.73],[50.511,17.147]]]}},{"type":"Feature","id":34,"properties":{"name":"Gharra","subjecto":"Gharra","partof":"Gharra","precision":1},"geometry":{"type":"Polygon","coordinates":[[[53.955,19.73],[55.389,17.81],[56.258,17.977],[56.739,18.689],[57.839,19.035],[57.806,20.172],[58.512,20.421],[58.774,20.941],[58.18,21.849],[56.946,20.636],[53.955,19.73]]]}},{"type":"Feature","id":35,"properties":{"name":"Inca Empire","subjecto":"Inca Empire","partof":"Inca Empire","precision":1},"geometry":{"type":"Polygon","coordinates":[[[-71.413,-32.729],[-67.917,-26.261],[-67.667,-23.763],[-67.917,-22.014],[-66.543,-19.766],[-66.543,-18.267],[-67.004,-15.785],[-69.272,-15.218],[-69.602,-14.23],[-70.52,-13.744],[-74.288,-12.646],[-77.885,-6.977],[-77.927,-3.102],[-78.392,-2.913],[-78.562,-2.129],[-77.941,-1.724],[-77.987,2.475],[-78.984,1.297],[-80.086,0.818],[-80.339,-0.663],[-80.966,-1.033],[-80.741,-2.119],[-80.144,-3.414],[-81.304,-4.332],[-81.418,-4.675],[-80.876,-5.589],[-80.612,-6.37],[-80.066,-6.756],[-79.06,-8.216],[-77.759,-10.659],[-76.238,-13.502],[-76.242,-14.106],[-75.231,-15.222],[-74.05,-16.045],[-71.612,-17.221],[-71.365,-17.697],[-70.584,-18.083],[-70.209,-19.067],[-70.111,-21.748],[-70.292,-22.987],[-70.573,-23.166],[-70.398,-25.249],[-70.935,-27.727],[-71.43,-29.1],[-71.33,-30.104],[-71.682,-30.6],[-71.52,-32.181],[-71.413,-32.729]]]}},{"type":"Feature","id":36,"properties":{"name":null,"subjecto":null,"partof":null,"precision":1},"geometry":{"type":"MultiPolygon","coordinates":[[[[-51.117,-31.472],[-50.469,-30.74],[-49.936,-29.627],[-48.937,-28.698],[-48.728,-28.367],[-48.564,-27.681],[-48.516,-25.876],[-48.725,-25.426],[-46.206,-23.883],[-45.459,-23.856],[-44.561,-22.99],[-42.967,-23.031],[-41.958,-22.921],[-41.929,-22.546],[-40.984,-22.086],[-40.933,-21.279],[-39.691,-19.409],[-39.666,-18.227],[-39.142,-17.775],[-39.208,-17.146],[-38.948,-16.002],[-39.126,-14.325],[-38.799,-12.627],[-38.266,-12.887],[-37.637,-11.951],[-37.187,-10.845],[-36.829,-10.736],[-35.599,-9.628],[-35.114,-8.661],[-34.891,-7.612],[-35.039,-6.653],[-35.464,-5.268],[-37.181,-4.954],[-38.786,-3.604],[-40.231,-2.851],[-41.103,-2.974],[-42.316,-2.818],[-43.334,-2.432],[-44.222,-2.777],[-44.796,-1.736],[-45.371,-1.757],[-45.643,-1.363],[-47.237,-0.68],[-48.043,-0.816],[-48.39,-1.414],[-49.221,-2.108],[-50.643,-1.882],[-50.977,-1.114],[-52.022,-1.568],[-51.529,-0.429],[-50.647,0.272],[-49.884,1.214],[-49.969,1.728],[-50.688,2.216],[-51.209,4.071],[-51.71,4.228],[-53.027,5.427],[-54.286,5.882],[-56.746,6.003],[-58.575,6.984],[-58.617,7.499],[-59.834,8.44],[-60.957,8.587],[-61.121,9.165],[-61.29,8.771],[-63.065,8.325],[-65.965,8.18],[-69.814,8.488],[-70.682,8.557],[-72.24,8.99],[-72.542,10.196],[-73.245,10.196],[-75.254,7.885],[-77.4,6.67],[-77.5,5.514],[-77.267,4.739],[-77.445,4.179],[-77.106,3.792],[-77.987,2.475],[-77.941,-1.724],[-77.854,-1.667],[-77.254,-2.098],[-77.254,-2.759],[-77.9,-3.113],[-77.927,-3.102],[-77.885,-6.977],[-74.288,-12.646],[-70.52,-13.744],[-69.602,-14.23],[-69.272,-15.218],[-67.004,-15.785],[-66.543,-18.267],[-66.543,-19.766],[-67.917,-22.014],[-67.667,-23.763],[-67.917,-26.261],[-71.413,-32.729],[-71.616,-33.706],[-72.629,-35.646],[-73.144,-37.156],[-71.027,-37.212],[-70.289,-36.474],[-69.367,-34.445],[-69.367,-32.6],[-68.445,-30.94],[-68.41,-30.484],[-68.26,-28.542],[-67.154,-25.222],[-65.494,-19.135],[-65.719,-18.084],[-64.662,-16.805],[-64.194,-14.695],[-69.045,-8.236],[-70.158,-5.735],[-66.408,3.042],[-62.659,4.153],[-58.558,3.978],[-55.862,1.696],[-55.804,0.876],[-57.972,-0.589],[-58.44,-2.288],[-56.331,-4.335],[-54.163,-4.627],[-49.066,-4.744],[-46.281,-3.553],[-53.123,-14.275],[-48.469,-23.749],[-49.487,-24.553],[-49.839,-26.797],[-48.797,-28.476],[-49.546,-29.157],[-49.936,-29.627],[-50.469,-30.74],[-51.117,-31.472]],[[-48.553,-0.632],[-48.886,-1.421],[-49.347,-1.645],[-50.476,-1.679],[-49.347,-1.645],[-48.886,-1.421],[-48.553,-0.632]]],[[[-72.587,-41.618],[-72.728,-41.553],[-73.464,-41.787],[-72.587,-41.618]]],[[[-65.781,-47.712],[-66.078,-48.142],[-67.578,-49.059],[-67.833,-49.968],[-69.041,-50.562],[-69.115,-51.352],[-69.077,-51.499],[-69.041,-50.562],[-67.833,-49.968],[-67.578,-49.059],[-66.078,-48.142],[-65.781,-47.712]]],[[[-50.609,-30.302],[-51.232,-30.265],[-51.445,-31.015],[-52.042,-31.557],[-52.14,-31.741],[-52.351,-32.675],[-54.074,-34.648],[-54.622,-34.922],[-55.383,-34.816],[-56.338,-34.995],[-57.348,-34.508],[-58.523,-34.587],[-57.348,-34.508],[-56.338,-34.995],[-55.383,-34.816],[-54.622,-34.922],[-54.074,-34.648],[-52.351,-32.675],[-52.042,-31.557],[-51.445,-31.015],[-51.232,-30.265],[-50.609,-30.302]]]]}},{"type":"Feature","id":37,"properties":{"name":"Karankawa","subjecto":"Karankawa","partof":"Karankawa","precision":1},"geometry":{"type":"Polygon","coordinates":[[[-98.174,28.245],[-97.546,27.923],[-96.831,28.158],[-95.174,29.106],[-95.821,29.645],[-97.527,28.682],[-97.653,28.558],[-98.174,28.245]]]}},{"type":"Feature","id":38,"properties":{"name":"Mayas","subjecto":"Mayas","partof":"Mayas","precision":1},"geometry":{"type":"Polygon","coordinates":[[[-88.3,17.635],[-87.877,18.381],[-87.651,20.19],[-86.936,20.976],[-87.201,21.529],[-88.334,21.59],[-90,21.161],[-90,19.382],[-88.3,17.635]]]}},{"type":"Feature","id":39,"properties":{"name":"Senegal","subjecto":"Senegal","partof":"Senegal","precision":1},"geometry":{"type":"Polygon","coordinates":[[[-16.45,16.118],[-17.05,14.586],[-16.471,13.723],[-16.767,13.36],[-16.772,12.597],[-15.809,11.843],[-15.341,11.221],[-14.575,10.784],[-14.591,10.467],[-13.68,9.916],[-13.282,9.275],[-10.949,11.427],[-10.78,13.954],[-12.97,15.301],[-16.45,16.118]]]}},{"type":"Feature","id":40,"properties":{"name":null,"subjecto":null,"partof":null,"precision":1},"geometry":{"type":"Polygon","coordinates":[[[-11.286,10.585],[-10.949,9.406],[-9.938,8.563],[-7.917,8.563],[-6.906,9.911],[-6.906,11.09],[-8.085,11.764],[-9.938,11.595],[-11.286,10.585]]]}},{"type":"Feature","id":41,"properties":{"name":"Oyo","subjecto":"Oyo","partof":"Oyo","precision":1},"geometry":{"type":"Polygon","coordinates":[[[5.338,8.724],[4.643,9.812],[4.04,10.265],[2.823,10.184],[2.418,9.048],[3.369,8.058],[4.823,7.93],[5.338,8.724]]]}},{"type":"Feature","id":42,"properties":{"name":"Akan","subjecto":"Akan","partof":"Akan","precision":1},"geometry":{"type":"MultiPolygon","coordinates":[[[[-0.301,5.478],[0.939,5.759],[1.176,6.084],[0.552,8.237],[0.124,8.543],[0.242,8.379],[0.184,7.266],[-0.192,7.955],[-0.824,8.427],[-1.173,8.187],[-1.173,7.3],[-0.301,5.478]]],[[[0.095,8.564],[-0.775,8.461],[-0.128,8.011],[0.095,8.564]]]]}},{"type":"Feature","id":43,"properties":{"name":"Songhai","subjecto":"Songhai","partof":"Songhai","precision":1},"geometry":{"type":"Polygon","coordinates":[[[-0.064,13.287],[1.932,12.326],[2.745,12.474],[3.558,13.287],[3.41,14.1],[1.192,17.056],[-0.507,20.973],[-1.468,21.564],[-3.538,21.269],[-5.903,17.795],[-7.455,15.134],[-7.455,14.026],[-6.494,12.769],[-5.681,12.621],[-3.02,13.656],[-1.69,13.804],[-0.064,13.287]]]}},{"type":"Feature","id":44,"properties":{"name":null,"subjecto":null,"partof":null,"precision":1},"geometry":{"type":"Polygon","coordinates":[[[8.336,3.187],[8.576,3.067],[8.827,3.612],[8.478,3.557],[8.336,3.187]]]}},{"type":"Feature","id":45,"properties":{"name":"Mwenemutapa","subjecto":"Mwenemutapa","partof":"Mwenemutapa","precision":1},"geometry":{"type":"Polygon","coordinates":[[[34.377,-20.267],[34.303,-19.898],[34.746,-18.937],[32.677,-16.794],[31.716,-16.498],[30.755,-17.015],[30.903,-18.272],[31.494,-19.233],[31.347,-19.972],[30.46,-21.08],[30.238,-21.967],[31.051,-22.337],[32.234,-22.337],[32.899,-21.819],[34.081,-21.745],[34.525,-21.302],[34.377,-20.267]]]}},{"type":"Feature","id":46,"properties":{"name":"Oromo","subjecto":"Oromo","partof":"Oromo","precision":1},"geometry":{"type":"Polygon","coordinates":[[[42.822,4.591],[41.964,5.694],[40.557,6.163],[36.083,5.694],[36.45,2.63],[38.411,1.037],[42.332,1.773],[42.824,2.959],[42.822,4.591]]]}},{"type":"Feature","id":47,"properties":{"name":"Adal","subjecto":"Adal","partof":"Adal","precision":1},"geometry":{"type":"Polygon","coordinates":[[[50.081,11.476],[49.304,11.246],[48.534,11.333],[47.391,11.159],[46.677,10.7],[45.909,10.832],[45.013,10.449],[44.281,10.396],[43.368,11.456],[43.475,12.098],[42.079,13.861],[41.705,13.93],[41.183,12.337],[41.419,10.562],[41.808,8.586],[42.355,7.805],[43.605,7.336],[46.106,7.414],[48.373,8.742],[50.081,11.476]]]}},{"type":"Feature","id":48,"properties":{"name":"Ethiopia","subjecto":"Ethiopia","partof":"Ethiopia","precision":1},"geometry":{"type":"Polygon","coordinates":[[[41.705,13.93],[40.739,14.919],[39.796,15.089],[38.043,16.232],[36.083,16.109],[35.96,14.762],[36.462,8.547],[37.308,7.899],[39.073,7.492],[40.714,7.961],[41.808,8.586],[41.419,10.562],[41.183,12.337],[41.705,13.93]]]}},{"type":"Feature","id":49,"properties":{"name":"Islamic city-states","subjecto":"Islamic city-states","partof":"Islamic city-states","precision":1},"geometry":{"type":"Polygon","coordinates":[[[44.301,1.291],[42.786,1.32],[39.417,-1.375],[37.732,-4.575],[38.238,-9.292],[39.248,-11.145],[40.4,-11.23],[40.62,-10.766],[39.658,-9.796],[39.27,-7.801],[39.566,-7.044],[38.922,-6.34],[38.934,-5.635],[39.267,-4.776],[40.234,-3.192],[42.44,-0.512],[44.301,1.291]]]}},{"type":"Feature","id":50,"properties":{"name":"Safavid Empire","subjecto":"Safavid Empire","partof":"Safavid Empire","precision":1},"geometry":{"type":"Polygon","coordinates":[[[64.684,36.525],[64.347,37.873],[62.662,39.22],[58.619,39.052],[56.43,38.21],[53.937,38.159],[54.067,36.942],[53.8,36.679],[51.796,36.432],[50.252,36.895],[50.469,36.748],[49.557,34.256],[49.452,30.078],[50.132,30.066],[50.705,29.401],[51.35,28.036],[52.41,27.581],[52.891,27.052],[54.646,26.391],[55.9,27.105],[56.79,26.974],[57.255,25.793],[59.031,25.308],[60.48,25.298],[61.988,29.619],[64.191,32.871],[65.526,34.841],[64.684,36.525]]]}},{"type":"Feature","id":51,"properties":{"name":"Mughal Empire","subjecto":"Mughal Empire","partof":"Mughal Empire","precision":1},"geometry":{"type":"Polygon","coordinates":[[[69.646,28.106],[70.748,28.103],[72.937,28.945],[75.296,28.945],[75.75,28.17],[75.414,26.991],[75.75,25.812],[77.772,25.644],[78.277,24.296],[78.951,23.959],[83.836,25.981],[83.698,29.183],[83.402,29.54],[81.449,30.403],[80.175,31.573],[79.329,35.628],[77.264,36.844],[75.246,38.032],[73.809,38.032],[71.566,36.91],[71.253,38.041],[70.579,38.21],[69.899,37.785],[69.232,37.368],[66.336,36.307],[64.684,36.525],[65.526,34.841],[64.191,32.871],[67.379,32.314],[68.726,32.651],[69.568,33.83],[70.242,33.493],[70.242,31.135],[69.568,29.956],[68.566,29.103],[69.063,28.103],[69.646,28.106]]]}},{"type":"Feature","id":52,"properties":{"name":"Rajputana","subjecto":"Rajputana","partof":"Rajputana","precision":1},"geometry":{"type":"Polygon","coordinates":[[[75.75,25.812],[75.414,26.991],[75.75,28.17],[75.296,28.945],[72.937,28.945],[70.748,28.103],[69.646,28.106],[68.815,25.779],[69.013,24.633],[72.718,23.454],[75.75,25.812]]]}},{"type":"Feature","id":53,"properties":{"name":"Vijayanagara","subjecto":"Vijayanagara","partof":"Vijayanagara","precision":1},"geometry":{"type":"Polygon","coordinates":[[[73.494,16.288],[73.841,15.39],[74.734,13.683],[75.211,12.102],[76.075,10.554],[76.704,8.706],[77.341,8.053],[77.9,8.258],[78.314,8.996],[78.927,9.493],[79.222,10.192],[79.826,10.359],[79.711,11.445],[80.224,12.831],[80.089,15.175],[80.46,15.773],[77.922,16.246],[76.91,16.312],[76.103,15.966],[75.067,15.966],[74.376,16.312],[73.494,16.288]]]}},{"type":"Feature","id":54,"properties":{"name":"Orissa","subjecto":"Orissa","partof":"Orissa","precision":1},"geometry":{"type":"Polygon","coordinates":[[[84.684,20.212],[83.687,19.299],[81.693,17.886],[81.492,17.215],[82.323,17.004],[84.263,18.456],[85.379,19.605],[84.684,20.212]]]}},{"type":"Feature","id":55,"properties":{"name":"Bengal","subjecto":"Bengal","partof":"Bengal","precision":1},"geometry":{"type":"Polygon","coordinates":[[[84.684,20.212],[85.379,19.605],[86.119,19.807],[86.926,20.691],[86.796,21.136],[87.641,21.563],[88.723,21.54],[90,21.93],[90,22.961],[89.919,24.865],[87.177,24.865],[86.429,21.542],[84.684,20.212]]]}},{"type":"Feature","id":56,"properties":{"name":"Tibet","subjecto":"Tibet","partof":"Tibet","precision":1},"geometry":{"type":"Polygon","coordinates":[[[83.698,29.183],[85.144,28.342],[86.604,28.133],[87.214,27.843],[88.214,27.866],[88.839,28.438],[91.414,27.939],[91.547,26.285],[92.401,26.584],[94.324,26.883],[94.837,27.567],[95.478,27.909],[97.34,28.182],[98.009,28.091],[98.216,27.546],[98.637,27.479],[100.682,28.691],[102.406,33.721],[101.688,36.307],[100.394,37.744],[99.245,38.75],[89.616,36.882],[84.474,36.882],[80.132,36.882],[79.329,35.628],[80.175,31.573],[81.449,30.403],[83.402,29.54],[83.698,29.183]]]}},{"type":"Feature","id":57,"properties":{"name":"Islamic and Hindu states","subjecto":"Islamic and Hindu states","partof":"Islamic and Hindu states","precision":1},"geometry":{"type":"Polygon","coordinates":[[[94.218,21.361],[94.158,24.273],[93.49,25.123],[92.701,25.73],[92.034,25.426],[91.547,26.285],[91.414,27.939],[88.839,28.438],[88.214,27.866],[87.214,27.843],[86.604,28.133],[85.144,28.342],[83.698,29.183],[83.836,25.981],[78.951,23.959],[78.277,24.296],[77.772,25.644],[75.75,25.812],[72.718,23.454],[69.013,24.633],[68.815,25.779],[69.646,28.106],[69.063,28.103],[68.566,29.103],[69.568,29.956],[70.242,31.135],[70.242,33.493],[69.568,33.83],[68.726,32.651],[67.379,32.314],[64.191,32.871],[61.988,29.619],[60.48,25.298],[61.344,25.027],[64.425,25.173],[66.621,25.317],[66.702,24.752],[67.316,24.093],[68.047,23.764],[68.791,23.029],[69.665,22.789],[69.969,22.351],[69.126,21.969],[70.21,20.948],[71.024,20.657],[72.121,21.155],[72.319,22.115],[72.696,22.129],[72.766,21.15],[73.11,20.687],[72.759,20.058],[72.853,19.245],[72.789,19.883],[73.485,19.907],[74.271,21.906],[73.713,22.945],[76.928,23.897],[76.093,21.047],[78.573,20.438],[78.533,19.124],[79.213,18.845],[78.867,18.27],[79.328,17.233],[79.956,17.604],[81.492,17.215],[81.693,17.886],[83.687,19.299],[84.684,20.212],[86.429,21.542],[87.177,24.865],[89.919,24.865],[90,22.961],[90,22.561],[91.41,22.721],[92.176,20.887],[92.827,20.424],[94.218,21.361]]]}},{"type":"Feature","id":58,"properties":{"name":"Burmese kingdoms","subjecto":"Burmese kingdoms","partof":"Burmese kingdoms","precision":1},"geometry":{"type":"Polygon","coordinates":[[[94.218,21.361],[92.827,20.424],[93.334,20.025],[94.054,19.061],[94.42,18.141],[94.465,17.264],[94.946,18.509],[96.949,18.995],[97.373,18.449],[97.711,18.509],[98.016,19.749],[97.895,20.96],[97.859,22.574],[97.313,23.424],[97.191,24.395],[96.221,24.577],[96.039,22.15],[95.068,21.482],[94.218,21.361]]]}},{"type":"Feature","id":59,"properties":{"name":null,"subjecto":null,"partof":null,"precision":1},"geometry":{"type":"Polygon","coordinates":[[[109.43,18.097],[110.263,18.626],[110.617,20.017],[109.55,19.914],[108.577,19.187],[108.652,18.482],[109.43,18.097]]]}},{"type":"Feature","id":60,"properties":{"name":"Pegu","subjecto":"Pegu","partof":"Pegu","precision":1},"geometry":{"type":"Polygon","coordinates":[[[94.465,17.264],[94.143,16.215],[94.819,16.21],[95.33,15.678],[95.714,16.155],[96.469,16.513],[96.882,17.346],[97.573,16.445],[97.823,14.616],[98.403,13.266],[98.487,14.372],[98.184,15.214],[97.706,18.051],[97.373,18.449],[96.949,18.995],[94.946,18.509],[94.465,17.264]]]}},{"type":"Feature","id":61,"properties":{"name":"Laos","subjecto":"Laos","partof":"Laos","precision":1},"geometry":{"type":"Polygon","coordinates":[[[98.562,21.115],[99.965,20.42],[100.435,20.036],[103.462,19.049],[104.005,19.701],[104.716,20.2],[104.129,20.94],[103.607,20.683],[102.993,20.94],[102.691,21.668],[101.968,22.534],[101.554,22.284],[100.387,22.456],[98.985,23.151],[98.587,22.574],[98.562,21.115]]]}},{"type":"Feature","id":62,"properties":{"name":"Shan states","subjecto":"Shan states","partof":"Shan states","precision":1},"geometry":{"type":"Polygon","coordinates":[[[97.895,20.96],[98.562,21.115],[98.587,22.574],[98.985,23.151],[98.526,24.152],[97.98,26.154],[98.216,27.546],[98.009,28.091],[97.34,28.182],[95.478,27.909],[94.837,27.567],[94.324,26.883],[92.401,26.584],[91.547,26.285],[92.034,25.426],[92.701,25.73],[93.49,25.123],[94.158,24.273],[94.218,21.361],[95.068,21.482],[96.039,22.15],[96.221,24.577],[97.191,24.395],[97.313,23.424],[97.859,22.574],[97.895,20.96]]]}},{"type":"Feature","id":63,"properties":{"name":"Ming Chinese Empire","subjecto":"Ming Chinese Empire","partof":"Ming Chinese Empire","precision":1},"geometry":{"type":"Polygon","coordinates":[[[98.216,27.546],[97.98,26.154],[98.526,24.152],[98.985,23.151],[100.387,22.456],[101.554,22.284],[101.968,22.534],[102.57,22.69],[104.478,22.783],[105.313,23.296],[105.941,22.931],[106.588,22.929],[106.507,22.325],[107.098,21.649],[107.876,21.462],[109.117,21.399],[110.077,20.867],[111.086,21.479],[112.75,21.756],[113.717,22.482],[116.341,22.913],[116.404,23.199],[117.406,23.69],[118.813,24.849],[119.47,25.772],[119.429,26.591],[120.352,27.177],[121.009,28.277],[121.359,28.386],[121.77,29.834],[121.569,30.71],[121.606,31.828],[120.661,32.543],[119.974,34.135],[119.021,34.692],[120.139,36.195],[121.847,36.86],[120.658,37.736],[119.599,37.117],[118.955,37.077],[118.875,37.949],[117.589,38.284],[117.753,39.203],[118.978,39.224],[119.385,39.843],[120.273,40.152],[121.011,40.851],[122.108,40.354],[121.239,39.554],[122.027,39.256],[123.039,39.672],[124.134,39.843],[124.491,40.28],[125.879,40.945],[126.474,41.652],[127.423,41.356],[128.098,41.449],[127.984,42.108],[128.756,42.061],[129.966,42.957],[130.435,42.277],[132.182,43.195],[132.953,42.67],[134.139,42.993],[136.034,44.398],[137.721,45.997],[139.214,47.811],[140.081,48.503],[140.457,50.104],[141.121,53.052],[140.102,53.802],[138.417,54.092],[137.979,53.465],[137.239,53.457],[136.161,53.021],[134.681,52.947],[132.018,52.429],[131.13,53.908],[130.538,53.908],[130.908,55.24],[130.39,56.054],[129.207,56.868],[127.581,56.615],[120.387,46.423],[107.713,43.255],[103.556,39.9],[102.119,39.756],[100.538,40.331],[99.388,39.756],[99.245,38.75],[100.394,37.744],[101.688,36.307],[102.406,33.721],[100.682,28.691],[98.637,27.479],[98.216,27.546]]]}},{"type":"Feature","id":64,"properties":{"name":null,"subjecto":null,"partof":null,"precision":1},"geometry":{"type":"Polygon","coordinates":[[[52.611,72.74],[51.482,71.845],[54.308,71.206],[53.729,70.765],[57.238,70.691],[55.721,71.642],[55.518,72.478],[56.509,73.174],[53.502,73.137],[52.611,72.74]]]}},{"type":"Feature","id":65,"properties":{"name":"central Asian khanates","subjecto":"central Asian khanates","partof":"central Asian khanates","precision":1},"geometry":{"type":"Polygon","coordinates":[[[55.425,73.553],[56.96,73.357],[60.887,75.247],[66.548,75.98],[65.926,76.507],[59.018,75.799],[56.995,75.273],[54.018,73.734],[55.425,73.553]]]}},{"type":"Feature","id":66,"properties":{"name":"Saylan","subjecto":"Saylan","partof":"Saylan","precision":1},"geometry":{"type":"Polygon","coordinates":[[[80.563,5.932],[81.203,6.079],[81.866,7.085],[81.326,8.259],[80.662,9.299],[80.178,9.445],[79.675,8.805],[79.854,7.061],[80.222,6.058],[80.563,5.932]]]}},{"type":"Feature","id":67,"properties":{"name":"Aceh","subjecto":"Aceh","partof":"Aceh","precision":1},"geometry":{"type":"Polygon","coordinates":[[[96.118,3.951],[96.544,4.472],[96.602,5.077],[95.464,5.57],[95.191,5.41],[95.561,4.534],[96.118,3.951]]]}},{"type":"Feature","id":68,"properties":{"name":"Malacca","subjecto":"Malacca","partof":"Malacca","precision":1},"geometry":{"type":"MultiPolygon","coordinates":[[[[103.311,-0.818],[103.722,0.015],[103.24,0.459],[102.472,0.623],[101.868,1.435],[101.06,2.081],[100.732,1.871],[99.858,2.904],[98.625,3.658],[98.646,2.76],[100.202,0.892],[101.136,-1.366],[103.311,-0.818]]],[[[103.334,3.394],[101.837,3.46],[101.264,3.225],[101.336,2.781],[103.428,1.381],[104.176,1.389],[103.44,2.633],[103.334,3.394]]],[[[108.999,0.198],[109.932,0.191],[110.818,1.244],[109.282,1.883],[108.814,0.808],[108.999,0.198]]]]}},{"type":"Feature","id":69,"properties":{"name":"Scotland","subjecto":"Scotland","partof":"Scotland","precision":1},"geometry":{"type":"Polygon","coordinates":[[[-1.95,55.562],[-2.742,55.957],[-2.15,57.572],[-4.148,57.555],[-4.51,58.403],[-5.763,57.62],[-5.633,55.94],[-4.638,55.428],[-4.6,54.688],[-3.188,54.849],[-1.95,55.562]]]}},{"type":"Feature","id":70,"properties":{"name":"England and Ireland","subjecto":"England and Ireland","partof":"England and Ireland","precision":1},"geometry":{"type":"Polygon","coordinates":[[[-5.698,55.331],[-5.482,55.443],[-5.518,55.668],[-5.689,55.628],[-5.698,55.331]]]}},{"type":"Feature","id":71,"properties":{"name":"Habsburg Netherlands","subjecto":"Habsburg Netherlands","partof":"Habsburg Netherlands","precision":1},"geometry":{"type":"Polygon","coordinates":[[[5.541,52.248],[4.641,52.756],[4.264,52.071],[2.443,51.048],[1.796,50.921],[1.826,50.243],[2.907,49.943],[3.82,50.039],[5.361,49.697],[5.699,49.391],[6.161,49.932],[5.946,51.504],[5.541,52.248]]]}},{"type":"Feature","id":72,"properties":{"name":"England and Ireland","subjecto":"England and Ireland","partof":"England and Ireland","precision":1},"geometry":{"type":"MultiPolygon","coordinates":[[[[-7.428,55.064],[-8.345,55.095],[-8.59,54.203],[-9.892,54.326],[-9.81,53.632],[-9.158,53.221],[-9.891,52.194],[-9.819,51.435],[-8.565,51.615],[-7.751,52.033],[-6.406,52.214],[-6.043,52.893],[-6.443,53.899],[-5.662,54.322],[-6.018,55.093],[-7.428,55.064]]],[[[-3.188,54.849],[-3.569,54.415],[-2.865,54.028],[-2.914,53.267],[-4.318,53.091],[-4.159,51.677],[-4.605,50.779],[-3.521,50.617],[-1.103,50.817],[0.192,50.731],[1.335,51.121],[0.686,51.56],[1.692,52.311],[-0.319,53.579],[-0.296,54.033],[-1.389,54.68],[-1.95,55.562],[-3.188,54.849]]]]}},{"type":"Feature","id":73,"properties":{"name":"Prussia","subjecto":"Prussia","partof":"Prussia","precision":1},"geometry":{"type":"Polygon","coordinates":[[[21.008,55.817],[21.137,54.845],[19.943,54.85],[19.733,54.31],[18.665,54.258],[18.795,53.314],[20.333,52.975],[22.821,53.563],[22.392,54.038],[22.799,54.739],[21.962,55.033],[21.008,55.817]]]}},{"type":"Feature","id":74,"properties":{"name":"Watassid Morocco","subjecto":"Watassid Morocco","partof":"Watassid Morocco","precision":1},"geometry":{"type":"Polygon","coordinates":[[[-10.996,28.648],[-9.526,28.137],[-6.767,29.675],[-4.369,30.625],[-3.758,31.734],[-2.401,32.254],[-1.157,32.209],[-1.066,32.45],[-1.681,33.258],[-1.738,34.605],[-2.193,35.054],[-4.593,35.151],[-5.929,35.728],[-6.511,34.454],[-7.004,33.875],[-8.314,33.338],[-9.219,32.58],[-9.318,31.964],[-9.813,31.289],[-9.663,29.955],[-10.996,28.648]]]}},{"type":"Feature","id":75,"properties":{"name":null,"subjecto":null,"partof":null,"precision":1},"geometry":{"type":"Polygon","coordinates":[[[-1.066,32.45],[-1.157,32.209],[-2.401,32.254],[-3.758,31.734],[-4.369,30.625],[-6.767,29.675],[-9.526,28.137],[-10.996,28.648],[-11.576,28.229],[-12.866,27.857],[-13.629,26.591],[-14.367,26.119],[-14.82,24.733],[-15.714,23.873],[-16.353,22.493],[-16.806,21.99],[-17.052,21.004],[-16.347,20.523],[-15.983,18.178],[-16.45,16.118],[-12.97,15.301],[-10.78,13.954],[-10.949,11.427],[-13.282,9.275],[-13.212,8.347],[-12.274,7.631],[-12.264,7.351],[-9.937,5.863],[-9.248,5.172],[-7.529,4.337],[-6.316,4.873],[-5,5.238],[-3.942,5.266],[-2.717,5.04],[-2.031,4.698],[-0.301,5.478],[-1.173,7.3],[-1.173,8.187],[-0.824,8.427],[-0.775,8.461],[0.095,8.564],[0.124,8.543],[0.552,8.237],[1.176,6.084],[1.558,6.237],[3.46,6.381],[3.949,6.579],[4.823,7.93],[3.369,8.058],[2.418,9.048],[2.823,10.184],[4.04,10.265],[4.643,9.812],[5.338,8.724],[6.879,8.643],[7.365,7.913],[7.365,6.94],[6.9,6.128],[5.383,5.61],[5.607,4.632],[6.089,4.328],[6.844,4.292],[8.875,4.62],[9.032,4.138],[9.586,3.675],[9.923,2.824],[9.851,1.877],[9.473,0.116],[9.203,-0.634],[8.815,-0.896],[9.656,-2.419],[11.773,-4.537],[12.263,-5.47],[12.372,-6.258],[13.274,-5.778],[14.103,-4.949],[14.576,-4.772],[15.05,-6.015],[14.99,-7.198],[14.399,-7.198],[14.09,-7.706],[14.325,-8.234],[14.329,-9.368],[13.084,-9.287],[13.639,-10.303],[13.816,-10.976],[13.649,-12.197],[12.585,-13.464],[12.06,-15.594],[11.782,-15.868],[11.775,-17.596],[12.08,-18.491],[12.929,-19.742],[13.804,-21.443],[14.415,-22.268],[14.396,-23.075],[14.909,-25.018],[14.843,-25.622],[15.454,-27.616],[16.788,-29.139],[17.354,-30.422],[18.179,-31.805],[18.487,-34.398],[19.181,-34.422],[19.884,-34.992],[20.256,-34.623],[21.669,-34.506],[22.682,-34.103],[23.499,-34.07],[24.43,-34.335],[25.619,-33.919],[26.659,-33.847],[28.922,-32.298],[30.391,-30.814],[31.563,-29.21],[32.235,-28.744],[32.345,-28.026],[32.767,-27.517],[32.896,-26.372],[32.5,-26.068],[33.347,-25.304],[34.884,-24.722],[35.43,-24.225],[35.297,-23.825],[35.531,-22.458],[35.261,-22.274],[34.699,-20.572],[34.726,-19.86],[35.915,-19.032],[37.275,-17.713],[39.471,-16.717],[40.386,-15.736],[40.849,-14.579],[40.603,-13.531],[40.4,-11.23],[39.248,-11.145],[38.238,-9.292],[37.732,-4.575],[39.417,-1.375],[42.786,1.32],[44.301,1.291],[45.541,1.967],[46.361,2.668],[47.556,3.993],[48.472,5.201],[49.046,6.416],[50.779,9.368],[51.13,10.71],[51.181,11.777],[50.697,11.948],[50.081,11.476],[48.373,8.742],[46.106,7.414],[43.605,7.336],[42.355,7.805],[41.808,8.586],[40.714,7.961],[39.073,7.492],[37.308,7.899],[36.462,8.547],[35.96,14.762],[36.083,16.109],[38.043,16.232],[39.796,15.089],[39.518,15.463],[38.686,18.003],[38.527,18.161],[37.431,17.702],[36.45,18.07],[35.96,19.418],[37.165,20.764],[36.8,21.915],[35.251,21.369],[32.662,21],[32.161,20.643],[33.877,19.663],[34.612,18.07],[33.632,15.742],[33.999,13.659],[33.142,11.576],[31.671,11.576],[31.426,13.291],[31.671,15.864],[30.691,16.845],[29.466,19.173],[29.466,20.766],[30.346,22.111],[29.426,22.664],[26.171,30.316],[22.429,31.265],[21.197,31.077],[20.365,30.338],[19.97,29.723],[18.859,29.562],[17.581,30.343],[15.634,30.518],[15.145,25.097],[9.67,24.218],[9.457,25.184],[13.675,26.143],[13.877,31.059],[13.078,31.826],[8.771,33.189],[8.021,33.02],[6.269,31.873],[0.873,31.986],[-1.066,32.45]],[[10.727,11.291],[10.84,10.577],[10.368,9.516],[9.424,9.044],[8.717,9.044],[7.183,11.049],[4.666,11.513],[3.558,12.178],[3.779,13.656],[6.957,14.247],[9.248,13.287],[10.727,11.291]],[[14.805,12.527],[11.909,11.069],[10.727,11.291],[10.209,13.73],[11.392,15.504],[11.613,20.603],[12.057,20.973],[13.313,20.973],[17.009,15.504],[17.304,14.469],[16.895,13.579],[16.476,13.369],[17.158,13.472],[19.463,13.259],[19.791,14.967],[20.515,16.476],[21.542,16.597],[22.327,15.329],[22.81,13.759],[22.629,13.215],[20.025,12.637],[20.206,12.047],[16.634,11.103],[14.993,12.097],[14.805,12.527]],[[34.377,-20.267],[34.525,-21.302],[34.081,-21.745],[32.899,-21.819],[32.234,-22.337],[31.051,-22.337],[30.238,-21.967],[30.46,-21.08],[31.347,-19.972],[31.494,-19.233],[30.903,-18.272],[30.755,-17.015],[31.716,-16.498],[32.677,-16.794],[34.746,-18.937],[34.303,-19.898],[34.377,-20.267]],[[-11.286,10.585],[-9.938,11.595],[-8.085,11.764],[-6.906,11.09],[-6.906,9.911],[-7.917,8.563],[-9.938,8.563],[-10.949,9.406],[-11.286,10.585]],[[6.531,16.709],[6.531,17.958],[7.156,18.458],[8.155,18.208],[8.405,17.208],[7.781,16.584],[6.531,16.709]],[[30.999,-8.767],[30.358,-9.248],[29.271,-9.187],[28.728,-9.731],[27.339,-9.61],[26.373,-10.274],[25.648,-9.972],[25.467,-10.395],[23.504,-10.335],[23.021,-10.818],[18.251,-11.12],[17.466,-8.161],[17.889,-7.376],[21.331,-6.712],[23.625,-6.772],[25.316,-6.531],[25.98,-5.142],[29.198,-5.316],[29.142,-3.408],[29.653,-4.42],[29.608,-4.907],[29.951,-5.861],[29.73,-6.092],[29.919,-6.458],[30.528,-6.923],[30.604,-7.542],[31.143,-8.451],[30.999,-8.767]],[[22.689,15.329],[23.112,16.597],[27.46,18.167],[29.15,17.926],[29.996,14.242],[29.09,13.155],[24.32,12.793],[23.172,13.578],[22.689,15.329]],[[-3.02,13.656],[-5.681,12.621],[-6.494,12.769],[-7.455,14.026],[-7.455,15.134],[-5.903,17.795],[-3.538,21.269],[-1.468,21.564],[-0.507,20.973],[1.192,17.056],[3.41,14.1],[3.558,13.287],[2.745,12.474],[1.932,12.326],[-0.064,13.287],[0.084,11.735],[-1.173,10.848],[-3.168,10.922],[-3.833,12.695],[-3.02,13.656]],[[42.822,4.591],[42.824,2.959],[42.332,1.773],[38.411,1.037],[36.45,2.63],[36.083,5.694],[40.557,6.163],[41.964,5.694],[42.822,4.591]],[[34.888,-13.717],[34.321,-13.379],[34.059,-12.049],[34.726,-12.157],[34.888,-13.717]],[[34.334,-0.337],[34.163,-0.879],[33.276,-2.124],[32.811,-2.515],[31.675,-2.277],[31.865,-1.092],[31.723,-0.79],[32.209,0.009],[33.273,0.463],[34.334,-0.337]]]}},{"type":"Feature","id":76,"properties":{"name":"Holy Roman Empire","subjecto":"Holy Roman Empire","partof":"Holy Roman Empire","precision":1},"geometry":{"type":"Polygon","coordinates":[[[9.432,42.794],[8.609,42.487],[8.727,41.561],[9.453,42.048],[9.432,42.794]]]}},{"type":"Feature","id":77,"properties":{"name":"Florence","subjecto":"Florence","partof":"Florence","precision":1},"geometry":{"type":"Polygon","coordinates":[[[9.705,44.46],[9.979,44.047],[10.743,42.851],[11.96,42.007],[12.302,43.278],[11.854,44.357],[11.17,45.067],[10.506,45.365],[10.278,44.401],[9.705,44.46]]]}},{"type":"Feature","id":78,"properties":{"name":"Genoa","subjecto":"Genoa","partof":"Genoa","precision":1},"geometry":{"type":"Polygon","coordinates":[[[7.468,43.811],[8.672,44.417],[9.979,44.047],[9.705,44.46],[9.192,44.758],[8.223,44.674],[7.643,44.413],[7.468,43.811]]]}},{"type":"Feature","id":79,"properties":{"name":"Navaho","subjecto":"Navaho","partof":"Navaho","precision":1},"geometry":{"type":"Polygon","coordinates":[[[-106.38,37.182],[-108.032,36.612],[-109.334,37.191],[-110.338,37.174],[-110.462,36.236],[-109.883,35.585],[-110.39,35.165],[-111.185,35.455],[-111.185,35.454],[-110.972,34.971],[-110.794,34.708],[-110.06,34.471],[-109.346,34.683],[-109.349,34.719],[-109.377,35.05],[-109.082,35.299],[-108.883,35.37],[-108.44,35.299],[-107.245,35.113],[-106.692,35.977],[-105.269,36.453],[-104.632,36.974],[-106.38,37.182]]]}},{"type":"Feature","id":80,"properties":{"name":"Shawnee","subjecto":"Shawnee","partof":"Shawnee","precision":1},"geometry":{"type":"Polygon","coordinates":[[[-87.778,38.364],[-88.371,37.087],[-87.961,36.874],[-87.687,35.795],[-86.693,35.112],[-86.669,35.096],[-85.24,35.689],[-83.253,36.669],[-81.877,37.363],[-82.062,38.334],[-83.096,38.957],[-84.692,39.246],[-86.076,39.201],[-87.55,38.699],[-87.778,38.364]]]}},{"type":"Feature","id":81,"properties":{"name":"Chtimacha","subjecto":"Chtimacha","partof":"Chtimacha","precision":1},"geometry":{"type":"Polygon","coordinates":[[[-91.981,30.233],[-92.017,29.825],[-91.24,29.321],[-90,29.109],[-89.523,29.976],[-91.184,29.856],[-91.981,30.233]]]}},{"type":"Feature","id":82,"properties":{"name":"Delaware","subjecto":"Delaware","partof":"Delaware","precision":1},"geometry":{"type":"Polygon","coordinates":[[[-75.366,42.061],[-75.716,41.481],[-75.94,39.646],[-75.858,39.436],[-75.653,38.772],[-75.048,38.538],[-74.153,39.765],[-74.22,40.512],[-74.234,40.536],[-73.784,40.882],[-73.743,41.501],[-74.604,42.644],[-75.366,42.061]]]}},{"type":"Feature","id":83,"properties":{"name":"Comanche","subjecto":"Comanche","partof":"Comanche","precision":1},"geometry":{"type":"Polygon","coordinates":[[[-98.423,29.694],[-97.75,30.22],[-97.479,31.104],[-98.398,31.383],[-99.454,32.239],[-99.685,33.943],[-100.548,34.763],[-101.266,35.946],[-101.684,37.624],[-103.303,35.92],[-104.167,35.39],[-104.355,34.89],[-103.829,34.216],[-103.619,32.786],[-103.367,32.386],[-100.304,31.123],[-100.106,31.04],[-98.423,29.694]]]}},{"type":"Feature","id":84,"properties":{"name":"Pawnee","subjecto":"Pawnee","partof":"Pawnee","precision":1},"geometry":{"type":"Polygon","coordinates":[[[-101.056,42.417],[-101.393,41.716],[-100.71,41.016],[-99.846,39.814],[-99.518,38.768],[-97.807,38.777],[-97.043,40.249],[-96.723,41.192],[-97.534,42.008],[-98.293,42.317],[-100.856,42.762],[-100.874,42.763],[-101.056,42.417]]]}},{"type":"Feature","id":85,"properties":{"name":"Cheyenne","subjecto":"Cheyenne","partof":"Cheyenne","precision":1},"geometry":{"type":"Polygon","coordinates":[[[-103.479,42.611],[-102.229,44.165],[-103.22,45.194],[-103.699,45.3],[-104.553,45.072],[-105.436,43.754],[-105.977,43.312],[-104.834,42.238],[-104.164,41.971],[-103.479,42.611]]]}},{"type":"Feature","id":86,"properties":{"name":"Alabama","subjecto":"Alabama","partof":"Alabama","precision":1},"geometry":{"type":"Polygon","coordinates":[[[-85.824,31.864],[-85.668,32.762],[-86.107,32.913],[-87.162,32.953],[-87.322,31.867],[-85.824,31.864]]]}},{"type":"Feature","id":87,"properties":{"name":"Tunica","subjecto":"Tunica","partof":"Tunica","precision":1},"geometry":{"type":"Polygon","coordinates":[[[-89.951,32.958],[-90.763,32.97],[-91.626,32.957],[-91.626,31.939],[-90.409,32.05],[-89.974,32.58],[-89.951,32.958]]]}},{"type":"Feature","id":88,"properties":{"name":"Apalachee","subjecto":"Apalachee","partof":"Apalachee","precision":1},"geometry":{"type":"Polygon","coordinates":[[[-83.736,30.375],[-85.064,30.344],[-85.075,30.311],[-85.305,29.664],[-84.317,30.092],[-83.847,30.012],[-83.736,30.375]]]}},{"type":"Feature","id":89,"properties":{"name":"Crow","subjecto":"Crow","partof":"Crow","precision":1},"geometry":{"type":"Polygon","coordinates":[[[-104.537,47.134],[-105.007,47.761],[-106.189,47.906],[-107.812,47.194],[-110.176,46.78],[-111.549,45.507],[-110.279,44.748],[-107.309,43.977],[-107.18,43.958],[-106.823,43.715],[-105.977,43.312],[-105.436,43.754],[-104.553,45.072],[-104.698,46.17],[-104.537,47.134]]]}},{"type":"Feature","id":90,"properties":{"name":"Wichita","subjecto":"Wichita","partof":"Wichita","precision":1},"geometry":{"type":"Polygon","coordinates":[[[-95.351,34.048],[-95.454,35.132],[-97.51,34.884],[-98.955,34.998],[-99.451,34.771],[-99.685,33.943],[-99.454,32.239],[-98.398,31.383],[-97.479,31.104],[-96.828,32.354],[-96.146,33.325],[-95.392,33.614],[-95.351,34.048]]]}},{"type":"Feature","id":91,"properties":{"name":"Illinois","subjecto":"Illinois","partof":"Illinnois","precision":1},"geometry":{"type":"Polygon","coordinates":[[[-88.371,37.087],[-87.778,38.364],[-87.745,40.337],[-87.382,41.638],[-87.791,42.829],[-89.105,42.891],[-89.832,42.676],[-91.041,43.843],[-91.135,43.934],[-92.453,42.691],[-91.368,42.108],[-91.327,41.536],[-92.038,40.87],[-92.796,40.337],[-92.216,40.085],[-91.626,38.469],[-90.528,37.939],[-90.807,37.175],[-89.104,36.948],[-88.371,37.087]]]}},{"type":"Feature","id":92,"properties":{"name":"Ninticoy","subjecto":"Ninticoy","partof":"Ninticoy","precision":1},"geometry":{"type":"Polygon","coordinates":[[[-75.858,39.436],[-76.26,39.201],[-75.431,37.993],[-75.048,38.538],[-75.653,38.772],[-75.858,39.436]]]}},{"type":"Feature","id":93,"properties":{"name":"Wappynger","subjecto":"Wappynger","partof":"Wappynger","precision":1},"geometry":{"type":"Polygon","coordinates":[[[-73.743,41.501],[-73.784,40.882],[-72.427,41.334],[-72.487,41.91],[-73.082,42.177],[-73.743,41.501]]]}},{"type":"Feature","id":94,"properties":{"name":"Mahican","subjecto":"Mahican","partof":"Mahican","precision":1},"geometry":{"type":"Polygon","coordinates":[[[-73.108,44.656],[-73.662,43.271],[-74.604,42.644],[-73.743,41.501],[-73.082,42.177],[-72.517,43.579],[-72.659,43.696],[-72.4,44.391],[-73.108,44.656]]]}},{"type":"Feature","id":95,"properties":{"name":"Pocumtuk","subjecto":"Pocumtuk","partof":"Pocumtuk","precision":1},"geometry":{"type":"Polygon","coordinates":[[[-72.105,42.896],[-72.517,43.579],[-73.082,42.177],[-72.487,41.91],[-72.339,42.207],[-72.105,42.896]]]}},{"type":"Feature","id":96,"properties":{"name":"Abnaki","subjecto":"Abnaki","partof":"Abnaki","precision":1},"geometry":{"type":"Polygon","coordinates":[[[-71.234,45.327],[-71.199,44.499],[-70.536,43.404],[-70.216,43.8],[-69.249,43.991],[-68.804,44.393],[-67.908,44.477],[-67.087,44.969],[-67.905,45.672],[-67.844,47.06],[-69.224,47.466],[-70.337,46.215],[-70.621,45.577],[-71.234,45.327]]]}},{"type":"Feature","id":97,"properties":{"name":"Massachusett","subjecto":"Massachusett","partof":"Massachusett","precision":1},"geometry":{"type":"Polygon","coordinates":[[[-71.736,41.951],[-70.534,42.019],[-71.269,42.583],[-71.736,41.951]]]}},{"type":"Feature","id":98,"properties":{"name":"Susquehanna","subjecto":"Susquehanna","partof":"Susquehanna","precision":1},"geometry":{"type":"Polygon","coordinates":[[[-76.342,39.448],[-75.94,39.646],[-75.716,41.481],[-75.366,42.061],[-78.134,42.403],[-78.79,40.66],[-77.799,39.937],[-76.342,39.448]]]}},{"type":"Feature","id":99,"properties":{"name":"Arapaho","subjecto":"Arapaho","partof":"Arapaho","precision":1},"geometry":{"type":"Polygon","coordinates":[[[-106.526,42.122],[-105.117,40.861],[-104.258,39.822],[-104.162,37.779],[-102.875,37.602],[-102.875,36.38],[-101.684,37.624],[-99.518,38.768],[-99.846,39.814],[-100.71,41.016],[-101.266,41.134],[-103.197,41.607],[-104.164,41.971],[-104.834,42.238],[-105.977,43.312],[-106.823,43.715],[-106.526,42.122]]]}},{"type":"Feature","id":100,"properties":{"name":"Kiowa","subjecto":"Kiowa","partof":"Kiowa","precision":1},"geometry":{"type":"Polygon","coordinates":[[[-97.51,34.884],[-97.406,35.576],[-96.586,37.248],[-97.16,38.294],[-97.807,38.777],[-99.518,38.768],[-101.684,37.624],[-101.266,35.946],[-100.548,34.763],[-99.685,33.943],[-99.451,34.771],[-98.955,34.998],[-97.51,34.884]]]}},{"type":"Feature","id":101,"properties":{"name":"Tonkawa","subjecto":"Tonkawa","partof":"Tonkawa","precision":1},"geometry":{"type":"Polygon","coordinates":[[[-96.146,33.325],[-96.828,32.354],[-97.479,31.104],[-97.75,30.22],[-98.423,29.694],[-97.536,28.691],[-97.527,28.682],[-95.821,29.645],[-95.972,30.84],[-95.468,31.216],[-95.561,31.67],[-95.226,32.275],[-94.518,32.508],[-95.002,33.425],[-95.392,33.614],[-96.146,33.325]]]}},{"type":"Feature","id":102,"properties":{"name":"Hopie","subjecto":"Hopie","partof":"Hopie","precision":1},"geometry":{"type":"Polygon","coordinates":[[[-111.185,35.455],[-110.39,35.165],[-109.883,35.585],[-110.462,36.236],[-111.178,35.476],[-111.185,35.455]]]}},{"type":"Feature","id":103,"properties":{"name":"Yavapai","subjecto":"Yavapai","partof":"Yavapai","precision":1},"geometry":{"type":"Polygon","coordinates":[[[-114.144,34.833],[-113.941,34.352],[-114.334,33.187],[-113.828,32.95],[-112.774,33.137],[-111.77,33.492],[-111.232,33.553],[-111.289,33.911],[-111.545,34.397],[-111.878,35.105],[-112.824,35.156],[-113.588,34.582],[-114.144,34.833]]]}},{"type":"Feature","id":104,"properties":{"name":"Serano","subjecto":"Serano","partof":"Serano","precision":1},"geometry":{"type":"Polygon","coordinates":[[[-115.236,34.012],[-115.493,34.593],[-116.213,34.711],[-116.581,35.754],[-117.507,35.115],[-118.403,35.46],[-119.042,35.218],[-118.6,34.598],[-117.382,34.38],[-116.882,34.159],[-115.236,34.012]]]}},{"type":"Feature","id":105,"properties":{"name":"Riro","subjecto":"Riro","partof":"Riro","precision":1},"geometry":{"type":"Polygon","coordinates":[[[-107.128,33.215],[-106.064,34.485],[-107.079,34.449],[-107.374,33.506],[-107.128,33.215]]]}},{"type":"Feature","id":106,"properties":{"name":"Arikara","subjecto":"Arikara","partof":"Arikara","precision":1},"geometry":{"type":"Polygon","coordinates":[[[-101.143,44.715],[-99.979,44.788],[-100.212,46.354],[-101.272,46.346],[-100.999,45.551],[-101.143,44.715]]]}},{"type":"Feature","id":107,"properties":{"name":"Miwok","subjecto":"Miwok","partof":"Miwok","precision":1},"geometry":{"type":"Polygon","coordinates":[[[-121.936,38.179],[-121.823,37.879],[-120.782,38.225],[-119.702,37.618],[-119.612,37.639],[-119.366,37.968],[-119.48,38.316],[-120.108,38.87],[-120.951,38.886],[-121.936,38.179]]]}},{"type":"Feature","id":108,"properties":{"name":"Yankton","subjecto":"Yankton","partof":"Yankton","precision":1},"geometry":{"type":"Polygon","coordinates":[[[-98.012,42.757],[-97.272,42.903],[-96.345,42.475],[-96.098,41.937],[-94.657,42.094],[-94.026,42.629],[-93.994,43.251],[-94.666,43.784],[-94.585,44.212],[-95.826,44.512],[-97.283,44.397],[-99.82,44.525],[-99.862,44.328],[-98.012,42.757]]]}},{"type":"Feature","id":109,"properties":{"name":"Kwakwaka'wakw","subjecto":"Kwakwaka'wakw","partof":"Kwakwaka'wakw","precision":1},"geometry":{"type":"Polygon","coordinates":[[[-125.46,49.168],[-123.902,48.471],[-123.861,49.158],[-124.718,49.491],[-125.719,50.409],[-127.848,50.861],[-126.961,50.057],[-125.46,49.168]]]}},{"type":"Feature","id":110,"properties":{"name":null,"subjecto":null,"partof":null,"precision":1},"geometry":{"type":"Polygon","coordinates":[[[-124.577,71.898],[-123.468,71.199],[-120.843,71.53],[-120.454,72.299],[-115.654,73.633],[-117.336,74.167],[-119.557,74.163],[-121.239,74.58],[-124.909,74.444],[-124.065,73.865],[-125.341,72.969],[-124.577,71.898]]]}},{"type":"Feature","id":111,"properties":{"name":null,"subjecto":null,"partof":null,"precision":1},"geometry":{"type":"Polygon","coordinates":[[[-87.053,63.752],[-85.601,63.748],[-84.655,63.314],[-83.517,64.052],[-82.198,63.69],[-82.11,64.644],[-83.085,64.865],[-85.558,65.864],[-86.243,64.542],[-87.053,63.752]]]}},{"type":"Feature","id":112,"properties":{"name":null,"subjecto":null,"partof":null,"precision":1},"geometry":{"type":"Polygon","coordinates":[[[-76.794,68.147],[-77.065,67.329],[-75.77,67.302],[-75.12,68.113],[-76.794,68.147]]]}},{"type":"Feature","id":113,"properties":{"name":null,"subjecto":null,"partof":null,"precision":1},"geometry":{"type":"Polygon","coordinates":[[[-98.878,68.885],[-96.794,68.529],[-95.515,68.809],[-97.742,69.832],[-98.878,68.885]]]}},{"type":"Feature","id":114,"properties":{"name":null,"subjecto":null,"partof":null,"precision":1},"geometry":{"type":"Polygon","coordinates":[[[-111.641,72.725],[-114.647,73.355],[-117.22,72.857],[-118.986,72.034],[-117.314,71.475],[-117.761,70.722],[-113.764,70.737],[-115.147,70.273],[-117.568,69.992],[-115.907,69.351],[-113.925,69.249],[-113.152,68.596],[-110.448,68.653],[-107.536,69.057],[-106.854,69.451],[-104.188,68.898],[-101.808,69.136],[-101.055,70.031],[-103.864,70.701],[-105.313,72.65],[-108.182,73.383],[-108.986,72.73],[-111.641,72.725]]]}},{"type":"Feature","id":115,"properties":{"name":null,"subjecto":null,"partof":null,"precision":1},"geometry":{"type":"Polygon","coordinates":[[[-101.406,72.295],[-98.939,71.392],[-96.85,71.88],[-96.689,72.817],[-98.394,73.131],[-96.937,73.788],[-99.668,73.919],[-99.955,73.263],[-101.406,72.295]]]}},{"type":"Feature","id":116,"properties":{"name":null,"subjecto":null,"partof":null,"precision":1},"geometry":{"type":"Polygon","coordinates":[[[-95.493,73.614],[-95.058,72.283],[-92.001,72.841],[-90,73.591],[-90,74],[-95.069,74.064],[-95.493,73.614]]]}},{"type":"Feature","id":117,"properties":{"name":"T'atsaot'ine","subjecto":"T'atsaot'ine","partof":"T'atsaot'ine","precision":1},"geometry":{"type":"MultiPolygon","coordinates":[[[[-94.741,59.856],[-94.376,60.795],[-93.423,61.858],[-91.417,62.853],[-90,62.946],[-90,63.609],[-88.377,64.057],[-87.435,64.569],[-88.171,65.13],[-85.987,66.163],[-83.139,66.373],[-81.499,67.069],[-81.295,67.499],[-82.687,68.697],[-81.48,69.189],[-84.314,69.826],[-85.381,69.695],[-85.4,68.76],[-86.488,67.378],[-88.324,67.813],[-87.79,68.478],[-88.905,69.228],[-92.671,69.742],[-91.658,70.286],[-93.099,70.969],[-93.271,71.559],[-95.411,71.859],[-96.7,70.838],[-96.127,69.941],[-92.956,69.084],[-96.26,67.315],[-96.208,68.074],[-99.368,67.792],[-101.913,67.705],[-105.636,68.355],[-107.662,67.963],[-108.095,67.36],[-110.532,67.92],[-112.503,67.693],[-115.562,67.896],[-114.109,68.347],[-115.285,68.892],[-117.832,69.008],[-122.326,69.884],[-123.078,69.835],[-107.513,58.896],[-94.741,59.856]]],[[[-71.879,63.802],[-71.319,63.061],[-69.155,62.42],[-65.94,61.79],[-66.496,63.077],[-64.735,63.067],[-64.474,63.744],[-67.614,65.912],[-66.913,66.595],[-65.034,65.953],[-64.844,65.378],[-62.845,65.614],[-61.211,66.635],[-63.933,67.413],[-68.665,68.716],[-66.668,69.186],[-68.043,69.773],[-69.463,69.96],[-71.253,71.351],[-73.275,71.161],[-75.322,72.548],[-77.119,72.711],[-81.027,72.05],[-80.489,73.037],[-81.532,73.688],[-88.099,73.636],[-89.639,72.782],[-89.997,71.541],[-87.949,71.351],[-87.948,70.385],[-85.984,70.113],[-82.269,69.86],[-80.713,70.153],[-78.713,70.011],[-75.552,69.222],[-75.199,68.862],[-73.185,68.296],[-72.305,67.264],[-74.28,66.06],[-73.42,65.529],[-75.789,65.197],[-77.358,65.376],[-78.127,64.651],[-76.526,64.23],[-74.559,64.78],[-73.164,64.574],[-71.879,63.802]]]]}},{"type":"Feature","id":118,"properties":{"name":null,"subjecto":null,"partof":null,"precision":1},"geometry":{"type":"Polygon","coordinates":[[[-90,75.968],[-90,76.591],[-92.247,76.622],[-92.366,75.421],[-89.698,74.615],[-88.144,74.569],[-80.349,74.616],[-79.495,75.28],[-81.703,75.875],[-83.559,75.905],[-86.618,75.432],[-90,75.968]]]}},{"type":"Feature","id":119,"properties":{"name":null,"subjecto":null,"partof":null,"precision":1},"geometry":{"type":"Polygon","coordinates":[[[-90,82.017],[-89.193,81.096],[-84.793,80.782],[-80.088,81.022],[-77.521,80.75],[-83.618,80.207],[-86.322,80.114],[-83.911,79.257],[-85.807,78.906],[-87.099,77.281],[-89.247,76.977],[-87.273,76.504],[-82.424,76.471],[-80.814,76.238],[-78.212,76.547],[-78.367,78.033],[-76.143,78.072],[-74.963,79.122],[-71.454,79.846],[-66.482,81.303],[-67.585,81.961],[-63.921,82.011],[-62.427,82.634],[-70.584,83.176],[-76.382,83.152],[-84.947,82.379],[-90,82.017]]]}},{"type":"Feature","id":120,"properties":{"name":null,"subjecto":null,"partof":null,"precision":1},"geometry":{"type":"Polygon","coordinates":[[[-100.097,75.765],[-99.944,75.084],[-98.002,75.162],[-97.817,76.476],[-100.067,76.675],[-101.885,76.333],[-100.097,75.765]]]}},{"type":"Feature","id":121,"properties":{"name":null,"subjecto":null,"partof":null,"precision":1},"geometry":{"type":"Polygon","coordinates":[[[-96.809,76.92],[-95.873,76.513],[-93.938,76.398],[-94.195,76.899],[-96.809,76.92]]]}},{"type":"Feature","id":122,"properties":{"name":null,"subjecto":null,"partof":null,"precision":1},"geometry":{"type":"Polygon","coordinates":[[[-113.024,77.602],[-110.62,77.537],[-109.661,77.95],[-113.01,77.923],[-113.024,77.602]]]}},{"type":"Feature","id":123,"properties":{"name":null,"subjecto":null,"partof":null,"precision":1},"geometry":{"type":"Polygon","coordinates":[[[-98.343,78.803],[-97.46,78.101],[-95.097,78.438],[-98.343,78.803]]]}},{"type":"Feature","id":124,"properties":{"name":null,"subjecto":null,"partof":null,"precision":1},"geometry":{"type":"Polygon","coordinates":[[[-115.802,76.34],[-117.397,75.407],[-112.203,74.5],[-109.07,75.133],[-105.773,75.23],[-105.917,76.022],[-111.386,75.66],[-112.851,76.227],[-115.802,76.34]]]}},{"type":"Feature","id":125,"properties":{"name":null,"subjecto":null,"partof":null,"precision":1},"geometry":{"type":"Polygon","coordinates":[[[-121.459,76.27],[-120.1,75.978],[-118.736,76.938],[-121.578,76.702],[-121.459,76.27]]]}},{"type":"Feature","id":126,"properties":{"name":null,"subjecto":null,"partof":null,"precision":1},"geometry":{"type":"Polygon","coordinates":[[[-100.888,78.182],[-99.892,78.658],[-102.569,79.016],[-104.162,78.298],[-100.888,78.182]]]}},{"type":"Feature","id":127,"properties":{"name":null,"subjecto":null,"partof":null,"precision":1},"geometry":{"type":"Polygon","coordinates":[[[-89.272,80.389],[-92.025,81.259],[-96.433,79.933],[-92.702,78.434],[-90,78.263],[-87.787,78.725],[-87.336,80.093],[-89.272,80.389]]]}},{"type":"Feature","id":128,"properties":{"name":"Naskapi Innu","subjecto":"Naskapi Innu","partof":"Naskapi Innu","precision":1},"geometry":{"type":"Polygon","coordinates":[[[-76.472,56.547],[-61.408,57.048],[-62.186,57.437],[-62.887,58.656],[-64.671,60.181],[-65.555,59.576],[-65.861,58.795],[-67.772,58.249],[-69.214,58.748],[-70.028,60.883],[-73.395,62.355],[-75.695,62.216],[-77.362,62.517],[-77.985,61.859],[-77.462,61.473],[-78.176,60.742],[-77.507,60.415],[-77.662,59.574],[-78.337,58.551],[-76.772,57.663],[-76.472,56.547]]]}},{"type":"Feature","id":129,"properties":{"name":"Caloosahatchee culture","subjecto":"Caloosahatchee culture","partof":"Caloosahatchee culture","precision":1},"geometry":{"type":"Polygon","coordinates":[[[-82.705,28.523],[-82.841,27.838],[-82.31,26.825],[-81.401,25.859],[-81.098,25.125],[-80.314,25.244],[-80.05,26.551],[-80.598,28.523],[-82.705,28.523]]]}},{"type":"Feature","id":130,"properties":{"name":"Cree","subjecto":"Cree","partof":"Cree","precision":1},"geometry":{"type":"Polygon","coordinates":[[[-102.587,53.565],[-100.09,52.309],[-98.488,52.352],[-92.135,52.526],[-81.988,52.804],[-82.341,52.981],[-82.33,54.143],[-82.399,54.271],[-82.202,54.969],[-84.468,55.167],[-87.467,55.912],[-88.767,56.738],[-89.726,56.934],[-91.337,57.163],[-92.18,56.97],[-93.074,58.551],[-94.684,58.878],[-94.741,59.856],[-107.513,58.896],[-112.449,58.525],[-111.977,58.287],[-102.587,53.565]]]}},{"type":"Feature","id":131,"properties":{"name":null,"subjecto":null,"partof":null,"precision":1},"geometry":{"type":"Polygon","coordinates":[[[-61.687,17.024],[-61.794,17.163],[-61.887,17.033],[-61.687,17.024]]]}},{"type":"Feature","id":132,"properties":{"name":"Guanches","subjecto":"Guanches","partof":"Guanches","precision":1},"geometry":{"type":"Polygon","coordinates":[[[-14.51,28.05],[-13.881,28.199],[-14.147,28.391],[-14.51,28.05]]]}},{"type":"Feature","id":133,"properties":{"name":"Papuans","subjecto":"Papuans","partof":"Papous","precision":1},"geometry":{"type":"MultiPolygon","coordinates":[[[[137.676,-8.459],[138.297,-8.541],[138.895,-7.783],[138.193,-7.676],[137.676,-8.459]]],[[[149.379,-6.209],[150.276,-6.341],[151.056,-6.015],[151.28,-5.671],[152.059,-5.498],[152.268,-4.779],[151.588,-4.902],[150.887,-5.52],[150.289,-5.712],[148.377,-5.659],[149.021,-6.242],[149.379,-6.209]]],[[[142.413,-3.307],[139.592,-2.379],[137.854,-1.614],[136.271,-2.418],[135.734,-3.252],[135.246,-3.539],[134.283,-2.855],[133.983,-2.01],[133.907,-1.006],[132.254,-0.527],[131.211,-1.025],[131.064,-1.54],[131.816,-1.665],[132.219,-2.344],[133.321,-2.38],[132.719,-2.934],[132.713,-3.888],[134.041,-3.948],[134.777,-4.309],[137.385,-5.123],[137.824,-5.427],[139.156,-7.725],[139.112,-8.323],[139.977,-8.238],[140.948,-9.274],[142.607,-9.377],[143.331,-9],[143.437,-8.358],[144.38,-7.758],[145.82,-8.098],[146.646,-9.279],[147.874,-10.179],[149.783,-10.41],[149.83,-9.711],[148.589,-9.16],[148.035,-8.246],[147.376,-7.796],[146.909,-6.895],[147.664,-6.791],[147.376,-6.125],[145.593,-5.423],[145.728,-4.997],[144.783,-4.338],[143.446,-3.61],[142.413,-3.307]]]]}},{"type":"Feature","id":134,"properties":{"name":null,"subjecto":null,"partof":null,"precision":1},"geometry":{"type":"Polygon","coordinates":[[[-59.533,13.051],[-59.429,13.165],[-59.659,13.288],[-59.643,13.149],[-59.533,13.051]]]}},{"type":"Feature","id":135,"properties":{"name":null,"subjecto":null,"partof":null,"precision":1},"geometry":{"type":"Polygon","coordinates":[[[-61.364,15.198],[-61.255,15.285],[-61.304,15.574],[-61.475,15.486],[-61.364,15.198]]]}},{"type":"Feature","id":136,"properties":{"name":null,"subjecto":null,"partof":null,"precision":1},"geometry":{"type":"Polygon","coordinates":[[[-61.747,11.997],[-61.596,12.126],[-61.725,12.172],[-61.747,11.997]]]}},{"type":"Feature","id":137,"properties":{"name":null,"subjecto":null,"partof":null,"precision":1},"geometry":{"type":"Polygon","coordinates":[[[-60.861,14.403],[-60.83,14.57],[-61.034,14.829],[-61.232,14.809],[-61.034,14.466],[-60.861,14.403]]]}},{"type":"Feature","id":138,"properties":{"name":null,"subjecto":null,"partof":null,"precision":1},"geometry":{"type":"Polygon","coordinates":[[[-62.171,16.671],[-62.138,16.693],[-62.176,16.809],[-62.237,16.712],[-62.171,16.671]]]}},{"type":"Feature","id":139,"properties":{"name":null,"subjecto":null,"partof":null,"precision":1},"geometry":{"type":"Polygon","coordinates":[[[-63.168,18.164],[-62.993,18.227],[-63.058,18.256],[-63.168,18.164]]]}},{"type":"Feature","id":140,"properties":{"name":null,"subjecto":null,"partof":null,"precision":1},"geometry":{"type":"Polygon","coordinates":[[[-62.702,17.337],[-62.813,17.409],[-62.864,17.371],[-62.778,17.292],[-62.702,17.337]]]}},{"type":"Feature","id":141,"properties":{"name":null,"subjecto":null,"partof":null,"precision":1},"geometry":{"type":"Polygon","coordinates":[[[-60.955,13.709],[-60.878,13.957],[-61.075,13.897],[-60.955,13.709]]]}},{"type":"Feature","id":142,"properties":{"name":null,"subjecto":null,"partof":null,"precision":1},"geometry":{"type":"Polygon","coordinates":[[[-61.173,13.133],[-61.123,13.249],[-61.209,13.368],[-61.278,13.25],[-61.173,13.133]]]}},{"type":"Feature","id":143,"properties":{"name":null,"subjecto":null,"partof":null,"precision":1},"geometry":{"type":"Polygon","coordinates":[[[-64.762,17.774],[-64.871,17.775],[-64.889,17.687],[-64.739,17.708],[-64.762,17.774]]]}},{"type":"Feature","id":144,"properties":{"name":null,"subjecto":null,"partof":null,"precision":1},"geometry":{"type":"Polygon","coordinates":[[[-61.346,16.334],[-61.499,16.349],[-61.794,16.242],[-61.695,15.949],[-61.553,16.054],[-61.581,16.205],[-61.346,16.334]]]}},{"type":"Feature","id":145,"properties":{"name":null,"subjecto":null,"partof":null,"precision":1},"geometry":{"type":"Polygon","coordinates":[[[-68.966,12.199],[-69.078,12.349],[-69.158,12.311],[-69.062,12.188],[-68.832,12.049],[-68.824,12.16],[-68.966,12.199]]]}},{"type":"Feature","id":146,"properties":{"name":null,"subjecto":null,"partof":null,"precision":1},"geometry":{"type":"Polygon","coordinates":[[[-63.011,18.067],[-63.045,18.121],[-63.14,18.059],[-63.011,18.067]]]}},{"type":"Feature","id":147,"properties":{"name":null,"subjecto":null,"partof":null,"precision":1},"geometry":{"type":"Polygon","coordinates":[[[-63.14,18.059],[-63.033,18.016],[-63.011,18.067],[-63.14,18.059]]]}},{"type":"Feature","id":148,"properties":{"name":"Natchez","subjecto":"Natchez","partof":"Natchez","precision":1},"geometry":{"type":"Polygon","coordinates":[[[-91.626,31.939],[-92.699,31.615],[-92.46,30.584],[-91.541,30.796],[-91.253,31.18],[-90.256,31.321],[-90.23,32.023],[-90.409,32.05],[-91.626,31.939]]]}},{"type":"Feature","id":149,"properties":{"name":"Lipan","subjecto":"Lipan","partof":"Lipan","precision":1},"geometry":{"type":"Polygon","coordinates":[[[-100.106,31.04],[-100.304,31.123],[-101.271,29.667],[-100.819,29.302],[-100.335,28.723],[-98.174,28.245],[-97.653,28.558],[-97.536,28.691],[-98.423,29.694],[-100.106,31.04]]]}},{"type":"Feature","id":150,"properties":{"name":"Caddo","subjecto":"Caddo","partof":"Caddo","precision":1},"geometry":{"type":"Polygon","coordinates":[[[-92.846,34.655],[-94.937,34.621],[-95.351,34.048],[-95.392,33.614],[-95.002,33.425],[-94.518,32.508],[-95.226,32.275],[-95.561,31.67],[-95.468,31.216],[-94.708,30.755],[-93.126,30.498],[-92.46,30.584],[-92.699,31.615],[-91.626,31.939],[-91.626,32.957],[-92.117,33.903],[-92.846,34.655]]]}},{"type":"Feature","id":151,"properties":{"name":"Pennacook","subjecto":"Pennacook","partof":"Pennacook","precision":1},"geometry":{"type":"Polygon","coordinates":[[[-71.685,45.325],[-72.274,44.681],[-72.659,43.696],[-72.517,43.579],[-72.105,42.896],[-71.994,42.631],[-71.269,42.583],[-70.536,43.404],[-71.199,44.499],[-71.234,45.327],[-71.685,45.325]]]}},{"type":"Feature","id":152,"properties":{"name":"Kawahsu","subjecto":"Kawahsu","partof":"Kawahsu","precision":1},"geometry":{"type":"Polygon","coordinates":[[[-116.879,36.75],[-117.908,35.78],[-118.609,35.629],[-118.403,35.46],[-117.507,35.115],[-116.581,35.754],[-116.705,35.986],[-116.879,36.75]]]}},{"type":"Feature","id":153,"properties":{"name":"Yokuts","subjecto":"Yokuts","partof":"Yokuts","precision":1},"geometry":{"type":"Polygon","coordinates":[[[-121.823,37.879],[-121.152,37.356],[-120.897,36.575],[-119.741,35.566],[-119.397,35.284],[-119.042,35.218],[-118.403,35.46],[-118.609,35.629],[-118.64,36.812],[-119.206,36.954],[-119.571,37.649],[-119.702,37.618],[-120.782,38.225],[-121.823,37.879]]]}},{"type":"Feature","id":154,"properties":{"name":"Shoshoni","subjecto":"Shoshoni","partof":"Shoshoni","precision":1},"geometry":{"type":"Polygon","coordinates":[[[-113.429,45.358],[-114.211,45.528],[-116.124,44.706],[-116.16,43.017],[-116.881,41.981],[-117.737,38.693],[-117.701,37.816],[-118.008,36.621],[-117.908,35.78],[-116.879,36.75],[-115.955,36.47],[-115.395,38.27],[-114.638,38.686],[-113.517,38.886],[-112.602,39.678],[-111.872,40.566],[-109.557,40.894],[-105.117,40.861],[-106.526,42.122],[-106.823,43.715],[-107.18,43.958],[-107.75,44.042],[-110.279,44.748],[-111.549,45.507],[-112.399,45.227],[-113.429,45.358]]]}},{"type":"Feature","id":155,"properties":{"name":"Pomo","subjecto":"Pomo","partof":"Pomo","precision":1},"geometry":{"type":"Polygon","coordinates":[[[-123.933,39.821],[-123.796,39.03],[-123.247,38.552],[-122.718,38.691],[-122.717,38.992],[-122.782,39.53],[-122.822,39.534],[-123.933,39.821]]]}},{"type":"Feature","id":156,"properties":{"name":"Biloxi","subjecto":"Biloxi","partof":"Biloxi","precision":1},"geometry":{"type":"Polygon","coordinates":[[[-88.287,30.772],[-88.755,30.392],[-88.214,30.35],[-88.287,30.772]]]}},{"type":"Feature","id":157,"properties":{"name":"Cayuse","subjecto":"Cayuse","partof":"Cayuse","precision":1},"geometry":{"type":"Polygon","coordinates":[[[-117.852,46.347],[-118.951,46.033],[-119.307,45.468],[-118.997,44.934],[-117.395,44.792],[-117.711,45.636],[-117.571,46.024],[-117.852,46.347]]]}},{"type":"Feature","id":158,"properties":{"name":"Beothuk","subjecto":"Beothuk","partof":"Beothuk","precision":1},"geometry":{"type":"Polygon","coordinates":[[[-53.115,48.524],[-54.13,48.836],[-54.158,49.477],[-55.107,49.279],[-56.662,50.056],[-55.557,51.326],[-56.152,51.47],[-57.356,50.595],[-59.157,47.67],[-56.804,47.616],[-56.079,47.865],[-53.896,47.557],[-54.125,47.113],[-53.07,46.731],[-52.729,47.455],[-53.882,48.189],[-53.115,48.524]]]}},{"type":"Feature","id":159,"properties":{"name":"Montagnais Innu","subjecto":"Montagnais Innu","partof":"Montagnais Innu","precision":1},"geometry":{"type":"Polygon","coordinates":[[[-65.244,50.351],[-64.326,50.305],[-63.85,50.299],[-63.207,50.346],[-61.64,50.277],[-60.138,50.412],[-59.132,50.836],[-58.524,51.379],[-56.964,51.488],[-55.659,52.187],[-56.11,52.605],[-55.881,53.352],[-57.561,54.131],[-59.181,53.519],[-60.137,53.684],[-57.515,54.466],[-59.694,55.154],[-61.786,56.195],[-62.954,54.22],[-64.881,50.334],[-65.244,50.351]]]}},{"type":"Feature","id":160,"properties":{"name":"Missouri","subjecto":"Missouri","partof":"Missouri","precision":1},"geometry":{"type":"Polygon","coordinates":[[[-94.474,38.79],[-91.626,38.469],[-92.216,40.085],[-92.796,40.337],[-93.709,40.175],[-95.016,40.682],[-95.259,39.96],[-94.474,38.79]]]}},{"type":"Feature","id":161,"properties":{"name":"Kansa","subjecto":"Kansa","partof":"Kansa","precision":1},"geometry":{"type":"Polygon","coordinates":[[[-97.043,40.249],[-97.807,38.777],[-97.16,38.294],[-95.742,38.678],[-94.474,38.79],[-95.259,39.96],[-97.043,40.249]]]}},{"type":"Feature","id":162,"properties":{"name":null,"subjecto":null,"partof":null,"precision":1},"geometry":{"type":"Polygon","coordinates":[[[-121.462,48.055],[-122.359,48.168],[-122.633,47.492],[-122.478,47.474],[-121.51,47.361],[-121.293,47.449],[-121.279,47.584],[-121.462,48.055]]]}},{"type":"Feature","id":163,"properties":{"name":"Osage","subjecto":"Osage","partof":"Osage","precision":1},"geometry":{"type":"Polygon","coordinates":[[[-90.807,37.175],[-90.528,37.939],[-91.626,38.469],[-94.474,38.79],[-95.742,38.678],[-97.16,38.294],[-96.586,37.248],[-97.406,35.576],[-97.51,34.884],[-95.454,35.132],[-95.351,34.048],[-94.937,34.621],[-92.846,34.655],[-91.837,35.72],[-90.807,37.175]]]}},{"type":"Feature","id":164,"properties":{"name":"Quapaw","subjecto":"Quapaw","partof":"Quapaw","precision":1},"geometry":{"type":"Polygon","coordinates":[[[-89.104,36.948],[-90.807,37.175],[-91.837,35.72],[-92.846,34.655],[-92.117,33.903],[-91.626,32.957],[-90.763,32.97],[-90.711,33.377],[-90.48,33.884],[-89.796,35.019],[-89.67,36.19],[-89.104,36.948]]]}},{"type":"Feature","id":165,"properties":{"name":null,"subjecto":null,"partof":null,"precision":1},"geometry":{"type":"Polygon","coordinates":[[[-100.472,47.686],[-101.376,47.566],[-101.911,47.158],[-101.576,46.823],[-100.305,46.899],[-100.472,47.686]]]}},{"type":"Feature","id":166,"properties":{"name":null,"subjecto":null,"partof":null,"precision":1},"geometry":{"type":"Polygon","coordinates":[[[-124.159,48.254],[-124.592,47.906],[-124.276,47.982],[-124.159,48.254]]]}},{"type":"Feature","id":167,"properties":{"name":null,"subjecto":null,"partof":null,"precision":1},"geometry":{"type":"Polygon","coordinates":[[[-124.276,47.982],[-124.592,47.906],[-124.353,47.529],[-123.746,47.711],[-124.276,47.982]]]}},{"type":"Feature","id":168,"properties":{"name":null,"subjecto":null,"partof":null,"precision":1},"geometry":{"type":"Polygon","coordinates":[[[-123.131,47.532],[-122.943,48.091],[-123.343,47.659],[-123.131,47.532]]]}},{"type":"Feature","id":169,"properties":{"name":null,"subjecto":null,"partof":null,"precision":1},"geometry":{"type":"Polygon","coordinates":[[[-123.343,47.659],[-122.943,48.091],[-124.159,48.254],[-124.276,47.982],[-123.746,47.711],[-123.525,47.566],[-123.343,47.659]]]}},{"type":"Feature","id":170,"properties":{"name":null,"subjecto":null,"partof":null,"precision":1},"geometry":{"type":"Polygon","coordinates":[[[-123.525,47.566],[-123.746,47.711],[-124.353,47.529],[-124.119,47.103],[-123.647,47.418],[-123.525,47.566]]]}},{"type":"Feature","id":171,"properties":{"name":null,"subjecto":null,"partof":null,"precision":1},"geometry":{"type":"Polygon","coordinates":[[[-123.647,47.418],[-124.119,47.103],[-124.176,46.811],[-123.707,46.634],[-123.173,46.828],[-123.647,47.418]]]}},{"type":"Feature","id":172,"properties":{"name":null,"subjecto":null,"partof":null,"precision":1},"geometry":{"type":"Polygon","coordinates":[[[-124.571,43.16],[-124.37,42.192],[-123.854,42.28],[-123.878,42.694],[-123.952,43.051],[-124.571,43.16]]]}},{"type":"Feature","id":173,"properties":{"name":null,"subjecto":null,"partof":null,"precision":1},"geometry":{"type":"Polygon","coordinates":[[[-123.878,42.694],[-123.854,42.28],[-123.548,41.938],[-123.175,42.217],[-123.216,42.675],[-123.878,42.694]]]}},{"type":"Feature","id":174,"properties":{"name":null,"subjecto":null,"partof":null,"precision":1},"geometry":{"type":"Polygon","coordinates":[[[-123.854,42.28],[-124.37,42.192],[-124.194,41.731],[-123.638,41.798],[-123.548,41.938],[-123.854,42.28]]]}},{"type":"Feature","id":175,"properties":{"name":null,"subjecto":null,"partof":null,"precision":1},"geometry":{"type":"Polygon","coordinates":[[[-91.041,43.843],[-91.134,43.935],[-91.135,43.934],[-91.041,43.843]]]}},{"type":"Feature","id":176,"properties":{"name":null,"subjecto":null,"partof":null,"precision":1},"geometry":{"type":"Polygon","coordinates":[[[-124.261,41.017],[-124.345,40.806],[-123.912,41.017],[-124.261,41.017]]]}},{"type":"Feature","id":177,"properties":{"name":"Papago","subjecto":"Papago","partof":"Papago","precision":1},"geometry":{"type":"Polygon","coordinates":[[[-112.141,32.83],[-112.709,32.708],[-113.733,32.57],[-114.723,31.763],[-113.052,31.139],[-112.721,30.073],[-112.047,30.228],[-111.627,31.63],[-112.141,32.83]]]}},{"type":"Feature","id":178,"properties":{"name":null,"subjecto":null,"partof":null,"precision":1},"geometry":{"type":"Polygon","coordinates":[[[-117.382,34.38],[-118.6,34.598],[-118.674,34.103],[-117.972,33.708],[-117.382,34.38]]]}},{"type":"Feature","id":179,"properties":{"name":"Luiseno","subjecto":"Luiseno","partof":"Luiseno","precision":1},"geometry":{"type":"Polygon","coordinates":[[[-116.833,33.623],[-116.882,34.159],[-117.382,34.38],[-117.972,33.708],[-117.379,33.109],[-116.443,33.268],[-116.833,33.623]]]}},{"type":"Feature","id":180,"properties":{"name":"Houma","subjecto":"Houma","partof":"Houma","precision":1},"geometry":{"type":"Polygon","coordinates":[[[-90.256,31.321],[-91.253,31.18],[-91.541,30.796],[-90.37,30.758],[-90.256,31.321]]]}},{"type":"Feature","id":181,"properties":{"name":null,"subjecto":null,"partof":null,"precision":1},"geometry":{"type":"Polygon","coordinates":[[[-90.48,33.884],[-90.711,33.377],[-89.025,33.438],[-89.066,33.854],[-90.48,33.884]]]}},{"type":"Feature","id":182,"properties":{"name":"Cusabo","subjecto":"Cusabo","partof":"Cusabo","precision":1},"geometry":{"type":"Polygon","coordinates":[[[-71.792,41.638],[-70.967,41.562],[-70.534,42.019],[-71.736,41.951],[-71.792,41.638]]]}},{"type":"Feature","id":183,"properties":{"name":"Yuchi","subjecto":"Yuchi","partof":"Yuchi","precision":1},"geometry":{"type":"Polygon","coordinates":[[[-85.051,34.972],[-84.295,35.227],[-83.159,35.958],[-83.253,36.669],[-85.24,35.689],[-86.669,35.096],[-85.051,34.972]]]}},{"type":"Feature","id":184,"properties":{"name":"Cherokee","subjecto":"Cherokee","partof":"Cherokee","precision":1},"geometry":{"type":"Polygon","coordinates":[[[-80.221,37.643],[-80.749,37.36],[-81.877,37.363],[-83.253,36.669],[-83.159,35.958],[-84.295,35.227],[-85.051,34.972],[-85.044,34.972],[-85.094,34.191],[-85.007,33.922],[-83.696,34.046],[-82.491,35.002],[-81.998,35.736],[-80.582,36.872],[-80.221,37.643]]]}},{"type":"Feature","id":185,"properties":{"name":"Zuni","subjecto":"Zuni","partof":"Zuni","precision":1},"geometry":{"type":"Polygon","coordinates":[[[-109.349,34.719],[-109.335,34.699],[-109.294,34.64],[-108.365,34.481],[-108.328,34.875],[-108.44,35.299],[-108.883,35.37],[-109.082,35.299],[-109.377,35.05],[-109.349,34.719]]]}},{"type":"Feature","id":186,"properties":{"name":"Mescalero","subjecto":"Mescalero","partof":"Mescalero","precision":1},"geometry":{"type":"Polygon","coordinates":[[[-107.32,33.163],[-107.284,32.656],[-106.445,31.759],[-106.181,31.738],[-104.785,30.586],[-104.206,29.617],[-103.741,29.234],[-102.961,29.344],[-102.722,29.749],[-101.271,29.667],[-100.304,31.123],[-103.367,32.386],[-103.619,32.786],[-103.829,34.216],[-104.355,34.89],[-104.167,35.39],[-105.364,35.828],[-105.427,35.266],[-105.788,34.773],[-106.064,34.485],[-107.128,33.215],[-107.32,33.163]]]}},{"type":"Feature","id":187,"properties":{"name":"Apache","subjecto":"Apache","partof":"Apache","precision":1},"geometry":null},{"type":"Feature","id":188,"properties":{"name":"Jicarilla","subjecto":"Jicarilla","partof":"Jicarilla","precision":1},"geometry":{"type":"Polygon","coordinates":[[[-105.269,36.453],[-105.364,35.828],[-104.167,35.39],[-103.303,35.92],[-102.875,36.38],[-102.875,37.602],[-104.162,37.779],[-104.632,36.974],[-105.269,36.453]]]}},{"type":"Feature","id":189,"properties":{"name":null,"subjecto":null,"partof":null,"precision":1},"geometry":null},{"type":"Feature","id":190,"properties":{"name":null,"subjecto":null,"partof":null,"precision":1},"geometry":{"type":"Polygon","coordinates":[[[-103.303,35.92],[-101.684,37.624],[-102.875,36.38],[-103.303,35.92]]]}},{"type":"Feature","id":191,"properties":{"name":null,"subjecto":null,"partof":null,"precision":1},"geometry":null},{"type":"Feature","id":192,"properties":{"name":"Cahulia","subjecto":"Cahulia","partof":"Cahulia","precision":1},"geometry":{"type":"Polygon","coordinates":[[[-114.929,33.891],[-115.236,34.012],[-116.882,34.159],[-116.833,33.623],[-116.443,33.268],[-116.35,33.292],[-115.12,33.503],[-115.064,33.51],[-114.929,33.891]]]}},{"type":"Feature","id":193,"properties":{"name":null,"subjecto":null,"partof":null,"precision":1},"geometry":{"type":"Polygon","coordinates":[[[-115.064,33.51],[-114.334,33.187],[-113.941,34.352],[-114.66,34.355],[-114.929,33.891],[-115.064,33.51]]]}},{"type":"Feature","id":194,"properties":{"name":null,"subjecto":null,"partof":null,"precision":1},"geometry":{"type":"Polygon","coordinates":[[[-106.792,34.929],[-106.493,35.123],[-106.274,35.273],[-106.461,35.687],[-106.905,35.329],[-106.99,35.368],[-107.245,35.113],[-106.904,34.603],[-106.845,34.773],[-106.792,34.929]]]}},{"type":"Feature","id":195,"properties":{"name":null,"subjecto":null,"partof":null,"precision":1},"geometry":{"type":"Polygon","coordinates":[[[-106.493,35.123],[-106.792,34.929],[-106.845,34.773],[-106.064,34.485],[-106.493,35.123]]]}},{"type":"Feature","id":196,"properties":{"name":null,"subjecto":null,"partof":null,"precision":1},"geometry":{"type":"Polygon","coordinates":[[[-107.245,35.113],[-108.328,34.875],[-108.365,34.481],[-106.904,34.603],[-107.245,35.113]]]}},{"type":"Feature","id":197,"properties":{"name":"Walapai","subjecto":"Walapai","partof":"Walapai","precision":1},"geometry":{"type":"Polygon","coordinates":[[[-114.144,34.833],[-113.588,34.582],[-112.824,35.156],[-113.371,35.889],[-114.021,36.216],[-114.728,35.742],[-114.144,34.833]]]}},{"type":"Feature","id":198,"properties":{"name":null,"subjecto":null,"partof":null,"precision":1},"geometry":{"type":"Polygon","coordinates":[[[-105.269,36.453],[-105.838,35.963],[-105.364,35.828],[-105.269,36.453]]]}},{"type":"Feature","id":199,"properties":{"name":"Tano","subjecto":"Tano","partof":"Tano","precision":1},"geometry":{"type":"Polygon","coordinates":[[[-106.493,35.123],[-105.788,34.773],[-105.427,35.266],[-106.137,35.542],[-106.274,35.273],[-106.493,35.123]]]}},{"type":"Feature","id":200,"properties":{"name":null,"subjecto":null,"partof":null,"precision":1},"geometry":{"type":"Polygon","coordinates":[[[-106.692,35.977],[-106.99,35.368],[-106.905,35.329],[-106.461,35.687],[-106.692,35.977]]]}},{"type":"Feature","id":201,"properties":{"name":"Pewa","subjecto":"Pewa","partof":"Pewa","precision":1},"geometry":{"type":"Polygon","coordinates":[[[-106.692,35.977],[-106.461,35.687],[-106.137,35.542],[-105.427,35.266],[-105.364,35.828],[-105.838,35.963],[-106.692,35.977]]]}},{"type":"Feature","id":202,"properties":{"name":"Ute","subjecto":"Ute","partof":"Ute","precision":1},"geometry":{"type":"Polygon","coordinates":[[[-113.517,38.886],[-112.461,38.675],[-111.746,37.868],[-111.12,37.858],[-110.844,37.182],[-110.338,37.174],[-109.334,37.191],[-108.032,36.612],[-106.38,37.182],[-104.632,36.974],[-104.162,37.779],[-104.258,39.822],[-105.117,40.861],[-109.557,40.894],[-111.872,40.566],[-112.602,39.678],[-113.517,38.886]]]}},{"type":"Feature","id":203,"properties":{"name":"Nayarit","subjecto":"Nayarit","partof":"Nayarit","precision":1},"geometry":{"type":"Polygon","coordinates":[[[-106.772,24.445],[-107.336,24.222],[-105.54,22.285],[-105.294,21.522],[-105.507,20.104],[-103.752,20.61],[-103.61,21.013],[-104.009,21.395],[-103.528,21.922],[-103.702,21.911],[-104.797,22.056],[-105.289,23.1],[-105.466,22.844],[-106.772,24.445]]]}},{"type":"Feature","id":204,"properties":{"name":"Timucua","subjecto":"Timucua","partof":"Timucua","precision":1},"geometry":{"type":"Polygon","coordinates":[[[-80.598,28.523],[-81.405,30.073],[-81.419,30.98],[-81.888,30.984],[-82.203,30.986],[-82.842,30.986],[-83.736,30.375],[-83.847,30.012],[-82.647,28.907],[-82.705,28.523],[-80.598,28.523]]]}},{"type":"Feature","id":205,"properties":{"name":"Catawba","subjecto":"Catawba","partof":"Catawba","precision":1},"geometry":{"type":"Polygon","coordinates":[[[-77.465,35.204],[-78.238,35.549],[-78.057,36.502],[-80.582,36.872],[-81.998,35.736],[-82.491,35.002],[-82.049,34.255],[-81.055,33.953],[-80.475,33.664],[-80.301,33.422],[-79.895,33.221],[-79.431,33.04],[-79.204,33.46],[-78.621,33.811],[-77.963,33.933],[-77.199,34.68],[-77.465,35.204]]]}},{"type":"Feature","id":206,"properties":{"name":null,"subjecto":null,"partof":null,"precision":1},"geometry":{"type":"Polygon","coordinates":[[[-77.118,36.679],[-77.096,36.774],[-77.131,36.923],[-77.517,37.182],[-78.048,36.932],[-77.118,36.679]]]}},{"type":"Feature","id":207,"properties":{"name":"Conoy","subjecto":"Conoy","partof":"Conoy","precision":1},"geometry":{"type":"Polygon","coordinates":[[[-77.254,38.68],[-76.767,38.293],[-76.342,39.448],[-77.799,39.937],[-78.406,39.019],[-77.733,38.7],[-77.254,38.68]]]}},{"type":"Feature","id":208,"properties":{"name":"Assiniboin","subjecto":"Assiniboin","partof":"Assiniboin","precision":1},"geometry":{"type":"Polygon","coordinates":[[[-106.277,51.517],[-108.642,50.204],[-106.189,47.906],[-105.007,47.761],[-103.995,47.636],[-101.911,47.158],[-101.376,47.566],[-100.472,47.686],[-99.065,47.935],[-98.716,48.279],[-98.353,48.605],[-98.488,52.352],[-100.09,52.309],[-102.587,53.565],[-106.277,51.517]]]}},{"type":"Feature","id":209,"properties":{"name":"Blackfoot","subjecto":"Blackfoot","partof":"Blackfoot","precision":1},"geometry":{"type":"Polygon","coordinates":[[[-113.677,48.504],[-113.429,47.728],[-112.592,46.673],[-113.429,45.358],[-112.399,45.227],[-111.549,45.507],[-110.279,44.748],[-107.75,44.042],[-107.309,43.977],[-110.279,44.748],[-111.549,45.507],[-110.176,46.78],[-110.191,47.988],[-110.532,49.155],[-109.644,49.648],[-110.611,50.337],[-114.083,49.774],[-114.035,49.624],[-113.677,48.504]]]}},{"type":"Feature","id":210,"properties":{"name":"Aaniiih","subjecto":"Gros Ventre","partof":"Aaniiih","precision":1},"geometry":{"type":"Polygon","coordinates":[[[-110.176,46.78],[-107.812,47.194],[-106.189,47.906],[-108.642,50.204],[-109.644,49.648],[-110.532,49.155],[-110.191,47.988],[-110.176,46.78]]]}},{"type":"Feature","id":211,"properties":{"name":"Oto","subjecto":"Oto","partof":"Oto","precision":1},"geometry":{"type":"Polygon","coordinates":[[[-96.723,41.192],[-97.043,40.249],[-95.259,39.96],[-95.016,40.682],[-95.489,40.825],[-96.519,41.211],[-96.723,41.192]]]}},{"type":"Feature","id":212,"properties":{"name":"Iowa","subjecto":"Iowa","partof":"Iowa","precision":1},"geometry":{"type":"Polygon","coordinates":[[[-96.519,41.211],[-95.489,40.825],[-95.016,40.682],[-93.709,40.175],[-92.796,40.337],[-92.038,40.87],[-91.327,41.536],[-91.368,42.108],[-92.453,42.691],[-94.026,42.629],[-94.657,42.094],[-96.098,41.937],[-96.519,41.211]]]}},{"type":"Feature","id":213,"properties":{"name":"Omaha","subjecto":"Omaha","partof":"Omaha","precision":1},"geometry":{"type":"Polygon","coordinates":[[[-98.293,42.317],[-97.534,42.008],[-96.723,41.192],[-96.519,41.211],[-96.098,41.937],[-96.345,42.475],[-97.272,42.903],[-98.012,42.757],[-98.293,42.317]]]}},{"type":"Feature","id":214,"properties":{"name":"Ponca","subjecto":"Ponca","partof":"Ponca","precision":1},"geometry":{"type":"Polygon","coordinates":[[[-100.451,44.148],[-100.933,43.885],[-100.856,42.762],[-98.293,42.317],[-98.012,42.757],[-99.862,44.328],[-100.451,44.148]]]}},{"type":"Feature","id":215,"properties":{"name":"Santee","subjecto":"Santee","partof":"Santee","precision":1},"geometry":{"type":"Polygon","coordinates":[[[-95.905,44.63],[-95.826,44.512],[-94.585,44.212],[-94.666,43.784],[-93.994,43.251],[-94.026,42.629],[-92.453,42.691],[-91.135,43.934],[-91.134,43.935],[-93.528,46.1],[-93.347,47.235],[-93.864,47.646],[-95.065,47.655],[-96.795,47.165],[-96.513,46.644],[-97.197,45.903],[-97.236,45.343],[-95.905,44.63]]]}},{"type":"Feature","id":216,"properties":{"name":null,"subjecto":null,"partof":null,"precision":1},"geometry":{"type":"Polygon","coordinates":[[[-90.704,44.082],[-91.134,43.935],[-91.041,43.843],[-89.832,42.676],[-89.105,42.891],[-88.136,44.052],[-90.704,44.082]]]}},{"type":"Feature","id":217,"properties":{"name":"Teton","subjecto":"Teton","partof":"Teton","precision":1},"geometry":{"type":"Polygon","coordinates":[[[-101.911,47.158],[-103.995,47.636],[-104.537,47.134],[-104.698,46.17],[-104.553,45.072],[-103.699,45.3],[-103.22,45.194],[-102.229,44.165],[-103.479,42.611],[-104.164,41.971],[-103.197,41.607],[-101.275,41.143],[-101.393,41.716],[-101.056,42.417],[-100.874,42.763],[-100.933,43.885],[-100.451,44.148],[-99.862,44.328],[-99.82,44.525],[-99.979,44.788],[-101.143,44.715],[-100.999,45.551],[-101.272,46.346],[-101.576,46.823],[-101.911,47.158]]]}},{"type":"Feature","id":218,"properties":{"name":"Mandan","subjecto":"Mandan","partof":"Mandan","precision":1},"geometry":{"type":"Polygon","coordinates":[[[-101.576,46.823],[-101.272,46.346],[-100.287,46.625],[-100.305,46.899],[-101.576,46.823]]]}},{"type":"Feature","id":219,"properties":{"name":"Yankontai","subjecto":"Yankontai","partof":"Yankontai","precision":1},"geometry":{"type":"Polygon","coordinates":[[[-98.716,48.279],[-99.065,47.935],[-100.472,47.686],[-100.305,46.899],[-100.287,46.625],[-100.212,46.354],[-99.979,44.788],[-99.82,44.525],[-97.283,44.397],[-95.905,44.63],[-97.236,45.343],[-97.197,45.903],[-96.513,46.644],[-98.134,47.597],[-98.716,48.279]]]}},{"type":"Feature","id":220,"properties":{"name":null,"subjecto":null,"partof":null,"precision":1},"geometry":{"type":"Polygon","coordinates":[[[-72.487,41.91],[-71.792,41.638],[-71.736,41.951],[-72.487,41.91]]]}},{"type":"Feature","id":221,"properties":{"name":null,"subjecto":null,"partof":null,"precision":1},"geometry":{"type":"Polygon","coordinates":[[[-71.736,41.951],[-71.269,42.583],[-71.994,42.631],[-72.339,42.207],[-72.487,41.91],[-71.736,41.951]]]}},{"type":"Feature","id":222,"properties":{"name":null,"subjecto":null,"partof":null,"precision":1},"geometry":{"type":"Polygon","coordinates":[[[-122.718,38.691],[-123.247,38.552],[-122.49,38.165],[-122.313,38.221],[-122.352,38.517],[-122.718,38.691]]]}},{"type":"Feature","id":223,"properties":{"name":"Fox","subjecto":"Fox","partof":"Fox","precision":1},"geometry":{"type":"Polygon","coordinates":[[[-89.324,44.915],[-90.017,45.332],[-90.436,44.401],[-90.704,44.082],[-88.136,44.052],[-87.924,44.35],[-89.324,44.915]]]}},{"type":"Feature","id":224,"properties":{"name":null,"subjecto":null,"partof":null,"precision":1},"geometry":{"type":"Polygon","coordinates":[[[-87.514,46.689],[-88.457,46.92],[-90.277,46.625],[-91.414,46.803],[-90.017,45.332],[-89.324,44.915],[-87.974,44.37],[-87.848,44.606],[-87.867,44.885],[-88.667,46.134],[-87.514,46.689]]]}},{"type":"Feature","id":225,"properties":{"name":null,"subjecto":null,"partof":null,"precision":1},"geometry":{"type":"Polygon","coordinates":[[[-87.62,45.025],[-87.64,45.005],[-87.621,45.022],[-87.62,45.025]]]}},{"type":"Feature","id":226,"properties":{"name":null,"subjecto":null,"partof":null,"precision":1},"geometry":{"type":"Polygon","coordinates":[[[-83.268,45.036],[-83.286,45.026],[-83.263,45.021],[-83.268,45.036]]]}},{"type":"Feature","id":227,"properties":{"name":"Obiwa","subjecto":"Obiwa","partof":"Obiwa","precision":1},"geometry":{"type":"Polygon","coordinates":[[[-91.414,46.803],[-91.15,47.368],[-89.517,48.004],[-89.114,48.454],[-87.717,48.91],[-81.506,52.141],[-81.747,52.17],[-81.852,52.709],[-81.988,52.804],[-92.135,52.526],[-98.488,52.352],[-98.353,48.605],[-98.716,48.279],[-98.134,47.597],[-96.795,47.165],[-95.065,47.655],[-93.864,47.646],[-93.347,47.235],[-93.528,46.1],[-91.134,43.935],[-90.704,44.082],[-90.436,44.401],[-90.017,45.332],[-91.414,46.803]]]}},{"type":"Feature","id":228,"properties":{"name":"Winebago","subjecto":"Winebago","partof":"Winebago","precision":1},"geometry":{"type":"Polygon","coordinates":[[[-87.791,42.829],[-87.848,44.606],[-87.974,44.37],[-87.924,44.35],[-88.136,44.052],[-89.105,42.891],[-87.791,42.829]]]}},{"type":"Feature","id":229,"properties":{"name":"Erie","subjecto":"Erie","partof":"Erie","precision":1},"geometry":{"type":"Polygon","coordinates":[[[-79.613,42.365],[-81.811,41.495],[-82.568,41.404],[-83.131,42.052],[-82.372,43.044],[-82.374,43.047],[-83.745,42.626],[-85.441,41.672],[-85.172,40.642],[-82.965,40.588],[-80.746,40.677],[-79.921,40.419],[-79.144,38.599],[-78.406,39.019],[-77.799,39.937],[-78.79,40.66],[-78.134,42.403],[-79.006,42.61],[-79.613,42.365]]]}},{"type":"Feature","id":230,"properties":{"name":"Potawatomi","subjecto":"Potawatomi","partof":"Potawatomi","precision":1},"geometry":{"type":"Polygon","coordinates":[[[-84.797,45.858],[-84.952,45.408],[-86.002,44.917],[-86.514,43.681],[-86.254,42.524],[-85.441,41.672],[-83.745,42.626],[-82.374,43.047],[-83.286,45.026],[-83.268,45.036],[-84.743,45.863],[-84.797,45.858]]]}},{"type":"Feature","id":231,"properties":{"name":"Miami","subjecto":"Miami","partof":"Miami","precision":1},"geometry":{"type":"Polygon","coordinates":[[[-85.441,41.672],[-86.254,42.524],[-86.842,41.766],[-87.382,41.638],[-87.745,40.337],[-87.648,38.882],[-86.317,40.027],[-85.172,40.642],[-85.441,41.672]]]}},{"type":"Feature","id":232,"properties":{"name":"Menomini","subjecto":"Menomini","partof":"Menomini","precision":1},"geometry":{"type":"Polygon","coordinates":[[[-87.62,45.025],[-86.72,45.867],[-85.382,46.075],[-84.797,45.858],[-84.743,45.863],[-83.742,46.26],[-84.562,46.536],[-85.1,46.749],[-86.522,46.475],[-87.514,46.689],[-88.667,46.134],[-87.867,44.885],[-87.64,45.005],[-87.62,45.025]]]}},{"type":"Feature","id":233,"properties":{"name":"Iroquois","subjecto":"Iroquois","partof":"Iroquois","precision":1},"geometry":{"type":"Polygon","coordinates":[[[-76.016,44.318],[-76.174,43.625],[-76.937,43.237],[-77.761,43.321],[-78.98,43.231],[-79.006,42.61],[-78.134,42.403],[-75.366,42.061],[-74.604,42.644],[-73.662,43.271],[-73.108,44.656],[-72.996,45.022],[-74.778,45.022],[-76.016,44.318]]]}},{"type":"Feature","id":234,"properties":{"name":null,"subjecto":null,"partof":null,"precision":1},"geometry":{"type":"Polygon","coordinates":[[[-87.717,48.91],[-86.384,48.725],[-85.797,47.966],[-85.027,47.94],[-84.442,46.817],[-84.562,46.536],[-83.742,46.26],[-80.807,45.955],[-79.918,44.967],[-80.224,44.505],[-81.095,44.799],[-81.719,44.139],[-81.808,43.318],[-82.372,43.044],[-83.131,42.052],[-82.484,41.96],[-81.439,42.587],[-79.613,42.365],[-79.006,42.61],[-78.98,43.231],[-77.761,43.321],[-78.503,43.362],[-79.189,43.209],[-79.153,43.772],[-76.016,44.318],[-74.778,45.022],[-72.996,45.022],[-73.108,44.656],[-72.4,44.391],[-72.659,43.696],[-72.274,44.681],[-71.685,45.325],[-71.234,45.327],[-70.621,45.577],[-70.337,46.215],[-69.224,47.466],[-67.844,47.06],[-67.905,45.672],[-67.087,44.969],[-66.435,45.133],[-67.354,48.846],[-69.254,48.12],[-69.507,48.459],[-68.307,49.227],[-67.318,49.425],[-66.373,50.314],[-65.244,50.351],[-62.954,54.22],[-61.786,56.195],[-62.163,56.612],[-61.408,57.048],[-76.472,56.547],[-77.234,55.607],[-78.589,54.922],[-79.545,54.692],[-78.742,52.744],[-78.725,52.695],[-78.573,52.489],[-78.553,52.01],[-78.7,51.566],[-79.534,51.418],[-79.338,50.843],[-80.361,51.304],[-80.877,51.906],[-81.506,52.141],[-87.717,48.91]]]}},{"type":"Feature","id":235,"properties":{"name":"Hitchiti","subjecto":"Hitchiti","partof":"Hitchiti","precision":1},"geometry":{"type":"Polygon","coordinates":[[[-85.064,30.344],[-83.736,30.375],[-82.842,30.986],[-82.203,30.986],[-82.192,31.55],[-82.548,32.917],[-83.074,33.27],[-83.756,33.27],[-84.342,32.755],[-85.064,30.344]]]}},{"type":"Feature","id":236,"properties":{"name":"Choctaw","subjecto":"Choctaw","partof":"Choctaw","precision":1},"geometry":{"type":"Polygon","coordinates":[[[-87.322,31.867],[-87.162,32.953],[-87.11,33.261],[-88.846,33.28],[-89.951,32.958],[-89.974,32.58],[-90.23,32.023],[-90.256,31.321],[-90.37,30.758],[-91.541,30.796],[-92.46,30.584],[-91.981,30.233],[-91.184,29.856],[-89.523,29.976],[-88.755,30.392],[-88.287,30.772],[-88.241,31.692],[-87.322,31.867]]]}},{"type":"Feature","id":237,"properties":{"name":"Chickasaw","subjecto":"Chickasaw","partof":"Chickasaw","precision":1},"geometry":{"type":"Polygon","coordinates":[[[-86.693,35.112],[-87.687,35.795],[-87.961,36.874],[-88.371,37.087],[-89.104,36.948],[-89.67,36.19],[-89.796,35.019],[-90.48,33.884],[-89.066,33.854],[-89.025,33.438],[-90.711,33.377],[-90.763,32.97],[-89.951,32.958],[-88.846,33.28],[-87.11,33.261],[-86.693,35.112]]]}},{"type":"Feature","id":238,"properties":{"name":null,"subjecto":null,"partof":null,"precision":1},"geometry":{"type":"Polygon","coordinates":[[[-89.974,32.58],[-90.409,32.05],[-90.23,32.023],[-89.974,32.58]]]}},{"type":"Feature","id":239,"properties":{"name":"Naniaho","subjecto":"Naniaho","partof":"Naniaho","precision":1},"geometry":{"type":"Polygon","coordinates":[[[-87.322,31.867],[-88.241,31.692],[-88.287,30.772],[-87.775,30.263],[-86.615,30.411],[-86.671,31.861],[-87.322,31.867]]]}},{"type":"Feature","id":240,"properties":{"name":"Knucati","subjecto":"Knucati","partof":"Knucati","precision":1},"geometry":{"type":"Polygon","coordinates":[[[-86.669,35.096],[-87.11,33.261],[-87.162,32.953],[-86.107,32.913],[-86.117,33.548],[-85.007,33.922],[-85.094,34.191],[-85.044,34.972],[-86.23,34.972],[-86.669,35.096]]]}},{"type":"Feature","id":241,"properties":{"name":null,"subjecto":null,"partof":null,"precision":1},"geometry":null},{"type":"Feature","id":242,"properties":{"name":null,"subjecto":null,"partof":null,"precision":1},"geometry":null},{"type":"Feature","id":243,"properties":{"name":null,"subjecto":null,"partof":null,"precision":1},"geometry":null},{"type":"Feature","id":244,"properties":{"name":null,"subjecto":null,"partof":null,"precision":1},"geometry":{"type":"Polygon","coordinates":[[[-85.051,34.972],[-86.669,35.096],[-86.23,34.972],[-85.051,34.972]]]}},{"type":"Feature","id":245,"properties":{"name":"Chumash","subjecto":"Chumash","partof":"Chumash","precision":1},"geometry":{"type":"Polygon","coordinates":[[[-120.954,35.489],[-120.529,34.508],[-119.613,34.478],[-118.674,34.103],[-118.6,34.598],[-119.042,35.218],[-119.397,35.284],[-119.741,35.566],[-120.954,35.489]]]}},{"type":"Feature","id":246,"properties":{"name":null,"subjecto":null,"partof":null,"precision":1},"geometry":{"type":"Polygon","coordinates":[[[-121.984,36.531],[-121.65,36.099],[-121.344,36.463],[-121.984,36.531]]]}},{"type":"Feature","id":247,"properties":{"name":"Kalapuya","subjecto":"Kalapuya","partof":"Kalapuya","precision":1},"geometry":{"type":"Polygon","coordinates":[[[-123.548,44.731],[-123.431,44.274],[-123.141,43.505],[-122.845,43.502],[-122,43.506],[-122.014,44.342],[-122.108,44.352],[-122.818,45.079],[-122.995,45.63],[-123.352,45.538],[-123.49,45.023],[-123.548,44.731]]]}},{"type":"Feature","id":248,"properties":{"name":"Nez Perce","subjecto":"Nez Perce","partof":"Nez Perce","precision":1},"geometry":{"type":"Polygon","coordinates":[[[-114.212,45.528],[-114.473,46.369],[-115.057,46.678],[-116.432,46.8],[-117.102,46.776],[-117.852,46.347],[-117.571,46.024],[-117.711,45.636],[-117.395,44.792],[-116.124,44.706],[-114.212,45.528]]]}},{"type":"Feature","id":249,"properties":{"name":"Kalispel","subjecto":"Kalispel","partof":"Kalispel","precision":1},"geometry":{"type":"Polygon","coordinates":[[[-117.358,47.896],[-116.146,47.829],[-115.626,48.298],[-117.286,48.903],[-117.991,48.365],[-117.891,48.284],[-117.358,47.896]]]}},{"type":"Feature","id":250,"properties":{"name":"Flathead","subjecto":"Flathead","partof":"Flathead","precision":1},"geometry":{"type":"Polygon","coordinates":[[[-114.212,45.528],[-114.211,45.528],[-113.429,45.358],[-112.592,46.673],[-113.429,47.728],[-113.677,48.504],[-115.186,48.936],[-115.626,48.298],[-116.146,47.829],[-116.432,46.8],[-115.057,46.678],[-114.473,46.369],[-114.212,45.528]]]}},{"type":"Feature","id":251,"properties":{"name":null,"subjecto":null,"partof":null,"precision":1},"geometry":{"type":"Polygon","coordinates":[[[-120.414,46.958],[-120.407,46.963],[-120.414,47.128],[-121.279,47.584],[-121.293,47.449],[-120.414,46.958]]]}},{"type":"Feature","id":252,"properties":{"name":"Yakima","subjecto":"Yakima","partof":"Yakima","precision":1},"geometry":{"type":"Polygon","coordinates":[[[-120.071,46.944],[-120.407,46.963],[-120.414,46.958],[-121.381,47.014],[-121.511,46.748],[-120.597,45.713],[-120.588,45.715],[-120.175,45.795],[-118.951,46.033],[-119.048,46.748],[-120.071,46.944]]]}},{"type":"Feature","id":253,"properties":{"name":"Umatilla","subjecto":"Umatilla","partof":"Umatilla","precision":1},"geometry":{"type":"Polygon","coordinates":[[[-119.467,44.765],[-118.997,44.934],[-119.307,45.468],[-118.951,46.033],[-120.175,45.795],[-119.467,44.765]]]}},{"type":"Feature","id":254,"properties":{"name":"Tenimo","subjecto":"Tenimo","partof":"Tenimo","precision":1},"geometry":{"type":"Polygon","coordinates":[[[-121.114,45.306],[-121.869,45.1],[-122.108,44.352],[-122.014,44.342],[-120.747,44.672],[-119.467,44.765],[-120.175,45.795],[-120.588,45.715],[-120.998,45.631],[-121.114,45.306]]]}},{"type":"Feature","id":255,"properties":{"name":null,"subjecto":null,"partof":null,"precision":1},"geometry":{"type":"Polygon","coordinates":[[[-120.512,48.748],[-119.976,47.866],[-119.466,47.802],[-119.24,48.711],[-120.512,48.748]]]}},{"type":"Feature","id":256,"properties":{"name":null,"subjecto":null,"partof":null,"precision":1},"geometry":{"type":"Polygon","coordinates":[[[-117.426,47.008],[-118.847,46.718],[-119.048,46.748],[-118.951,46.033],[-117.852,46.347],[-117.102,46.776],[-117.426,47.008]]]}},{"type":"Feature","id":257,"properties":{"name":null,"subjecto":null,"partof":null,"precision":1},"geometry":{"type":"Polygon","coordinates":[[[-120.919,49.044],[-120.512,48.748],[-119.24,48.711],[-119.118,49.196],[-120.919,49.044]]]}},{"type":"Feature","id":258,"properties":{"name":null,"subjecto":null,"partof":null,"precision":1},"geometry":{"type":"Polygon","coordinates":[[[-120.434,40.97],[-121.238,41.077],[-121.177,40.61],[-120.504,40.672],[-120.434,40.97]]]}},{"type":"Feature","id":259,"properties":{"name":"Modoc","subjecto":"Modoc","partof":"Modoc","precision":1},"geometry":{"type":"Polygon","coordinates":[[[-120.394,42.09],[-121.383,42.327],[-122.175,42.021],[-122.194,41.996],[-121.968,41.397],[-121.305,41.585],[-120.5,41.812],[-120.394,42.09]]]}},{"type":"Feature","id":260,"properties":{"name":"Maiou","subjecto":"Maiou","partof":"Maiou","precision":1},"geometry":{"type":"Polygon","coordinates":[[[-121.986,39.595],[-121.043,39.588],[-120.391,39.663],[-120.19,40.099],[-120.504,40.672],[-121.177,40.61],[-121.414,40.584],[-121.977,40.061],[-121.986,39.595]]]}},{"type":"Feature","id":261,"properties":{"name":null,"subjecto":null,"partof":null,"precision":1},"geometry":{"type":"Polygon","coordinates":[[[-121.776,46.649],[-122.144,46.589],[-121.987,46.361],[-121.776,46.649]]]}},{"type":"Feature","id":262,"properties":{"name":null,"subjecto":null,"partof":null,"precision":1},"geometry":{"type":"Polygon","coordinates":[[[-122.587,47.232],[-122.478,47.474],[-122.633,47.492],[-123.131,47.532],[-123.343,47.659],[-123.525,47.566],[-123.647,47.418],[-123.173,46.828],[-122.587,47.232]]]}},{"type":"Feature","id":263,"properties":{"name":null,"subjecto":null,"partof":null,"precision":1},"geometry":{"type":"Polygon","coordinates":[[[-121.381,47.014],[-121.51,47.361],[-122.478,47.474],[-122.587,47.232],[-122.144,46.589],[-121.776,46.649],[-121.511,46.748],[-121.381,47.014]]]}},{"type":"Feature","id":264,"properties":{"name":null,"subjecto":null,"partof":null,"precision":1},"geometry":{"type":"Polygon","coordinates":[[[-121.51,47.361],[-121.381,47.014],[-120.414,46.958],[-121.293,47.449],[-121.51,47.361]]]}},{"type":"Feature","id":265,"properties":{"name":null,"subjecto":null,"partof":null,"precision":1},"geometry":{"type":"Polygon","coordinates":[[[-122.301,45.007],[-122.283,45.004],[-122.279,45.012],[-122.301,45.007]]]}},{"type":"Feature","id":266,"properties":{"name":null,"subjecto":null,"partof":null,"precision":1},"geometry":{"type":"Polygon","coordinates":[[[-121.898,45.678],[-121.903,45.668],[-121.876,45.686],[-121.898,45.678]]]}},{"type":"Feature","id":267,"properties":{"name":"Kijkitat","subjecto":"Kijkitat","partof":"Kijkitat","precision":1},"geometry":{"type":"Polygon","coordinates":[[[-121.511,46.748],[-121.776,46.649],[-121.987,46.361],[-122.377,45.579],[-121.898,45.678],[-121.876,45.686],[-120.998,45.631],[-120.588,45.715],[-120.597,45.713],[-121.511,46.748]]]}},{"type":"Feature","id":268,"properties":{"name":null,"subjecto":null,"partof":null,"precision":1},"geometry":{"type":"Polygon","coordinates":[[[-122.108,44.352],[-121.869,45.1],[-122.279,45.012],[-122.283,45.004],[-122.301,45.007],[-122.818,45.079],[-122.108,44.352]]]}},{"type":"Feature","id":269,"properties":{"name":null,"subjecto":null,"partof":null,"precision":1},"geometry":{"type":"Polygon","coordinates":[[[-118.781,47.584],[-119.466,47.802],[-119.976,47.866],[-120.071,46.944],[-119.048,46.748],[-118.847,46.718],[-118.781,47.584]]]}},{"type":"Feature","id":270,"properties":{"name":null,"subjecto":null,"partof":null,"precision":1},"geometry":{"type":"Polygon","coordinates":[[[-121.772,48.654],[-122.502,48.609],[-122.359,48.168],[-121.462,48.055],[-121.381,48.343],[-121.189,48.591],[-121.772,48.654]]]}},{"type":"Feature","id":271,"properties":{"name":null,"subjecto":null,"partof":null,"precision":1},"geometry":{"type":"Polygon","coordinates":[[[-121.052,48.767],[-121.381,48.343],[-121.462,48.055],[-121.279,47.584],[-120.414,47.128],[-120.071,46.944],[-119.976,47.866],[-120.512,48.748],[-120.919,49.044],[-121.176,49.023],[-121.052,48.767]]]}},{"type":"Feature","id":272,"properties":{"name":null,"subjecto":null,"partof":null,"precision":1},"geometry":{"type":"Polygon","coordinates":[[[-117.426,47.008],[-117.102,46.776],[-116.432,46.8],[-116.146,47.829],[-117.358,47.896],[-117.426,47.008]]]}},{"type":"Feature","id":273,"properties":{"name":"Spokane","subjecto":"Spokane","partof":"Spokane","precision":1},"geometry":{"type":"Polygon","coordinates":[[[-117.358,47.896],[-117.891,48.284],[-118.781,47.584],[-118.847,46.718],[-117.426,47.008],[-117.358,47.896]]]}},{"type":"Feature","id":274,"properties":{"name":null,"subjecto":null,"partof":null,"precision":1},"geometry":{"type":"Polygon","coordinates":[[[-117.286,48.903],[-117.338,49.346],[-119.118,49.196],[-119.24,48.711],[-117.991,48.365],[-117.286,48.903]]]}},{"type":"Feature","id":275,"properties":{"name":null,"subjecto":null,"partof":null,"precision":1},"geometry":{"type":"Polygon","coordinates":[[[-115.626,48.298],[-115.186,48.936],[-113.677,48.504],[-114.035,49.624],[-114.265,49.605],[-117.338,49.346],[-117.286,48.903],[-115.626,48.298]]]}},{"type":"Feature","id":276,"properties":{"name":null,"subjecto":null,"partof":null,"precision":1},"geometry":{"type":"Polygon","coordinates":[[[-117.991,48.365],[-119.24,48.711],[-119.466,47.802],[-118.781,47.584],[-117.891,48.284],[-117.991,48.365]]]}},{"type":"Feature","id":277,"properties":{"name":null,"subjecto":null,"partof":null,"precision":1},"geometry":{"type":"Polygon","coordinates":[[[-120.391,39.663],[-121.043,39.588],[-120.951,38.886],[-120.108,38.87],[-120.391,39.663]]]}},{"type":"Feature","id":278,"properties":{"name":null,"subjecto":null,"partof":null,"precision":1},"geometry":{"type":"Polygon","coordinates":[[[-118.64,36.812],[-118.343,37.243],[-119.366,37.968],[-119.612,37.639],[-119.571,37.649],[-119.206,36.954],[-118.64,36.812]]]}},{"type":"Feature","id":279,"properties":{"name":null,"subjecto":null,"partof":null,"precision":1},"geometry":{"type":"Polygon","coordinates":[[[-118.008,36.621],[-118.343,37.243],[-118.64,36.812],[-118.609,35.629],[-117.908,35.78],[-118.008,36.621]]]}},{"type":"Feature","id":280,"properties":{"name":"Northern Paiute","subjecto":"Northern Paiute","partof":"Northern Paiute","precision":1},"geometry":{"type":"Polygon","coordinates":[[[-118.997,44.934],[-119.467,44.765],[-120.747,44.672],[-122.014,44.342],[-122,43.506],[-121.885,43.306],[-121.292,43.171],[-120.394,42.09],[-120.5,41.812],[-120.434,40.97],[-120.504,40.672],[-120.19,40.099],[-119.36,38.864],[-119.48,38.316],[-119.366,37.968],[-118.343,37.243],[-118.008,36.621],[-117.701,37.816],[-117.737,38.693],[-116.881,41.981],[-116.16,43.017],[-116.124,44.706],[-117.395,44.792],[-118.997,44.934]]]}},{"type":"Feature","id":281,"properties":{"name":null,"subjecto":null,"partof":null,"precision":1},"geometry":{"type":"Polygon","coordinates":[[[-114.926,35.557],[-115.955,36.47],[-116.879,36.75],[-116.705,35.986],[-116.581,35.754],[-116.213,34.711],[-115.493,34.593],[-115.236,34.012],[-114.929,33.891],[-114.66,34.355],[-114.926,35.557]]]}},{"type":"Feature","id":282,"properties":{"name":"Southern Paiute","subjecto":"Southern Paiute","partof":"Southern Paiute","precision":1},"geometry":{"type":"Polygon","coordinates":[[[-113.371,35.889],[-112.582,36.378],[-111.197,35.466],[-111.178,35.476],[-110.462,36.236],[-110.338,37.174],[-110.844,37.182],[-111.12,37.858],[-111.746,37.868],[-112.461,38.675],[-113.517,38.886],[-114.638,38.686],[-115.395,38.27],[-115.955,36.47],[-114.926,35.557],[-114.728,35.742],[-114.021,36.216],[-113.371,35.889]]]}},{"type":"Feature","id":283,"properties":{"name":null,"subjecto":null,"partof":null,"precision":1},"geometry":{"type":"Polygon","coordinates":[[[-111.185,35.454],[-111.185,35.455],[-111.178,35.476],[-111.197,35.466],[-111.185,35.454]]]}},{"type":"Feature","id":284,"properties":{"name":null,"subjecto":null,"partof":null,"precision":1},"geometry":{"type":"Polygon","coordinates":[[[-124.255,44.357],[-124.145,43.651],[-123.322,43.354],[-123.141,43.505],[-123.431,44.274],[-124.255,44.357]]]}},{"type":"Feature","id":285,"properties":{"name":null,"subjecto":null,"partof":null,"precision":1},"geometry":{"type":"Polygon","coordinates":[[[-124.152,44.746],[-124.255,44.357],[-123.431,44.274],[-123.548,44.731],[-124.152,44.746]]]}},{"type":"Feature","id":286,"properties":{"name":null,"subjecto":null,"partof":null,"precision":1},"geometry":{"type":"Polygon","coordinates":[[[-124.064,45.128],[-124.152,44.746],[-123.548,44.731],[-123.49,45.023],[-124.064,45.128]]]}},{"type":"Feature","id":287,"properties":{"name":null,"subjecto":null,"partof":null,"precision":1},"geometry":{"type":"Polygon","coordinates":[[[-124.044,45.892],[-124.064,45.128],[-123.49,45.023],[-123.352,45.538],[-123.649,45.856],[-124.044,45.892]]]}},{"type":"Feature","id":288,"properties":{"name":null,"subjecto":null,"partof":null,"precision":1},"geometry":{"type":"Polygon","coordinates":[[[-122.814,45.773],[-122.377,45.579],[-121.987,46.361],[-122.144,46.589],[-122.587,47.232],[-123.173,46.828],[-123.707,46.634],[-122.814,45.773]]]}},{"type":"Feature","id":289,"properties":{"name":null,"subjecto":null,"partof":null,"precision":1},"geometry":{"type":"Polygon","coordinates":[[[-123.649,45.856],[-123.352,45.538],[-122.995,45.63],[-122.973,45.649],[-123.649,45.856]]]}},{"type":"Feature","id":290,"properties":{"name":null,"subjecto":null,"partof":null,"precision":1},"geometry":{"type":"Polygon","coordinates":[[[-122.814,45.773],[-123.707,46.634],[-124.176,46.811],[-124.044,45.892],[-123.649,45.856],[-122.973,45.649],[-122.814,45.773]]]}},{"type":"Feature","id":291,"properties":{"name":null,"subjecto":null,"partof":null,"precision":1},"geometry":{"type":"Polygon","coordinates":[[[-123.952,43.051],[-123.322,43.354],[-124.145,43.651],[-124.571,43.16],[-123.952,43.051]]]}},{"type":"Feature","id":292,"properties":{"name":null,"subjecto":null,"partof":null,"precision":1},"geometry":{"type":"Polygon","coordinates":[[[-123.007,42.084],[-123.175,42.217],[-123.548,41.938],[-123.638,41.798],[-123.523,41.364],[-123.284,41.192],[-123.109,41.243],[-123.007,42.084]]]}},{"type":"Feature","id":293,"properties":{"name":null,"subjecto":null,"partof":null,"precision":1},"geometry":{"type":"Polygon","coordinates":[[[-122.194,41.996],[-122.175,42.021],[-122.357,42.644],[-122.711,42.886],[-123.216,42.675],[-123.175,42.217],[-123.007,42.084],[-122.194,41.996]]]}},{"type":"Feature","id":294,"properties":{"name":null,"subjecto":null,"partof":null,"precision":1},"geometry":{"type":"Polygon","coordinates":[[[-122.791,39.572],[-122.822,39.534],[-122.782,39.53],[-122.791,39.572]]]}},{"type":"Feature","id":295,"properties":{"name":null,"subjecto":null,"partof":null,"precision":1},"geometry":{"type":"Polygon","coordinates":[[[-122.711,42.886],[-122.845,43.502],[-123.141,43.505],[-123.322,43.354],[-123.952,43.051],[-123.878,42.694],[-123.216,42.675],[-122.711,42.886]]]}},{"type":"Feature","id":296,"properties":{"name":null,"subjecto":null,"partof":null,"precision":1},"geometry":{"type":"Polygon","coordinates":[[[-122.357,42.644],[-121.885,43.306],[-122,43.506],[-122.845,43.502],[-122.711,42.886],[-122.357,42.644]]]}},{"type":"Feature","id":297,"properties":{"name":null,"subjecto":null,"partof":null,"precision":1},"geometry":{"type":"Polygon","coordinates":[[[-121.292,43.171],[-121.885,43.306],[-122.357,42.644],[-122.175,42.021],[-121.383,42.327],[-120.394,42.09],[-121.292,43.171]]]}},{"type":"Feature","id":298,"properties":{"name":null,"subjecto":null,"partof":null,"precision":1},"geometry":{"type":"Polygon","coordinates":[[[-123.001,40.472],[-123.17,40.45],[-124.021,39.963],[-123.933,39.821],[-122.822,39.534],[-122.791,39.572],[-123.001,40.472]]]}},{"type":"Feature","id":299,"properties":{"name":null,"subjecto":null,"partof":null,"precision":1},"geometry":{"type":"Polygon","coordinates":[[[-123.284,41.192],[-123.523,41.364],[-123.912,41.017],[-124.345,40.806],[-124.021,39.963],[-123.17,40.45],[-123.309,40.775],[-123.284,41.192]]]}},{"type":"Feature","id":300,"properties":{"name":null,"subjecto":null,"partof":null,"precision":1},"geometry":{"type":"Polygon","coordinates":[[[-122.968,41.117],[-123.309,40.775],[-123.17,40.45],[-123.001,40.472],[-122.283,40.568],[-122.049,40.922],[-122.104,41.076],[-122.968,41.117]]]}},{"type":"Feature","id":301,"properties":{"name":null,"subjecto":null,"partof":null,"precision":1},"geometry":{"type":"Polygon","coordinates":[[[-121.238,41.077],[-120.434,40.97],[-120.5,41.812],[-121.305,41.585],[-121.238,41.077]]]}},{"type":"Feature","id":302,"properties":{"name":"Havasupai","subjecto":"Havasupai","partof":"Havasupai","precision":1},"geometry":{"type":"Polygon","coordinates":[[[-112.824,35.156],[-111.878,35.105],[-111.197,35.466],[-112.582,36.378],[-113.371,35.889],[-112.824,35.156]]]}},{"type":"Feature","id":303,"properties":{"name":null,"subjecto":null,"partof":null,"precision":1},"geometry":{"type":"Polygon","coordinates":[[[-114.728,35.742],[-114.926,35.557],[-114.66,34.355],[-113.941,34.352],[-114.144,34.833],[-114.728,35.742]]]}},{"type":"Feature","id":304,"properties":{"name":"Cochimí","subjecto":"Cochimí","partof":"Cochimí","precision":1},"geometry":{"type":"Polygon","coordinates":[[[-114.102,28.074],[-114.478,27.244],[-113.285,26.808],[-112.411,26.193],[-112.084,25.57],[-112.166,25.011],[-111.392,24.243],[-110.225,23.4],[-110.205,24.315],[-110.798,24.88],[-111.915,26.664],[-112.284,27.509],[-112.765,27.882],[-114.102,28.074]]]}},{"type":"Feature","id":305,"properties":{"name":"Pima","subjecto":"Pima","partof":"Pima","precision":1},"geometry":{"type":"Polygon","coordinates":[[[-111.232,33.553],[-111.77,33.492],[-112.141,32.83],[-111.627,31.63],[-112.047,30.228],[-110.372,30.613],[-110.435,32.131],[-110.699,32.909],[-111.232,33.553]]]}},{"type":"Feature","id":306,"properties":{"name":null,"subjecto":null,"partof":null,"precision":1},"geometry":{"type":"Polygon","coordinates":[[[-110.426,33.884],[-110.714,33.964],[-111.289,33.911],[-111.232,33.553],[-110.699,32.909],[-110.435,32.131],[-109.957,32.388],[-110.426,33.884]]]}},{"type":"Feature","id":307,"properties":{"name":"Chiricahua","subjecto":"Chiricahua","partof":"Chiricahua","precision":1},"geometry":{"type":"Polygon","coordinates":[[[-110.372,30.613],[-108.694,30.998],[-108.199,31.713],[-106.445,31.759],[-107.284,32.656],[-107.32,33.163],[-107.374,33.506],[-107.079,34.449],[-108.365,34.481],[-109.294,34.64],[-109.349,34.719],[-109.346,34.683],[-109.295,33.143],[-109.957,32.388],[-110.435,32.131],[-110.372,30.613]]]}},{"type":"Feature","id":308,"properties":{"name":null,"subjecto":null,"partof":null,"precision":1},"geometry":{"type":"Polygon","coordinates":[[[-110.972,34.971],[-111.185,35.454],[-111.197,35.466],[-111.878,35.105],[-111.545,34.397],[-110.972,34.971]]]}},{"type":"Feature","id":309,"properties":{"name":null,"subjecto":null,"partof":null,"precision":1},"geometry":{"type":"Polygon","coordinates":[[[-110.794,34.708],[-110.972,34.971],[-111.545,34.397],[-111.289,33.911],[-110.714,33.964],[-110.794,34.708]]]}},{"type":"Feature","id":310,"properties":{"name":null,"subjecto":null,"partof":null,"precision":1},"geometry":{"type":"Polygon","coordinates":[[[-109.957,32.388],[-109.295,33.143],[-109.346,34.683],[-110.06,34.471],[-110.426,33.884],[-109.957,32.388]]]}},{"type":"Feature","id":311,"properties":{"name":null,"subjecto":null,"partof":null,"precision":1},"geometry":{"type":"Polygon","coordinates":[[[-110.714,33.964],[-110.426,33.884],[-110.06,34.471],[-110.794,34.708],[-110.714,33.964]]]}},{"type":"Feature","id":312,"properties":{"name":null,"subjecto":null,"partof":null,"precision":1},"geometry":{"type":"Polygon","coordinates":[[[-79.144,38.599],[-79.921,40.419],[-80.746,40.677],[-82.965,40.588],[-85.172,40.642],[-86.317,40.027],[-87.648,38.882],[-87.745,40.337],[-87.778,38.364],[-87.55,38.699],[-86.076,39.201],[-84.692,39.246],[-83.096,38.957],[-82.062,38.334],[-81.877,37.363],[-80.749,37.36],[-80.221,37.643],[-79.144,38.599]]]}},{"type":"Feature","id":313,"properties":{"name":null,"subjecto":null,"partof":null,"precision":1},"geometry":{"type":"Polygon","coordinates":[[[-76.969,36.084],[-76.982,35.555],[-76.141,35.384],[-75.729,35.882],[-76.732,36.164],[-76.969,36.084]]]}},{"type":"Feature","id":314,"properties":{"name":null,"subjecto":null,"partof":null,"precision":1},"geometry":{"type":"Polygon","coordinates":[[[-77.128,35.319],[-77.063,35.207],[-77.003,35.522],[-77.128,35.319]]]}},{"type":"Feature","id":315,"properties":{"name":"Catawba","subjecto":"Catawba","partof":"Catawba","precision":1},"geometry":{"type":"Polygon","coordinates":[[[-77.199,34.68],[-77.063,35.207],[-77.128,35.319],[-77.465,35.204],[-77.199,34.68]]]}},{"type":"Feature","id":316,"properties":{"name":null,"subjecto":null,"partof":null,"precision":1},"geometry":{"type":"Polygon","coordinates":[[[-76.31,37.05],[-76.283,37.056],[-76.291,37.195],[-76.31,37.05]]]}},{"type":"Feature","id":317,"properties":{"name":"Tutelo","subjecto":"Tutelo","partof":"Tutelo","precision":1},"geometry":{"type":"Polygon","coordinates":[[[-77.517,37.182],[-77.494,38.384],[-77.733,38.7],[-78.406,39.019],[-79.144,38.599],[-80.221,37.643],[-80.582,36.872],[-78.057,36.502],[-78.048,36.932],[-77.517,37.182]]]}},{"type":"Feature","id":318,"properties":{"name":"Cusabo","subjecto":"Cusabo","partof":"Cusabo","precision":1},"geometry":{"type":"Polygon","coordinates":[[[-81.056,32.426],[-80.884,32.055],[-79.431,33.04],[-79.878,33.232],[-80.222,32.997],[-80.665,32.765],[-81.056,32.426]]]}},{"type":"Feature","id":319,"properties":{"name":null,"subjecto":null,"partof":null,"precision":1},"geometry":{"type":"Polygon","coordinates":[[[-116.35,33.292],[-116.443,33.268],[-117.379,33.109],[-116.62,31.884],[-116.255,32.433],[-116.35,33.292]]]}},{"type":"Feature","id":320,"properties":{"name":null,"subjecto":null,"partof":null,"precision":1},"geometry":{"type":"Polygon","coordinates":[[[-112.774,33.137],[-113.828,32.95],[-113.733,32.57],[-112.709,32.708],[-112.774,33.137]]]}},{"type":"Feature","id":321,"properties":{"name":null,"subjecto":null,"partof":null,"precision":1},"geometry":{"type":"Polygon","coordinates":[[[-112.709,32.708],[-112.141,32.83],[-111.77,33.492],[-112.774,33.137],[-112.709,32.708]]]}},{"type":"Feature","id":322,"properties":{"name":"Guachimis","subjecto":"Guachimis","partof":"Guachimis","precision":1},"geometry":{"type":"Polygon","coordinates":[[[-116.255,32.433],[-116.62,31.884],[-116.705,31.591],[-115.602,29.685],[-114.067,28.423],[-114.102,28.074],[-112.765,27.882],[-113.593,29.103],[-114.683,30.143],[-114.897,31.611],[-115.397,31.913],[-116.255,32.433]]]}},{"type":"Feature","id":323,"properties":{"name":"Kamia","subjecto":"Kamia","partof":"Kamia","precision":1},"geometry":{"type":"Polygon","coordinates":[[[-115.12,33.503],[-116.35,33.292],[-116.255,32.433],[-115.397,31.913],[-114.87,33.099],[-115.12,33.503]]]}},{"type":"Feature","id":324,"properties":{"name":"Yuma","subjecto":"Yuma","partof":"Yuma","precision":1},"geometry":{"type":"Polygon","coordinates":[[[-115.397,31.913],[-114.897,31.611],[-114.723,31.763],[-113.733,32.57],[-113.828,32.95],[-114.334,33.187],[-115.064,33.51],[-115.12,33.503],[-114.87,33.099],[-115.397,31.913]]]}},{"type":"Feature","id":325,"properties":{"name":"Saunan","subjecto":"Saunan","partof":"Saunan","precision":1},"geometry":{"type":"Polygon","coordinates":[[[-119.741,35.566],[-120.897,36.575],[-121.344,36.463],[-121.65,36.099],[-120.954,35.489],[-119.741,35.566]]]}},{"type":"Feature","id":326,"properties":{"name":"Costanoan","subjecto":"Costanoan","partof":"Costanoan","precision":1},"geometry":{"type":"Polygon","coordinates":[[[-121.344,36.463],[-120.897,36.575],[-121.152,37.356],[-121.823,37.879],[-121.936,38.179],[-122.313,38.221],[-122.49,38.165],[-122.494,37.301],[-121.984,36.531],[-121.344,36.463]]]}},{"type":"Feature","id":327,"properties":{"name":null,"subjecto":null,"partof":null,"precision":1},"geometry":{"type":"Polygon","coordinates":[[[-122.717,38.992],[-122.718,38.691],[-122.352,38.517],[-122.717,38.992]]]}},{"type":"Feature","id":328,"properties":{"name":"Patwin","subjecto":"Patwin","partof":"Patwin","precision":1},"geometry":{"type":"Polygon","coordinates":[[[-122.782,39.53],[-122.717,38.992],[-122.352,38.517],[-122.313,38.221],[-121.936,38.179],[-120.951,38.886],[-121.043,39.588],[-121.986,39.595],[-122.791,39.572],[-122.782,39.53]]]}},{"type":"Feature","id":329,"properties":{"name":null,"subjecto":null,"partof":null,"precision":1},"geometry":{"type":"Polygon","coordinates":[[[-122.283,40.568],[-123.001,40.472],[-122.791,39.572],[-121.986,39.595],[-121.977,40.061],[-122.283,40.568]]]}},{"type":"Feature","id":330,"properties":{"name":null,"subjecto":null,"partof":null,"precision":1},"geometry":{"type":"Polygon","coordinates":[[[-121.414,40.584],[-121.177,40.61],[-121.238,41.077],[-121.7,40.968],[-121.414,40.584]]]}},{"type":"Feature","id":331,"properties":{"name":null,"subjecto":null,"partof":null,"precision":1},"geometry":{"type":"Polygon","coordinates":[[[-121.7,40.968],[-122.049,40.922],[-122.283,40.568],[-121.977,40.061],[-121.414,40.584],[-121.7,40.968]]]}},{"type":"Feature","id":332,"properties":{"name":null,"subjecto":null,"partof":null,"precision":1},"geometry":{"type":"Polygon","coordinates":[[[-122.049,40.922],[-121.7,40.968],[-121.238,41.077],[-121.305,41.585],[-121.968,41.397],[-122.104,41.076],[-122.049,40.922]]]}},{"type":"Feature","id":333,"properties":{"name":null,"subjecto":null,"partof":null,"precision":1},"geometry":{"type":"Polygon","coordinates":[[[-122.104,41.076],[-121.968,41.397],[-122.194,41.996],[-123.007,42.084],[-123.109,41.243],[-122.968,41.117],[-122.104,41.076]]]}},{"type":"Feature","id":334,"properties":{"name":null,"subjecto":null,"partof":null,"precision":1},"geometry":{"type":"Polygon","coordinates":[[[-123.309,40.775],[-122.968,41.117],[-123.109,41.243],[-123.284,41.192],[-123.309,40.775]]]}},{"type":"Feature","id":335,"properties":{"name":null,"subjecto":null,"partof":null,"precision":1},"geometry":{"type":"Polygon","coordinates":[[[-123.912,41.017],[-123.523,41.364],[-123.638,41.798],[-124.194,41.731],[-124.261,41.017],[-123.912,41.017]]]}},{"type":"Feature","id":336,"properties":{"name":null,"subjecto":null,"partof":null,"precision":1},"geometry":{"type":"Polygon","coordinates":[[[-77.096,36.774],[-77.118,36.679],[-76.969,36.084],[-76.732,36.164],[-76.701,36.174],[-76.401,36.419],[-77.096,36.774]]]}},{"type":"Feature","id":337,"properties":{"name":null,"subjecto":null,"partof":null,"precision":1},"geometry":{"type":"Polygon","coordinates":[[[-75.87,36.576],[-75.73,36.116],[-75.724,36.22],[-75.843,36.576],[-75.87,36.576]]]}},{"type":"Feature","id":338,"properties":{"name":null,"subjecto":null,"partof":null,"precision":1},"geometry":{"type":"Polygon","coordinates":[[[-76.291,37.195],[-76.215,37.943],[-77.332,38.489],[-77.254,38.68],[-77.733,38.7],[-77.494,38.384],[-77.517,37.182],[-77.131,36.923],[-76.662,37.153],[-76.31,37.05],[-76.291,37.195]]]}},{"type":"Feature","id":339,"properties":{"name":null,"subjecto":null,"partof":null,"precision":1},"geometry":{"type":"Polygon","coordinates":[[[-76.009,36.521],[-75.87,36.576],[-75.843,36.576],[-76.326,36.937],[-76.38,36.533],[-76.009,36.521]]]}},{"type":"Feature","id":340,"properties":{"name":null,"subjecto":null,"partof":null,"precision":1},"geometry":{"type":"Polygon","coordinates":[[[-76.38,36.533],[-76.401,36.419],[-76.701,36.174],[-76.009,36.521],[-76.38,36.533]]]}},{"type":"Feature","id":341,"properties":{"name":null,"subjecto":null,"partof":null,"precision":1},"geometry":{"type":"Polygon","coordinates":[[[-76.401,36.419],[-76.38,36.533],[-76.326,36.937],[-76.662,37.153],[-77.131,36.923],[-77.096,36.774],[-76.401,36.419]]]}},{"type":"Feature","id":342,"properties":{"name":null,"subjecto":null,"partof":null,"precision":1},"geometry":{"type":"Polygon","coordinates":[[[-78.048,36.932],[-78.057,36.502],[-78.238,35.549],[-77.465,35.204],[-77.128,35.319],[-77.003,35.522],[-76.982,35.555],[-76.969,36.084],[-77.118,36.679],[-78.048,36.932]]]}},{"type":"Feature","id":343,"properties":{"name":"Polynesians","subjecto":"Polynesians","partof":"Polynesians","precision":1},"geometry":{"type":"Polygon","coordinates":[[[-156.032,20.196],[-156.034,19.106],[-154.948,19.483],[-155.212,19.896],[-156.032,20.196]]]}},{"type":"Feature","id":344,"properties":{"name":"Yup'ik & Cup'ik","subjecto":"Yup'ik & Cup'ik","partof":"Yup'ik & Cup'ik","precision":1},"geometry":{"type":"Polygon","coordinates":[[[-153.17,59.74],[-161.001,63.628],[-163.309,63.038],[-164.292,63.25],[-165.431,62.43],[-165.898,61.27],[-164.539,60.95],[-165.128,60.542],[-164.027,59.798],[-162.378,60.163],[-162.004,58.827],[-160.431,59.002],[-157.153,58.686],[-154.097,59.412],[-153.17,59.74]]]}},{"type":"Feature","id":345,"properties":{"name":"Suspiaq","subjecto":"Suspiaq","partof":"Suspiaq","precision":1},"geometry":{"type":"MultiPolygon","coordinates":[[[[-151.784,59.962],[-151.388,59.213],[-149.326,60.027],[-148.755,60.683],[-151.784,59.962]]],[[[-157.153,58.686],[-157.665,57.604],[-160.457,56.2],[-159.077,55.992],[-158.527,56.449],[-156.496,57.1],[-156.685,57.401],[-154.649,58.076],[-153.455,58.877],[-154.097,59.412],[-157.153,58.686]]]]}},{"type":"Feature","id":346,"properties":{"name":"Shuar","subjecto":"Shuar","partof":"Shuar","precision":1},"geometry":{"type":"Polygon","coordinates":[[[-77.9,-3.113],[-77.254,-2.759],[-77.254,-2.098],[-77.854,-1.667],[-78.562,-2.129],[-78.392,-2.913],[-77.9,-3.113]]]}},{"type":"Feature","id":347,"properties":{"name":null,"subjecto":null,"partof":null,"precision":1},"geometry":{"type":"Polygon","coordinates":[[[19.334,57.956],[19.105,57.975],[19.142,57.908],[19.334,57.956]]]}},{"type":"Feature","id":348,"properties":{"name":"Inupiaq","subjecto":"Inupiaq","partof":"Inupiaq","precision":1},"geometry":{"type":"Polygon","coordinates":[[[-160.927,63.952],[-157.178,64.013],[-138.3,69.143],[-141.161,69.599],[-143.308,70.197],[-145.273,70.116],[-149.286,70.539],[-152.137,70.534],[-152.971,70.934],[-156.905,71.346],[-157.812,70.971],[-160.24,70.858],[-162.879,69.999],[-164.067,69.065],[-166.297,68.88],[-166.844,68.405],[-164.513,67.797],[-163.739,67.218],[-161.936,67.088],[-161.261,66.396],[-162.275,66.071],[-163.843,66.178],[-164.463,66.596],[-168.18,65.694],[-166.139,65.355],[-166.586,64.73],[-163.025,64.442],[-161.291,64.964],[-160.927,63.952]]]}},{"type":"Feature","id":349,"properties":{"name":null,"subjecto":null,"partof":null,"precision":1},"geometry":{"type":"MultiPolygon","coordinates":[[[[-123.078,69.835],[-123.803,69.434],[-125.974,69.43],[-127.352,70.38],[-129.763,69.658],[-133.481,62.934],[-132.302,62.538],[-124.936,64.835],[-118.198,62.713],[-111.371,58.606],[-112.449,58.525],[-107.513,58.896],[-123.078,69.835]]],[[[-120.919,49.044],[-119.118,49.196],[-120.615,49.07],[-124.76,52.448],[-125.758,53.131],[-127.873,52.413],[-128.013,51.808],[-127.247,50.968],[-124.939,50.596],[-124.795,50.035],[-122.683,48.896],[-121.176,49.023],[-120.919,49.044]]],[[[-106.277,51.517],[-114.467,52],[-114.265,49.605],[-114.035,49.624],[-114.083,49.774],[-110.611,50.337],[-109.644,49.648],[-108.642,50.204],[-106.277,51.517]]],[[[-134.799,60.553],[-132.055,59.845],[-128.427,55.668],[-130.075,57.566],[-128.705,60.74],[-133.464,61.538],[-134.311,61.434],[-134.799,60.553]]]]}},{"type":"Feature","id":350,"properties":{"name":"Eyaq","subjecto":"Eyaq","partof":"Eyaq","precision":1},"geometry":{"type":"Polygon","coordinates":[[[-129.97,53.913],[-128.427,55.668],[-132.055,59.845],[-134.799,60.553],[-138.607,61.535],[-145.511,62.576],[-147.068,60.91],[-144.406,60.093],[-141.439,60.091],[-140.905,59.786],[-139.573,59.9],[-139.2,59.277],[-137.577,58.604],[-134.123,58.239],[-133.341,57.377],[-131.767,56.01],[-131.191,56.035],[-130.773,55.066],[-129.97,53.913]]]}},{"type":"Feature","id":351,"properties":{"name":"Tecuexe","subjecto":"Tecuexe","partof":"Tecuexe","precision":1},"geometry":{"type":"Polygon","coordinates":[[[-102.372,21.583],[-103.61,21.013],[-103.752,20.61],[-102.761,20.458],[-101.937,20.902],[-102.372,21.583]]]}},{"type":"Feature","id":352,"properties":{"name":null,"subjecto":null,"partof":null,"precision":1},"geometry":{"type":"Polygon","coordinates":[[[-101.23,20.781],[-101.937,20.902],[-102.761,20.458],[-101.47,20.061],[-101.23,20.781]]]}},{"type":"Feature","id":353,"properties":{"name":"Zacatecs","subjecto":"Zacatecs","partof":"Zacatecs","precision":1},"geometry":{"type":"Polygon","coordinates":[[[-103.702,21.911],[-103.528,21.922],[-102.803,22.032],[-102.115,22.679],[-102.574,23.4],[-102.423,24.18],[-102.794,24.969],[-103.515,25.699],[-103.764,26.377],[-104.691,26.445],[-105.045,25.997],[-104.807,25.043],[-104.84,23.756],[-104.598,23.486],[-103.675,22.456],[-103.702,21.911]]]}},{"type":"Feature","id":354,"properties":{"name":"Caxcane","subjecto":"Caxcane","partof":"Caxcane","precision":1},"geometry":{"type":"Polygon","coordinates":[[[-102.803,22.032],[-103.528,21.922],[-104.009,21.395],[-103.61,21.013],[-102.372,21.583],[-102.803,22.032]]]}},{"type":"Feature","id":355,"properties":{"name":"Guachichiles","subjecto":"Guachichiles","partof":"Guachichiles","precision":1},"geometry":{"type":"Polygon","coordinates":[[[-102.794,24.969],[-102.423,24.18],[-102.574,23.4],[-102.115,22.679],[-100.476,21.598],[-100.182,21.942],[-99.44,22.809],[-99.854,23.306],[-99.947,23.588],[-100.519,23.662],[-100.627,24.194],[-99.664,24.464],[-99.751,24.711],[-100.227,25.35],[-101.296,25.866],[-101.65,25.762],[-102.569,25.545],[-102.794,24.969]]]}},{"type":"Feature","id":356,"properties":{"name":"Guamar / Pecchichitane","subjecto":"Guamar / Pecchichitane","partof":"Guamar / Pecchichitane","precision":1},"geometry":{"type":"Polygon","coordinates":[[[-101.23,20.781],[-100.33,21.088],[-100.476,21.598],[-102.115,22.679],[-102.803,22.032],[-102.372,21.583],[-101.937,20.902],[-101.23,20.781]]]}},{"type":"Feature","id":357,"properties":{"name":"Xecora","subjecto":"Xecora","partof":"Xecora","precision":1},"geometry":{"type":"Polygon","coordinates":[[[-105.289,23.1],[-104.797,22.056],[-103.702,21.911],[-103.675,22.456],[-104.598,23.486],[-105.213,23.567],[-105.289,23.1]]]}},{"type":"Feature","id":358,"properties":{"name":"Viceroyalty of New Spain","subjecto":"Viceroyalty of New Spain","partof":"Vice Royalty of New Spain","precision":1},"geometry":{"type":"Polygon","coordinates":[[[-97.88,22.482],[-99.085,22.388],[-99.514,21.801],[-99.757,21.152],[-100.33,21.088],[-101.23,20.781],[-101.47,20.061],[-102.761,20.458],[-103.752,20.61],[-105.507,20.104],[-104.948,19.438],[-104.197,19.058],[-103.494,18.354],[-101.993,18.027],[-101.221,17.418],[-99.979,16.893],[-98.856,16.597],[-97.881,16.052],[-96.333,15.75],[-95.13,16.299],[-94.075,16.111],[-91.516,14.059],[-90,13.937],[-89.989,13.678],[-87.949,13.172],[-86.014,11.368],[-85.621,10.827],[-85.778,10.138],[-85.089,9.583],[-84.492,9.537],[-83.615,9.152],[-83.605,8.548],[-82.956,8.257],[-81.664,8.165],[-81.562,7.824],[-80.814,7.27],[-80.051,7.732],[-80.403,8.059],[-79.717,8.883],[-79.068,9.034],[-78.184,8.413],[-78.265,7.886],[-77.4,6.67],[-75.254,7.885],[-73.245,10.196],[-72.542,10.196],[-72.24,8.99],[-70.682,8.557],[-69.814,8.488],[-69.227,9.794],[-64.907,9.292],[-62.998,9.292],[-62.297,9.722],[-62.925,10.369],[-64.068,10.627],[-64.884,10.136],[-65.376,10.154],[-66.478,10.679],[-67.98,10.542],[-68.695,11.38],[-69.865,11.758],[-69.848,11.709],[-69.792,11.693],[-71.098,11.12],[-71.456,10.885],[-71.499,10.772],[-71.496,10.646],[-71.443,10.468],[-71.089,9.919],[-71.098,9.328],[-71.605,9.092],[-72.114,9.904],[-71.688,10.769],[-71.988,11.608],[-71.189,11.912],[-71.698,12.428],[-72.38,11.81],[-73.362,11.325],[-74.219,11.368],[-75.45,10.628],[-75.703,9.426],[-76.158,9.311],[-76.764,8.693],[-76.858,7.93],[-77.678,8.961],[-78.266,9.386],[-79.5,9.638],[-80.962,8.865],[-82.23,9.047],[-82.326,9.445],[-83.204,10.2],[-83.914,11.251],[-83.662,13.705],[-83.314,14.768],[-83.527,15.237],[-84.132,15.375],[-84.65,15.933],[-86.372,15.803],[-87.571,15.908],[-88.664,15.726],[-88.3,17.635],[-90,19.382],[-91.22,19.102],[-91.702,18.823],[-94.242,18.24],[-95.083,18.702],[-96.012,18.929],[-97.504,21.189],[-97.88,22.482]]]}},{"type":"Feature","id":359,"properties":{"name":"Tamalipueca","subjecto":"Tamalipueca","partof":"Tamalipueca","precision":1},"geometry":{"type":"Polygon","coordinates":[[[-98.91,23.223],[-99.085,22.388],[-97.88,22.482],[-97.823,24.208],[-97.658,25.073],[-97.26,25.811],[-97.637,26.843],[-98.531,26.5],[-99.14,24.92],[-98.965,24.299],[-98.867,23.669],[-98.91,23.223]]]}},{"type":"Feature","id":360,"properties":{"name":null,"subjecto":null,"partof":null,"precision":1},"geometry":{"type":"Polygon","coordinates":[[[-106.772,24.445],[-105.466,22.844],[-105.289,23.1],[-105.213,23.567],[-106,24.711],[-106.772,24.445]]]}},{"type":"Feature","id":361,"properties":{"name":"Apache","subjecto":"Apache","partof":"Apache","precision":1},"geometry":{"type":"Polygon","coordinates":[[[-111.239,28.092],[-109.428,28.32],[-108.759,28.149],[-107.836,26.48],[-105.231,27.199],[-104.228,28.196],[-103.43,27.695],[-102.045,28.078],[-101.228,28.303],[-100.819,29.302],[-101.271,29.667],[-102.722,29.749],[-102.961,29.344],[-103.741,29.234],[-104.206,29.617],[-104.785,30.586],[-106.181,31.738],[-106.445,31.759],[-108.199,31.713],[-108.694,30.998],[-110.372,30.613],[-112.047,30.228],[-112.721,30.073],[-111.692,28.496],[-111.239,28.092]]]}},{"type":"Feature","id":362,"properties":{"name":"Cahitas","subjecto":"Cahitas","partof":"Cahitas","precision":1},"geometry":{"type":"Polygon","coordinates":[[[-107.836,26.48],[-108.759,28.149],[-109.428,28.32],[-111.239,28.092],[-110.604,27.856],[-110.382,27.214],[-109.132,26.289],[-108.848,25.615],[-108.04,25.016],[-107.697,26.257],[-107.836,26.48]]]}},{"type":"Feature","id":363,"properties":{"name":"Tepehuane","subjecto":"Tepehuane","partof":"Tepehuane","precision":1},"geometry":{"type":"Polygon","coordinates":[[[-105.231,27.199],[-107.836,26.48],[-107.697,26.257],[-107.313,26.113],[-106,24.711],[-105.213,23.567],[-104.598,23.486],[-104.84,23.756],[-104.807,25.043],[-105.045,25.997],[-104.691,26.445],[-105.231,27.199]]]}},{"type":"Feature","id":364,"properties":{"name":"Acaxea","subjecto":"Acaxea","partof":"Acaxea","precision":1},"geometry":{"type":"Polygon","coordinates":[[[-106,24.711],[-107.313,26.113],[-107.697,26.257],[-108.04,25.016],[-107.336,24.222],[-106.772,24.445],[-106,24.711]]]}},{"type":"Feature","id":365,"properties":{"name":null,"subjecto":null,"partof":null,"precision":1},"geometry":{"type":"Polygon","coordinates":[[[-101.861,26.501],[-101.845,26.499],[-101.849,26.512],[-101.861,26.501]]]}},{"type":"Feature","id":366,"properties":{"name":"Chisos","subjecto":"Chisos","partof":"Chisos","precision":1},"geometry":{"type":"Polygon","coordinates":[[[-103.138,26.657],[-103.43,27.695],[-104.228,28.196],[-105.231,27.199],[-104.691,26.445],[-103.764,26.377],[-103.138,26.657]]]}},{"type":"Feature","id":367,"properties":{"name":"Otomies","subjecto":"Otomies","partof":"Otomies","precision":1},"geometry":{"type":"Polygon","coordinates":[[[-99.514,21.801],[-100.182,21.942],[-100.476,21.598],[-100.33,21.088],[-99.757,21.152],[-99.514,21.801]]]}},{"type":"Feature","id":368,"properties":{"name":"Irritilas","subjecto":"Irritilas","partof":"Irritilas","precision":1},"geometry":{"type":"Polygon","coordinates":[[[-103.515,25.699],[-102.794,24.969],[-102.569,25.545],[-101.65,25.762],[-101.845,26.499],[-101.861,26.501],[-102.458,25.987],[-103.515,25.699]]]}},{"type":"Feature","id":369,"properties":{"name":"Toboso","subjecto":"Toboso","partof":"Toboso","precision":1},"geometry":{"type":"Polygon","coordinates":[[[-101.849,26.512],[-102.091,27.251],[-102.045,28.078],[-103.43,27.695],[-103.138,26.657],[-101.861,26.501],[-101.849,26.512]]]}},{"type":"Feature","id":370,"properties":{"name":"Lagunero","subjecto":"Lagunero","partof":"Lagunero","precision":1},"geometry":{"type":"Polygon","coordinates":[[[-101.861,26.501],[-103.138,26.657],[-103.764,26.377],[-103.515,25.699],[-102.458,25.987],[-101.861,26.501]]]}},{"type":"Feature","id":371,"properties":{"name":"Coahuiltec","subjecto":"Coahuiltec","partof":"Coahuiltec","precision":1},"geometry":{"type":"Polygon","coordinates":[[[-99.14,24.92],[-98.531,26.5],[-97.637,26.843],[-97.267,27.674],[-97.546,27.923],[-98.174,28.245],[-100.335,28.723],[-100.819,29.302],[-101.228,28.303],[-102.045,28.078],[-102.091,27.251],[-101.849,26.512],[-101.845,26.499],[-101.65,25.762],[-101.296,25.866],[-100.227,25.35],[-99.751,24.711],[-99.14,24.92]]]}},{"type":"Feature","id":372,"properties":{"name":"Tancalba","subjecto":"Tancalba","partof":"Tancalba","precision":1},"geometry":{"type":"Polygon","coordinates":[[[-98.965,24.299],[-99.14,24.92],[-99.751,24.711],[-99.664,24.464],[-98.965,24.299]]]}},{"type":"Feature","id":373,"properties":{"name":null,"subjecto":null,"partof":null,"precision":1},"geometry":{"type":"Polygon","coordinates":[[[-98.91,23.223],[-99.854,23.306],[-99.44,22.809],[-100.182,21.942],[-99.514,21.801],[-99.085,22.388],[-98.91,23.223]]]}},{"type":"Feature","id":374,"properties":{"name":"Pisones","subjecto":"Pisones","partof":"Pisones","precision":1},"geometry":{"type":"Polygon","coordinates":[[[-99.892,23.856],[-99.947,23.588],[-99.854,23.306],[-98.91,23.223],[-98.867,23.669],[-99.25,23.926],[-99.308,23.677],[-99.892,23.856]]]}},{"type":"Feature","id":375,"properties":{"name":"Janabres","subjecto":"Janabres","partof":"Janabres","precision":1},"geometry":{"type":"Polygon","coordinates":[[[-98.867,23.669],[-98.965,24.299],[-99.664,24.464],[-100.627,24.194],[-100.519,23.662],[-99.947,23.588],[-99.892,23.856],[-99.25,23.926],[-98.867,23.669]]]}},{"type":"Feature","id":376,"properties":{"name":"Maratines","subjecto":"Maratines","partof":"Maratines","precision":1},"geometry":{"type":"Polygon","coordinates":[[[-99.25,23.926],[-99.892,23.856],[-99.308,23.677],[-99.25,23.926]]]}},{"type":"Feature","id":377,"properties":{"name":null,"subjecto":null,"partof":null,"precision":1},"geometry":{"type":"Polygon","coordinates":[[[-81.888,30.984],[-81.419,30.98],[-81.056,32.426],[-81.765,31.49],[-81.888,30.984]]]}},{"type":"Feature","id":378,"properties":{"name":"Muskogee","subjecto":"Muskogee","partof":"Muskogee","precision":1},"geometry":{"type":"Polygon","coordinates":[[[-81.888,30.984],[-81.765,31.49],[-81.056,32.426],[-79.895,33.221],[-80.301,33.422],[-80.475,33.664],[-81.055,33.953],[-82.049,34.255],[-82.491,35.002],[-83.696,34.046],[-85.007,33.922],[-86.117,33.548],[-86.107,32.913],[-85.668,32.762],[-85.824,31.864],[-85.417,31.485],[-85.255,30.625],[-85.075,30.311],[-85.064,30.344],[-84.342,32.755],[-83.756,33.27],[-83.074,33.27],[-82.548,32.917],[-82.192,31.55],[-82.203,30.986],[-81.888,30.984]]]}},{"type":"Feature","id":379,"properties":{"name":null,"subjecto":null,"partof":null,"precision":1},"geometry":{"type":"Polygon","coordinates":[[[-120.391,39.663],[-120.108,38.87],[-119.48,38.316],[-119.36,38.864],[-120.19,40.099],[-120.391,39.663]]]}},{"type":"Feature","id":380,"properties":{"name":"Ainu","subjecto":"Ainu","partof":"Ainu","precision":1},"geometry":{"type":"MultiPolygon","coordinates":[[[[143.057,53.062],[142.675,53.54],[141.767,53.272],[141.643,51.813],[142.153,50.89],[142.049,49.355],[141.74,48.807],[142.036,47.959],[141.732,47.471],[142.327,46.563],[142.993,46.954],[142.49,47.902],[142.854,49.128],[143.598,49.234],[143.633,50.235],[142.944,51.617],[143.057,53.062]]],[[[140.013,41.382],[140.589,41.678],[140.246,42.228],[141.928,42.501],[143.214,41.927],[143.848,42.775],[145.448,43.17],[145.059,43.786],[143.508,44.156],[141.875,45.435],[141.523,45.183],[141.709,43.914],[141.304,43.187],[139.712,42.478],[140.1,41.946],[140.013,41.382]]]]}},{"type":"Feature","id":381,"properties":{"name":"Japan (Warring States)","subjecto":"Japan (Warring States)","partof":"Japan (Warring States)","precision":1},"geometry":{"type":"MultiPolygon","coordinates":[[[[130.579,30.907],[131.319,31.511],[131.831,32.693],[131.67,33.309],[130.427,33.674],[129.343,33.151],[129.846,32.587],[130.579,30.907]]],[[[132.568,32.637],[133.517,33.395],[133.999,33.148],[134.54,34.013],[133.806,34.176],[132.784,33.908],[132.121,33.348],[132.568,32.637]]],[[[136.811,37.311],[136.668,36.667],[135.978,35.973],[135.157,35.646],[133.006,35.254],[132.663,35.381],[130.899,33.904],[131.995,33.804],[132.481,34.129],[134.427,34.628],[135.063,33.69],[135.756,33.342],[136.734,34.874],[137.248,34.482],[138.149,34.528],[138.45,34.903],[139.423,35.166],[140.317,35.034],[140.656,36.618],[140.964,36.956],[140.872,37.917],[141.496,38.422],[141.998,39.672],[141.153,40.865],[140.386,40.986],[139.915,40.575],[140.03,39.483],[139.746,38.68],[139.198,37.92],[138.317,37.206],[137.176,36.643],[136.811,37.311]]]]}},{"type":"Feature","id":382,"properties":{"name":"Milan","subjecto":"Milan","partof":"Milan","precision":1},"geometry":{"type":"Polygon","coordinates":[[[9.569,46.038],[8.306,46.4],[8.314,46.396],[8.286,46.38],[8.135,46.294],[8.089,46.268],[8.091,46.264],[8.154,46.146],[7.874,45.922],[8.223,44.674],[9.192,44.758],[9.705,44.46],[10.278,44.401],[10.506,45.365],[9.569,46.038]]]}},{"type":"Feature","id":383,"properties":{"name":"Holy Roman Empire","subjecto":"Holy Roman Empire","partof":"Holy Roman Empire","precision":1},"geometry":{"type":"MultiPolygon","coordinates":[[[[6.178,46.303],[6.592,46.518],[6.921,46.398],[7.469,47.485],[7.571,47.584],[7.725,47.604],[7.733,47.525],[8.509,47.599],[8.937,47.659],[9.617,47.496],[9.52,47.073],[9.814,47.082],[10.558,46.5],[10.795,45.638],[11.908,46.414],[12.075,46.928],[13.292,47.064],[13.709,46.839],[13.368,45.694],[14.354,45.323],[15.47,45.734],[16.122,45.582],[17.517,47.642],[18.314,48.279],[18.25,49.181],[18.927,49.622],[18.646,50.645],[16.855,51.917],[15.765,52.265],[16.204,53.706],[17.747,54.433],[17.658,54.685],[15.898,54.128],[14.473,53.877],[13.78,53.775],[12.653,54.321],[11.408,53.859],[10.142,54.337],[8.884,54.229],[8.429,53.612],[7.166,53.592],[5.39,53.139],[5.541,52.248],[5.946,51.504],[6.161,49.932],[5.699,49.391],[6.015,48.653],[5.918,47.595],[5.325,46.398],[6.178,46.303]]],[[[6.867,46.396],[6.867,46.395],[6.868,46.396],[6.861,46.396],[6.86,46.395],[6.864,46.395],[6.867,46.396]]],[[[6.858,46.388],[6.862,46.388],[6.859,46.391],[6.858,46.388]]],[[[6.864,46.292],[6.809,46.394],[6.238,46.292],[6.816,46.167],[6.864,46.292]]]]}},{"type":"Feature","id":384,"properties":{"name":"Savoy","subjecto":"Savoy","partof":"Savoy","precision":1},"geometry":{"type":"Polygon","coordinates":[[[6.889,46.045],[6.873,46.056],[6.897,46.12],[6.85,46.132],[6.804,46.137],[6.816,46.167],[6.238,46.292],[6.178,46.303],[5.325,46.398],[5.823,45.396],[6.943,44.869],[6.923,43.815],[7.397,43.764],[7.468,43.811],[7.643,44.413],[8.223,44.674],[7.874,45.922],[7.873,45.921],[7.827,45.932],[7.336,45.909],[7.196,45.861],[7.179,45.868],[7.052,45.922],[7.049,45.924],[6.889,46.045]]]}},{"type":"Feature","id":385,"properties":{"name":"Swiss Confederation","subjecto":"Swiss Confederation","partof":"Swiss Confederation","precision":1},"geometry":{"type":"MultiPolygon","coordinates":[[[[7.469,47.485],[6.921,46.398],[6.868,46.396],[6.867,46.395],[6.872,46.393],[6.878,46.394],[6.937,46.315],[6.964,46.277],[7.033,46.184],[8.176,46.471],[8.306,46.4],[9.569,46.038],[10.558,46.5],[9.814,47.082],[9.52,47.073],[9.617,47.496],[9.189,47.651],[9.14,47.665],[9.011,47.671],[8.976,47.666],[8.937,47.659],[8.509,47.599],[7.733,47.525],[7.725,47.604],[7.571,47.584],[7.469,47.485]]],[[[8.135,46.294],[8.286,46.38],[8.243,46.356],[8.135,46.294]]],[[[7.336,45.909],[7.827,45.932],[7.577,45.991],[7.336,45.909]]],[[[6.85,46.132],[6.897,46.12],[6.873,46.056],[6.889,46.045],[6.876,46.054],[6.903,46.125],[6.85,46.132]]],[[[6.864,46.395],[6.86,46.395],[6.859,46.391],[6.862,46.388],[6.864,46.388],[6.864,46.395]]]]}},{"type":"Feature","id":386,"properties":{"name":"Montana","subjecto":"Montana","partof":"Montana","precision":1},"geometry":{"type":"Polygon","coordinates":[[[-72.262,41.125],[-73.589,40.921],[-73.561,40.645],[-72.543,40.826],[-72.262,41.125]]]}},{"type":"Feature","id":387,"properties":{"name":null,"subjecto":null,"partof":null,"precision":1},"geometry":{"type":"Polygon","coordinates":[[[-71.658,21.823],[-71.848,21.855],[-71.828,21.776],[-71.658,21.823]]]}},{"type":"Feature","id":388,"properties":{"name":null,"subjecto":null,"partof":null,"precision":1},"geometry":{"type":"Polygon","coordinates":[[[-77.735,26.914],[-77.526,26.856],[-77.151,26.255],[-77.04,26.498],[-77.501,26.863],[-77.735,26.914]]]}},{"type":"Feature","id":389,"properties":{"name":"Chatot","subjecto":"Chatot","partof":"Chatot","precision":1},"geometry":{"type":"Polygon","coordinates":[[[-86.615,30.411],[-85.487,30.039],[-85.305,29.664],[-85.075,30.311],[-85.255,30.625],[-85.417,31.485],[-85.824,31.864],[-86.671,31.861],[-86.615,30.411]]]}},{"type":"Feature","id":390,"properties":{"name":null,"subjecto":null,"partof":null,"precision":1},"geometry":{"type":"Polygon","coordinates":[[[-120.998,45.631],[-121.876,45.686],[-121.903,45.668],[-121.898,45.678],[-122.377,45.579],[-122.814,45.773],[-122.973,45.649],[-122.995,45.63],[-122.818,45.079],[-122.301,45.007],[-122.279,45.012],[-121.869,45.1],[-121.114,45.306],[-120.998,45.631]]]}},{"type":"Feature","id":391,"properties":{"name":"Thompson","subjecto":"Thompson","partof":"Thompson","precision":1},"geometry":{"type":"Polygon","coordinates":[[[-121.667,48.981],[-121.637,48.64],[-121.189,48.591],[-121.052,48.767],[-121.176,49.023],[-121.667,48.981]]]}},{"type":"Feature","id":392,"properties":{"name":null,"subjecto":null,"partof":null,"precision":1},"geometry":{"type":"Polygon","coordinates":[[[-122.262,48.931],[-122.683,48.896],[-122.502,48.609],[-122.225,48.626],[-122.262,48.931]]]}},{"type":"Feature","id":393,"properties":{"name":null,"subjecto":null,"partof":null,"precision":1},"geometry":{"type":"Polygon","coordinates":[[[-121.667,48.981],[-122.262,48.931],[-122.225,48.626],[-121.772,48.654],[-121.637,48.64],[-121.667,48.981]]]}},{"type":"Feature","id":394,"properties":{"name":"Republic of the Seven Zenden","subjecto":"Republic of the Seven Zenden","partof":"Republic of the Seven Zenden","precision":1},"geometry":{"type":"Polygon","coordinates":[[[8.243,46.356],[8.314,46.396],[8.176,46.471],[7.033,46.184],[6.878,46.394],[6.872,46.393],[6.867,46.396],[6.864,46.395],[6.864,46.388],[6.858,46.388],[6.809,46.394],[6.864,46.292],[6.804,46.137],[6.903,46.125],[6.876,46.054],[7.049,45.924],[7.196,45.861],[7.577,45.991],[7.873,45.921],[8.154,46.146],[8.089,46.268],[8.243,46.356]]]}},{"type":"Feature","id":395,"properties":{"name":"Australian aboriginal hunter-gatherers","subjecto":"Australian aboriginal hunter-gatherers","partof":"Australian aboriginal hunter-gatherers","precision":1},"geometry":{"type":"Polygon","coordinates":[[[142.338,-10.915],[141.679,-12.468],[141.468,-14.757],[141.711,-15.227],[140.801,-17.562],[140.25,-17.798],[139.248,-17.432],[138.963,-16.994],[138.26,-16.842],[137.074,-16.031],[136.687,-16.026],[135.388,-14.897],[135.881,-14.203],[135.831,-13.485],[136.469,-13.223],[136.664,-12.625],[135.445,-12.176],[134.94,-12.336],[133.559,-11.951],[132.929,-11.533],[132.751,-12.169],[131.54,-12.401],[131.183,-12.236],[130.463,-12.759],[130.274,-13.363],[129.427,-14.306],[129.196,-14.993],[127.963,-14.703],[126.853,-13.784],[126.268,-14.071],[125.863,-14.695],[125.156,-14.805],[125.018,-15.644],[124.425,-15.658],[124.277,-16.523],[123.576,-16.391],[123.508,-17.109],[122.738,-16.583],[122.085,-17.398],[122.196,-18.244],[121.576,-18.703],[120.872,-19.677],[117.597,-20.758],[116.419,-20.837],[114.456,-22.094],[114.309,-22.564],[113.625,-22.566],[113.762,-23.481],[113.362,-24.283],[113.433,-24.874],[114.183,-26.017],[114.095,-26.539],[113.433,-26.572],[114.022,-27.626],[113.965,-28.033],[114.63,-28.903],[115.058,-30.804],[115.747,-32.208],[115.647,-33.365],[114.961,-33.869],[115.047,-34.422],[116.561,-35.189],[118.207,-35.09],[118.673,-34.606],[119.33,-34.579],[119.771,-34.12],[121.74,-33.963],[122.171,-34.179],[123.623,-33.915],[124.248,-33.144],[126.059,-32.434],[127.265,-32.381],[129.185,-31.798],[131.28,-31.635],[131.993,-32.066],[133.837,-32.342],[135.153,-34.05],[135.528,-35.055],[137.457,-33.314],[138.166,-33.192],[137.512,-34.459],[138.101,-34.356],[138.568,-34.928],[138.352,-35.865],[139.368,-35.614],[139.743,-36.372],[140.012,-37.642],[140.652,-38.164],[141.904,-38.43],[143.365,-38.97],[144.97,-38.066],[145.934,-38.881],[146.821,-38.841],[148.037,-38.098],[149.504,-37.929],[149.985,-37.347],[150.222,-35.694],[150.762,-35.253],[151.364,-33.521],[152.176,-32.877],[152.972,-31.418],[152.94,-30.699],[153.493,-28.841],[153.396,-28.129],[152.946,-27.341],[153.069,-26.228],[151.73,-24.157],[150.802,-23.6],[150.754,-22.812],[149.945,-22.324],[149.557,-22.433],[149.101,-21.06],[148.19,-20.172],[146.322,-19.082],[145.925,-18.257],[145.869,-17.195],[145.326,-16.49],[145.184,-15.048],[143.743,-14.466],[143.173,-12.121],[142.823,-11.919],[142.644,-11.093],[142.338,-10.915]]]}},{"type":"Feature","id":396,"properties":{"name":"Tasmanian hunter-gatherers","subjecto":"Tasmanian hunter-gatherers","partof":"Tasmanian hunter-gatherers","precision":1},"geometry":{"type":"Polygon","coordinates":[[[146.713,-43.722],[147.815,-42.965],[148.319,-41.806],[148.27,-41.093],[146.382,-41.308],[144.776,-40.843],[144.936,-41.71],[145.53,-42.345],[145.723,-43.24],[146.713,-43.722]]]}},{"type":"Feature","id":397,"properties":{"name":"Subarctic forest hunter-gatherers","subjecto":"Subarctic forest hunter-gatherers","partof":"Subarctic forest hunter-gatherers","precision":1},"geometry":{"type":"MultiPolygon","coordinates":[[[[-79.338,50.843],[-80.361,51.304],[-80.877,51.906],[-81.311,52.118],[-81.747,52.17],[-81.506,52.141],[-80.877,51.906],[-80.361,51.304],[-79.338,50.843]]],[[[-65.244,50.351],[-64.881,50.334],[-62.954,54.22],[-65.244,50.351]]],[[[-81.852,52.709],[-82.069,52.861],[-82.341,52.981],[-81.988,52.804],[-81.852,52.709]]],[[[-111.977,58.287],[-122.491,54.244],[-115.034,52.033],[-114.467,52],[-106.277,51.517],[-102.587,53.565],[-111.977,58.287]]]]}},{"type":"Feature","id":398,"properties":{"name":"Athabaskan","subjecto":"Athabaskan","partof":"Athabaskan","precision":1},"geometry":{"type":"Polygon","coordinates":[[[-128.427,55.668],[-129.97,53.913],[-128.814,53.764],[-128.432,52.939],[-128.077,52.939],[-127.873,52.413],[-125.758,53.131],[-122.491,54.244],[-111.977,58.287],[-112.449,58.525],[-111.371,58.606],[-118.198,62.713],[-124.936,64.835],[-132.302,62.538],[-133.481,62.934],[-129.763,69.658],[-132.303,69.487],[-135.439,69.526],[-136.203,68.876],[-138.3,69.143],[-157.178,64.013],[-160.927,63.952],[-161.001,63.628],[-153.17,59.74],[-151.784,59.962],[-148.755,60.683],[-147.94,61.206],[-147.068,60.91],[-145.511,62.576],[-138.607,61.535],[-134.799,60.553],[-134.311,61.434],[-133.464,61.538],[-128.705,60.74],[-130.075,57.566],[-128.427,55.668]]]}},{"type":"Feature","id":399,"properties":{"name":"Caribbean hunter-gatherers","subjecto":"Caribbean hunter-gatherers","partof":"Caribbean hunter-gatherers","precision":1},"geometry":{"type":"MultiPolygon","coordinates":[[[[-50.476,-1.679],[-49.347,-1.645],[-48.886,-1.421],[-48.553,-0.632],[-49.143,-0.195],[-50.501,-0.262],[-50.476,-1.679]]],[[[-62.297,9.722],[-62.998,9.292],[-64.907,9.292],[-69.227,9.794],[-69.814,8.488],[-65.965,8.18],[-63.065,8.325],[-61.29,8.771],[-61.121,9.165],[-61.531,9.851],[-62.297,9.722]]]]}},{"type":"Feature","id":400,"properties":{"name":"Amazon hunter-gatherers","subjecto":"Amazon hunter-gatherers","partof":"Amazon hunter-gatherers","precision":1},"geometry":{"type":"Polygon","coordinates":[[[-53.123,-14.275],[-46.281,-3.553],[-49.066,-4.744],[-54.163,-4.627],[-56.331,-4.335],[-58.44,-2.288],[-57.972,-0.589],[-55.804,0.876],[-55.862,1.696],[-58.558,3.978],[-62.659,4.153],[-66.408,3.042],[-70.158,-5.735],[-69.045,-8.236],[-64.194,-14.695],[-60.268,-13.81],[-53.123,-14.275]]]}},{"type":"Feature","id":401,"properties":{"name":"Pampas cultures","subjecto":"Pampas cultures","partof":"Pampas cultures","precision":1},"geometry":{"type":"Polygon","coordinates":[[[-69.115,-51.352],[-69.041,-50.562],[-67.833,-49.968],[-67.578,-49.059],[-66.078,-48.142],[-65.781,-47.712],[-65.776,-47.23],[-66.671,-47.017],[-67.469,-46.266],[-67.225,-45.553],[-66.695,-45.131],[-65.657,-44.942],[-65.627,-44.723],[-65.307,-43.601],[-64.698,-43.201],[-65.085,-42.784],[-64.165,-42.648],[-64.001,-42.853],[-63.624,-42.57],[-64.12,-42.384],[-64.992,-42.193],[-64.925,-41.731],[-65.135,-41.244],[-64.939,-40.827],[-63.842,-41.158],[-62.964,-41.137],[-62.26,-40.803],[-62.466,-40.368],[-62.108,-39.69],[-62.351,-39.333],[-62.31,-38.88],[-61.361,-39.031],[-59.515,-38.875],[-57.809,-38.386],[-56.698,-36.944],[-57.372,-36.149],[-57.237,-35.583],[-57.479,-35.214],[-58.523,-34.587],[-57.348,-34.508],[-56.338,-34.995],[-55.383,-34.816],[-54.622,-34.922],[-54.074,-34.648],[-52.351,-32.675],[-52.14,-31.741],[-53.544,-31.446],[-54.365,-30.593],[-57.353,-29.681],[-63.563,-30.037],[-67.482,-31.656],[-67.65,-33.577],[-69.437,-37.159],[-71.517,-39.706],[-72.068,-40.547],[-70.579,-40.579],[-71.634,-43.196],[-72.191,-45.99],[-72.044,-48.766],[-71.487,-51.104],[-71.165,-51.561],[-69.115,-51.352]]]}},{"type":"Feature","id":402,"properties":{"name":"Savanna hunter-gatherers","subjecto":"Savanna hunter-gatherers","partof":"Savanna hunter-gatherers","precision":1},"geometry":{"type":"Polygon","coordinates":[[[-64.194,-14.695],[-64.662,-16.805],[-65.719,-18.084],[-65.494,-19.135],[-67.154,-25.222],[-68.26,-28.542],[-68.41,-30.484],[-67.482,-31.656],[-63.563,-30.037],[-57.353,-29.681],[-54.365,-30.593],[-53.544,-31.446],[-52.14,-31.741],[-52.042,-31.557],[-51.445,-31.015],[-51.232,-30.265],[-50.609,-30.302],[-51.117,-31.472],[-50.469,-30.74],[-49.936,-29.627],[-49.546,-29.157],[-48.797,-28.476],[-49.839,-26.797],[-49.487,-24.553],[-48.469,-23.749],[-53.123,-14.275],[-60.268,-13.81],[-64.194,-14.695]]]}},{"type":"Feature","id":403,"properties":{"name":"Andean hunter-gatherers","subjecto":"Andean hunter-gatherers","partof":"Andean hunter-gatherers","precision":1},"geometry":{"type":"Polygon","coordinates":[[[-67.482,-31.656],[-68.41,-30.484],[-68.445,-30.94],[-69.367,-32.6],[-69.367,-34.445],[-70.289,-36.474],[-71.027,-37.212],[-73.144,-37.156],[-72.629,-35.646],[-71.616,-33.706],[-71.413,-32.729],[-71.52,-32.181],[-71.616,-33.706],[-72.629,-35.646],[-73.435,-37.902],[-73.194,-39.565],[-73.759,-40.243],[-73.666,-41.479],[-73.464,-41.787],[-72.728,-41.553],[-72.068,-40.547],[-71.517,-39.706],[-69.437,-37.159],[-67.65,-33.577],[-67.482,-31.656]]]}},{"type":"Feature","id":404,"properties":{"name":"Patagonian shellfish and marine mammal hunters","subjecto":"Patagonian shellfish and marine mammal hunters","partof":"Patagonian shellfish and marine mammal hunters","precision":1},"geometry":{"type":"MultiPolygon","coordinates":[[[[-70.498,-54.923],[-69.672,-54.774],[-67.153,-54.91],[-65.262,-54.819],[-66.983,-54.341],[-68.13,-53.375],[-68.705,-53.235],[-68.305,-52.943],[-69.407,-52.566],[-70.333,-53.473],[-69.441,-53.411],[-70.042,-53.986],[-69.055,-54.602],[-70.498,-54.923]]],[[[-74.236,-43.368],[-73.696,-43.386],[-73.831,-42.564],[-73.455,-42.262],[-74.169,-42.346],[-74.236,-43.368]]],[[[-73.243,-52.574],[-73.08,-53.032],[-72.845,-52.646],[-73.243,-52.574]]],[[[-69.115,-51.352],[-71.165,-51.561],[-71.487,-51.104],[-72.044,-48.766],[-72.191,-45.99],[-71.634,-43.196],[-70.579,-40.579],[-72.068,-40.547],[-72.728,-41.553],[-72.587,-41.618],[-72.609,-41.997],[-72.466,-42.035],[-72.53,-43.063],[-72.999,-43.334],[-72.76,-44.369],[-72.583,-44.44],[-73.138,-45.344],[-73.047,-45.376],[-73.474,-45.669],[-73.97,-46.713],[-73.995,-46.486],[-74.429,-46.533],[-74.042,-46.091],[-74.564,-45.872],[-75.444,-46.625],[-75.022,-46.553],[-74.862,-46.819],[-73.979,-47.032],[-74.381,-47.423],[-74.297,-47.761],[-73.36,-47.974],[-74.21,-48.008],[-74.312,-48.745],[-73.963,-49.241],[-73.932,-49.993],[-73.934,-50.506],[-73.53,-50.433],[-74.208,-51.021],[-73.679,-51.231],[-73.778,-51.614],[-73.258,-51.706],[-73.107,-52.103],[-72.449,-52.161],[-72.212,-52.572],[-71.678,-52.644],[-72.751,-53.138],[-71.152,-52.962],[-71.442,-53.882],[-70.998,-53.821],[-70.734,-52.802],[-69.483,-52.361],[-68.456,-52.42],[-69.077,-51.499],[-69.115,-51.352]]]]}},{"type":"Feature","id":405,"properties":{"name":"Plateau fichers and hunter gatherers","subjecto":"Plateau fichers and hunter gatherers","partof":"Plateau fichers and hunter gatherers","precision":1},"geometry":{"type":"MultiPolygon","coordinates":[[[[-114.211,45.528],[-114.212,45.528],[-116.124,44.706],[-114.211,45.528]]],[[[-120.407,46.963],[-120.071,46.944],[-120.414,47.128],[-120.407,46.963]]],[[[-114.467,52],[-115.034,52.033],[-122.491,54.244],[-125.758,53.131],[-124.76,52.448],[-120.615,49.07],[-119.118,49.196],[-117.338,49.346],[-114.265,49.605],[-114.467,52]]]]}},{"type":"Feature","id":406,"properties":{"name":"Ottoman Empire","subjecto":"Ottoman Empire","partof":"Ottoman Empire","precision":1},"geometry":{"type":"Polygon","coordinates":[[[33.325,48.052],[32.865,48.185],[29.316,48.286],[27.648,48.752],[26.163,48.941],[25.666,48.692],[24.161,48.987],[23.889,49.259],[19.381,49.803],[18.927,49.622],[18.25,49.181],[18.314,48.279],[17.517,47.642],[16.122,45.582],[15.47,45.734],[14.354,45.323],[14.989,44.54],[16.701,43.847],[16.64,43.39],[19.143,41.932],[19.607,41.762],[19.369,40.26],[20.029,39.814],[21.172,38.348],[21.228,37.905],[22.39,36.524],[22.887,37.047],[22.639,37.492],[23.556,38.352],[22.72,39.287],[22.602,40.397],[23.596,40.192],[23.886,40.733],[25.046,40.952],[25.993,40.852],[26.614,40.398],[27.474,40.963],[28.828,40.915],[28.104,41.593],[27.502,42.516],[28.035,43.392],[28.446,43.476],[28.686,44.488],[29.711,45.258],[30.833,46.577],[31.781,46.702],[32.33,46.152],[33.236,46.957],[33.325,48.052]]]}},{"type":"Feature","id":407,"properties":{"name":null,"subjecto":null,"partof":null,"precision":1},"geometry":{"type":"Polygon","coordinates":[[[-4.153,53.226],[-4.277,53.398],[-4.567,53.273],[-4.351,53.124],[-4.153,53.226]]]}},{"type":"Feature","id":408,"properties":{"name":null,"subjecto":null,"partof":null,"precision":1},"geometry":{"type":"Polygon","coordinates":[[[-5.104,55.439],[-5.155,55.673],[-5.4,55.601],[-5.104,55.439]]]}},{"type":"Feature","id":409,"properties":{"name":null,"subjecto":null,"partof":null,"precision":1},"geometry":{"type":"Polygon","coordinates":[[[-6.122,55.879],[-6.327,55.589],[-6.025,55.681],[-6.122,55.879]]]}},{"type":"Feature","id":410,"properties":{"name":null,"subjecto":null,"partof":null,"precision":1},"geometry":{"type":"Polygon","coordinates":[[[-5.947,55.83],[-5.746,56.064],[-5.968,56.024],[-6.079,55.906],[-5.947,55.83]]]}},{"type":"Feature","id":411,"properties":{"name":null,"subjecto":null,"partof":null,"precision":1},"geometry":{"type":"Polygon","coordinates":[[[-7.467,56.941],[-7.376,56.979],[-7.446,57.056],[-7.554,56.966],[-7.467,56.941]]]}},{"type":"Feature","id":412,"properties":{"name":null,"subjecto":null,"partof":null,"precision":1},"geometry":{"type":"Polygon","coordinates":[[[-7.223,57.337],[-7.425,57.382],[-7.381,57.109],[-7.23,57.095],[-7.223,57.337]]]}},{"type":"Feature","id":413,"properties":{"name":null,"subjecto":null,"partof":null,"precision":1},"geometry":{"type":"Polygon","coordinates":[[[-7.269,57.399],[-7.205,57.461],[-7.351,57.489],[-7.388,57.424],[-7.269,57.399]]]}},{"type":"Feature","id":414,"properties":{"name":null,"subjecto":null,"partof":null,"precision":1},"geometry":{"type":"Polygon","coordinates":[[[-7.189,57.687],[-7.477,57.562],[-7.154,57.509],[-7.189,57.687]]]}},{"type":"Feature","id":415,"properties":{"name":null,"subjecto":null,"partof":null,"precision":1},"geometry":{"type":"Polygon","coordinates":[[[-7.006,57.881],[-6.994,57.919],[-7.074,57.896],[-7.006,57.881]]]}},{"type":"Feature","id":416,"properties":{"name":null,"subjecto":null,"partof":null,"precision":1},"geometry":{"type":"Polygon","coordinates":[[[-6.802,58.203],[-6.794,58.218],[-6.854,58.25],[-6.873,58.206],[-6.802,58.203]]]}},{"type":"Feature","id":417,"properties":{"name":null,"subjecto":null,"partof":null,"precision":1},"geometry":{"type":"Polygon","coordinates":[[[-6.204,58.356],[-7.032,58.238],[-6.474,57.94],[-6.204,58.356]]]}},{"type":"Feature","id":418,"properties":{"name":null,"subjecto":null,"partof":null,"precision":1},"geometry":{"type":"Polygon","coordinates":[[[-2.918,58.732],[-2.877,58.82],[-3.037,58.818],[-2.918,58.732]]]}},{"type":"Feature","id":419,"properties":{"name":null,"subjecto":null,"partof":null,"precision":1},"geometry":{"type":"Polygon","coordinates":[[[-3.231,58.776],[-3.136,58.804],[-3.336,58.927],[-3.431,58.871],[-3.231,58.776]]]}},{"type":"Feature","id":420,"properties":{"name":null,"subjecto":null,"partof":null,"precision":1},"geometry":{"type":"Polygon","coordinates":[[[-2.793,58.951],[-3.077,59.122],[-3.195,58.911],[-2.793,58.951]]]}},{"type":"Feature","id":421,"properties":{"name":null,"subjecto":null,"partof":null,"precision":1},"geometry":{"type":"Polygon","coordinates":[[[-2.681,59.196],[-2.621,59.236],[-2.496,59.245],[-2.414,59.314],[-2.593,59.291],[-2.681,59.196]]]}},{"type":"Feature","id":422,"properties":{"name":null,"subjecto":null,"partof":null,"precision":1},"geometry":{"type":"Polygon","coordinates":[[[-2.89,59.295],[-3.049,59.329],[-3.003,59.264],[-2.972,59.287],[-2.89,59.295]]]}},{"type":"Feature","id":423,"properties":{"name":null,"subjecto":null,"partof":null,"precision":1},"geometry":{"type":"Polygon","coordinates":[[[-1.296,60.491],[-1.32,60.356],[-1.655,60.226],[-1.126,60.152],[-1.041,60.447],[-1.296,60.491]]]}},{"type":"Feature","id":424,"properties":{"name":null,"subjecto":null,"partof":null,"precision":1},"geometry":{"type":"Polygon","coordinates":[[[-1.029,60.496],[-0.991,60.72],[-1.177,60.637],[-1.029,60.496]]]}},{"type":"Feature","id":425,"properties":{"name":null,"subjecto":null,"partof":null,"precision":1},"geometry":{"type":"Polygon","coordinates":[[[-0.82,60.689],[-0.768,60.829],[-0.939,60.794],[-0.966,60.688],[-0.82,60.689]]]}},{"type":"Feature","id":426,"properties":{"name":null,"subjecto":null,"partof":null,"precision":1},"geometry":{"type":"Polygon","coordinates":[[[-6.707,61.937],[-6.719,62.029],[-7.192,62.308],[-7.232,62.172],[-6.707,61.937]]]}},{"type":"Feature","id":427,"properties":{"name":null,"subjecto":null,"partof":null,"precision":1},"geometry":{"type":"Polygon","coordinates":[[[-4.778,54.056],[-4.394,54.186],[-4.527,54.367],[-4.778,54.056]]]}},{"type":"Feature","id":428,"properties":{"name":null,"subjecto":null,"partof":null,"precision":1},"geometry":{"type":"Polygon","coordinates":[[[129.716,28.451],[129.158,28.235],[129.369,28.116],[129.716,28.451]]]}},{"type":"Feature","id":429,"properties":{"name":null,"subjecto":null,"partof":null,"precision":1},"geometry":{"type":"Polygon","coordinates":[[[129.963,29.957],[129.942,30],[129.924,29.984],[129.963,29.957]]]}},{"type":"Feature","id":430,"properties":{"name":null,"subjecto":null,"partof":null,"precision":1},"geometry":{"type":"Polygon","coordinates":[[[129.896,29.874],[129.877,29.831],[129.923,29.825],[129.896,29.874]]]}},{"type":"Feature","id":431,"properties":{"name":null,"subjecto":null,"partof":null,"precision":1},"geometry":{"type":"Polygon","coordinates":[[[130.906,30.355],[131.074,30.689],[130.945,30.683],[130.906,30.355]]]}},{"type":"Feature","id":432,"properties":{"name":null,"subjecto":null,"partof":null,"precision":1},"geometry":{"type":"Polygon","coordinates":[[[130.559,30.236],[130.672,30.373],[130.511,30.459],[130.387,30.397],[130.559,30.236]]]}},{"type":"Feature","id":433,"properties":{"name":null,"subjecto":null,"partof":null,"precision":1},"geometry":{"type":"Polygon","coordinates":[[[121.735,25.139],[121.002,25.002],[120.116,23.631],[120.329,22.519],[120.879,22.341],[121.453,23.327],[121.84,24.476],[121.735,25.139]]]}},{"type":"Feature","id":434,"properties":{"name":null,"subjecto":null,"partof":null,"precision":1},"geometry":{"type":"Polygon","coordinates":[[[128.901,32.643],[128.649,32.778],[128.61,32.612],[128.901,32.643]]]}},{"type":"Feature","id":435,"properties":{"name":null,"subjecto":null,"partof":null,"precision":1},"geometry":{"type":"Polygon","coordinates":[[[126.541,37.678],[126.371,34.789],[127.554,34.656],[128.452,34.846],[129.439,35.476],[129.342,37.257],[128.261,38.412],[127.134,38.299],[126.541,37.678]]]}},{"type":"Feature","id":436,"properties":{"name":null,"subjecto":null,"partof":null,"precision":1},"geometry":{"type":"Polygon","coordinates":[[[123.871,24.252],[123.922,24.371],[123.767,24.414],[123.679,24.316],[123.871,24.252]]]}},{"type":"Feature","id":437,"properties":{"name":null,"subjecto":null,"partof":null,"precision":1},"geometry":{"type":"Polygon","coordinates":[[[125.356,24.777],[125.262,24.879],[125.252,24.738],[125.356,24.777]]]}},{"type":"Feature","id":438,"properties":{"name":null,"subjecto":null,"partof":null,"precision":1},"geometry":{"type":"Polygon","coordinates":[[[124.262,24.457],[124.078,24.42],[124.122,24.345],[124.23,24.338],[124.262,24.457]]]}},{"type":"Feature","id":439,"properties":{"name":null,"subjecto":null,"partof":null,"precision":1},"geometry":{"type":"Polygon","coordinates":[[[128.253,26.639],[128.247,26.84],[127.959,26.544],[128.253,26.639]]]}},{"type":"Feature","id":440,"properties":{"name":null,"subjecto":null,"partof":null,"precision":1},"geometry":{"type":"Polygon","coordinates":[[[126.762,26.387],[126.702,26.349],[126.781,26.298],[126.81,26.347],[126.762,26.387]]]}},{"type":"Feature","id":441,"properties":{"name":null,"subjecto":null,"partof":null,"precision":1},"geometry":{"type":"Polygon","coordinates":[[[128.951,27.676],[129.03,27.774],[128.899,27.898],[128.897,27.726],[128.951,27.676]]]}},{"type":"Feature","id":442,"properties":{"name":null,"subjecto":null,"partof":null,"precision":1},"geometry":{"type":"Polygon","coordinates":[[[128.609,27.359],[128.696,27.449],[128.524,27.414],[128.609,27.359]]]}},{"type":"Feature","id":443,"properties":{"name":null,"subjecto":null,"partof":null,"precision":1},"geometry":{"type":"Polygon","coordinates":[[[129.992,28.282],[130.032,28.353],[129.943,28.322],[129.992,28.282]]]}},{"type":"Feature","id":444,"properties":{"name":null,"subjecto":null,"partof":null,"precision":1},"geometry":{"type":"Polygon","coordinates":[[[129.336,28.075],[129.34,28.111],[129.224,28.184],[129.219,28.098],[129.336,28.075]]]}},{"type":"Feature","id":445,"properties":{"name":null,"subjecto":null,"partof":null,"precision":1},"geometry":{"type":"Polygon","coordinates":[[[129.733,29.61],[129.753,29.648],[129.71,29.652],[129.733,29.61]]]}},{"type":"Feature","id":446,"properties":{"name":"Bagirmi","subjecto":"Bagirmi","partof":"Bagirmi","precision":1},"geometry":{"type":"Polygon","coordinates":[[[14.603,12.991],[14.993,12.097],[16.634,11.103],[20.206,12.047],[19.845,13.223],[17.158,13.472],[14.728,13.102],[14.603,12.991]]]}},{"type":"Feature","id":447,"properties":{"name":"Kanem-Bornu","subjecto":"Kanem-Bornu","partof":"Kanem-Bornu","precision":1},"geometry":{"type":"Polygon","coordinates":[[[14.728,13.102],[16.476,13.369],[16.895,13.579],[17.304,14.469],[17.009,15.504],[13.313,20.973],[12.057,20.973],[11.613,20.603],[11.392,15.504],[10.209,13.73],[10.727,11.291],[11.909,11.069],[14.805,12.527],[14.603,12.991],[14.728,13.102]]]}},{"type":"Feature","id":448,"properties":{"name":"Poland-Lithuania","subjecto":"Poland-Lithuania","partof":"Poland-Lithuania","precision":1},"geometry":{"type":"Polygon","coordinates":[[[21.008,55.817],[21.962,55.033],[22.799,54.739],[22.392,54.038],[22.821,53.563],[20.333,52.975],[18.795,53.314],[18.665,54.258],[17.658,54.685],[17.747,54.433],[16.204,53.706],[15.765,52.265],[16.855,51.917],[18.646,50.645],[18.927,49.622],[19.381,49.803],[23.889,49.259],[24.161,48.987],[25.666,48.692],[26.163,48.941],[27.648,48.752],[29.316,48.286],[32.865,48.185],[33.325,48.052],[34.163,47.811],[36.008,48.996],[36.399,49.036],[36.211,49.909],[35.704,50.416],[33.879,50.213],[33.879,51.125],[33.169,51.43],[31.344,50.923],[31.383,53.26],[32.468,53.086],[32.208,54.431],[31.557,54.301],[31.505,56.49],[30.174,56.28],[28.091,56.748],[27.606,56.707],[27.59,58.312],[27.666,58.983],[27.702,59.298],[25.721,59.46],[23.416,59.119],[24.346,57.16],[23.297,56.945],[22.857,56.324],[20.945,56.07],[21.008,55.817]]]}},{"type":"Feature","id":449,"properties":{"name":"Korea","subjecto":"Korea","partof":"Korea","precision":1},"geometry":{"type":"Polygon","coordinates":[[[126.541,37.678],[127.134,38.299],[128.261,38.412],[127.277,39.222],[127.672,39.866],[128.447,40.066],[129.478,40.682],[129.641,41.656],[130.435,42.277],[129.966,42.957],[128.756,42.061],[127.984,42.108],[128.098,41.449],[127.423,41.356],[126.474,41.652],[125.879,40.945],[124.491,40.28],[124.134,39.843],[125.296,39.364],[124.736,38.28],[125.269,37.485],[126.364,37.72],[126.531,37.678],[126.541,37.678]]]}},{"type":"Feature","id":450,"properties":{"name":"Itelmen","subjecto":"Itelmen","partof":"Itelmen","precision":1},"geometry":{"type":"Polygon","coordinates":[[[156.694,57.114],[155.628,56.268],[155.465,54.92],[156.038,52.781],[156.696,50.958],[157.898,51.666],[158.461,52.826],[159.897,53.241],[159.931,54.086],[162.008,54.738],[161.503,55.287],[161.984,55.963],[156.694,57.114]]]}},{"type":"Feature","id":451,"properties":{"name":"Koryaks","subjecto":"Koryaks","partof":"Koryaks","precision":1},"geometry":{"type":"Polygon","coordinates":[[[165.254,62.309],[164.008,62.131],[163.329,60.695],[159.649,58.954],[158.326,58.027],[156.777,57.58],[156.694,57.114],[161.984,55.963],[163.166,56.106],[161.804,58.102],[162.907,58.891],[163.389,59.814],[164.585,59.665],[165.78,60.354],[167.104,60.271],[169.154,60.435],[170.337,60.277],[172,60.858],[173.304,61.519],[165.254,62.309]]]}},{"type":"Feature","id":452,"properties":{"name":"Enets","subjecto":"Enets","partof":"Samoyedic people","precision":1},"geometry":{"type":"Polygon","coordinates":[[[82.436,72.051],[83.561,71.624],[83.388,70.344],[83.752,69.761],[82.904,68.539],[92.296,69.824],[90.667,72.414],[82.436,72.051]]]}},{"type":"Feature","id":453,"properties":{"name":"Nenets","subjecto":"Nenets","partof":"Samoyedic people","precision":1},"geometry":{"type":"Polygon","coordinates":[[[66.797,66.645],[68.071,66.632],[68.602,65.482],[73.54,65.569],[80.832,65.698],[82.904,68.539],[83.752,69.761],[83.388,70.344],[81.671,71.574],[79.223,72.271],[76.333,71.72],[75.297,71.897],[73.217,71.458],[74.25,70.573],[73.654,69.756],[73.915,69.154],[75.598,69.21],[77.406,68.936],[78.536,67.612],[76.955,67.653],[77.04,68.464],[76.328,68.776],[74.505,68.593],[74.742,67.686],[73.69,66.865],[72.209,66.173],[70.84,66.551],[72.838,67.646],[73.394,68.382],[72.526,69.069],[72.68,70.824],[71.798,71.432],[72.714,72.77],[69.343,72.834],[68.316,71.635],[66.818,71.105],[67.422,70.223],[66.884,69.623],[68.106,69.429],[68.512,68.837],[67.646,68.448],[66.797,66.645]]]}},{"type":"Feature","id":454,"properties":{"name":"Nganasan","subjecto":"Nganasan","partof":"Samoyedic people","precision":1},"geometry":{"type":"Polygon","coordinates":[[[105.365,72.75],[106.208,73.259],[108.34,73.691],[113.625,75.273],[113.533,76.094],[109.656,76.691],[106.867,76.433],[97.977,74.362],[92.428,73.383],[99.915,71.358],[105.365,72.75]]]}},{"type":"Feature","id":455,"properties":{"name":"Komi","subjecto":"Komi","partof":"Samoyedic People","precision":1},"geometry":{"type":"Polygon","coordinates":[[[73.54,65.569],[68.602,65.482],[68.071,66.632],[66.797,66.645],[66.973,65.495],[64.041,60.759],[66.237,60.062],[68.806,62.585],[70.97,64.245],[71.804,63.462],[73.54,65.569]]]}},{"type":"Feature","id":456,"properties":{"name":"Khanty","subjecto":"Khanty","partof":"Samoyedic people","precision":1},"geometry":{"type":"Polygon","coordinates":[[[71.804,63.462],[72.362,62.939],[74.372,63.079],[75.239,62.134],[75.504,59.937],[80.757,60.149],[83.488,64.364],[80.832,65.698],[73.54,65.569],[71.804,63.462]]]}},{"type":"Feature","id":457,"properties":{"name":"Khanate of Sibir","subjecto":"Khanate of Sibir","partof":"Khanate of Sibir","precision":1},"geometry":{"type":"Polygon","coordinates":[[[76.883,54.373],[79.301,54.399],[82.536,57.08],[78.398,58.589],[75.664,58.615],[75.504,59.937],[75.239,62.134],[74.372,63.079],[72.362,62.939],[71.804,63.462],[70.97,64.245],[68.806,62.585],[66.237,60.062],[64.632,58.485],[64.227,57.662],[64.679,55.974],[67.771,54.637],[68.591,54.282],[76.883,54.373]]]}},{"type":"Feature","id":458,"properties":{"name":"Khiva Khanate","subjecto":"Khiva Khanate","partof":"Khiva Khanate","precision":1},"geometry":{"type":"Polygon","coordinates":[[[68.782,40.944],[68.633,40.92],[60.611,45.434],[53.154,45.977],[52.61,45.4],[51.513,45.373],[50.874,44.626],[51.171,43.718],[52.07,42.828],[52.763,42.756],[52.52,42.073],[53.985,42.106],[54.167,41.483],[54.818,40.88],[53.842,40.64],[53.257,40.765],[52.845,40.18],[53.516,39.778],[54.071,38.897],[53.937,38.159],[56.43,38.21],[58.619,39.052],[62.662,39.22],[64.347,37.873],[64.684,36.525],[66.336,36.307],[69.232,37.368],[69.899,37.785],[68.782,40.944]]]}},{"type":"Feature","id":459,"properties":{"name":"Yukagir","subjecto":"Yukagir","partof":"Yukagir","precision":1},"geometry":{"type":"Polygon","coordinates":[[[161.925,68.146],[162.618,69.54],[159.444,69.765],[159.628,70.22],[158.409,70.814],[156.043,70.987],[152.318,70.669],[151.751,69.717],[161.925,68.146]]]}},{"type":"Feature","id":460,"properties":{"name":"Tsardom of Muscovy","subjecto":"Tsardom of Muscovy","partof":"Tsardom of Muscovy","precision":1},"geometry":{"type":"Polygon","coordinates":[[[29.413,62.524],[29.518,61.769],[29.291,60.936],[29.687,60.131],[27.702,59.298],[27.666,58.983],[27.59,58.312],[27.606,56.707],[28.091,56.748],[29.518,58.075],[32.718,57.199],[34.859,56.129],[35.126,54.389],[36.598,54.255],[38.338,54.389],[38.739,55.192],[40.746,54.389],[43.958,54.791],[44.761,55.326],[45.43,57.467],[45.965,57.735],[52.394,58.006],[55.465,58.136],[62.022,58.805],[63.494,59.875],[64.041,60.759],[66.973,65.495],[66.797,66.645],[67.646,68.448],[66.584,68.886],[62.281,69.705],[60.369,69.468],[60.512,68.59],[58.77,68.856],[57.024,68.449],[53.889,68.787],[48.081,67.562],[47.571,66.816],[46.402,66.719],[44.871,67.312],[46.634,67.701],[45.863,68.383],[43.822,68.327],[43.704,67.266],[44.384,66.612],[43.876,66.011],[42.211,66.41],[39.951,65.581],[40.462,64.75],[39.193,64.511],[36.884,65.068],[37.411,63.749],[35.082,64.288],[34.293,65.396],[34.544,66.001],[33.47,66.313],[32.644,67.046],[31.246,67.636],[27.098,66.834],[26.793,66.212],[29.714,65.625],[29.274,63.331],[29.413,62.524]],[[30.456,60.86],[29.857,61.188],[30.852,61.775],[32.527,61.118],[32.944,60.643],[32.362,60.148],[31.109,60.146],[30.456,60.86]]]}},{"type":"Feature","id":461,"properties":{"name":"Sámi","subjecto":"Sámi","partof":"Sámi","precision":1},"geometry":{"type":"Polygon","coordinates":[[[22.528,67.716],[22.222,66.943],[25.626,66.7],[26.793,66.212],[27.098,66.834],[31.246,67.636],[32.644,67.046],[33.437,66.702],[35.772,66.259],[39.19,66.039],[41.255,66.937],[40.826,67.66],[38.668,68.146],[37.246,68.793],[35.437,69.15],[29.729,69.698],[30.799,70.308],[28.308,70.949],[24.571,70.741],[23.204,69.943],[20.158,69.748],[19.821,69.37],[18.771,67.938],[22.528,67.716]]]}},{"type":"Feature","id":462,"properties":{"name":"Tsardom of Muscovy","subjecto":"Tsardom of Muscovy","partof":"Tsardom of Muscovy","precision":1},"geometry":{"type":"Polygon","coordinates":[[[35.339,62.033],[35.196,61.988],[35.16,61.859],[35.274,61.87],[35.339,62.033]]]}},{"type":"Feature","id":463,"properties":{"name":"Sweden","subjecto":"","partof":"","precision":1},"geometry":{"type":"Polygon","coordinates":[[[17.33,64.826],[17.731,64.559],[16.661,63.756],[15.05,63.526],[13.155,62.024],[12.597,61.029],[12.428,59.926],[11.171,59.062],[11.221,58.308],[11.877,57.325],[14.175,56.813],[15.427,56.766],[16.063,56.396],[16.659,57.443],[16.744,58.312],[17.94,58.908],[19.037,59.863],[17.146,60.953],[17.065,61.538],[18.487,62.981],[20.701,63.818],[20.921,64.714],[22.646,65.935],[25.252,65.417],[24.47,64.636],[21.034,62.477],[21.561,61.485],[21.56,60.512],[23.665,59.836],[25.581,60.262],[28.522,60.623],[29.687,60.131],[29.291,60.936],[29.518,61.769],[28.788,61.204],[27.27,61.324],[28.249,62.542],[29.413,62.524],[29.274,63.331],[29.714,65.625],[26.793,66.212],[25.626,66.7],[22.222,66.943],[22.528,67.716],[18.771,67.938],[17.254,68.093],[14.699,66.124],[17.473,65.017],[17.33,64.826]],[[12.329,58.38],[13.103,59.274],[13.8,58.722],[12.329,58.38]]]}},{"type":"Feature","id":464,"properties":{"name":null,"subjecto":null,"partof":null,"precision":1},"geometry":{"type":"Polygon","coordinates":[[[13.672,54.569],[13.225,54.634],[13.118,54.334],[13.508,54.343],[13.672,54.569]]]}},{"type":"Feature","id":465,"properties":{"name":null,"subjecto":null,"partof":null,"precision":1},"geometry":{"type":"Polygon","coordinates":[[[23.206,58.445],[22.112,58.492],[22.201,58.145],[23.206,58.445]]]}},{"type":"Feature","id":466,"properties":{"name":null,"subjecto":null,"partof":null,"precision":1},"geometry":{"type":"Polygon","coordinates":[[[22.948,58.844],[22.576,59.069],[22.229,58.878],[22.48,58.7],[22.948,58.844]]]}},{"type":"Feature","id":467,"properties":{"name":null,"subjecto":null,"partof":null,"precision":1},"geometry":{"type":"Polygon","coordinates":[[[20.123,60.081],[20.004,60.051],[20.137,59.992],[20.212,60.06],[20.123,60.081]]]}},{"type":"Feature","id":468,"properties":{"name":null,"subjecto":null,"partof":null,"precision":1},"geometry":{"type":"Polygon","coordinates":[[[20.295,60.121],[20.216,60.139],[20.205,60.081],[20.271,60.057],[20.295,60.121]]]}},{"type":"Feature","id":469,"properties":{"name":null,"subjecto":null,"partof":null,"precision":1},"geometry":{"type":"Polygon","coordinates":[[[19.565,60.249],[19.512,60.181],[19.543,60.128],[19.673,60.15],[19.565,60.249]]]}},{"type":"Feature","id":470,"properties":{"name":null,"subjecto":null,"partof":null,"precision":1},"geometry":{"type":"Polygon","coordinates":[[[20.067,60.296],[19.931,60.277],[19.772,60.081],[20.044,60.086],[19.914,60.217],[20.067,60.296]]]}},{"type":"Feature","id":471,"properties":{"name":null,"subjecto":null,"partof":null,"precision":1},"geometry":{"type":"Polygon","coordinates":[[[20.442,60.248],[20.341,60.241],[20.387,60.193],[20.442,60.248]]]}},{"type":"Feature","id":472,"properties":{"name":null,"subjecto":null,"partof":null,"precision":1},"geometry":{"type":"Polygon","coordinates":[[[10.885,57.246],[10.997,57.223],[11.15,57.332],[10.921,57.303],[10.885,57.246]]]}},{"type":"Feature","id":473,"properties":{"name":null,"subjecto":null,"partof":null,"precision":1},"geometry":{"type":"Polygon","coordinates":[[[11.53,58.049],[11.575,57.932],[11.723,57.99],[11.53,58.049]]]}},{"type":"Feature","id":474,"properties":{"name":null,"subjecto":null,"partof":null,"precision":1},"geometry":{"type":"Polygon","coordinates":[[[11.465,58.066],[11.8,58.117],[11.669,58.284],[11.411,58.147],[11.465,58.066]]]}},{"type":"Feature","id":475,"properties":{"name":"Chukchi","subjecto":"Chukchi","partof":"Chukchi","precision":1},"geometry":{"type":"MultiPolygon","coordinates":[[[[173.304,61.519],[177.291,62.487],[178.738,62.299],[179.288,62.815],[178.344,63.458],[178.147,64.157],[180,64.953],[180,65.052],[180,65.311],[180,65.382],[180,65.963],[180,66.963],[180,67.963],[180,68.92],[175.611,69.779],[173.637,69.761],[170.452,70.019],[170.833,68.922],[169.389,68.717],[167.32,69.659],[166.309,69.378],[162.618,69.54],[161.925,68.146],[158.757,61.776],[160.645,60.718],[162.711,61.763],[162.99,62.326],[164.138,62.533],[165.254,62.309],[173.304,61.519]]],[[[-180,66.963],[-180,65.963],[-180,65.382],[-180,65.311],[-180,65.259],[-179.379,65.996],[-178.116,65.482],[-176.137,65.457],[-175.952,65.006],[-173.077,64.384],[-173.25,64.896],[-172.562,65.515],[-171.2,65.561],[-170.613,66.038],[-171.958,66.956],[-173.875,67.159],[-175.006,66.957],[-175.514,67.669],[-180,68.917],[-180,67.963],[-180,66.963]]]]}},{"type":"Feature","id":476,"properties":{"name":"Denmark-Norway","subjecto":"Denmark-Norway","partof":"Denmark-Norway","precision":1},"geometry":{"type":"MultiPolygon","coordinates":[[[[11.285,55.189],[12.43,55.245],[12.444,55.968],[11.102,55.634],[11.285,55.189]]],[[[19.218,79.74],[20.998,79.191],[23.821,79.147],[27.197,79.944],[24.783,80.38],[20.524,80.322],[19.218,79.74]]],[[[14.258,79.534],[11.284,79.707],[11.76,78.88],[16.617,78.467],[13.905,78],[15.099,77.115],[17.267,76.813],[19.116,78.455],[20.908,78.809],[17.834,79.809],[14.258,79.534]]],[[[19.821,69.37],[17.407,68.772],[13.169,66.458],[12.112,65.13],[10.066,64.056],[9.832,63.684],[7.989,62.94],[7.088,62.91],[5.149,61.741],[5.096,60.264],[5.806,59.949],[5.615,58.455],[6.959,57.972],[8.154,58.09],[10.549,59.379],[11.171,59.062],[12.428,59.926],[12.597,61.029],[13.155,62.024],[15.05,63.526],[16.661,63.756],[17.731,64.559],[17.33,64.826],[17.473,65.017],[14.699,66.124],[17.254,68.093],[18.771,67.938],[19.821,69.37]]],[[[10.142,54.337],[9.421,54.976],[10.835,55.294],[9.312,56.481],[8.183,56.431],[8.884,54.229],[10.142,54.337]]],[[[16.063,56.396],[15.427,56.766],[14.175,56.813],[11.877,57.325],[12.872,56.512],[12.414,56.243],[13.302,55.301],[14.286,55.515],[14.653,56.121],[16.063,56.396]]],[[[20.945,56.07],[22.857,56.324],[23.297,56.945],[22.564,57.616],[21.677,57.464],[20.965,56.609],[20.945,56.07]]],[[[-24.219,65.534],[-21.955,65.378],[-22.279,64.619],[-21.488,64.376],[-22.373,63.773],[-20.404,63.698],[-18.642,63.324],[-14.821,64.195],[-13.694,64.779],[-13.647,65.495],[-16.385,66.454],[-16.922,65.978],[-18.676,66.091],[-21.08,65.205],[-21.242,65.882],[-23.608,65.98],[-24.219,65.534]]]]}},{"type":"Feature","id":477,"properties":{"name":"Mi'kma'ki","subjecto":"Mi'kma'ki","partof":"Mi'kma'ki","precision":1},"geometry":{"type":"Polygon","coordinates":[[[-66.435,45.133],[-64.905,45.463],[-66.189,44.141],[-65.713,43.56],[-64.835,43.884],[-64.088,44.513],[-63.559,44.513],[-61.032,45.379],[-61.94,45.922],[-62.39,45.722],[-64.535,46.272],[-65.213,48.121],[-64.398,48.456],[-64.952,49.207],[-67.354,48.846],[-66.435,45.133]]]}},{"type":"Feature","id":478,"properties":{"name":"Nogai Horde","subjecto":"Nogai Horde","partof":"Nogai Horde","precision":1},"geometry":{"type":"Polygon","coordinates":[[[52.394,58.006],[45.965,57.735],[45.43,57.467],[44.761,55.326],[43.958,54.791],[40.746,54.389],[38.739,55.192],[38.338,54.389],[36.598,54.255],[35.126,54.389],[34.859,56.129],[32.718,57.199],[29.518,58.075],[28.091,56.748],[30.174,56.28],[31.505,56.49],[31.557,54.301],[32.208,54.431],[32.468,53.086],[31.383,53.26],[31.344,50.923],[33.169,51.43],[33.879,51.125],[33.879,50.213],[35.704,50.416],[36.211,49.909],[36.399,49.036],[37.885,49.186],[39.259,48.437],[40.508,47.437],[40.633,46.688],[42.257,46.813],[43.381,46.188],[43.88,44.814],[44.755,44.439],[46.873,44.68],[47.556,45.453],[49.058,46.137],[49.535,46.542],[51.369,47.09],[52.142,46.838],[53.185,46.865],[53.154,45.977],[60.611,45.434],[61,45.406],[57.92,49.915],[52.394,58.006]]]}},{"type":"Feature","id":479,"properties":{"name":"Kazan Khanate","subjecto":"Kazan Khanate","partof":"Kazan Khanate","precision":1},"geometry":{"type":"Polygon","coordinates":[[[67.771,54.637],[64.679,55.974],[64.227,57.662],[64.632,58.485],[66.237,60.062],[64.041,60.759],[63.494,59.875],[62.022,58.805],[55.465,58.136],[52.394,58.006],[57.92,49.915],[67.771,54.637]]]}},{"type":"Feature","id":480,"properties":{"name":"Quazaq Khanate","subjecto":"Quazaq Khanate","partof":"Quazaq Khanate","precision":1},"geometry":{"type":"Polygon","coordinates":[[[76.883,54.373],[68.591,54.282],[67.771,54.637],[57.92,49.915],[61,45.406],[60.611,45.434],[68.633,40.92],[68.782,40.944],[78.707,42.521],[80.316,42.777],[87.093,49.561],[76.883,54.373]]]}},{"type":"Feature","id":481,"properties":{"name":"Bukara Khanate","subjecto":"Bukara Khanate","partof":"Bukara Khanate","precision":1},"geometry":{"type":"Polygon","coordinates":[[[78.707,42.521],[68.782,40.944],[69.899,37.785],[70.579,38.21],[71.253,38.041],[71.566,36.91],[73.809,38.032],[75.246,38.032],[77.264,36.844],[79.329,35.628],[80.132,36.882],[84.474,36.882],[78.707,42.521]]]}},{"type":"Feature","id":482,"properties":{"name":null,"subjecto":null,"partof":null,"precision":1},"geometry":{"type":"Polygon","coordinates":[[[84.474,36.882],[89.616,36.882],[99.245,38.75],[99.388,39.756],[100.538,40.331],[102.119,39.756],[103.556,39.9],[107.713,43.255],[120.387,46.423],[127.581,56.615],[129.207,56.868],[130.39,56.054],[130.908,55.24],[130.538,53.908],[131.13,53.908],[132.018,52.429],[134.681,52.947],[136.161,53.021],[137.239,53.457],[136.351,53.701],[136.492,54.455],[135.095,54.433],[134.985,54.854],[137.229,55.983],[138.867,57.124],[140.029,57.644],[140.587,58.239],[142.846,59.273],[145.404,59.326],[148.416,59.097],[149.045,59.587],[151.14,59.44],[152.504,58.769],[153.924,58.922],[154.316,59.983],[155.734,60.555],[157.098,61.633],[158.757,61.776],[161.925,68.146],[151.751,69.717],[152.318,70.669],[150.694,71.347],[148.711,71.629],[148.698,72.166],[146.915,72.202],[141.294,72.787],[137.63,71.075],[135.511,71.512],[134.241,71.262],[132.284,71.661],[130.779,70.678],[128.432,71.755],[126.216,72.382],[128.525,72.952],[127.72,73.402],[125.717,73.398],[120.579,72.835],[118.498,73.036],[118.46,73.519],[111.762,73.658],[106.502,73.061],[105.365,72.75],[99.915,71.358],[92.428,73.383],[97.977,74.362],[106.867,76.433],[107.071,76.771],[103.393,77.558],[101.166,77.006],[99.467,75.967],[97.116,75.871],[94.694,76.184],[93.592,75.881],[90,75.602],[86.958,74.782],[87.691,73.9],[80.464,73.314],[80.982,72.447],[82.436,72.051],[90.667,72.414],[92.296,69.824],[82.904,68.539],[80.832,65.698],[83.488,64.364],[80.757,60.149],[75.504,59.937],[75.664,58.615],[78.398,58.589],[82.536,57.08],[79.301,54.399],[76.883,54.373],[87.093,49.561],[80.316,42.777],[78.707,42.521],[84.474,36.882]]]}},{"type":"Feature","id":483,"properties":{"name":"France","subjecto":"France","partof":"France","precision":1},"geometry":{"type":"Polygon","coordinates":[[[3.039,42.869],[4.078,43.487],[5.829,43.021],[6.523,43.151],[7.397,43.764],[6.923,43.815],[6.943,44.869],[5.823,45.396],[5.325,46.398],[5.918,47.595],[6.015,48.653],[5.699,49.391],[5.361,49.697],[3.82,50.039],[2.907,49.943],[1.826,50.243],[1.796,50.921],[1.275,50.004],[0.189,49.681],[0.033,49.334],[-1.892,49.526],[-1.999,48.677],[-1.752,48.178],[-2.576,47.324],[-1.075,46.015],[-1.561,43.524],[-1.915,43.305],[-0.612,42.731],[1.728,42.501],[3.039,42.869]]]}},{"type":"Feature","id":484,"properties":{"name":"Spain","subjecto":"Spain","partof":"Spain","precision":1},"geometry":{"type":"Polygon","coordinates":[[[-1.915,43.305],[-3.007,43.55],[-3.417,43.376],[-5.98,43.705],[-7.151,43.555],[-7.636,43.721],[-9.271,43.049],[-8.644,42.42],[-8.806,41.889],[-6.709,41.96],[-6.139,41.526],[-6.797,41.093],[-6.933,38.961],[-7.394,38.295],[-7.492,37.208],[-6.632,37.022],[-6.204,36.282],[-5.661,36.008],[-4.447,36.722],[-2.239,36.728],[-1.817,37.292],[-0.918,37.57],[-0.435,38.43],[0.173,38.738],[-0.395,39.434],[0.879,41.022],[2.081,41.298],[3.129,41.857],[3.039,42.869],[1.728,42.501],[-0.612,42.731],[-1.915,43.305]]]}},{"type":"Feature","id":485,"properties":{"name":"Bidar","subjecto":"Bidar","partof":"Deccan Sultanates","precision":1},"geometry":{"type":"Polygon","coordinates":[[[77.997,16.465],[78.322,17.415],[78.173,19.013],[77.387,18.771],[77.071,17.361],[77.174,16.658],[77.997,16.465]]]}},{"type":"Feature","id":486,"properties":{"name":"Bijapur","subjecto":"Bijapur","partof":"Deccan Sultanates","precision":1},"geometry":{"type":"Polygon","coordinates":[[[77.997,16.465],[77.174,16.658],[77.071,17.361],[77.387,18.771],[75.412,18.5],[73.396,16.616],[73.409,16.559],[73.494,16.288],[74.376,16.312],[75.067,15.966],[76.103,15.966],[76.91,16.312],[77.922,16.246],[77.997,16.465]]]}},{"type":"Feature","id":487,"properties":{"name":"Ahmadnagar","subjecto":"Ahmadnagar","partof":"Deccan Sultanates","precision":1},"geometry":{"type":"Polygon","coordinates":[[[78.533,19.124],[78.573,20.438],[76.093,21.047],[76.928,23.897],[73.713,22.945],[74.271,21.906],[73.485,19.907],[72.789,19.883],[72.853,19.245],[73.185,17.517],[73.396,16.616],[75.412,18.5],[77.387,18.771],[78.173,19.013],[78.533,19.124]]]}},{"type":"Feature","id":488,"properties":{"name":"Golkonda","subjecto":"Golkonda","partof":"Deccan Sultanates","precision":1},"geometry":{"type":"Polygon","coordinates":[[[82.323,17.004],[79.956,17.604],[79.328,17.233],[78.867,18.27],[79.213,18.845],[78.533,19.124],[78.173,19.013],[78.322,17.415],[77.997,16.465],[77.922,16.246],[80.46,15.773],[81.088,15.827],[81.789,16.329],[82.323,17.004]]]}},{"type":"Feature","id":489,"properties":{"name":"Islamic and Hindu states","subjecto":"Islamic and Hindu states","partof":"Islamic and Hindu states","precision":1},"geometry":{"type":"Polygon","coordinates":[[[73.396,16.616],[73.185,17.517],[73.409,16.559],[73.396,16.616]]]}},{"type":"Feature","id":490,"properties":{"name":"Ayutthaya","subjecto":"Ayutthaya","partof":"Ayutthaya","precision":1},"geometry":{"type":"Polygon","coordinates":[[[104.005,19.701],[103.462,19.049],[100.435,20.036],[99.965,20.42],[98.562,21.115],[97.895,20.96],[98.016,19.749],[97.711,18.509],[97.373,18.449],[97.706,18.051],[98.184,15.214],[98.487,14.372],[98.403,13.266],[98.738,11.435],[98.398,10.564],[98.633,10.101],[98.177,8.6],[99.025,7.871],[99.663,6.71],[100.139,6.177],[100.664,3.904],[101.264,3.225],[101.837,3.46],[103.334,3.394],[103.342,4.805],[102.325,6.099],[101.56,6.74],[100.615,6.979],[100.345,7.44],[100.132,8.532],[99.724,9.258],[99.298,9.162],[99.071,9.898],[99.186,10.489],[99.895,12.079],[99.834,12.524],[100.24,13.49],[100.909,13.447],[100.872,12.679],[101.919,12.585],[102.671,12.038],[103.657,12.846],[105.016,13.406],[107.48,13.257],[107.297,14.176],[107.463,14.997],[107.108,16.17],[106.638,16.484],[104.812,18.722],[103.899,19.313],[104.005,19.701]]]}},{"type":"Feature","id":491,"properties":{"name":"Tuʻi Tonga Empire","subjecto":"Tuʻi Tonga Empire","partof":"Tuʻi Tonga Empire","precision":1},"geometry":{"type":"Polygon","coordinates":[[[178.176,-18.242],[178.693,-18.025],[178.171,-17.342],[177.51,-17.509],[177.333,-18.119],[178.176,-18.242]]]}},{"type":"Feature","id":492,"properties":{"name":"Polynesians","subjecto":"Polynesians","partof":"Polynesians","precision":1},"geometry":{"type":"Polygon","coordinates":[[[-109.241,-27.133],[-109.366,-27.063],[-109.428,-27.202],[-109.241,-27.133]]]}},{"type":"Feature","id":493,"properties":{"name":"Crimean Khanate","subjecto":"Ottoman Empire","partof":"Ottoman Empire","precision":1},"geometry":{"type":"Polygon","coordinates":[[[32.33,46.152],[33.639,45.927],[33.395,44.6],[34.014,44.492],[35.067,44.862],[34.907,46.273],[37.422,47.077],[39.16,47.269],[37.97,46.441],[37.474,44.692],[39.633,45.689],[40.383,45.439],[40.633,46.688],[40.508,47.437],[39.259,48.437],[37.885,49.186],[36.399,49.036],[36.008,48.996],[34.163,47.811],[33.325,48.052],[33.236,46.957],[32.33,46.152]]]}},{"type":"Feature","id":494,"properties":{"name":"Ottoman Empire","subjecto":"Ottoman Empire","partof":"Ottoman Empire","precision":1},"geometry":{"type":"MultiPolygon","coordinates":[[[[8.021,33.02],[8.771,33.189],[13.078,31.826],[13.877,31.059],[13.675,26.143],[9.457,25.184],[9.67,24.218],[15.145,25.097],[15.634,30.518],[17.581,30.343],[18.859,29.562],[19.97,29.723],[20.365,30.338],[21.197,31.077],[22.429,31.265],[26.171,30.316],[29.426,22.664],[30.346,22.111],[29.466,20.766],[29.466,19.173],[30.691,16.845],[31.671,15.864],[31.426,13.291],[31.671,11.576],[33.142,11.576],[33.999,13.659],[33.632,15.742],[34.612,18.07],[33.877,19.663],[32.161,20.643],[32.662,21],[35.251,21.369],[36.8,21.915],[35.746,22.914],[35.19,24.4],[33.929,26.564],[33.354,27.91],[32.649,28.766],[32.318,29.54],[32.648,29.852],[33.331,28.551],[34.058,27.79],[34.886,28.357],[35.436,27.73],[37.218,25.167],[37.201,24.658],[38.329,23.835],[39.102,22.4],[39.167,21.219],[39.764,20.407],[40.694,19.869],[41.629,18.047],[42.764,16.645],[42.796,15.47],[43.384,13.565],[43.841,12.664],[44.964,12.825],[45.826,13.405],[46.878,13.474],[46.335,14.097],[45.261,13.828],[44.509,14.097],[43.488,16.622],[43.066,18.654],[41.923,20.767],[41.812,21.713],[41.07,22.263],[40.648,24.153],[38.814,24.841],[37.421,27.834],[36.593,29.787],[36.525,31.162],[37.212,33.566],[38.036,34.597],[39.342,34.597],[40.029,34.391],[44.083,30.337],[44.839,29.993],[45.87,29.856],[46.905,29.438],[47.439,28.829],[48.469,26.695],[49.395,26.078],[49.704,24.41],[50.569,23.854],[50.968,24.436],[50.607,24.68],[50.382,25.461],[49.937,25.956],[50.122,26.738],[48.855,27.523],[47.911,29.89],[49.452,30.078],[49.557,34.256],[50.469,36.748],[50.252,36.895],[50.039,37.225],[48.837,37.511],[48.825,38.31],[49.339,39.283],[49.807,40.581],[47.565,43.008],[47.493,43.583],[47.249,42.785],[48.224,41.471],[47.35,41.442],[46.042,42.049],[44.978,42.772],[43.957,42.591],[42.878,41.546],[41.484,41.437],[40.361,40.963],[38.651,40.922],[36.383,41.238],[35.958,41.686],[33.556,41.983],[32.419,41.749],[30.745,41.04],[29.161,41.216],[29.525,40.688],[27.764,40.287],[26.765,40.377],[26.128,39.879],[26.708,39.182],[27.16,37.36],[27.999,36.909],[29.002,36.695],[29.298,36.173],[30.473,36.188],[30.594,36.762],[31.371,36.712],[32.335,36.128],[33.171,35.971],[34.485,36.627],[35.709,36.212],[35.873,34.422],[34.843,32.671],[34.501,31.621],[33.558,30.968],[32.077,31.014],[31.717,31.388],[30.996,31.469],[30.099,31.232],[29.249,30.754],[27.763,31.183],[26.143,31.491],[25.258,31.438],[24.816,31.907],[23.153,32.139],[22.543,32.722],[21.673,32.816],[20.366,32.298],[19.942,31.611],[20.117,30.957],[19.664,30.442],[18.915,30.205],[17.422,30.996],[15.843,31.285],[15.01,32.363],[14.157,32.679],[12.565,32.74],[10.413,33.631],[10.019,34.081],[11.125,35.241],[10.133,37.105],[9.416,37.275],[8.637,36.885],[5.144,36.668],[3.741,36.837],[3.324,36.651],[1.058,36.462],[0.199,36.033],[-1.147,35.629],[-2.193,35.054],[-1.738,34.605],[-1.681,33.258],[-1.066,32.45],[0.873,31.986],[6.269,31.873],[8.021,33.02]]],[[[38.527,18.161],[37.398,18.915],[37.165,20.764],[35.96,19.418],[36.45,18.07],[37.431,17.702],[38.527,18.161]]],[[[32.817,34.539],[33.925,34.953],[32.819,35.282],[32.817,34.539]]]]}},{"type":"Feature","properties":{"kind":"label","name":"Atakapa","subjecto":"Atakapa","area":4.48},"geometry":{"type":"Point","coordinates":[-95.115,30.095]}},{"type":"Feature","properties":{"kind":"label","name":"Cuba (Spain)","subjecto":"Cuba (Spain)","area":8.21},"geometry":{"type":"Point","coordinates":[-76.597,20.636]}},{"type":"Feature","properties":{"kind":"label","name":"Hispaniola (Spain)","subjecto":"Hispaniola (Spain)","area":5.57},"geometry":{"type":"Point","coordinates":[-71.642,18.965]}},{"type":"Feature","properties":{"kind":"label","name":"Madagascar","subjecto":"Madagascar","area":50.13},"geometry":{"type":"Point","coordinates":[48.554,-15.654]}},{"type":"Feature","properties":{"kind":"label","name":"Maoris","subjecto":"Maoris","area":15.46},"geometry":{"type":"Point","coordinates":[169.269,-45.267]}},{"type":"Feature","properties":{"kind":"label","name":"Portugal","subjecto":"Portugal","area":9.44},"geometry":{"type":"Point","coordinates":[-8.057,39.465]}},{"type":"Feature","properties":{"kind":"label","name":"Malaysian Islamic states","subjecto":"Malaysian Islamic states","area":56.3},"geometry":{"type":"Point","coordinates":[113.668,-0.008]}},{"type":"Feature","properties":{"kind":"label","name":"Hausa States","subjecto":"Hausa States","area":21.32},"geometry":{"type":"Point","coordinates":[6.769,12.662]}},{"type":"Feature","properties":{"kind":"label","name":"Papal States","subjecto":"Papal States","area":4.35},"geometry":{"type":"Point","coordinates":[13.032,42.978]}},{"type":"Feature","properties":{"kind":"label","name":"Merina Kingdom","subjecto":"Merina Kingdom","area":12.88},"geometry":{"type":"Point","coordinates":[47.24,-20.046]}},{"type":"Feature","properties":{"kind":"label","name":"Mossi States","subjecto":"Mossi States","area":9.09},"geometry":{"type":"Point","coordinates":[-1.874,12.326]}},{"type":"Feature","properties":{"kind":"label","name":"Wadai","subjecto":"Wadai","area":9.06},"geometry":{"type":"Point","coordinates":[21.136,14.311]}},{"type":"Feature","properties":{"kind":"label","name":"Darfur","subjecto":"Darfur","area":30.02},"geometry":{"type":"Point","coordinates":[27.013,15.438]}},{"type":"Feature","properties":{"kind":"label","name":"Lunda","subjecto":"Lunda","area":22.57},"geometry":{"type":"Point","coordinates":[21.254,-8.847]}},{"type":"Feature","properties":{"kind":"label","name":"Luba","subjecto":"Luba","area":27.56},"geometry":{"type":"Point","coordinates":[27.408,-7.399]}},{"type":"Feature","properties":{"kind":"label","name":"Congo","subjecto":"Congo","area":6.38},"geometry":{"type":"Point","coordinates":[14.088,-6.313]}},{"type":"Feature","properties":{"kind":"label","name":"Sardinia","subjecto":"Sardinia","area":2.4},"geometry":{"type":"Point","coordinates":[9.066,40.384]}},{"type":"Feature","properties":{"kind":"label","name":"Naples","subjecto":"Naples","area":6.61},"geometry":{"type":"Point","coordinates":[15.34,41.14]}},{"type":"Feature","properties":{"kind":"label","name":"Sicily","subjecto":"Sicily","area":2.27},"geometry":{"type":"Point","coordinates":[14.538,37.526]}},{"type":"Feature","properties":{"kind":"label","name":"Đại Việt","subjecto":"Đại Việt","area":23.66},"geometry":{"type":"Point","coordinates":[105.293,21.701]}},{"type":"Feature","properties":{"kind":"label","name":"Cambodia","subjecto":"Cambodia","area":13.82},"geometry":{"type":"Point","coordinates":[105.302,11.726]}},{"type":"Feature","properties":{"kind":"label","name":"Oman","subjecto":"Oman","area":3.41},"geometry":{"type":"Point","coordinates":[58.845,22.238]}},{"type":"Feature","properties":{"kind":"label","name":"Astrakhan Khanate","subjecto":"Nogai Horde","area":27.08},"geometry":{"type":"Point","coordinates":[42.01,44.629]}},{"type":"Feature","properties":{"kind":"label","name":"Britany","subjecto":"Britany","area":2.43},"geometry":{"type":"Point","coordinates":[-2.85,48.146]}},{"type":"Feature","properties":{"kind":"label","name":"Venice","subjecto":"Venice","area":4.51},"geometry":{"type":"Point","coordinates":[12.666,46.226]}},{"type":"Feature","properties":{"kind":"label","name":"Benin","subjecto":"Benin","area":7.35},"geometry":{"type":"Point","coordinates":[5.993,7.264]}},{"type":"Feature","properties":{"kind":"label","name":"Hadramaut","subjecto":"Hadramaut","area":10.25},"geometry":{"type":"Point","coordinates":[48.229,15.253]}},{"type":"Feature","properties":{"kind":"label","name":"Mahra","subjecto":"Mahra","area":9.64},"geometry":{"type":"Point","coordinates":[53.57,18.03]}},{"type":"Feature","properties":{"kind":"label","name":"Gharra","subjecto":"Gharra","area":8.16},"geometry":{"type":"Point","coordinates":[55.785,19.135]}},{"type":"Feature","properties":{"kind":"label","name":"Inca Empire","subjecto":"Inca Empire","area":98.75},"geometry":{"type":"Point","coordinates":[-68.693,-17.447]}},{"type":"Feature","properties":{"kind":"label","name":"Karankawa","subjecto":"Karankawa","area":2.03},"geometry":{"type":"Point","coordinates":[-96.344,28.892]}},{"type":"Feature","properties":{"kind":"label","name":"Mayas","subjecto":"Mayas","area":7.51},"geometry":{"type":"Point","coordinates":[-88.803,20.268]}},{"type":"Feature","properties":{"kind":"label","name":"Senegal","subjecto":"Senegal","area":26.97},"geometry":{"type":"Point","coordinates":[-13.719,12.998]}},{"type":"Feature","properties":{"kind":"label","name":"Oyo","subjecto":"Oyo","area":4.79},"geometry":{"type":"Point","coordinates":[3.854,9.084]}},{"type":"Feature","properties":{"kind":"label","name":"Akan","subjecto":"Akan","area":4.51},"geometry":{"type":"Point","coordinates":[0.222,6.432]}},{"type":"Feature","properties":{"kind":"label","name":"Songhai","subjecto":"Songhai","area":60.84},"geometry":{"type":"Point","coordinates":[-2.403,17.089]}},{"type":"Feature","properties":{"kind":"label","name":"Mwenemutapa","subjecto":"Mwenemutapa","area":17.22},"geometry":{"type":"Point","coordinates":[32.844,-20.294]}},{"type":"Feature","properties":{"kind":"label","name":"Oromo","subjecto":"Oromo","area":27.49},"geometry":{"type":"Point","coordinates":[39.687,3.68]}},{"type":"Feature","properties":{"kind":"label","name":"Adal","subjecto":"Adal","area":28.1},"geometry":{"type":"Point","coordinates":[45.768,9.036]}},{"type":"Feature","properties":{"kind":"label","name":"Ethiopia","subjecto":"Ethiopia","area":40.58},"geometry":{"type":"Point","coordinates":[38.884,10.416]}},{"type":"Feature","properties":{"kind":"label","name":"Islamic city-states","subjecto":"Islamic city-states","area":19.61},"geometry":{"type":"Point","coordinates":[40.144,-1.941]}},{"type":"Feature","properties":{"kind":"label","name":"Safavid Empire","subjecto":"Safavid Empire","area":155.22},"geometry":{"type":"Point","coordinates":[57.338,32.531]}},{"type":"Feature","properties":{"kind":"label","name":"Mughal Empire","subjecto":"Mughal Empire","area":142.44},"geometry":{"type":"Point","coordinates":[74.601,33.367]}},{"type":"Feature","properties":{"kind":"label","name":"Rajputana","subjecto":"Rajputana","area":27.89},"geometry":{"type":"Point","coordinates":[72.161,26.114]}},{"type":"Feature","properties":{"kind":"label","name":"Vijayanagara","subjecto":"Vijayanagara","area":34.66},"geometry":{"type":"Point","coordinates":[77.521,13.604]}},{"type":"Feature","properties":{"kind":"label","name":"Orissa","subjecto":"Orissa","area":4.28},"geometry":{"type":"Point","coordinates":[82.444,17.756]}},{"type":"Feature","properties":{"kind":"label","name":"Bengal","subjecto":"Bengal","area":12.75},"geometry":{"type":"Point","coordinates":[88.424,23.18]}},{"type":"Feature","properties":{"kind":"label","name":"Tibet","subjecto":"Tibet","area":198.02},"geometry":{"type":"Point","coordinates":[96.712,33.15]}},{"type":"Feature","properties":{"kind":"label","name":"Islamic and Hindu states","subjecto":"Islamic and Hindu states","area":178.37},"geometry":{"type":"Point","coordinates":[65.283,28.508]}},{"type":"Feature","properties":{"kind":"label","name":"Burmese kingdoms","subjecto":"Burmese kingdoms","area":17.07},"geometry":{"type":"Point","coordinates":[96.354,20.467]}},{"type":"Feature","properties":{"kind":"label","name":"Pegu","subjecto":"Pegu","area":8.65},"geometry":{"type":"Point","coordinates":[95.704,17.406]}},{"type":"Feature","properties":{"kind":"label","name":"Laos","subjecto":"Laos","area":12.62},"geometry":{"type":"Point","coordinates":[101.446,21.036]}},{"type":"Feature","properties":{"kind":"label","name":"Shan states","subjecto":"Shan states","area":25.87},"geometry":{"type":"Point","coordinates":[96.174,26.264]}},{"type":"Feature","properties":{"kind":"label","name":"Ming Chinese Empire","subjecto":"Ming Chinese Empire","area":622.11},"geometry":{"type":"Point","coordinates":[110.848,30.922]}},{"type":"Feature","properties":{"kind":"label","name":"central Asian khanates","subjecto":"central Asian khanates","area":11.89},"geometry":{"type":"Point","coordinates":[57.266,74.44]}},{"type":"Feature","properties":{"kind":"label","name":"Saylan","subjecto":"Saylan","area":5.01},"geometry":{"type":"Point","coordinates":[80.702,7.507]}},{"type":"Feature","properties":{"kind":"label","name":"Aceh","subjecto":"Aceh","area":1.28},"geometry":{"type":"Point","coordinates":[96.029,4.789]}},{"type":"Feature","properties":{"kind":"label","name":"Malacca","subjecto":"Malacca","area":9.2},"geometry":{"type":"Point","coordinates":[101.726,-0.071]}},{"type":"Feature","properties":{"kind":"label","name":"Scotland","subjecto":"Scotland","area":8.69},"geometry":{"type":"Point","coordinates":[-3.847,56.371]}},{"type":"Feature","properties":{"kind":"label","name":"England and Ireland","subjecto":"England and Ireland","area":17.89},"geometry":{"type":"Point","coordinates":[-1.514,52.471]}},{"type":"Feature","properties":{"kind":"label","name":"Habsburg Netherlands","subjecto":"Habsburg Netherlands","area":7.96},"geometry":{"type":"Point","coordinates":[4.793,51.021]}},{"type":"Feature","properties":{"kind":"label","name":"Prussia","subjecto":"Prussia","area":6.28},"geometry":{"type":"Point","coordinates":[20.53,53.952]}},{"type":"Feature","properties":{"kind":"label","name":"Watassid Morocco","subjecto":"Watassid Morocco","area":34.72},"geometry":{"type":"Point","coordinates":[-5.836,32.229]}},{"type":"Feature","properties":{"kind":"label","name":"Holy Roman Empire","subjecto":"Holy Roman Empire","area":87.06},"geometry":{"type":"Point","coordinates":[12.383,50.479]}},{"type":"Feature","properties":{"kind":"label","name":"Florence","subjecto":"Florence","area":4.39},"geometry":{"type":"Point","coordinates":[11.166,43.792]}},{"type":"Feature","properties":{"kind":"label","name":"Genoa","subjecto":"Genoa","area":0.97},"geometry":{"type":"Point","coordinates":[9.125,44.521]}},{"type":"Feature","properties":{"kind":"label","name":"Navaho","subjecto":"Navaho","area":8.5},"geometry":{"type":"Point","coordinates":[-109.273,36.214]}},{"type":"Feature","properties":{"kind":"label","name":"Shawnee","subjecto":"Shawnee","area":17.62},"geometry":{"type":"Point","coordinates":[-85.972,37.366]}},{"type":"Feature","properties":{"kind":"label","name":"Chtimacha","subjecto":"Chtimacha","area":1.42},"geometry":{"type":"Point","coordinates":[-90.19,29.531]}},{"type":"Feature","properties":{"kind":"label","name":"Delaware","subjecto":"Delaware","area":5.77},"geometry":{"type":"Point","coordinates":[-74.773,41.353]}},{"type":"Feature","properties":{"kind":"label","name":"Comanche","subjecto":"Comanche","area":20.88},"geometry":{"type":"Point","coordinates":[-101.991,33.777]}},{"type":"Feature","properties":{"kind":"label","name":"Pawnee","subjecto":"Pawnee","area":11.85},"geometry":{"type":"Point","coordinates":[-98.584,40.703]}},{"type":"Feature","properties":{"kind":"label","name":"Cheyenne","subjecto":"Cheyenne","area":7},"geometry":{"type":"Point","coordinates":[-104.067,43.709]}},{"type":"Feature","properties":{"kind":"label","name":"Alabama","subjecto":"Alabama","area":1.57},"geometry":{"type":"Point","coordinates":[-86.508,32.388]}},{"type":"Feature","properties":{"kind":"label","name":"Tunica","subjecto":"Tunica","area":1.47},"geometry":{"type":"Point","coordinates":[-91.11,32.454]}},{"type":"Feature","properties":{"kind":"label","name":"Apalachee","subjecto":"Apalachee","area":0.55},"geometry":{"type":"Point","coordinates":[-84.861,30.108]}},{"type":"Feature","properties":{"kind":"label","name":"Crow","subjecto":"Crow","area":19.58},"geometry":{"type":"Point","coordinates":[-106.524,45.753]}},{"type":"Feature","properties":{"kind":"label","name":"Wichita","subjecto":"Wichita","area":11.75},"geometry":{"type":"Point","coordinates":[-98.049,33.244]}},{"type":"Feature","properties":{"kind":"label","name":"Illinois","subjecto":"Illinois","area":23.8},"geometry":{"type":"Point","coordinates":[-89.878,39.951]}},{"type":"Feature","properties":{"kind":"label","name":"Ninticoy","subjecto":"Ninticoy","area":0.56},"geometry":{"type":"Point","coordinates":[-75.427,38.372]}},{"type":"Feature","properties":{"kind":"label","name":"Wappynger","subjecto":"Wappynger","area":1.07},"geometry":{"type":"Point","coordinates":[-72.934,41.651]}},{"type":"Feature","properties":{"kind":"label","name":"Mahican","subjecto":"Mahican","area":3.03},"geometry":{"type":"Point","coordinates":[-73.64,42.465]}},{"type":"Feature","properties":{"kind":"label","name":"Pocumtuk","subjecto":"Pocumtuk","area":0.84},"geometry":{"type":"Point","coordinates":[-72.655,42.337]}},{"type":"Feature","properties":{"kind":"label","name":"Abnaki","subjecto":"Abnaki","area":9.19},"geometry":{"type":"Point","coordinates":[-69.14,45.625]}},{"type":"Feature","properties":{"kind":"label","name":"Massachusett","subjecto":"Massachusett","area":0.36},"geometry":{"type":"Point","coordinates":[-71.223,42.227]}},{"type":"Feature","properties":{"kind":"label","name":"Susquehanna","subjecto":"Susquehanna","area":6.77},"geometry":{"type":"Point","coordinates":[-77.035,41.018]}},{"type":"Feature","properties":{"kind":"label","name":"Arapaho","subjecto":"Arapaho","area":19.96},"geometry":{"type":"Point","coordinates":[-102.314,39.405]}},{"type":"Feature","properties":{"kind":"label","name":"Kiowa","subjecto":"Kiowa","area":15.92},"geometry":{"type":"Point","coordinates":[-98.889,36.889]}},{"type":"Feature","properties":{"kind":"label","name":"Tonkawa","subjecto":"Tonkawa","area":8.09},"geometry":{"type":"Point","coordinates":[-96.776,30.207]}},{"type":"Feature","properties":{"kind":"label","name":"Hopie","subjecto":"Hopie","area":0.71},"geometry":{"type":"Point","coordinates":[-110.449,35.634]}},{"type":"Feature","properties":{"kind":"label","name":"Yavapai","subjecto":"Yavapai","area":4.61},"geometry":{"type":"Point","coordinates":[-112.542,34.191]}},{"type":"Feature","properties":{"kind":"label","name":"Serano","subjecto":"Serano","area":3.07},"geometry":{"type":"Point","coordinates":[-116.919,34.829]}},{"type":"Feature","properties":{"kind":"label","name":"Riro","subjecto":"Riro","area":0.78},"geometry":{"type":"Point","coordinates":[-106.858,34.048]}},{"type":"Feature","properties":{"kind":"label","name":"Arikara","subjecto":"Arikara","area":1.61},"geometry":{"type":"Point","coordinates":[-100.545,45.281]}},{"type":"Feature","properties":{"kind":"label","name":"Miwok","subjecto":"Miwok","area":1.76},"geometry":{"type":"Point","coordinates":[-120.113,38.331]}},{"type":"Feature","properties":{"kind":"label","name":"Yankton","subjecto":"Yankton","area":9.27},"geometry":{"type":"Point","coordinates":[-95.818,43.393]}},{"type":"Feature","properties":{"kind":"label","name":"Kwakwaka'wakw","subjecto":"Kwakwaka'wakw","area":2.79},"geometry":{"type":"Point","coordinates":[-125.869,49.927]}},{"type":"Feature","properties":{"kind":"label","name":"T'atsaot'ine","subjecto":"T'atsaot'ine","area":243.12},"geometry":{"type":"Point","coordinates":[-105.355,63.656]}},{"type":"Feature","properties":{"kind":"label","name":"Naskapi Innu","subjecto":"Naskapi Innu","area":56.94},"geometry":{"type":"Point","coordinates":[-73.906,59.485]}},{"type":"Feature","properties":{"kind":"label","name":"Caloosahatchee culture","subjecto":"Caloosahatchee culture","area":6.26},"geometry":{"type":"Point","coordinates":[-81.402,27.436]}},{"type":"Feature","properties":{"kind":"label","name":"Cree","subjecto":"Cree","area":131.58},"geometry":{"type":"Point","coordinates":[-97.178,56.024]}},{"type":"Feature","properties":{"kind":"label","name":"Guanches","subjecto":"Guanches","area":0.08},"geometry":{"type":"Point","coordinates":[-14.195,28.221]}},{"type":"Feature","properties":{"kind":"label","name":"Papuans","subjecto":"Papuans","area":62.35},"geometry":{"type":"Point","coordinates":[141.603,-5.97]}},{"type":"Feature","properties":{"kind":"label","name":"Natchez","subjecto":"Natchez","area":2.23},"geometry":{"type":"Point","coordinates":[-92.058,31.225]}},{"type":"Feature","properties":{"kind":"label","name":"Lipan","subjecto":"Lipan","area":5.48},"geometry":{"type":"Point","coordinates":[-99.787,29.549]}},{"type":"Feature","properties":{"kind":"label","name":"Caddo","subjecto":"Caddo","area":12.12},"geometry":{"type":"Point","coordinates":[-93.286,33.142]}},{"type":"Feature","properties":{"kind":"label","name":"Pennacook","subjecto":"Pennacook","area":3.51},"geometry":{"type":"Point","coordinates":[-71.664,43.711]}},{"type":"Feature","properties":{"kind":"label","name":"Kawahsu","subjecto":"Kawahsu","area":1.37},"geometry":{"type":"Point","coordinates":[-117.485,35.626]}},{"type":"Feature","properties":{"kind":"label","name":"Yokuts","subjecto":"Yokuts","area":4.79},"geometry":{"type":"Point","coordinates":[-120.226,37.003]}},{"type":"Feature","properties":{"kind":"label","name":"Shoshoni","subjecto":"Shoshoni","area":56.06},"geometry":{"type":"Point","coordinates":[-113.477,42.672]}},{"type":"Feature","properties":{"kind":"label","name":"Pomo","subjecto":"Pomo","area":1.05},"geometry":{"type":"Point","coordinates":[-123.288,39.187]}},{"type":"Feature","properties":{"kind":"label","name":"Biloxi","subjecto":"Biloxi","area":0.11},"geometry":{"type":"Point","coordinates":[-88.386,30.508]}},{"type":"Feature","properties":{"kind":"label","name":"Cayuse","subjecto":"Cayuse","area":2.02},"geometry":{"type":"Point","coordinates":[-118.323,45.51]}},{"type":"Feature","properties":{"kind":"label","name":"Beothuk","subjecto":"Beothuk","area":11.84},"geometry":{"type":"Point","coordinates":[-56.973,48.841]}},{"type":"Feature","properties":{"kind":"label","name":"Montagnais Innu","subjecto":"Montagnais Innu","area":30.99},"geometry":{"type":"Point","coordinates":[-61.638,52.404]}},{"type":"Feature","properties":{"kind":"label","name":"Missouri","subjecto":"Missouri","area":4.96},"geometry":{"type":"Point","coordinates":[-92.908,39.437]}},{"type":"Feature","properties":{"kind":"label","name":"Kansa","subjecto":"Kansa","area":4.02},"geometry":{"type":"Point","coordinates":[-96.524,39.333]}},{"type":"Feature","properties":{"kind":"label","name":"Osage","subjecto":"Osage","area":21.79},"geometry":{"type":"Point","coordinates":[-94.065,36.678]}},{"type":"Feature","properties":{"kind":"label","name":"Quapaw","subjecto":"Quapaw","area":8.07},"geometry":{"type":"Point","coordinates":[-91.092,34.945]}},{"type":"Feature","properties":{"kind":"label","name":"Papago","subjecto":"Papago","area":4.45},"geometry":{"type":"Point","coordinates":[-112.741,31.882]}},{"type":"Feature","properties":{"kind":"label","name":"Luiseno","subjecto":"Luiseno","area":1.05},"geometry":{"type":"Point","coordinates":[-117.336,33.745]}},{"type":"Feature","properties":{"kind":"label","name":"Houma","subjecto":"Houma","area":0.5},"geometry":{"type":"Point","coordinates":[-90.822,31.006]}},{"type":"Feature","properties":{"kind":"label","name":"Cusabo","subjecto":"Cusabo","area":0.68},"geometry":{"type":"Point","coordinates":[-80.541,32.57]}},{"type":"Feature","properties":{"kind":"label","name":"Yuchi","subjecto":"Yuchi","area":2.22},"geometry":{"type":"Point","coordinates":[-84.601,35.555]}},{"type":"Feature","properties":{"kind":"label","name":"Cherokee","subjecto":"Cherokee","area":6.51},"geometry":{"type":"Point","coordinates":[-82.478,36.306]}},{"type":"Feature","properties":{"kind":"label","name":"Zuni","subjecto":"Zuni","area":0.72},"geometry":{"type":"Point","coordinates":[-108.877,34.981]}},{"type":"Feature","properties":{"kind":"label","name":"Mescalero","subjecto":"Mescalero","area":19.92},"geometry":{"type":"Point","coordinates":[-105.208,32.995]}},{"type":"Feature","properties":{"kind":"label","name":"Jicarilla","subjecto":"Jicarilla","area":3.99},"geometry":{"type":"Point","coordinates":[-103.834,36.622]}},{"type":"Feature","properties":{"kind":"label","name":"Cahulia","subjecto":"Cahulia","area":1.22},"geometry":{"type":"Point","coordinates":[-116.269,33.658]}},{"type":"Feature","properties":{"kind":"label","name":"Walapai","subjecto":"Walapai","area":1.76},"geometry":{"type":"Point","coordinates":[-113.776,35.399]}},{"type":"Feature","properties":{"kind":"label","name":"Tano","subjecto":"Tano","area":0.42},"geometry":{"type":"Point","coordinates":[-105.94,35.164]}},{"type":"Feature","properties":{"kind":"label","name":"Pewa","subjecto":"Pewa","area":0.54},"geometry":{"type":"Point","coordinates":[-105.892,35.71]}},{"type":"Feature","properties":{"kind":"label","name":"Ute","subjecto":"Ute","area":29.5},"geometry":{"type":"Point","coordinates":[-107.964,38.82]}},{"type":"Feature","properties":{"kind":"label","name":"Nayarit","subjecto":"Nayarit","area":4.31},"geometry":{"type":"Point","coordinates":[-104.658,21.115]}},{"type":"Feature","properties":{"kind":"label","name":"Timucua","subjecto":"Timucua","area":5.16},"geometry":{"type":"Point","coordinates":[-82.385,29.985]}},{"type":"Feature","properties":{"kind":"label","name":"Catawba","subjecto":"Catawba","area":12.39},"geometry":{"type":"Point","coordinates":[-79.797,35.136]}},{"type":"Feature","properties":{"kind":"label","name":"Conoy","subjecto":"Conoy","area":1.85},"geometry":{"type":"Point","coordinates":[-77.533,39.269]}},{"type":"Feature","properties":{"kind":"label","name":"Assiniboin","subjecto":"Assiniboin","area":43.04},"geometry":{"type":"Point","coordinates":[-102.535,50.261]}},{"type":"Feature","properties":{"kind":"label","name":"Blackfoot","subjecto":"Blackfoot","area":14.17},"geometry":{"type":"Point","coordinates":[-111.996,48.449]}},{"type":"Feature","properties":{"kind":"label","name":"Aaniiih","subjecto":"Gros Ventre","area":8.7},"geometry":{"type":"Point","coordinates":[-108.873,48.439]}},{"type":"Feature","properties":{"kind":"label","name":"Oto","subjecto":"Oto","area":1.62},"geometry":{"type":"Point","coordinates":[-96.378,40.625]}},{"type":"Feature","properties":{"kind":"label","name":"Iowa","subjecto":"Iowa","area":8.41},"geometry":{"type":"Point","coordinates":[-93.256,41.472]}},{"type":"Feature","properties":{"kind":"label","name":"Omaha","subjecto":"Omaha","area":2},"geometry":{"type":"Point","coordinates":[-96.742,41.994]}},{"type":"Feature","properties":{"kind":"label","name":"Ponca","subjecto":"Ponca","area":3.51},"geometry":{"type":"Point","coordinates":[-100.053,43.448]}},{"type":"Feature","properties":{"kind":"label","name":"Santee","subjecto":"Santee","area":16.31},"geometry":{"type":"Point","coordinates":[-95.076,45.967]}},{"type":"Feature","properties":{"kind":"label","name":"Teton","subjecto":"Teton","area":15.6},"geometry":{"type":"Point","coordinates":[-102.488,46.097]}},{"type":"Feature","properties":{"kind":"label","name":"Mandan","subjecto":"Mandan","area":0.45},"geometry":{"type":"Point","coordinates":[-100.92,46.669]}},{"type":"Feature","properties":{"kind":"label","name":"Yankontai","subjecto":"Yankontai","area":10.71},"geometry":{"type":"Point","coordinates":[-98.652,45.974]}},{"type":"Feature","properties":{"kind":"label","name":"Fox","subjecto":"Fox","area":1.88},"geometry":{"type":"Point","coordinates":[-89.784,44.572]}},{"type":"Feature","properties":{"kind":"label","name":"Obiwa","subjecto":"Obiwa","area":72.33},"geometry":{"type":"Point","coordinates":[-92.272,49.825]}},{"type":"Feature","properties":{"kind":"label","name":"Winebago","subjecto":"Winebago","area":1.06},"geometry":{"type":"Point","coordinates":[-88.243,43.281]}},{"type":"Feature","properties":{"kind":"label","name":"Erie","subjecto":"Erie","area":12.96},"geometry":{"type":"Point","coordinates":[-79.533,41.31]}},{"type":"Feature","properties":{"kind":"label","name":"Potawatomi","subjecto":"Potawatomi","area":10.39},"geometry":{"type":"Point","coordinates":[-84.767,43.807]}},{"type":"Feature","properties":{"kind":"label","name":"Miami","subjecto":"Miami","area":4.94},"geometry":{"type":"Point","coordinates":[-86.499,40.932]}},{"type":"Feature","properties":{"kind":"label","name":"Menomini","subjecto":"Menomini","area":3.75},"geometry":{"type":"Point","coordinates":[-87.677,45.875]}},{"type":"Feature","properties":{"kind":"label","name":"Iroquois","subjecto":"Iroquois","area":9.07},"geometry":{"type":"Point","coordinates":[-74.981,43.68]}},{"type":"Feature","properties":{"kind":"label","name":"Hitchiti","subjecto":"Hitchiti","area":5.81},"geometry":{"type":"Point","coordinates":[-83.448,31.96]}},{"type":"Feature","properties":{"kind":"label","name":"Choctaw","subjecto":"Choctaw","area":8.74},"geometry":{"type":"Point","coordinates":[-89.25,31.354]}},{"type":"Feature","properties":{"kind":"label","name":"Chickasaw","subjecto":"Chickasaw","area":9.64},"geometry":{"type":"Point","coordinates":[-88.092,34.611]}},{"type":"Feature","properties":{"kind":"label","name":"Naniaho","subjecto":"Naniaho","area":2.31},"geometry":{"type":"Point","coordinates":[-87.485,31.065]}},{"type":"Feature","properties":{"kind":"label","name":"Knucati","subjecto":"Knucati","area":3.03},"geometry":{"type":"Point","coordinates":[-86.152,34.327]}},{"type":"Feature","properties":{"kind":"label","name":"Chumash","subjecto":"Chumash","area":2.01},"geometry":{"type":"Point","coordinates":[-120.04,35.017]}},{"type":"Feature","properties":{"kind":"label","name":"Kalapuya","subjecto":"Kalapuya","area":2.11},"geometry":{"type":"Point","coordinates":[-122.726,44.131]}},{"type":"Feature","properties":{"kind":"label","name":"Nez Perce","subjecto":"Nez Perce","area":5.71},"geometry":{"type":"Point","coordinates":[-116.478,45.818]}},{"type":"Feature","properties":{"kind":"label","name":"Kalispel","subjecto":"Kalispel","area":1.5},"geometry":{"type":"Point","coordinates":[-116.984,48.299]}},{"type":"Feature","properties":{"kind":"label","name":"Flathead","subjecto":"Flathead","area":7.35},"geometry":{"type":"Point","coordinates":[-114.587,47.65]}},{"type":"Feature","properties":{"kind":"label","name":"Yakima","subjecto":"Yakima","area":2.3},"geometry":{"type":"Point","coordinates":[-120.231,46.364]}},{"type":"Feature","properties":{"kind":"label","name":"Umatilla","subjecto":"Umatilla","area":0.79},"geometry":{"type":"Point","coordinates":[-119.601,45.568]}},{"type":"Feature","properties":{"kind":"label","name":"Tenimo","subjecto":"Tenimo","area":1.97},"geometry":{"type":"Point","coordinates":[-120.519,45.205]}},{"type":"Feature","properties":{"kind":"label","name":"Modoc","subjecto":"Modoc","area":1},"geometry":{"type":"Point","coordinates":[-121.438,41.92]}},{"type":"Feature","properties":{"kind":"label","name":"Maiou","subjecto":"Maiou","area":1.53},"geometry":{"type":"Point","coordinates":[-121.08,40.076]}},{"type":"Feature","properties":{"kind":"label","name":"Kijkitat","subjecto":"Kijkitat","area":1.11},"geometry":{"type":"Point","coordinates":[-121.61,46.127]}},{"type":"Feature","properties":{"kind":"label","name":"Spokane","subjecto":"Spokane","area":1.59},"geometry":{"type":"Point","coordinates":[-117.963,47.509]}},{"type":"Feature","properties":{"kind":"label","name":"Northern Paiute","subjecto":"Northern Paiute","area":25.69},"geometry":{"type":"Point","coordinates":[-118.655,42.925]}},{"type":"Feature","properties":{"kind":"label","name":"Southern Paiute","subjecto":"Southern Paiute","area":12.57},"geometry":{"type":"Point","coordinates":[-113.497,37.497]}},{"type":"Feature","properties":{"kind":"label","name":"Havasupai","subjecto":"Havasupai","area":1.57},"geometry":{"type":"Point","coordinates":[-112.536,35.702]}},{"type":"Feature","properties":{"kind":"label","name":"Cochimí","subjecto":"Cochimí","area":5.37},"geometry":{"type":"Point","coordinates":[-113.076,27.339]}},{"type":"Feature","properties":{"kind":"label","name":"Pima","subjecto":"Pima","area":4.08},"geometry":{"type":"Point","coordinates":[-111.312,32.605]}},{"type":"Feature","properties":{"kind":"label","name":"Chiricahua","subjecto":"Chiricahua","area":8.74},"geometry":{"type":"Point","coordinates":[-108.315,32.733]}},{"type":"Feature","properties":{"kind":"label","name":"Tutelo","subjecto":"Tutelo","area":5},"geometry":{"type":"Point","coordinates":[-78.498,37.8]}},{"type":"Feature","properties":{"kind":"label","name":"Guachimis","subjecto":"Guachimis","area":5.6},"geometry":{"type":"Point","coordinates":[-115.535,31.022]}},{"type":"Feature","properties":{"kind":"label","name":"Kamia","subjecto":"Kamia","area":1.55},"geometry":{"type":"Point","coordinates":[-115.656,32.792]}},{"type":"Feature","properties":{"kind":"label","name":"Yuma","subjecto":"Yuma","area":1.63},"geometry":{"type":"Point","coordinates":[-114.565,32.56]}},{"type":"Feature","properties":{"kind":"label","name":"Saunan","subjecto":"Saunan","area":1.12},"geometry":{"type":"Point","coordinates":[-121.039,36.1]}},{"type":"Feature","properties":{"kind":"label","name":"Costanoan","subjecto":"Costanoan","area":1.77},"geometry":{"type":"Point","coordinates":[-121.745,37.112]}},{"type":"Feature","properties":{"kind":"label","name":"Patwin","subjecto":"Patwin","area":1.9},"geometry":{"type":"Point","coordinates":[-121.818,38.976]}},{"type":"Feature","properties":{"kind":"label","name":"Polynesians","subjecto":"Polynesians","area":0.72},"geometry":{"type":"Point","coordinates":[-155.622,19.642]}},{"type":"Feature","properties":{"kind":"label","name":"Yup'ik & Cup'ik","subjecto":"Yup'ik & Cup'ik","area":35.83},"geometry":{"type":"Point","coordinates":[-160.531,61.041]}},{"type":"Feature","properties":{"kind":"label","name":"Suspiaq","subjecto":"Suspiaq","area":6.87},"geometry":{"type":"Point","coordinates":[-156.609,58.13]}},{"type":"Feature","properties":{"kind":"label","name":"Shuar","subjecto":"Shuar","area":1.33},"geometry":{"type":"Point","coordinates":[-77.882,-2.411]}},{"type":"Feature","properties":{"kind":"label","name":"Inupiaq","subjecto":"Inupiaq","area":118.82},"geometry":{"type":"Point","coordinates":[-157.955,67.476]}},{"type":"Feature","properties":{"kind":"label","name":"Eyaq","subjecto":"Eyaq","area":42.78},"geometry":{"type":"Point","coordinates":[-132.652,58.583]}},{"type":"Feature","properties":{"kind":"label","name":"Tecuexe","subjecto":"Tecuexe","area":1.17},"geometry":{"type":"Point","coordinates":[-102.697,20.95]}},{"type":"Feature","properties":{"kind":"label","name":"Zacatecs","subjecto":"Zacatecs","area":7.9},"geometry":{"type":"Point","coordinates":[-103.667,24.184]}},{"type":"Feature","properties":{"kind":"label","name":"Caxcane","subjecto":"Caxcane","area":0.92},"geometry":{"type":"Point","coordinates":[-103.308,21.586]}},{"type":"Feature","properties":{"kind":"label","name":"Guachichiles","subjecto":"Guachichiles","area":8.83},"geometry":{"type":"Point","coordinates":[-101.484,24.795]}},{"type":"Feature","properties":{"kind":"label","name":"Guamar / Pecchichitane","subjecto":"Guamar / Pecchichitane","area":2.57},"geometry":{"type":"Point","coordinates":[-101.557,21.552]}},{"type":"Feature","properties":{"kind":"label","name":"Xecora","subjecto":"Xecora","area":1.67},"geometry":{"type":"Point","coordinates":[-104.532,22.668]}},{"type":"Feature","properties":{"kind":"label","name":"Viceroyalty of New Spain","subjecto":"Viceroyalty of New Spain","area":116.65},"geometry":{"type":"Point","coordinates":[-90.869,16.614]}},{"type":"Feature","properties":{"kind":"label","name":"Tamalipueca","subjecto":"Tamalipueca","area":5.21},"geometry":{"type":"Point","coordinates":[-98.024,25.854]}},{"type":"Feature","properties":{"kind":"label","name":"Apache","subjecto":"Apache","area":31.92},"geometry":{"type":"Point","coordinates":[-106.7,29.202]}},{"type":"Feature","properties":{"kind":"label","name":"Cahitas","subjecto":"Cahitas","area":4.91},"geometry":{"type":"Point","coordinates":[-109.329,27.442]}},{"type":"Feature","properties":{"kind":"label","name":"Tepehuane","subjecto":"Tepehuane","area":5.55},"geometry":{"type":"Point","coordinates":[-105.964,26.066]}},{"type":"Feature","properties":{"kind":"label","name":"Acaxea","subjecto":"Acaxea","area":2.18},"geometry":{"type":"Point","coordinates":[-107.213,25.049]}},{"type":"Feature","properties":{"kind":"label","name":"Chisos","subjecto":"Chisos","area":2.45},"geometry":{"type":"Point","coordinates":[-104.135,27.168]}},{"type":"Feature","properties":{"kind":"label","name":"Otomies","subjecto":"Otomies","area":0.57},"geometry":{"type":"Point","coordinates":[-100.049,21.515]}},{"type":"Feature","properties":{"kind":"label","name":"Irritilas","subjecto":"Irritilas","area":0.98},"geometry":{"type":"Point","coordinates":[-102.94,25.544]}},{"type":"Feature","properties":{"kind":"label","name":"Toboso","subjecto":"Toboso","area":1.66},"geometry":{"type":"Point","coordinates":[-102.691,27.24]}},{"type":"Feature","properties":{"kind":"label","name":"Lagunero","subjecto":"Lagunero","area":1.07},"geometry":{"type":"Point","coordinates":[-103.105,26.238]}},{"type":"Feature","properties":{"kind":"label","name":"Coahuiltec","subjecto":"Coahuiltec","area":12.19},"geometry":{"type":"Point","coordinates":[-100.118,27.042]}},{"type":"Feature","properties":{"kind":"label","name":"Tancalba","subjecto":"Tancalba","area":0.29},"geometry":{"type":"Point","coordinates":[-99.358,24.61]}},{"type":"Feature","properties":{"kind":"label","name":"Pisones","subjecto":"Pisones","area":0.53},"geometry":{"type":"Point","coordinates":[-99.156,23.487]}},{"type":"Feature","properties":{"kind":"label","name":"Janabres","subjecto":"Janabres","area":0.97},"geometry":{"type":"Point","coordinates":[-100.244,23.971]}},{"type":"Feature","properties":{"kind":"label","name":"Maratines","subjecto":"Maratines","area":0.08},"geometry":{"type":"Point","coordinates":[-99.483,23.82]}},{"type":"Feature","properties":{"kind":"label","name":"Muskogee","subjecto":"Muskogee","area":10.61},"geometry":{"type":"Point","coordinates":[-81.646,33.17]}},{"type":"Feature","properties":{"kind":"label","name":"Ainu","subjecto":"Ainu","area":8.32},"geometry":{"type":"Point","coordinates":[142.878,43.282]}},{"type":"Feature","properties":{"kind":"label","name":"Japan (Warring States)","subjecto":"Japan (Warring States)","area":22.95},"geometry":{"type":"Point","coordinates":[139.319,36.388]}},{"type":"Feature","properties":{"kind":"label","name":"Milan","subjecto":"Milan","area":3.42},"geometry":{"type":"Point","coordinates":[8.811,45.463]}},{"type":"Feature","properties":{"kind":"label","name":"Savoy","subjecto":"Savoy","area":3.51},"geometry":{"type":"Point","coordinates":[7.424,45.287]}},{"type":"Feature","properties":{"kind":"label","name":"Swiss Confederation","subjecto":"Swiss Confederation","area":3.71},"geometry":{"type":"Point","coordinates":[8.806,46.957]}},{"type":"Feature","properties":{"kind":"label","name":"Montana","subjecto":"Montana","area":0.31},"geometry":{"type":"Point","coordinates":[-73.289,40.825]}},{"type":"Feature","properties":{"kind":"label","name":"Chatot","subjecto":"Chatot","area":2.23},"geometry":{"type":"Point","coordinates":[-85.973,30.961]}},{"type":"Feature","properties":{"kind":"label","name":"Thompson","subjecto":"Thompson","area":0.21},"geometry":{"type":"Point","coordinates":[-121.372,48.809]}},{"type":"Feature","properties":{"kind":"label","name":"Republic of the Seven Zenden","subjecto":"Republic of the Seven Zenden","area":0.48},"geometry":{"type":"Point","coordinates":[7.719,46.166]}},{"type":"Feature","properties":{"kind":"label","name":"Australian aboriginal hunter-gatherers","subjecto":"Australian aboriginal hunter-gatherers","area":685.37},"geometry":{"type":"Point","coordinates":[131.937,-23.134]}},{"type":"Feature","properties":{"kind":"label","name":"Tasmanian hunter-gatherers","subjecto":"Tasmanian hunter-gatherers","area":6.22},"geometry":{"type":"Point","coordinates":[146.665,-42.372]}},{"type":"Feature","properties":{"kind":"label","name":"Subarctic forest hunter-gatherers","subjecto":"Subarctic forest hunter-gatherers","area":73.2},"geometry":{"type":"Point","coordinates":[-112.336,54.902]}},{"type":"Feature","properties":{"kind":"label","name":"Athabaskan","subjecto":"Athabaskan","area":298.66},"geometry":{"type":"Point","coordinates":[-123.884,59.217]}},{"type":"Feature","properties":{"kind":"label","name":"Caribbean hunter-gatherers","subjecto":"Caribbean hunter-gatherers","area":9.69},"geometry":{"type":"Point","coordinates":[-68.717,9.068]}},{"type":"Feature","properties":{"kind":"label","name":"Amazon hunter-gatherers","subjecto":"Amazon hunter-gatherers","area":261.73},"geometry":{"type":"Point","coordinates":[-61.728,-7.737]}},{"type":"Feature","properties":{"kind":"label","name":"Pampas cultures","subjecto":"Pampas cultures","area":189.36},"geometry":{"type":"Point","coordinates":[-62.91,-34.525]}},{"type":"Feature","properties":{"kind":"label","name":"Savanna hunter-gatherers","subjecto":"Savanna hunter-gatherers","area":263.25},"geometry":{"type":"Point","coordinates":[-58.114,-21.865]}},{"type":"Feature","properties":{"kind":"label","name":"Andean hunter-gatherers","subjecto":"Andean hunter-gatherers","area":18.9},"geometry":{"type":"Point","coordinates":[-72.043,-38.403]}},{"type":"Feature","properties":{"kind":"label","name":"Patagonian shellfish and marine mammal hunters","subjecto":"Patagonian shellfish and marine mammal hunters","area":24.42},"geometry":{"type":"Point","coordinates":[-72.933,-49.405]}},{"type":"Feature","properties":{"kind":"label","name":"Plateau fichers and hunter gatherers","subjecto":"Plateau fichers and hunter gatherers","area":35.03},"geometry":{"type":"Point","coordinates":[-119.856,51.253]}},{"type":"Feature","properties":{"kind":"label","name":"Ottoman Empire","subjecto":"Ottoman Empire","area":402.37},"geometry":{"type":"Point","coordinates":[44.13,37.019]}},{"type":"Feature","properties":{"kind":"label","name":"Bagirmi","subjecto":"Bagirmi","area":9.07},"geometry":{"type":"Point","coordinates":[17.009,12.325]}},{"type":"Feature","properties":{"kind":"label","name":"Kanem-Bornu","subjecto":"Kanem-Bornu","area":41.25},"geometry":{"type":"Point","coordinates":[13.923,15.559]}},{"type":"Feature","properties":{"kind":"label","name":"Poland-Lithuania","subjecto":"Poland-Lithuania","area":115.49},"geometry":{"type":"Point","coordinates":[26.959,52.816]}},{"type":"Feature","properties":{"kind":"label","name":"Korea","subjecto":"Korea","area":13.6},"geometry":{"type":"Point","coordinates":[126.4,39.922]}},{"type":"Feature","properties":{"kind":"label","name":"Itelmen","subjecto":"Itelmen","area":22.54},"geometry":{"type":"Point","coordinates":[157.725,54.757]}},{"type":"Feature","properties":{"kind":"label","name":"Koryaks","subjecto":"Koryaks","area":30.14},"geometry":{"type":"Point","coordinates":[160.462,57.748]}},{"type":"Feature","properties":{"kind":"label","name":"Enets","subjecto":"Enets","area":25.25},"geometry":{"type":"Point","coordinates":[85.403,70.537]}},{"type":"Feature","properties":{"kind":"label","name":"Nenets","subjecto":"Nenets","area":85.08},"geometry":{"type":"Point","coordinates":[80.352,69.388]}},{"type":"Feature","properties":{"kind":"label","name":"Nganasan","subjecto":"Nganasan","area":50.51},"geometry":{"type":"Point","coordinates":[100.011,73.108]}},{"type":"Feature","properties":{"kind":"label","name":"Komi","subjecto":"Komi","area":24.31},"geometry":{"type":"Point","coordinates":[67.95,63.971]}},{"type":"Feature","properties":{"kind":"label","name":"Khanty","subjecto":"Khanty","area":45.52},"geometry":{"type":"Point","coordinates":[78.87,62.863]}},{"type":"Feature","properties":{"kind":"label","name":"Khanate of Sibir","subjecto":"Khanate of Sibir","area":104.42},"geometry":{"type":"Point","coordinates":[71.154,58.719]}},{"type":"Feature","properties":{"kind":"label","name":"Khiva Khanate","subjecto":"Khiva Khanate","area":102.61},"geometry":{"type":"Point","coordinates":[57.862,42.313]}},{"type":"Feature","properties":{"kind":"label","name":"Yukagir","subjecto":"Yukagir","area":16.53},"geometry":{"type":"Point","coordinates":[158.099,69.788]}},{"type":"Feature","properties":{"kind":"label","name":"Tsardom of Muscovy","subjecto":"Tsardom of Muscovy","area":381.28},"geometry":{"type":"Point","coordinates":[53.891,63.368]}},{"type":"Feature","properties":{"kind":"label","name":"Sámi","subjecto":"Sámi","area":59.81},"geometry":{"type":"Point","coordinates":[26.213,68.724]}},{"type":"Feature","properties":{"kind":"label","name":"Sweden","subjecto":"","area":98.18},"geometry":{"type":"Point","coordinates":[25.335,62.519]}},{"type":"Feature","properties":{"kind":"label","name":"Chukchi","subjecto":"Chukchi","area":142.37},"geometry":{"type":"Point","coordinates":[173.326,65.695]}},{"type":"Feature","properties":{"kind":"label","name":"Denmark-Norway","subjecto":"Denmark-Norway","area":53.29},"geometry":{"type":"Point","coordinates":[8.124,60.643]}},{"type":"Feature","properties":{"kind":"label","name":"Mi'kma'ki","subjecto":"Mi'kma'ki","area":13.83},"geometry":{"type":"Point","coordinates":[-65.722,46.516]}},{"type":"Feature","properties":{"kind":"label","name":"Nogai Horde","subjecto":"Nogai Horde","area":232.46},"geometry":{"type":"Point","coordinates":[49.344,52.269]}},{"type":"Feature","properties":{"kind":"label","name":"Kazan Khanate","subjecto":"Kazan Khanate","area":79.61},"geometry":{"type":"Point","coordinates":[59.256,54.744]}},{"type":"Feature","properties":{"kind":"label","name":"Quazaq Khanate","subjecto":"Quazaq Khanate","area":263.4},"geometry":{"type":"Point","coordinates":[69.869,47.725]}},{"type":"Feature","properties":{"kind":"label","name":"Bukara Khanate","subjecto":"Bukara Khanate","area":57.59},"geometry":{"type":"Point","coordinates":[77.775,39.667]}},{"type":"Feature","properties":{"kind":"label","name":"France","subjecto":"France","area":53.92},"geometry":{"type":"Point","coordinates":[2.094,46.777]}},{"type":"Feature","properties":{"kind":"label","name":"Spain","subjecto":"Spain","area":52.38},"geometry":{"type":"Point","coordinates":[-3.426,40.045]}},{"type":"Feature","properties":{"kind":"label","name":"Bidar","subjecto":"Bidar","area":2.38},"geometry":{"type":"Point","coordinates":[77.657,17.364]}},{"type":"Feature","properties":{"kind":"label","name":"Bijapur","subjecto":"Bijapur","area":7.47},"geometry":{"type":"Point","coordinates":[75.742,17.202]}},{"type":"Feature","properties":{"kind":"label","name":"Ahmadnagar","subjecto":"Ahmadnagar","area":20.08},"geometry":{"type":"Point","coordinates":[75.094,19.915]}},{"type":"Feature","properties":{"kind":"label","name":"Golkonda","subjecto":"Golkonda","area":6.73},"geometry":{"type":"Point","coordinates":[80.173,16.663]}},{"type":"Feature","properties":{"kind":"label","name":"Ayutthaya","subjecto":"Ayutthaya","area":72.86},"geometry":{"type":"Point","coordinates":[102.782,15.977]}},{"type":"Feature","properties":{"kind":"label","name":"Tuʻi Tonga Empire","subjecto":"Tuʻi Tonga Empire","area":0.8},"geometry":{"type":"Point","coordinates":[178.013,-17.792]}},{"type":"Feature","properties":{"kind":"label","name":"Crimean Khanate","subjecto":"Ottoman Empire","area":20.02},"geometry":{"type":"Point","coordinates":[36.511,47.939]}}]}