{"type":"FeatureCollection","features":[{"type":"Feature","id":1,"properties":{"name":"Indonesia","subjecto":"Indonesia","partof":null,"precision":3},"geometry":{"type":"MultiPolygon","coordinates":[[[[124.451,-9.18],[124.03,-9.342],[123.689,-9.611],[123.515,-10.336],[124.418,-10.164],[125.062,-9.486],[124.92,-8.962],[124.451,-9.18]]],[[[117.567,4.16],[117.165,4.333],[115.879,4.352],[115.647,4.169],[115.464,3.031],[114.501,1.436],[113.65,1.233],[113.023,1.537],[112.18,1.449],[111.823,1.008],[111.198,1.075],[110.554,0.851],[109.677,1.573],[109.645,2.083],[109.096,1.561],[108.855,0.832],[109.167,0.112],[109.273,-0.854],[109.734,-0.954],[110.069,-1.433],[110.263,-3.003],[111.296,-2.936],[112.618,-3.424],[113.183,-3.077],[114.108,-3.347],[114.611,-3.684],[114.713,-4.171],[115.968,-3.609],[116.603,-2.224],[116.325,-1.704],[117.024,-1.203],[117.596,-0.423],[117.517,0.291],[117.811,0.812],[118.798,0.805],[119.003,0.962],[117.924,1.819],[118.063,2.367],[117.353,3.183],[117.749,3.637],[117.567,4.16]]],[[[140.974,-2.601],[139.865,-2.372],[137.794,-1.484],[137.143,-1.787],[137.226,-2.074],[136.404,-2.22],[136.266,-2.56],[135.47,-3.363],[134.985,-3.33],[134.658,-2.563],[134.193,-2.379],[134.087,-1.683],[134.282,-1.35],[133.977,-0.723],[133.392,-0.723],[132.709,-0.36],[131.243,-0.819],[131.206,-1.524],[131.927,-1.706],[132.073,-2.105],[132.699,-2.305],[133.863,-2.218],[133.735,-2.517],[133.034,-2.479],[132.326,-2.947],[132.832,-3.461],[132.792,-3.927],[133.269,-4.052],[133.586,-3.567],[134.43,-3.908],[135.186,-4.449],[135.97,-4.52],[137.706,-5.222],[138.271,-5.887],[138.822,-6.806],[138.688,-7.193],[139.093,-7.56],[138.994,-7.865],[138.911,-7.923],[138.906,-8.044],[138.921,-8.08],[138.859,-8.101],[138.839,-8.138],[139.932,-8.109],[140.977,-9.106],[140.977,-6.897],[140.976,-4.596],[140.974,-2.601]]],[[[109.906,-7.838],[110.477,-8.112],[111.673,-8.368],[112.673,-8.447],[113.198,-8.277],[114.197,-8.646],[114.467,-7.831],[114.016,-7.618],[113.299,-7.789],[112.761,-7.531],[112.583,-6.99],[110.73,-6.457],[110.356,-6.973],[108.605,-6.762],[108.216,-6.238],[106.495,-6.035],[106.053,-5.881],[105.824,-6.435],[106.523,-7.411],[107.411,-7.496],[108.327,-7.817],[108.54,-7.692],[109.906,-7.838]]],[[[119.847,-0.875],[119.328,-1.214],[119.354,-1.935],[118.757,-2.776],[118.927,-3.566],[119.298,-3.428],[119.627,-4.315],[119.353,-5.356],[119.648,-5.679],[120.323,-5.51],[120.447,-3.729],[120.232,-2.95],[120.776,-2.615],[121.067,-2.752],[120.894,-3.539],[121.536,-4.231],[122.108,-4.52],[122.675,-4.123],[122.201,-3.557],[122.386,-3.132],[122.016,-2.694],[121.692,-1.908],[122.369,-1.493],[122.912,-0.763],[121.501,-0.859],[121.073,-1.421],[120.089,-0.657],[119.996,-0.209],[120.375,0.478],[122.978,0.483],[123.239,0.325],[124.322,0.399],[124.899,0.973],[124.548,1.36],[123.948,0.839],[121.631,1.062],[120.967,1.346],[120.568,0.782],[120.063,0.743],[119.794,0.197],[119.847,-0.875]]],[[[100.947,1.825],[100.561,2.157],[99.751,3.18],[98.306,4.08],[98.276,4.425],[97.497,5.252],[96.126,5.282],[95.888,5.512],[95.197,5.546],[95.426,4.827],[96.43,3.825],[96.761,3.749],[97.603,2.866],[97.658,2.412],[98.535,1.936],[99.09,0.622],[99.139,0.274],[99.611,0.099],[100.301,-0.816],[100.406,-1.264],[101.105,-2.587],[101.637,-3.251],[102.222,-3.643],[102.313,-3.991],[103.415,-4.869],[103.705,-4.955],[104.298,-5.643],[104.623,-5.491],[105.118,-5.782],[105.783,-5.829],[105.906,-4.469],[105.82,-3.673],[106.063,-3.267],[105.624,-2.402],[104.883,-2.285],[104.454,-1.531],[104.377,-1.032],[103.839,-1.033],[103.376,-0.727],[103.711,0.311],[102.24,0.982],[102.118,1.387],[101.378,1.773],[100.947,1.825]]],[[[120.792,-9.961],[120.436,-9.631],[119.629,-9.342],[119.477,-9.749],[120.156,-10.221],[120.792,-9.961]]],[[[119.204,-8.611],[118.988,-8.309],[118.115,-8.114],[117.805,-8.72],[117.195,-8.358],[116.79,-8.584],[117.01,-9.107],[118.299,-8.758],[119.204,-8.611]]],[[[123.026,-8.289],[122.288,-8.634],[121.51,-8.602],[120.976,-8.337],[120.277,-8.269],[119.824,-8.78],[120.923,-8.926],[121.794,-8.884],[122.807,-8.611],[123.026,-8.289]]],[[[115.619,-8.289],[115.216,-8.06],[114.639,-8.399],[115.254,-8.715],[115.619,-8.289]]],[[[99.274,-1.635],[98.883,-0.913],[98.594,-1.198],[98.885,-1.679],[99.274,-1.635]]],[[[138.939,-7.542],[138.028,-7.61],[137.637,-8.389],[138.444,-8.379],[138.661,-8.169],[138.818,-8.093],[138.904,-8.076],[138.884,-7.933],[138.983,-7.83],[139.046,-7.562],[138.939,-7.542]]],[[[127.241,-3.471],[127.094,-3.201],[126.421,-3.07],[126.174,-3.603],[126.742,-3.859],[127.241,-3.471]]],[[[130.873,-3.574],[130.578,-3.123],[129.444,-2.785],[129.122,-2.958],[128.175,-2.857],[128.484,-3.462],[128.877,-3.203],[129.545,-3.298],[130.818,-3.869],[130.873,-3.574]]],[[[108.294,-2.848],[107.67,-2.561],[107.581,-3.011],[108.188,-3.137],[108.294,-2.848]]],[[[106.769,-2.56],[106.354,-2.463],[105.876,-1.489],[105.46,-1.563],[105.306,-2.135],[105.796,-2.172],[105.987,-2.821],[106.613,-2.943],[106.769,-2.56]]],[[[127.666,-0.209],[127.96,0.483],[128.701,1.071],[128.187,1.374],[127.852,1.825],[127.406,1.23],[127.666,-0.209]]]]}},{"type":"Feature","id":2,"properties":{"name":"Malaysia","subjecto":"Malaysia","partof":null,"precision":3},"geometry":{"type":"MultiPolygon","coordinates":[[[[102.073,6.258],[101.105,5.638],[101.082,6.246],[100.127,6.442],[100.349,6.013],[100.721,3.868],[101.298,3.275],[101.283,2.911],[102.188,2.216],[103.367,1.538],[104.295,1.447],[103.949,2.34],[103.435,2.962],[103.339,3.758],[103.449,4.795],[103.12,5.381],[102.073,6.258]]],[[[115.146,4.909],[115.03,4.821],[114.982,4.889],[114.587,4.021],[113.999,4.601],[113.947,4.274],[112.974,3.144],[111.44,2.68],[110.968,1.503],[109.928,1.692],[109.645,2.083],[109.677,1.573],[110.554,0.851],[111.198,1.075],[111.823,1.008],[112.18,1.449],[113.023,1.537],[113.65,1.233],[114.501,1.436],[115.464,3.031],[115.647,4.169],[115.879,4.352],[117.165,4.333],[117.567,4.16],[117.634,4.41],[116.51,6.532],[115.849,5.56],[115.36,5.32],[115.146,4.909]]]]}},{"type":"Feature","id":3,"properties":{"name":"Chile","subjecto":"Chile","partof":null,"precision":3},"geometry":{"type":"MultiPolygon","coordinates":[[[[-69.51,-17.507],[-69.858,-17.734],[-69.97,-18.251],[-70.395,-18.338],[-70.123,-20.072],[-70.206,-20.739],[-70.059,-21.433],[-70.297,-22.918],[-70.562,-23.06],[-70.583,-24.525],[-70.445,-25.345],[-70.71,-25.835],[-70.642,-26.315],[-70.912,-27.622],[-71.522,-28.94],[-71.287,-29.91],[-71.713,-30.615],[-71.412,-32.37],[-71.641,-33.501],[-72.027,-34.163],[-72.231,-35.116],[-72.647,-35.567],[-73.002,-36.714],[-73.672,-37.363],[-73.543,-38.421],[-73.242,-39.49],[-73.683,-39.942],[-73.947,-40.973],[-73.66,-41.758],[-72.864,-41.906],[-72.761,-43.009],[-73.278,-44.11],[-72.728,-44.759],[-73.461,-45.266],[-73.555,-45.878],[-74.713,-45.984],[-75.705,-46.639],[-74.267,-46.782],[-74.736,-47.705],[-74.415,-47.984],[-74.424,-49.371],[-74.126,-50.762],[-74.256,-50.939],[-73.54,-52.055],[-73.531,-52.457],[-72.161,-52.652],[-72.467,-53.283],[-72.053,-53.707],[-70.974,-53.756],[-70.812,-52.821],[-69.235,-52.203],[-68.449,-52.347],[-69.953,-52.007],[-71.918,-51.99],[-72.281,-51.701],[-72.303,-50.649],[-73.096,-50.771],[-73.531,-50.141],[-73.465,-49.76],[-73.458,-49.308],[-73.098,-49.273],[-72.326,-48.286],[-72.544,-47.915],[-71.687,-46.69],[-71.799,-45.74],[-71.312,-45.299],[-71.822,-44.403],[-71.66,-43.926],[-72.149,-42.999],[-71.926,-41.623],[-71.956,-40.72],[-71.402,-39.236],[-70.874,-38.691],[-71.185,-37.706],[-71.145,-36.688],[-70.38,-36.046],[-70.228,-34.585],[-69.833,-34.243],[-69.788,-33.379],[-70.591,-31.55],[-70.217,-30.515],[-69.903,-30.313],[-70.043,-29.363],[-69.653,-28.398],[-69.173,-27.924],[-68.42,-26.179],[-68.606,-25.437],[-68.572,-24.77],[-68.244,-24.385],[-67.362,-24.03],[-67.014,-23.001],[-67.194,-22.822],[-67.876,-22.834],[-68.208,-21.284],[-68.776,-20.09],[-68.496,-19.458],[-68.99,-18.946],[-69.141,-18.031],[-69.51,-17.507]]],[[[-68.642,-54.799],[-68.642,-54.783],[-68.628,-52.64],[-69.584,-52.51],[-70.474,-53.309],[-70.073,-54.249],[-70.24,-54.858],[-68.654,-54.886],[-68.642,-54.799]]],[[[-67.999,-55.628],[-68.441,-54.94],[-69.608,-55.365],[-67.999,-55.628]]],[[[-75.198,-49.771],[-74.421,-49.69],[-74.526,-48.723],[-75.052,-48.857],[-75.198,-49.771]]],[[[-74.335,-43.282],[-73.877,-43.422],[-73.517,-42.789],[-73.489,-42.146],[-74.055,-41.945],[-74.335,-43.282]]]]}},{"type":"Feature","id":4,"properties":{"name":"Bolivia","subjecto":"Bolivia","partof":null,"precision":3},"geometry":{"type":"Polygon","coordinates":[[[-69.51,-17.507],[-69.141,-18.031],[-68.99,-18.946],[-68.496,-19.458],[-68.776,-20.09],[-68.208,-21.284],[-67.876,-22.834],[-67.194,-22.822],[-66.24,-21.792],[-65.745,-22.114],[-64.587,-22.213],[-63.948,-22.008],[-62.804,-22.004],[-62.65,-22.234],[-62.276,-21.067],[-62.277,-20.58],[-61.761,-19.658],[-60.006,-19.298],[-59.09,-19.287],[-58.175,-19.821],[-58.159,-20.165],[-57.551,-18.184],[-57.791,-17.556],[-58.381,-17.267],[-58.465,-16.331],[-60.13,-16.273],[-60.292,-14.63],[-60.465,-13.817],[-60.897,-13.553],[-61.848,-13.531],[-62.222,-13.121],[-62.807,-12.989],[-63.801,-12.455],[-64.396,-12.457],[-64.997,-11.996],[-65.353,-11.391],[-65.45,-10.468],[-65.304,-9.826],[-65.789,-9.733],[-66.632,-9.904],[-67.756,-10.714],[-68.098,-10.698],[-68.616,-11.112],[-69.578,-10.952],[-68.684,-12.502],[-68.981,-12.868],[-69.016,-13.753],[-68.884,-14.211],[-69.391,-14.964],[-69.424,-15.656],[-69.002,-16.423],[-69.51,-17.507]]]}},{"type":"Feature","id":5,"properties":{"name":"Peru","subjecto":"Peru","partof":null,"precision":3},"geometry":{"type":"Polygon","coordinates":[[[-69.51,-17.507],[-69.002,-16.423],[-69.424,-15.656],[-69.391,-14.964],[-68.884,-14.211],[-69.016,-13.753],[-68.981,-12.868],[-68.684,-12.502],[-69.578,-10.952],[-70.641,-11.011],[-70.681,-9.528],[-71.391,-10.007],[-72.196,-10.006],[-72.43,-9.482],[-72.959,-9.086],[-73.527,-8.372],[-73.712,-7.788],[-73.765,-6.904],[-73.132,-6.435],[-73.235,-6.078],[-72.918,-5.132],[-71.774,-4.482],[-70.969,-4.385],[-70.832,-4.179],[-69.965,-4.236],[-70.311,-3.829],[-70.734,-3.782],[-70.051,-2.715],[-70.874,-2.23],[-71.768,-2.142],[-72.397,-2.447],[-72.943,-2.419],[-73.186,-1.8],[-73.637,-1.255],[-74.289,-0.943],[-74.825,-0.17],[-75.283,-0.107],[-75.272,-0.526],[-75.56,-1.503],[-76.091,-2.129],[-76.685,-2.574],[-77.849,-2.981],[-78.363,-3.489],[-79.009,-4.96],[-79.507,-4.532],[-80.08,-4.309],[-80.341,-3.393],[-81.253,-4.239],[-81.198,-5.208],[-80.856,-5.65],[-81.101,-6.072],[-79.965,-6.787],[-79.466,-7.716],[-78.986,-8.217],[-78.497,-9.19],[-78.056,-10.348],[-77.32,-11.494],[-77.175,-12.072],[-76.221,-13.358],[-76.282,-14.141],[-75.931,-14.649],[-75.161,-15.393],[-73.7,-16.221],[-71.515,-17.285],[-71.36,-17.633],[-70.395,-18.338],[-69.97,-18.251],[-69.858,-17.734],[-69.51,-17.507]]]}},{"type":"Feature","id":6,"properties":{"name":"Argentina","subjecto":"Argentina","partof":null,"precision":3},"geometry":{"type":"MultiPolygon","coordinates":[[[[-67.194,-22.822],[-67.014,-23.001],[-67.362,-24.03],[-68.244,-24.385],[-68.572,-24.77],[-68.606,-25.437],[-68.42,-26.179],[-69.173,-27.924],[-69.653,-28.398],[-70.043,-29.363],[-69.903,-30.313],[-70.217,-30.515],[-70.591,-31.55],[-69.788,-33.379],[-69.833,-34.243],[-70.228,-34.585],[-70.38,-36.046],[-71.145,-36.688],[-71.185,-37.706],[-70.874,-38.691],[-71.402,-39.236],[-71.956,-40.72],[-71.926,-41.623],[-72.149,-42.999],[-71.66,-43.926],[-71.822,-44.403],[-71.312,-45.299],[-71.799,-45.74],[-71.687,-46.69],[-72.544,-47.915],[-72.326,-48.286],[-73.098,-49.273],[-73.465,-49.76],[-73.531,-50.141],[-73.096,-50.771],[-72.303,-50.649],[-72.281,-51.701],[-71.918,-51.99],[-69.953,-52.007],[-68.449,-52.347],[-69.168,-50.978],[-68.876,-50.331],[-67.732,-49.781],[-67.557,-49.016],[-65.847,-47.944],[-65.745,-47.204],[-66.786,-47.007],[-67.622,-46.164],[-67.332,-45.613],[-65.217,-44.366],[-65.334,-43.673],[-64.513,-42.936],[-63.62,-42.751],[-63.81,-42.07],[-64.566,-42.436],[-65.07,-41.986],[-65.175,-41.01],[-64.947,-40.711],[-63.779,-41.159],[-63.1,-41.155],[-62.338,-40.873],[-62.484,-40.288],[-62.056,-39.452],[-62.027,-38.938],[-60.866,-38.976],[-59.063,-38.694],[-57.594,-38.153],[-56.665,-36.851],[-56.698,-36.396],[-57.248,-36.17],[-57.145,-35.484],[-57.522,-35.013],[-58.155,-34.75],[-58.549,-33.683],[-58.2,-32.447],[-58.169,-31.846],[-57.642,-30.193],[-57.612,-30.183],[-56.416,-29.051],[-55.773,-28.232],[-54.828,-27.545],[-53.819,-27.14],[-53.667,-26.219],[-53.91,-25.629],[-54.6,-25.575],[-54.706,-26.442],[-55.414,-26.98],[-55.755,-27.444],[-56.125,-27.299],[-57.18,-27.487],[-58.653,-27.156],[-58.248,-26.758],[-58.087,-26.127],[-57.557,-25.46],[-57.754,-25.181],[-58.809,-24.777],[-60.034,-24.007],[-61.006,-23.805],[-61.956,-23.034],[-62.65,-22.234],[-62.804,-22.004],[-63.948,-22.008],[-64.587,-22.213],[-65.745,-22.114],[-66.24,-21.792],[-67.194,-22.822]]],[[[-68.642,-54.783],[-67.031,-54.905],[-66.482,-54.466],[-67.984,-53.601],[-68.628,-52.64],[-68.642,-54.783]]]]}},{"type":"Feature","id":7,"properties":{"name":"Cyprus","subjecto":"Cyprus","partof":null,"precision":3},"geometry":{"type":"Polygon","coordinates":[[[33.907,35.069],[32.92,35.398],[32.372,35.041],[33.026,34.651],[33.907,35.069]]]}},{"type":"Feature","id":8,"properties":{"name":"Israel","subjecto":"Israel","partof":null,"precision":3},"geometry":{"type":"Polygon","coordinates":[[[34.248,31.211],[34.887,29.49],[34.956,29.559],[35.458,31.492],[35.149,31.737],[35.227,31.744],[35.226,31.796],[35.186,31.809],[35.112,31.824],[35.025,31.869],[34.987,31.967],[35.561,32.385],[35.612,32.682],[35.604,33.24],[35.105,33.089],[34.481,31.583],[34.248,31.211]]]}},{"type":"Feature","id":9,"properties":{"name":"Palestine","subjecto":"Palestine","partof":null,"precision":3},"geometry":{"type":"MultiPolygon","coordinates":[[[[34.481,31.583],[34.2,31.314],[34.248,31.211],[34.481,31.583]]],[[[34.987,31.967],[35.112,31.824],[35.186,31.809],[35.25,31.844],[35.263,31.749],[35.238,31.709],[35.149,31.737],[35.458,31.492],[35.561,32.385],[34.987,31.967]]]]}},{"type":"Feature","id":10,"properties":{"name":"Lebanon","subjecto":"Lebanon","partof":null,"precision":3},"geometry":{"type":"Polygon","coordinates":[[[35.105,33.089],[35.604,33.24],[35.631,33.275],[35.716,33.327],[35.821,33.407],[36.604,34.199],[35.97,34.65],[35.105,33.089]]]}},{"type":"Feature","id":11,"properties":{"name":"Ethiopia","subjecto":"Ethiopia","partof":null,"precision":3},"geometry":{"type":"Polygon","coordinates":[[[34.071,9.455],[33.971,8.445],[33.174,8.404],[33.051,7.801],[33.716,7.657],[34.734,6.638],[35.099,5.622],[35.804,5.318],[35.921,4.619],[36.844,4.432],[38.102,3.613],[39.436,3.462],[39.848,3.867],[40.764,4.285],[41.115,3.962],[41.885,3.977],[42.79,4.286],[43.119,4.648],[43.969,4.954],[44.942,4.911],[46.424,6.497],[47.979,7.997],[46.979,7.997],[44.024,8.986],[43.419,9.413],[42.836,10.208],[42.7,10.659],[42.924,10.999],[41.799,10.971],[41.749,11.538],[42.379,12.466],[40.833,14.106],[40.105,14.466],[38.427,14.417],[37.891,14.88],[37.565,14.117],[36.526,14.264],[36.124,12.721],[35.617,12.575],[34.947,11.275],[34.279,10.566],[34.071,9.455]]]}},{"type":"Feature","id":12,"properties":{"name":"South Sudan","subjecto":"South Sudan","partof":null,"precision":3},"geometry":{"type":"Polygon","coordinates":[[[35.921,4.619],[35.804,5.318],[35.099,5.622],[34.734,6.638],[33.716,7.657],[33.051,7.801],[33.174,8.404],[33.971,8.445],[34.071,9.455],[33.902,10.192],[33.182,10.843],[33.083,11.585],[33.209,12.21],[32.345,11.709],[32.414,11.051],[31.943,10.656],[31.235,9.792],[30.749,9.736],[30.013,10.27],[29.483,9.762],[28.989,9.587],[28.844,9.325],[28.045,9.331],[27.895,9.595],[26.557,9.52],[25.843,10.418],[25.084,10.293],[24.793,9.798],[24.558,8.887],[24.17,8.689],[24.131,8.343],[24.832,8.166],[25.36,7.336],[26.378,6.653],[26.528,6.043],[27.17,5.72],[27.441,5.071],[27.772,4.596],[28.404,4.278],[28.755,4.554],[29.304,4.387],[29.494,4.668],[30.84,3.49],[31.141,3.785],[31.944,3.591],[33.017,3.877],[33.533,3.774],[33.977,4.22],[34.381,4.62],[35.246,4.982],[35.612,4.619],[35.706,4.619],[35.781,4.62],[35.921,4.619]]]}},{"type":"Feature","id":13,"properties":{"name":"Somalia","subjecto":"Somalia","partof":null,"precision":3},"geometry":{"type":"Polygon","coordinates":[[[42.924,10.999],[42.7,10.659],[42.836,10.208],[43.419,9.413],[44.024,8.986],[46.979,7.997],[47.979,7.997],[46.424,6.497],[44.942,4.911],[43.969,4.954],[43.119,4.648],[42.79,4.286],[41.885,3.977],[40.965,2.814],[40.98,-0.871],[41.535,-1.696],[42.081,-0.863],[43.468,0.621],[44.55,1.559],[46.027,2.438],[47.948,4.457],[49.036,6.144],[49.842,7.963],[50.29,8.487],[50.84,9.456],[50.927,10.328],[51.138,10.677],[51.121,11.505],[50.798,11.989],[50.268,11.589],[48.904,11.248],[47.367,11.173],[46.448,10.693],[45.803,10.875],[44.962,10.416],[44.274,10.457],[43.241,11.488],[42.924,10.999]]]}},{"type":"Feature","id":14,"properties":{"name":"Malawi","subjecto":"Malawi","partof":null,"precision":3},"geometry":{"type":"Polygon","coordinates":[[[34.965,-11.574],[34.593,-11.016],[34.483,-9.946],[34.013,-9.477],[33.404,-9.605],[32.921,-9.408],[33.674,-10.577],[33.319,-10.818],[33.23,-11.417],[33.373,-12.519],[33.025,-12.613],[32.995,-13.191],[32.723,-13.573],[33.203,-14.014],[33.604,-14.524],[34.344,-14.387],[34.569,-15.271],[34.233,-15.89],[34.385,-16.186],[35.214,-16.484],[35.796,-16.005],[35.853,-14.667],[34.894,-13.535],[34.545,-13.326],[34.354,-12.199],[34.651,-11.57],[34.965,-11.574]]]}},{"type":"Feature","id":15,"properties":{"name":"Tanzania","subjecto":"Tanzania","partof":null,"precision":3},"geometry":{"type":"Polygon","coordinates":[[[32.921,-9.408],[33.404,-9.605],[34.013,-9.477],[34.483,-9.946],[34.593,-11.016],[34.965,-11.574],[36.2,-11.702],[37.044,-11.596],[37.428,-11.723],[37.875,-11.319],[38.492,-11.413],[40.008,-10.811],[40.437,-10.475],[39.779,-9.93],[39.644,-9.189],[39.28,-8.309],[39.454,-8.01],[39.304,-7.448],[39.465,-6.858],[38.852,-6.349],[38.778,-6.031],[39.191,-4.678],[37.771,-3.655],[37.645,-3.046],[35.416,-1.801],[33.904,-1.003],[30.828,-1.003],[30.472,-1.067],[30.831,-1.594],[30.834,-2.345],[30.555,-2.401],[30.416,-2.852],[30.832,-3.173],[30.003,-4.272],[29.404,-4.45],[29.321,-4.836],[29.594,-5.62],[29.476,-6.002],[29.739,-6.652],[30.37,-7.31],[30.752,-8.194],[30.96,-8.55],[32.921,-9.408]]]}},{"type":"Feature","id":16,"properties":{"name":"China","subjecto":"China","partof":null,"precision":3},"geometry":{"type":"MultiPolygon","coordinates":[[[[97.323,28.217],[97.528,28.53],[98.679,27.577],[98.692,25.879],[97.738,25.091],[97.536,24.745],[97.708,24.125],[98.503,24.121],[99.217,23.057],[99.358,22.495],[99.942,22.046],[99.95,21.721],[100.622,21.469],[101.159,21.553],[101.723,21.304],[101.518,22.228],[102.119,22.398],[102.443,22.765],[102.989,22.438],[103.31,22.788],[103.867,22.575],[104.728,22.839],[105.332,23.318],[105.854,22.905],[106.667,22.868],[106.722,22.007],[107.348,21.599],[107.991,21.486],[108.448,21.658],[109.136,21.603],[109.67,21.123],[109.746,20.63],[110.128,20.248],[110.534,20.478],[110.157,20.986],[111.206,21.532],[112.608,21.775],[114.082,22.529],[114.23,22.556],[114.717,22.791],[115.374,22.694],[116.495,22.939],[117.078,23.565],[117.894,24.028],[118.131,24.62],[118.571,24.569],[119.11,25.407],[119.558,25.564],[119.675,26.619],[120.08,26.646],[120.518,27.202],[120.835,27.956],[121.841,29.161],[121.983,29.823],[120.978,30.543],[121.977,30.915],[121.32,31.505],[121.822,31.952],[120.911,32.63],[120.896,33.014],[120.257,34.312],[119.641,34.551],[119.207,35.048],[119.648,35.584],[120.697,36.144],[120.751,36.459],[122.04,36.985],[122.13,37.483],[121.477,37.468],[120.738,37.834],[119.441,37.121],[118.972,37.281],[119.243,37.769],[118.84,38.153],[118.085,38.139],[117.566,38.613],[117.718,39.093],[118.94,39.139],[119.536,39.891],[120.436,40.194],[120.991,40.831],[121.361,40.94],[122.302,40.502],[121.436,39.509],[121.674,39.088],[124.37,40.098],[124.896,40.484],[126.008,40.899],[126.887,41.785],[127.269,41.505],[128.186,41.404],[128.035,41.994],[128.964,42.089],[129.703,42.442],[129.88,42.996],[130.531,42.53],[131.281,43.38],[131.066,44.682],[131.818,45.333],[132.953,45.024],[133.902,46.259],[134.154,47.258],[134.773,47.711],[134.386,48.381],[133.092,48.107],[132.525,47.708],[131.023,47.682],[130.533,48.636],[129.711,49.274],[127.508,49.822],[127.287,50.751],[125.621,53.062],[124.72,53.149],[123.64,53.551],[120.874,53.28],[120.28,52.866],[120.779,52.118],[120.108,51.665],[119.294,50.599],[119.316,50.093],[117.759,49.513],[116.684,49.823],[115.515,48.122],[115.853,47.706],[117.742,47.978],[118.542,47.966],[119.7,47.16],[119.68,46.592],[118.238,46.715],[117.302,46.35],[116.604,46.309],[115.638,45.444],[114.534,45.386],[113.635,44.746],[112.011,45.087],[111.406,44.416],[111.933,43.697],[110.934,43.288],[110.407,42.769],[109.485,42.449],[108.177,42.454],[106.768,42.287],[105.015,41.596],[104.501,41.871],[103.721,41.756],[102.034,42.185],[101.638,42.515],[100.017,42.677],[99.474,42.564],[97.193,42.787],[96.351,42.741],[95.908,43.215],[95.379,44.287],[94.698,44.343],[93.525,44.951],[90.905,45.186],[90.651,45.493],[91.047,46.566],[90.441,47.493],[89.542,48.031],[89.046,47.993],[87.943,48.599],[87.816,49.166],[87.324,49.085],[86.565,48.527],[85.784,48.408],[85.515,47.92],[85.499,47.052],[84.916,46.851],[83.15,47.212],[82.291,45.533],[80.062,45.019],[80.376,44.671],[80.345,44.103],[80.773,43.113],[80.368,43.028],[80.21,42.19],[78.36,41.378],[78.075,41.04],[76.861,41.013],[76.449,40.416],[75.682,40.292],[74.835,40.512],[74.004,40.061],[73.633,39.448],[73.797,38.603],[74.776,38.511],[75.164,37.401],[74.892,37.231],[74.542,37.022],[75.351,36.916],[75.981,36.445],[77.52,35.477],[77.8,35.495],[79.364,35.975],[80.292,35.607],[80.05,34.673],[79.376,34.011],[78.935,34.007],[78.918,33.386],[79.125,33.29],[79.621,32.729],[79.215,32.508],[78.381,32.528],[78.469,32.227],[78.745,31.964],[78.714,31.883],[78.849,31.291],[79.07,31.461],[79.383,31.078],[79.919,30.881],[80.169,30.785],[80.18,30.559],[80.976,30.255],[80.996,30.197],[81.592,30.414],[83.517,29.192],[84.099,29.247],[84.235,28.9],[85.08,28.319],[85.675,28.306],[85.98,27.885],[86.662,28.107],[87.156,27.826],[88.118,27.861],[88.61,28.106],[88.892,27.316],[89.561,28.135],[90.262,28.335],[91.628,27.853],[92.575,27.848],[92.655,28.106],[93.446,28.672],[93.863,28.705],[94.63,29.319],[95.225,29.059],[96.142,29.368],[96.598,28.71],[97.323,28.217]]],[[[111.011,19.684],[110.64,20.108],[109.304,19.922],[108.632,19.286],[108.695,18.505],[109.44,18.289],[110.427,18.681],[110.698,19.417],[111.011,19.684]]]]}},{"type":"Feature","id":17,"properties":{"name":"Syria","subjecto":"Syria","partof":null,"precision":3},"geometry":{"type":"Polygon","coordinates":[[[35.758,32.744],[36.819,32.317],[38.775,33.372],[40.69,34.331],[41.196,34.768],[41.415,36.527],[41.844,36.618],[42.357,37.11],[40.709,37.1],[39.765,36.742],[38.664,36.72],[38.19,36.906],[37.446,36.634],[36.659,36.828],[36.588,36.325],[35.911,35.918],[35.778,35.541],[35.97,34.65],[36.604,34.199],[35.821,33.407],[35.758,32.744]]]}},{"type":"Feature","id":18,"properties":{"name":"Suriname","subjecto":"Suriname","partof":null,"precision":3},"geometry":{"type":"Polygon","coordinates":[[[-54.081,3.309],[-53.989,3.611],[-54.355,4.067],[-54.482,4.913],[-54.171,5.348],[-54.037,5.842],[-54.774,5.985],[-55.844,5.976],[-55.999,5.811],[-56.957,6.012],[-57.248,5.485],[-57.315,5.026],[-57.72,4.99],[-58.068,4.151],[-57.596,3.367],[-56.705,2.03],[-56.482,1.942],[-56.117,2.333],[-55.018,2.591],[-54.615,2.326],[-54.213,2.776],[-54.081,3.309]]]}},{"type":"Feature","id":19,"properties":{"name":"French Guiana","subjecto":"France","partof":null,"precision":3},"geometry":{"type":"Polygon","coordinates":[[[-54.081,3.309],[-54.112,2.114],[-53.344,2.35],[-52.708,2.359],[-51.988,3.705],[-51.683,4.039],[-51.931,4.59],[-52.995,5.458],[-53.944,5.745],[-54.171,5.348],[-54.482,4.913],[-54.355,4.067],[-53.989,3.611],[-54.081,3.309]]]}},{"type":"Feature","id":20,"properties":{"name":"Guyana","subjecto":"Guyana","partof":null,"precision":3},"geometry":{"type":"Polygon","coordinates":[[[-57.596,3.367],[-58.068,4.151],[-57.72,4.99],[-57.315,5.026],[-57.248,5.485],[-57.167,6.085],[-58.068,6.822],[-58.602,6.417],[-58.573,5.914],[-58.846,5.013],[-58.486,4.496],[-58.495,4.129],[-58.149,3.003],[-58.359,2.194],[-58.816,1.187],[-58.426,1.47],[-57.916,1.795],[-57.916,2.399],[-57.423,2.774],[-57.596,3.367]]]}},{"type":"Feature","id":21,"properties":{"name":"Morocco","subjecto":"Morocco","partof":null,"precision":3},"geometry":{"type":"Polygon","coordinates":[[[-17.014,21.42],[-14.84,21.45],[-14.22,22.31],[-14.02,23.41],[-13.31,23.981],[-13.06,24.4],[-12.43,24.83],[-12.03,26.03],[-11.717,26.104],[-10.922,27.01],[-9.734,26.86],[-8.753,27.19],[-8.682,27.661],[-8.682,28.666],[-7.619,29.389],[-5.756,29.614],[-4.372,30.509],[-3.646,30.711],[-3.66,31.648],[-2.828,31.795],[-2.516,32.132],[-1.25,32.082],[-1.218,32.393],[-1.674,33.238],[-1.788,34.757],[-2.223,35.089],[-2.913,35.277],[-2.948,35.33],[-4.376,35.152],[-4.77,35.241],[-5.341,35.847],[-5.399,35.925],[-5.927,35.781],[-6.292,34.881],[-6.822,34.04],[-8.243,33.405],[-9.26,32.577],[-9.366,32.026],[-9.848,31.402],[-9.655,30.127],[-10.574,28.99],[-11.486,28.326],[-12.968,27.915],[-13.62,26.689],[-14.41,26.26],[-14.782,25.447],[-14.908,24.685],[-15.62,24.026],[-17.014,21.42]]]}},{"type":"Feature","id":22,"properties":{"name":"Western Sahara","subjecto":"Western Sahara","partof":null,"precision":3},"geometry":{"type":"Polygon","coordinates":[[[-8.682,27.661],[-8.753,27.19],[-9.734,26.86],[-10.922,27.01],[-11.717,26.104],[-12.03,26.03],[-12.43,24.83],[-13.06,24.4],[-13.31,23.981],[-14.02,23.41],[-14.22,22.31],[-14.84,21.45],[-17.014,21.42],[-17.057,20.767],[-16.959,21.333],[-13.015,21.333],[-13.015,23.018],[-12.015,23.495],[-12.015,25.995],[-8.681,26.013],[-8.682,27.285],[-8.682,27.661]]]}},{"type":"Feature","id":23,"properties":{"name":"Costa Rica","subjecto":"Costa Rica","partof":null,"precision":3},"geometry":{"type":"Polygon","coordinates":[[[-83.696,10.937],[-83.933,10.718],[-84.676,11.07],[-85.702,11.081],[-85.862,10.347],[-85.639,9.905],[-85.146,9.613],[-84.865,9.823],[-83.63,9.035],[-83.74,8.624],[-83.151,8.369],[-82.898,8.035],[-82.574,9.576],[-83.466,10.495],[-83.665,10.935],[-83.687,10.938],[-83.696,10.937]]]}},{"type":"Feature","id":24,"properties":{"name":"Nicaragua","subjecto":"Nicaragua","partof":null,"precision":3},"geometry":{"type":"Polygon","coordinates":[[[-85.702,11.081],[-84.676,11.07],[-83.933,10.718],[-83.696,10.937],[-83.767,12.547],[-83.508,12.903],[-83.431,13.957],[-83.13,14.997],[-84.483,14.619],[-84.77,14.805],[-85.824,13.848],[-86.097,14.044],[-86.702,13.314],[-87.314,12.982],[-86.496,11.759],[-85.702,11.081]]]}},{"type":"Feature","id":25,"properties":{"name":"Republic of the Congo","subjecto":"Republic of the Congo","partof":null,"precision":3},"geometry":{"type":"Polygon","coordinates":[[[18.626,3.477],[17.334,3.619],[16.568,3.464],[16.479,2.836],[16.197,2.236],[15.765,1.909],[14.562,2.209],[13.295,2.161],[13.25,1.222],[14.184,1.381],[14.468,0.913],[13.871,0.196],[14.499,-0.631],[14.482,-1.389],[14.227,-2.323],[13.771,-2.119],[13.361,-2.429],[12.805,-1.919],[12.459,-2.33],[11.558,-2.349],[11.828,-3.548],[11.114,-3.937],[11.806,-4.577],[12.01,-5.02],[12.762,-4.391],[13.074,-4.635],[13.359,-4.795],[14.369,-4.278],[14.396,-4.856],[14.831,-4.815],[15.204,-4.339],[15.883,-3.945],[16.208,-3.362],[16.231,-2.129],[16.84,-1.263],[17.75,-0.523],[17.94,0.361],[17.867,1.017],[18.072,2.16],[18.613,3.128],[18.626,3.477]]]}},{"type":"Feature","id":26,"properties":{"name":"Democratic Republic of the Congo","subjecto":"Democratic Republic of the Congo","partof":null,"precision":3},"geometry":{"type":"Polygon","coordinates":[[[18.626,3.477],[18.613,3.128],[18.072,2.16],[17.867,1.017],[17.94,0.361],[17.75,-0.523],[16.84,-1.263],[16.231,-2.129],[16.208,-3.362],[15.883,-3.945],[15.204,-4.339],[14.831,-4.815],[14.396,-4.856],[14.369,-4.278],[13.359,-4.795],[13.074,-4.635],[12.531,-5.163],[12.211,-5.763],[12.449,-6.052],[13.184,-5.856],[16.316,-5.855],[16.597,-5.925],[16.996,-7.298],[17.537,-8.015],[19.356,-8.002],[19.522,-7.002],[20.294,-7.002],[20.521,-7.286],[21.785,-7.283],[21.758,-8.015],[21.936,-8.413],[21.854,-9.618],[22.313,-10.369],[22.165,-10.852],[23.014,-11.102],[23.967,-10.872],[24.31,-11.407],[25.279,-11.2],[25.352,-11.646],[25.994,-11.905],[27.421,-11.922],[27.638,-12.294],[28.423,-12.521],[29.169,-13.434],[29.574,-13.225],[29.799,-12.154],[29.03,-12.376],[28.497,-11.857],[28.44,-11.348],[28.668,-9.822],[28.372,-9.235],[28.765,-8.934],[28.915,-8.473],[30.752,-8.194],[30.37,-7.31],[29.739,-6.652],[29.476,-6.002],[29.594,-5.62],[29.321,-4.836],[29.404,-4.45],[29.215,-3.9],[29.235,-3.047],[29.015,-2.721],[28.859,-2.418],[29.149,-1.799],[29.578,-1.388],[29.712,0.1],[29.928,0.785],[31.243,2.051],[30.725,2.441],[30.84,3.49],[29.494,4.668],[29.304,4.387],[28.755,4.554],[28.404,4.278],[27.772,4.596],[27.441,5.071],[26.463,5.06],[25.581,5.375],[25.308,5.032],[24.46,5.107],[23.388,4.587],[22.898,4.824],[22.493,4.174],[20.603,4.41],[20.339,4.772],[19.72,5.136],[19.083,4.909],[18.721,4.377],[18.626,3.477]]]}},{"type":"Feature","id":27,"properties":{"name":"Bhutan","subjecto":"Bhutan","partof":null,"precision":3},"geometry":{"type":"Polygon","coordinates":[[[91.628,27.853],[90.262,28.335],[89.561,28.135],[88.892,27.316],[88.955,26.913],[89.822,26.701],[92.036,26.855],[91.975,27.472],[91.628,27.853]]]}},{"type":"Feature","id":28,"properties":{"name":"Ukraine","subjecto":"Ukraine","partof":null,"precision":3},"geometry":{"type":"Polygon","coordinates":[[[31.764,52.101],[30.941,52.02],[30.149,51.484],[28.347,51.525],[25.768,51.929],[24.391,51.88],[23.606,51.517],[24.106,50.539],[22.641,49.529],[22.54,49.072],[22.133,48.405],[22.878,47.947],[25.262,47.899],[26.173,47.993],[26.618,48.259],[27.504,48.472],[28.501,48.113],[29.124,47.976],[29.899,46.553],[29.283,46.397],[28.199,45.462],[28.71,45.227],[29.659,45.216],[29.969,45.839],[30.991,46.601],[31.858,46.629],[32.262,46.128],[33.629,46.125],[34.689,45.974],[35.002,45.729],[34.811,46.166],[35.902,46.653],[38.217,47.103],[38.353,47.607],[38.877,47.861],[39.759,47.833],[39.993,48.273],[39.759,48.895],[40.142,49.246],[39.57,49.713],[38.344,49.992],[37.435,50.425],[36.683,50.261],[35.425,50.5],[34.962,51.215],[34.28,51.361],[34.386,51.818],[33.804,52.355],[32.528,52.316],[31.764,52.101]]]}},{"type":"Feature","id":29,"properties":{"name":"Belarus","subjecto":"Belarus","partof":null,"precision":3},"geometry":{"type":"Polygon","coordinates":[[[23.606,51.517],[24.391,51.88],[25.768,51.929],[28.347,51.525],[30.149,51.484],[30.941,52.02],[31.764,52.101],[31.379,53.182],[32.206,53.1],[32.72,53.439],[31.754,53.82],[31.325,54.229],[30.913,55.572],[30.218,55.855],[28.149,56.142],[27.593,55.794],[26.595,55.667],[25.53,54.346],[24.821,54.02],[23.486,53.939],[23.894,53.152],[23.606,51.517]]]}},{"type":"Feature","id":30,"properties":{"name":"Namibia","subjecto":"Namibia","partof":null,"precision":3},"geometry":{"type":"Polygon","coordinates":[[[16.487,-28.573],[16.893,-28.083],[17.346,-28.228],[17.404,-28.704],[19.082,-28.959],[19.982,-28.422],[19.981,-24.752],[19.978,-22.001],[20.972,-22.001],[20.975,-18.319],[23.311,-18.01],[23.645,-18.466],[24.183,-18.029],[25.26,-17.794],[24.958,-17.552],[24.22,-17.479],[23.382,-17.641],[21.381,-18.013],[20.806,-18.031],[18.762,-17.748],[18.454,-17.39],[16.34,-17.389],[13.943,-17.408],[13.364,-16.964],[12.555,-17.236],[11.766,-17.253],[11.849,-18.143],[12.287,-18.698],[13.155,-20.154],[13.387,-20.816],[14.509,-22.548],[14.474,-24.159],[14.781,-24.803],[14.843,-25.764],[15.295,-27.322],[15.684,-27.95],[16.487,-28.573]]]}},{"type":"Feature","id":31,"properties":{"name":"South Africa","subjecto":"South Africa","partof":null,"precision":3},"geometry":{"type":"Polygon","coordinates":[[[19.981,-24.752],[19.982,-28.422],[19.082,-28.959],[17.404,-28.704],[17.346,-28.228],[16.893,-28.083],[16.487,-28.573],[16.809,-29.078],[17.282,-30.348],[18.173,-31.663],[18.273,-32.648],[17.852,-32.83],[18.475,-33.9],[19.953,-34.809],[20.524,-34.454],[21.703,-34.391],[22.63,-33.996],[23.636,-33.98],[24.584,-34.178],[25.598,-34.049],[25.955,-33.711],[26.515,-33.755],[27.897,-33.04],[28.87,-32.287],[30.392,-30.847],[31.187,-29.56],[31.752,-28.966],[32.379,-28.553],[32.893,-26.846],[32.114,-26.84],[31.968,-27.316],[31.157,-27.206],[30.786,-26.717],[31.12,-25.91],[31.949,-25.958],[31.987,-24.423],[31.521,-23.416],[31.289,-22.397],[29.35,-22.187],[28.339,-22.585],[27.004,-23.646],[26.85,-24.248],[26.404,-24.633],[25.868,-24.748],[25.587,-25.62],[24.799,-25.829],[23.925,-25.629],[23.459,-25.282],[23.007,-25.311],[22.719,-25.984],[21.687,-26.855],[20.609,-26.686],[20.841,-26.131],[20.365,-25.033],[19.981,-24.752]],[[28.981,-28.909],[29.436,-29.342],[29.144,-29.92],[28.364,-30.159],[28.055,-30.65],[27.366,-30.311],[27.015,-29.626],[27.747,-28.909],[28.667,-28.597],[28.981,-28.909]]]}},{"type":"Feature","id":32,"properties":{"name":"Saint Martin","subjecto":"France","partof":null,"precision":3},"geometry":{"type":"Polygon","coordinates":[[[-63.018,18.033],[-63.018,18.122],[-63.107,18.062],[-63.018,18.033]]]}},{"type":"Feature","id":33,"properties":{"name":"Sint Maarten","subjecto":"Netherlands","partof":null,"precision":3},"geometry":{"type":"Polygon","coordinates":[[[-63.107,18.062],[-63.098,18.036],[-63.018,18.033],[-63.107,18.062]]]}},{"type":"Feature","id":34,"properties":{"name":"Oman","subjecto":"Oman","partof":null,"precision":3},"geometry":{"type":"Polygon","coordinates":[[[56.383,24.978],[55.807,24.341],[55.187,22.704],[55.638,21.979],[54.978,19.995],[51.979,18.996],[52.73,17.3],[53.09,16.642],[54.023,16.985],[55.027,17.011],[55.445,17.841],[56.561,18.149],[56.66,18.595],[57.208,18.91],[57.71,18.944],[57.699,19.754],[57.856,20.261],[58.519,20.417],[58.919,21.144],[59.336,21.438],[59.792,22.198],[58.786,23.512],[57.152,23.954],[56.611,24.496],[56.383,24.978]]]}},{"type":"Feature","id":35,"properties":{"name":"Uzbekistan","subjecto":"Uzbekistan","partof":null,"precision":3},"geometry":{"type":"Polygon","coordinates":[[[70.959,40.238],[71.673,40.148],[72.37,40.386],[72.619,40.88],[71.586,41.324],[71.276,41.113],[70.169,41.578],[70.948,42.248],[69.044,41.379],[68.462,40.585],[67.937,41.2],[66.688,41.199],[66.504,41.993],[66.017,41.998],[66.101,42.99],[64.957,43.697],[64.427,43.547],[63.208,43.627],[62.026,43.481],[61.036,44.383],[58.531,45.559],[55.978,44.996],[55.978,41.322],[57.01,41.254],[56.95,41.866],[58.612,42.781],[59.478,42.286],[59.866,42.304],[60.415,41.235],[61.878,41.125],[62.453,40.009],[64.121,38.962],[65.604,38.237],[66.554,38.027],[66.52,37.364],[67.781,37.189],[68.361,38.174],[68.086,38.994],[67.378,39.199],[67.765,39.623],[68.517,39.548],[68.602,40.175],[69.198,40.546],[70.28,40.878],[70.354,40.456],[70.959,40.238]]]}},{"type":"Feature","id":36,"properties":{"name":"Kazakhstan","subjecto":"Kazakhstan","partof":null,"precision":3},"geometry":{"type":"Polygon","coordinates":[[[87.324,49.085],[86.61,49.796],[86.112,49.52],[85.263,49.582],[84.976,50.075],[84.25,50.26],[83.434,50.993],[82.073,50.716],[80.683,51.302],[79.99,50.788],[77.867,53.272],[76.526,53.961],[75.64,54.099],[74.214,53.597],[72.067,54.222],[71.182,54.102],[71.18,54.727],[70.666,55.309],[68.723,55.353],[68.166,54.956],[62.551,54.027],[61.194,54.018],[61.19,53.013],[60.696,52.735],[61.04,52.335],[60.138,51.889],[61.474,51.426],[61.372,50.782],[59.775,50.534],[58.926,50.678],[58.595,51.023],[56.508,51.066],[55.66,50.53],[53.61,51.388],[50.582,51.635],[50.325,51.303],[48.673,50.58],[48.886,50.02],[48.418,49.812],[47.625,50.441],[46.9,49.82],[46.479,48.41],[47.051,47.975],[48.044,47.77],[48.525,47.41],[49.227,46.328],[51.187,47.117],[52.239,46.807],[53.188,46.718],[53.087,46.02],[52.567,45.401],[51.397,45.333],[50.971,44.847],[50.299,44.655],[50.847,44.189],[51.32,43.443],[51.933,42.835],[52.745,42.657],[52.438,41.749],[52.979,42.127],[54.047,42.345],[54.738,42.048],[55.43,41.291],[55.978,41.322],[55.978,44.996],[58.531,45.559],[61.036,44.383],[62.026,43.481],[63.208,43.627],[64.427,43.547],[64.957,43.697],[66.101,42.99],[66.017,41.998],[66.504,41.993],[66.688,41.199],[67.937,41.2],[68.462,40.585],[69.044,41.379],[70.948,42.248],[71.003,42.564],[71.848,42.834],[73.41,42.59],[73.634,43.062],[74.259,43.216],[75.179,42.85],[75.771,42.926],[78.496,42.876],[80.21,42.19],[80.368,43.028],[80.773,43.113],[80.345,44.103],[80.376,44.671],[80.062,45.019],[82.291,45.533],[83.15,47.212],[84.916,46.851],[85.499,47.052],[85.515,47.92],[85.784,48.408],[86.565,48.527],[87.324,49.085]]]}},{"type":"Feature","id":37,"properties":{"name":"Tajikistan","subjecto":"Tajikistan","partof":null,"precision":3},"geometry":{"type":"Polygon","coordinates":[[[70.959,40.238],[70.354,40.456],[70.28,40.878],[69.198,40.546],[68.602,40.175],[68.517,39.548],[67.765,39.623],[67.378,39.199],[68.086,38.994],[68.361,38.174],[67.781,37.189],[68.307,37.114],[70.165,37.89],[70.974,38.474],[71.598,37.898],[71.431,37.067],[71.611,36.705],[73.276,37.459],[74.66,37.394],[74.892,37.231],[75.164,37.401],[74.776,38.511],[73.797,38.603],[73.633,39.448],[72.316,39.329],[71.46,39.612],[69.286,39.54],[69.314,39.987],[69.97,40.212],[70.627,39.994],[70.959,40.238]]]}},{"type":"Feature","id":38,"properties":{"name":"Lithuania","subjecto":"Lithuania","partof":null,"precision":3},"geometry":{"type":"Polygon","coordinates":[[[26.595,55.667],[25.65,56.144],[22.094,56.417],[21.053,56.073],[21.268,55.249],[22.809,54.894],[22.767,54.356],[23.486,53.939],[24.821,54.02],[25.53,54.346],[26.595,55.667]]]}},{"type":"Feature","id":39,"properties":{"name":"Brazil","subjecto":"Brazil","partof":null,"precision":3},"geometry":{"type":"MultiPolygon","coordinates":[[[[-57.603,-30.191],[-56.831,-30.102],[-55.989,-30.856],[-55.817,-31.043],[-54.592,-31.471],[-53.127,-32.755],[-53.512,-33.099],[-53.379,-33.741],[-52.622,-33.102],[-52.127,-32.178],[-52.246,-31.841],[-51.923,-31.307],[-51.443,-31.081],[-51.123,-30.256],[-50.316,-30.462],[-49.811,-29.443],[-48.815,-28.61],[-48.566,-27.86],[-48.682,-26.719],[-48.433,-25.622],[-47.826,-24.894],[-46.966,-24.299],[-45.864,-23.756],[-45.08,-23.498],[-44.436,-22.997],[-43.542,-23.049],[-42.058,-22.954],[-41.966,-22.535],[-40.967,-21.948],[-41.072,-21.523],[-40.732,-20.844],[-40.349,-20.5],[-39.71,-19.416],[-39.725,-18.519],[-39.184,-17.601],[-39.209,-17.162],[-38.864,-15.843],[-39.067,-14.675],[-38.924,-14.004],[-39.062,-13.4],[-38.738,-12.737],[-38.32,-12.935],[-37.655,-12.05],[-36.903,-10.773],[-36.408,-10.502],[-35.147,-8.912],[-34.812,-7.906],[-34.797,-7.158],[-35.262,-5.483],[-35.511,-5.144],[-36.59,-5.103],[-37.183,-4.911],[-38.66,-3.676],[-39.986,-2.848],[-41.343,-2.92],[-42.453,-2.752],[-43.312,-2.346],[-43.477,-2.538],[-44.368,-2.55],[-44.522,-1.847],[-45.091,-1.464],[-45.81,-1.275],[-46.614,-0.813],[-47.585,-0.578],[-48.154,-0.782],[-48.34,-1.316],[-48.966,-1.6],[-50.373,-1.974],[-50.819,-1.436],[-50.824,-1.031],[-52.124,-1.619],[-51.697,-0.747],[-51.202,-0.049],[-50.791,0.17],[-49.979,1.072],[-49.91,1.664],[-50.467,1.815],[-51.093,3.376],[-51.08,3.882],[-51.683,4.039],[-51.988,3.705],[-52.708,2.359],[-53.344,2.35],[-54.112,2.114],[-54.615,2.326],[-55.018,2.591],[-56.117,2.333],[-56.482,1.942],[-57.104,2.021],[-57.561,1.709],[-58.426,1.47],[-58.816,1.187],[-59.242,1.378],[-59.765,1.921],[-60,2.694],[-59.838,3.609],[-59.529,3.932],[-59.687,4.381],[-60.088,4.608],[-59.983,5.086],[-60.74,5.202],[-60.613,4.901],[-61.542,4.263],[-62.766,4.021],[-62.997,3.599],[-63.425,3.968],[-64.064,3.912],[-64.223,3.124],[-63.995,1.958],[-64.081,1.647],[-65.137,1.127],[-66.346,0.759],[-66.875,1.223],[-67.341,2.09],[-68.163,1.721],[-69.849,1.669],[-69.852,1.059],[-69.371,1.063],[-69.137,0.65],[-70.054,0.588],[-70.074,-0.125],[-69.632,-0.507],[-69.399,-1.183],[-69.965,-4.236],[-70.832,-4.179],[-70.969,-4.385],[-71.774,-4.482],[-72.918,-5.132],[-73.235,-6.078],[-73.132,-6.435],[-73.765,-6.904],[-73.712,-7.788],[-73.527,-8.372],[-72.959,-9.086],[-72.43,-9.482],[-72.196,-10.006],[-71.391,-10.007],[-70.681,-9.528],[-70.641,-11.011],[-69.578,-10.952],[-68.616,-11.112],[-68.098,-10.698],[-67.756,-10.714],[-66.632,-9.904],[-65.789,-9.733],[-65.304,-9.826],[-65.45,-10.468],[-65.353,-11.391],[-64.997,-11.996],[-64.396,-12.457],[-63.801,-12.455],[-62.807,-12.989],[-62.222,-13.121],[-61.848,-13.531],[-60.897,-13.553],[-60.465,-13.817],[-60.292,-14.63],[-60.13,-16.273],[-58.465,-16.331],[-58.381,-17.267],[-57.791,-17.556],[-57.551,-18.184],[-58.159,-20.165],[-57.86,-20.73],[-57.987,-22.035],[-56.843,-22.289],[-56.422,-22.074],[-55.893,-22.307],[-55.398,-23.977],[-54.613,-23.811],[-54.245,-24.051],[-54.6,-25.575],[-53.91,-25.629],[-53.667,-26.219],[-53.819,-27.14],[-54.828,-27.545],[-55.773,-28.232],[-56.416,-29.051],[-57.612,-30.183],[-57.603,-30.191]]],[[[-48.463,-0.576],[-48.427,-0.26],[-49.215,-0.141],[-49.653,-0.241],[-50.368,-0.106],[-50.78,-0.661],[-50.804,-1.425],[-50.405,-1.831],[-49.824,-1.817],[-48.839,-1.443],[-48.463,-0.576]]]]}},{"type":"Feature","id":40,"properties":{"name":"Uruguay","subjecto":"Uruguay","partof":null,"precision":3},"geometry":{"type":"Polygon","coordinates":[[[-57.603,-30.191],[-57.642,-30.193],[-58.169,-31.846],[-58.2,-32.447],[-58.389,-33.942],[-57.823,-34.475],[-57.12,-34.463],[-56.311,-34.906],[-55.792,-34.774],[-54.939,-34.97],[-53.765,-34.39],[-53.379,-33.741],[-53.512,-33.099],[-53.127,-32.755],[-54.592,-31.471],[-55.817,-31.043],[-56.011,-31.082],[-55.989,-30.856],[-56.831,-30.102],[-57.603,-30.191]]]}},{"type":"Feature","id":41,"properties":{"name":"Mongolia","subjecto":"Mongolia","partof":null,"precision":3},"geometry":{"type":"Polygon","coordinates":[[[116.684,49.823],[116.218,50.014],[115.369,49.895],[114.286,50.277],[113.044,49.589],[111.338,49.365],[110.731,49.138],[108.538,49.327],[107.947,49.933],[107.225,49.997],[106.657,50.327],[105.329,50.476],[103.601,50.134],[102.328,50.546],[102.051,51.384],[100.006,51.732],[98.856,52.107],[98.051,51.466],[97.806,51.001],[98.293,50.519],[98.106,50.064],[97.302,49.726],[95.867,50.015],[94.625,50.015],[94.238,50.565],[91.75,50.684],[91.416,50.461],[89.624,49.903],[88.871,49.436],[87.816,49.166],[87.943,48.599],[89.046,47.993],[89.542,48.031],[90.441,47.493],[91.047,46.566],[90.651,45.493],[90.905,45.186],[93.525,44.951],[94.698,44.343],[95.379,44.287],[95.908,43.215],[96.351,42.741],[97.193,42.787],[99.474,42.564],[100.017,42.677],[101.638,42.515],[102.034,42.185],[103.721,41.756],[104.501,41.871],[105.015,41.596],[106.768,42.287],[108.177,42.454],[109.485,42.449],[110.407,42.769],[110.934,43.288],[111.933,43.697],[111.406,44.416],[112.011,45.087],[113.635,44.746],[114.534,45.386],[115.638,45.444],[116.604,46.309],[117.302,46.35],[118.238,46.715],[119.68,46.592],[119.7,47.16],[118.542,47.966],[117.742,47.978],[115.853,47.706],[115.515,48.122],[116.684,49.823]]]}},{"type":"Feature","id":42,"properties":{"name":"Russia","subjecto":"Russia","partof":null,"precision":3},"geometry":{"type":"MultiPolygon","coordinates":[[[[87.816,49.166],[88.871,49.436],[89.624,49.903],[91.416,50.461],[91.75,50.684],[94.238,50.565],[94.625,50.015],[95.867,50.015],[97.302,49.726],[98.106,50.064],[98.293,50.519],[97.806,51.001],[98.051,51.466],[98.856,52.107],[100.006,51.732],[102.051,51.384],[102.328,50.546],[103.601,50.134],[105.329,50.476],[106.657,50.327],[107.225,49.997],[107.947,49.933],[108.538,49.327],[110.731,49.138],[111.338,49.365],[113.044,49.589],[114.286,50.277],[115.369,49.895],[116.218,50.014],[116.684,49.823],[117.759,49.513],[119.316,50.093],[119.294,50.599],[120.108,51.665],[120.779,52.118],[120.28,52.866],[120.874,53.28],[123.64,53.551],[124.72,53.149],[125.621,53.062],[127.287,50.751],[127.508,49.822],[129.711,49.274],[130.533,48.636],[131.023,47.682],[132.525,47.708],[133.092,48.107],[134.386,48.381],[134.773,47.711],[134.154,47.258],[133.902,46.259],[132.953,45.024],[131.818,45.333],[131.066,44.682],[131.281,43.38],[130.531,42.53],[130.7,42.295],[130.858,42.525],[132.356,43.286],[132.404,42.942],[133.158,42.688],[133.927,42.883],[135.14,43.508],[135.656,44.169],[138.1,46.228],[138.535,46.987],[139.39,47.904],[140.165,48.449],[140.561,49.575],[140.443,50.544],[140.706,51.335],[141.43,51.942],[141.167,52.365],[141.433,53.149],[139.816,54.215],[139.162,54.205],[138.502,53.544],[137.597,53.824],[137.451,54.318],[136.883,54.591],[135.75,54.571],[135.22,54.894],[137.572,56.117],[138.662,56.978],[140.496,57.845],[140.904,58.383],[142.262,59.125],[143.16,59.354],[146.44,59.46],[148.394,59.379],[149.598,59.758],[151.638,59.482],[151.359,58.856],[153.369,59.241],[154.049,59.053],[154.221,59.87],[155.921,60.755],[156.679,61.524],[157.465,61.782],[159.36,61.893],[160,61.106],[160.828,60.755],[162.417,61.676],[162.978,61.81],[163.267,62.522],[164.127,62.262],[164.029,61.347],[163.346,60.799],[161.939,60.417],[160.805,59.605],[159.864,59.141],[159.024,58.415],[156.931,57.658],[156.832,57.213],[156.125,56.832],[155.551,55.284],[156.111,52.935],[156.373,52.405],[156.72,50.886],[157.759,51.544],[158.548,52.296],[158.516,52.746],[159.922,53.284],[160.053,54.176],[160.741,54.535],[161.753,54.52],[162.153,54.85],[161.777,55.608],[162.142,56.129],[163.366,56.181],[162.784,56.763],[162.833,57.383],[163.33,57.709],[161.993,58.087],[163.652,60.052],[165.13,60.084],[166.25,60.384],[169.167,60.567],[170.581,60.434],[172.007,60.855],[173.497,61.571],[176.594,62.486],[178.061,62.541],[179.15,62.342],[179.609,62.706],[178.4,64.243],[176.727,64.579],[177.298,64.838],[178.758,64.641],[180,65.066],[180,65.069],[180,65.568],[180,66.066],[180,66.565],[180,67.064],[180,67.562],[180,68.061],[180,68.56],[180,68.981],[178.773,69.415],[176.504,69.754],[170.611,70.116],[171.028,69.055],[170.351,68.828],[166.939,69.502],[164.834,69.567],[164.027,69.774],[160.926,69.642],[159.689,69.891],[159.689,70.671],[158.524,70.969],[155.936,71.099],[152.613,70.835],[151.492,71.333],[149.968,71.535],[150.067,71.922],[148.402,72.311],[141.551,72.774],[138.756,71.643],[137.356,71.374],[135.985,71.635],[134.168,71.371],[132.264,71.682],[131.546,70.887],[130.301,70.94],[128.192,72.228],[127.988,73.471],[125.652,73.525],[124.336,73.805],[123.553,73.218],[121.055,72.932],[118.918,73.12],[118.45,73.589],[111.804,73.744],[110.021,74.014],[110,74.374],[111.744,74.663],[113.605,75.285],[113.89,75.854],[111.555,76.684],[107.25,77.007],[104.023,77.733],[99.509,76.469],[96.831,75.915],[95.39,76.164],[93.55,75.853],[89.132,75.453],[87.354,75.044],[86.02,74.263],[86.783,73.902],[83.484,73.655],[80.832,73.572],[80.273,73.31],[80.704,72.545],[83.361,71.841],[81.737,71.7],[79.391,72.386],[76.946,72.044],[73.526,71.822],[73.556,71.255],[74.316,70.52],[73.516,69.746],[74.454,68.694],[74.73,67.686],[73.492,66.823],[71.577,66.659],[73.205,67.866],[73.644,68.502],[72.577,68.94],[72.459,70.304],[72.671,71.109],[72.106,71.29],[72.865,72.272],[72.496,72.788],[69.277,72.841],[68.479,71.836],[66.927,71.298],[67.318,70.784],[66.771,69.741],[67.969,69.491],[69.109,68.879],[68.383,68.228],[67.056,68.781],[63.41,69.671],[60.77,69.849],[60.139,69.578],[60.938,68.963],[59.774,68.668],[58.879,69.003],[57.33,68.565],[55.393,68.564],[54.24,68.211],[53.437,68.918],[48.256,67.683],[47.726,67.001],[45.853,66.887],[44.952,67.321],[45.35,67.73],[46.722,67.845],[45.944,68.446],[44.244,68.256],[43.761,67.221],[44.499,66.921],[44.046,66.081],[42.201,66.532],[39.712,65.402],[40.528,64.578],[39.567,64.545],[37.008,65.173],[36.569,64.902],[37.122,64.395],[36.292,64.01],[34.956,64.452],[34.369,65.392],[34.866,65.878],[33.62,66.309],[33.483,66.73],[37.927,66.089],[39.344,66.135],[40.444,66.406],[41.36,67.014],[41.017,67.698],[38.435,68.356],[37.681,68.713],[35.33,69.276],[32.687,69.503],[32.054,69.964],[30.841,69.806],[28.954,69.027],[28.447,68.515],[30.009,67.686],[29.089,66.838],[29.9,66.108],[29.588,64.991],[30.509,63.991],[29.981,63.742],[31.57,62.906],[31.222,62.492],[29.203,61.246],[27.808,60.553],[29.092,60.178],[28.019,59.482],[27.411,58.755],[27.673,57.913],[27.353,57.528],[28.149,56.142],[30.218,55.855],[30.913,55.572],[31.325,54.229],[31.754,53.82],[32.72,53.439],[32.206,53.1],[31.379,53.182],[31.764,52.101],[32.528,52.316],[33.804,52.355],[34.386,51.818],[34.28,51.361],[34.962,51.215],[35.425,50.5],[36.683,50.261],[37.435,50.425],[38.344,49.992],[39.57,49.713],[40.142,49.246],[39.759,48.895],[39.993,48.273],[39.759,47.833],[38.877,47.861],[38.353,47.607],[38.217,47.103],[37.827,46.477],[38.3,46.219],[37.159,45.326],[37.478,44.677],[38.978,44.148],[39.986,43.389],[40.652,43.539],[41.551,43.226],[42.752,43.177],[43.801,42.746],[44.859,42.76],[45.948,42.023],[46.431,41.89],[47.268,41.303],[47.871,41.208],[48.579,41.845],[47.462,43.021],[47.503,43.781],[46.701,44.446],[47.609,45.639],[48.741,45.923],[49.227,46.328],[48.525,47.41],[48.044,47.77],[47.051,47.975],[46.479,48.41],[46.9,49.82],[47.625,50.441],[48.418,49.812],[48.886,50.02],[48.673,50.58],[50.325,51.303],[50.582,51.635],[53.61,51.388],[55.66,50.53],[56.508,51.066],[58.595,51.023],[58.926,50.678],[59.775,50.534],[61.372,50.782],[61.474,51.426],[60.138,51.889],[61.04,52.335],[60.696,52.735],[61.19,53.013],[61.194,54.018],[62.551,54.027],[68.166,54.956],[68.723,55.353],[70.666,55.309],[71.18,54.727],[71.182,54.102],[72.067,54.222],[74.214,53.597],[75.64,54.099],[76.526,53.961],[77.867,53.272],[79.99,50.788],[80.683,51.302],[82.073,50.716],[83.434,50.993],[84.25,50.26],[84.976,50.075],[85.263,49.582],[86.112,49.52],[86.61,49.796],[87.324,49.085],[87.816,49.166]]],[[[22.767,54.356],[22.809,54.894],[21.268,55.249],[20.989,55.273],[20.925,55.283],[20.034,54.948],[19.61,54.457],[22.767,54.356]]],[[[-180,65.066],[-179.277,65.63],[-178.284,65.444],[-176.977,65.608],[-175.909,65.403],[-175.775,64.939],[-173.106,64.241],[-172.162,65.421],[-170.667,65.6],[-169.701,66.129],[-171.895,66.971],[-173.547,67.091],[-174.436,66.532],[-175.286,67.667],[-178.7,68.543],[-180,68.982],[-180,68.56],[-180,68.061],[-180,67.562],[-180,67.064],[-180,66.565],[-180,66.066],[-180,65.568],[-180,65.069],[-180,65.066]]],[[[-180,70.992],[-177.93,71.041],[-178.395,71.541],[-180,71.537],[-180,71.053],[-180,70.992]]],[[[142.529,54.297],[142.577,53.5],[141.928,53.021],[141.676,51.912],[142.267,51.074],[142.045,50.528],[142.16,49.678],[141.967,48.862],[142.191,47.967],[141.822,46.602],[143.173,46.708],[142.55,48.02],[143.174,49.246],[144.283,49.25],[143.79,50.309],[143.119,52.338],[143.29,53.152],[142.529,54.297]]],[[[51.41,71.806],[53.252,71.456],[54.007,70.758],[55.818,70.613],[57.063,70.862],[56.106,71.259],[55.343,72.066],[56.435,73.23],[54.935,73.425],[53.156,73.151],[52.332,72.071],[51.41,71.806]]],[[[56.987,74.69],[53.869,73.779],[56.579,73.261],[58.57,74.389],[59.875,74.628],[62.048,75.45],[68.288,76.281],[68.931,76.719],[66.944,76.949],[65.169,76.475],[62.957,76.207],[61.637,76.312],[55.808,75.157],[56.987,74.69]]],[[[50.323,69.151],[49.272,69.508],[48.304,69.277],[48.592,68.731],[50.323,69.151]]],[[[143.475,73.321],[142.045,73.917],[140.493,73.485],[143.475,73.321]]],[[[150.828,75.163],[146.389,75.585],[146.072,75.24],[148.172,74.804],[150.828,75.163]]],[[[145.366,75.54],[141.702,76.121],[140.15,75.801],[138.138,76.119],[137.068,75.726],[137.149,75.134],[139.343,74.687],[141.844,74.999],[144.331,75.047],[145.366,75.54]]],[[[105.416,78.583],[102.303,79.433],[100.255,78.665],[101.21,78.194],[104.787,78.336],[105.416,78.583]]],[[[99.886,79.041],[100.022,79.824],[97.592,80.175],[94.936,80.071],[93.749,79.544],[95.018,79.039],[97.761,78.809],[99.886,79.041]]],[[[97.747,80.742],[95.777,81.289],[93.053,80.995],[92.505,80.158],[97.188,80.234],[97.747,80.742]]]]}},{"type":"Feature","id":43,"properties":{"name":"Czech Republic","subjecto":"Czech Republic","partof":null,"precision":3},"geometry":{"type":"Polygon","coordinates":[[[14.81,50.858],[14.382,50.921],[12.336,50.259],[12.798,49.328],[13.816,48.766],[14.696,48.59],[14.982,49.008],[16.945,48.604],[18.833,49.51],[18.559,49.907],[17.839,49.974],[16.332,50.644],[14.81,50.858]]]}},{"type":"Feature","id":44,"properties":{"name":"Germany","subjecto":"Germany","partof":null,"precision":3},"geometry":{"type":"Polygon","coordinates":[[[13.816,48.766],[12.798,49.328],[12.336,50.259],[14.382,50.921],[14.81,50.858],[15.019,51.272],[14.586,51.804],[14.645,52.577],[14.216,52.818],[14.264,53.7],[12.502,54.474],[11.175,54.018],[9.438,54.81],[8.661,54.896],[9.012,54.506],[8.861,53.831],[8.168,53.553],[7.226,53.666],[7.195,53.245],[7.048,52.365],[6.193,51.509],[5.995,50.75],[6.117,50.12],[6.345,49.455],[6.843,49.211],[8.189,48.966],[7.573,48.095],[7.586,47.585],[8.558,47.801],[9.547,47.535],[10.306,47.302],[11.62,47.59],[12.745,47.665],[12.745,48.121],[13.816,48.766]]]}},{"type":"Feature","id":45,"properties":{"name":"Estonia","subjecto":"Estonia","partof":null,"precision":3},"geometry":{"type":"Polygon","coordinates":[[[24.306,57.868],[25.167,58.059],[26.5,57.516],[27.353,57.528],[27.673,57.913],[27.411,58.755],[28.019,59.482],[25.685,59.629],[23.471,59.212],[23.493,58.673],[24.306,57.868]]]}},{"type":"Feature","id":46,"properties":{"name":"Latvia","subjecto":"Latvia","partof":null,"precision":3},"geometry":{"type":"Polygon","coordinates":[[[27.353,57.528],[26.5,57.516],[25.167,58.059],[24.306,57.868],[24.379,57.23],[23.695,56.967],[22.484,57.742],[21.699,57.555],[21.065,56.846],[21.053,56.073],[22.094,56.417],[25.65,56.144],[26.595,55.667],[27.593,55.794],[28.149,56.142],[27.353,57.528]]]}},{"type":"Feature","id":47,"properties":{"name":"Norway","subjecto":"Norway","partof":null,"precision":3},"geometry":{"type":"Polygon","coordinates":[[[20.623,69.036],[21.663,69.263],[22.596,68.725],[25.652,68.883],[26.032,69.697],[27.867,70.075],[29.345,69.464],[28.954,69.027],[30.841,69.806],[31.063,70.367],[30.207,70.681],[27.569,71.097],[25.825,70.827],[24.86,70.928],[23.513,70.366],[21.209,70.208],[21.17,69.876],[19.098,69.736],[14.223,66.982],[13.082,66.498],[12.602,65.432],[11.402,64.663],[10.014,64.119],[9.699,63.644],[8.792,63.431],[5.929,62.199],[5.298,62.068],[4.964,61.266],[5.304,60.191],[5.182,59.511],[6.112,59.275],[5.478,58.755],[6.999,58.031],[8.123,58.102],[9.428,58.893],[10.85,59.18],[11.438,58.992],[11.677,59.559],[12.511,60.118],[12.256,60.981],[12.877,61.371],[12.162,61.725],[12.317,62.234],[11.992,63.289],[12.682,63.956],[13.939,64.01],[13.643,64.584],[14.514,65.318],[14.541,66.125],[16.416,67.053],[16.127,67.423],[18.172,68.536],[19.931,68.35],[20.623,69.036]]]}},{"type":"Feature","id":48,"properties":{"name":"Sweden","subjecto":"Sweden","partof":null,"precision":3},"geometry":{"type":"Polygon","coordinates":[[[20.623,69.036],[19.931,68.35],[18.172,68.536],[16.127,67.423],[16.416,67.053],[14.541,66.125],[14.514,65.318],[13.643,64.584],[13.939,64.01],[12.682,63.956],[11.992,63.289],[12.317,62.234],[12.162,61.725],[12.877,61.371],[12.256,60.981],[12.511,60.118],[11.677,59.559],[11.438,58.992],[11.225,58.371],[12.375,56.912],[12.934,56.547],[12.61,56.117],[13,55.4],[14.363,55.524],[14.686,56.147],[15.852,56.086],[16.689,57.472],[16.46,57.895],[17.093,58.661],[18.393,59.176],[18.824,60.068],[17.238,60.698],[17.097,61.636],[17.57,62.205],[19.276,63.443],[20.503,63.822],[21.49,64.487],[21.181,64.836],[22.361,65.761],[24.163,65.823],[23.642,66.436],[24.001,66.812],[23.052,68.298],[20.623,69.036]]]}},{"type":"Feature","id":49,"properties":{"name":"Finland","subjecto":"Finland","partof":null,"precision":3},"geometry":{"type":"Polygon","coordinates":[[[28.954,69.027],[29.345,69.464],[27.867,70.075],[26.032,69.697],[25.652,68.883],[22.596,68.725],[21.663,69.263],[20.623,69.036],[23.052,68.298],[24.001,66.812],[23.642,66.436],[24.163,65.823],[25.352,65.484],[23.605,64.028],[21.615,63.204],[21.114,62.781],[21.623,61.546],[21.47,60.608],[22.628,60.375],[23.237,59.898],[27.808,60.553],[29.203,61.246],[31.222,62.492],[31.57,62.906],[29.981,63.742],[30.509,63.991],[29.588,64.991],[29.9,66.108],[29.089,66.838],[30.009,67.686],[28.447,68.515],[28.954,69.027]]]}},{"type":"Feature","id":50,"properties":{"name":"Vietnam","subjecto":"Vietnam","partof":null,"precision":3},"geometry":{"type":"Polygon","coordinates":[[[107.52,14.705],[107.32,14.12],[107.597,13.535],[107.514,12.344],[106.015,11.77],[106.063,11.093],[104.451,10.42],[104.893,9.851],[104.775,8.818],[105.101,8.634],[105.539,9.129],[106.576,9.649],[106.788,10.393],[107.326,10.442],[109.018,11.356],[109.243,11.736],[109.205,12.646],[109.465,12.913],[108.883,15.336],[108.151,16.217],[106.764,17.336],[106.525,17.95],[105.648,18.893],[105.956,19.925],[106.57,20.232],[106.755,20.939],[107.991,21.486],[107.348,21.599],[106.722,22.007],[106.667,22.868],[105.854,22.905],[105.332,23.318],[104.728,22.839],[103.867,22.575],[103.31,22.788],[102.989,22.438],[102.443,22.765],[102.119,22.398],[102.948,21.737],[103.115,20.868],[104.057,20.959],[104.601,20.661],[104.908,20.175],[104.805,19.791],[104.229,19.706],[103.857,19.317],[104.722,18.792],[106.42,16.989],[106.655,16.471],[107.117,16.255],[107.16,15.759],[107.658,15.282],[107.52,14.705]]]}},{"type":"Feature","id":51,"properties":{"name":"Cambodia","subjecto":"Cambodia","partof":null,"precision":3},"geometry":{"type":"Polygon","coordinates":[[[107.52,14.705],[106.793,14.323],[106.512,14.59],[105.969,14.332],[105.873,13.937],[105.184,14.346],[104.772,14.44],[103.085,14.296],[102.328,13.275],[102.914,11.646],[103.096,10.934],[104.451,10.42],[106.063,11.093],[106.015,11.77],[107.514,12.344],[107.597,13.535],[107.32,14.12],[107.52,14.705]]]}},{"type":"Feature","id":52,"properties":{"name":"Luxembourg","subjecto":"Luxembourg","partof":null,"precision":3},"geometry":{"type":"Polygon","coordinates":[[[6.117,50.12],[5.791,49.538],[6.345,49.455],[6.117,50.12]]]}},{"type":"Feature","id":53,"properties":{"name":"United Arab Emirates","subjecto":"United Arab Emirates","partof":null,"precision":3},"geometry":{"type":"Polygon","coordinates":[[[56.279,25.627],[56.077,26.061],[54.446,24.316],[53.581,24.049],[52.67,24.145],[51.809,24.001],[51.569,24.256],[51.594,24.078],[52.583,22.931],[55.105,22.621],[55.187,22.704],[55.807,24.341],[56.383,24.978],[56.279,25.627]]]}},{"type":"Feature","id":54,"properties":{"name":"France","subjecto":"France","partof":null,"precision":3},"geometry":{"type":"MultiPolygon","coordinates":[[[[2.522,51.088],[1.581,50.869],[1.521,50.215],[0.236,49.729],[-0.219,49.28],[-1.072,49.397],[-1.61,49.216],[-1.58,48.643],[-3.077,48.828],[-4.564,48.63],[-4.435,47.976],[-2.502,47.527],[-1.993,47.052],[-1.805,46.504],[-1.049,46.039],[-1.247,44.505],[-1.477,43.58],[-1.794,43.386],[-1.275,43.047],[-0.039,42.685],[1.429,42.595],[1.707,42.503],[2.052,42.352],[3.181,42.431],[3.039,42.943],[3.939,43.533],[5.339,43.334],[6.027,43.078],[7.366,43.723],[7.407,43.764],[7.437,43.743],[7.502,43.792],[7.033,44.243],[7.022,45.925],[6.763,46.429],[6.064,46.471],[7.044,47.34],[7.586,47.585],[7.573,48.095],[8.189,48.966],[6.843,49.211],[6.345,49.455],[5.791,49.538],[4.023,50.338],[2.787,50.723],[2.522,51.088]]],[[[8.566,42.209],[8.696,41.729],[9.211,41.441],[9.553,42.113],[9.107,42.726],[8.566,42.209]]]]}},{"type":"Feature","id":55,"properties":{"name":"Belgium","subjecto":"Belgium","partof":null,"precision":3},"geometry":{"type":"Polygon","coordinates":[[[2.522,51.088],[2.787,50.723],[4.023,50.338],[5.791,49.538],[6.117,50.12],[5.995,50.75],[5.841,51.139],[4.731,51.486],[4.261,51.369],[4.221,51.368],[3.349,51.375],[2.522,51.088]]]}},{"type":"Feature","id":56,"properties":{"name":"Georgia","subjecto":"Georgia","partof":null,"precision":3},"geometry":{"type":"Polygon","coordinates":[[[39.986,43.389],[41.5,42.641],[41.774,41.822],[41.521,41.514],[42.958,41.437],[43.44,41.107],[45.002,41.29],[46.193,41.61],[46.431,41.89],[45.948,42.023],[44.859,42.76],[43.801,42.746],[42.752,43.177],[41.551,43.226],[40.652,43.539],[39.986,43.389]]]}},{"type":"Feature","id":57,"properties":{"name":"North Macedonia","subjecto":"North Macedonia","partof":null,"precision":3},"geometry":{"type":"Polygon","coordinates":[[[20.567,41.873],[20.478,41.32],[20.965,40.849],[22.917,41.336],[22.844,42.014],[22.345,42.313],[21.098,42.196],[20.567,41.873]]]}},{"type":"Feature","id":58,"properties":{"name":"Albania","subjecto":"Albania","partof":null,"precision":3},"geometry":{"type":"Polygon","coordinates":[[[20.567,41.873],[20.065,42.547],[19.605,42.585],[19.365,41.852],[19.517,41.256],[19.31,40.644],[20,39.694],[20.64,40.09],[20.965,40.849],[20.478,41.32],[20.567,41.873]]]}},{"type":"Feature","id":59,"properties":{"name":"Azerbaijan","subjecto":"Azerbaijan","partof":null,"precision":3},"geometry":{"type":"MultiPolygon","coordinates":[[[[45.002,41.29],[45.979,40.224],[45.862,39.805],[46.598,39.225],[46.514,38.882],[47.847,39.685],[48.339,39.379],[48.059,38.948],[48.874,38.434],[48.968,39.184],[49.577,40.217],[49.59,40.625],[48.579,41.845],[47.871,41.208],[47.268,41.303],[46.431,41.89],[46.193,41.61],[45.002,41.29]]],[[[46.136,38.864],[45.767,39.354],[44.775,39.703],[44.807,39.64],[45.439,39.004],[46.136,38.864]]]]}},{"type":"Feature","id":60,"properties":{"name":"Serbia","subjecto":"Serbia","partof":null,"precision":3},"geometry":{"type":"Polygon","coordinates":[[[20.065,42.547],[20.567,41.873],[21.098,42.196],[22.345,42.313],[22.506,42.87],[22.935,43.086],[22.349,43.808],[22.692,44.228],[22.32,44.685],[21.656,44.688],[21.493,45.145],[20.761,45.493],[20.243,46.108],[19.55,46.164],[18.901,45.931],[19.016,44.866],[19.177,44.287],[19.619,44.036],[19.195,43.533],[19.929,43.114],[20.065,42.547]]]}},{"type":"Feature","id":61,"properties":{"name":"Turkey","subjecto":"Turkey","partof":null,"precision":3},"geometry":{"type":"MultiPolygon","coordinates":[[[[43.44,41.107],[42.958,41.437],[41.521,41.514],[40.143,40.923],[38.928,41.043],[38.331,40.918],[37.505,41.043],[35.105,42.022],[33.324,42.019],[32.263,41.72],[31.249,41.106],[29.232,41.241],[29.264,40.87],[28.638,40.365],[26.736,40.404],[26.153,39.943],[26.153,39.459],[27.013,38.871],[27.239,37.988],[27.263,36.963],[27.987,37.035],[29.096,36.665],[29.322,36.247],[30.441,36.239],[30.687,36.891],[32.026,36.543],[32.671,36.047],[33.544,36.144],[34.771,36.816],[35.789,36.32],[35.911,35.918],[36.588,36.325],[36.659,36.828],[37.446,36.634],[38.19,36.906],[38.664,36.72],[39.765,36.742],[40.709,37.1],[42.357,37.11],[42.772,37.375],[44.766,37.142],[44.596,37.716],[44.22,37.875],[44.275,38.844],[44.061,39.4],[44.807,39.64],[44.775,39.703],[43.594,40.345],[43.44,41.107]]],[[[28.017,41.973],[27.273,42.092],[26.333,41.713],[26.637,41.378],[26.044,40.738],[27.178,40.633],[27.524,40.989],[28.982,41.002],[29.109,41.235],[28.113,41.612],[28.017,41.973]]]]}},{"type":"Feature","id":62,"properties":{"name":"Spain","subjecto":"Spain","partof":null,"precision":3},"geometry":{"type":"MultiPolygon","coordinates":[[[[-1.794,43.386],[-3.112,43.354],[-3.554,43.517],[-4.735,43.417],[-5.424,43.561],[-7.23,43.569],[-8.059,43.709],[-8.506,43.332],[-9.218,43.155],[-8.823,42.57],[-8.751,41.969],[-8.049,41.816],[-6.657,41.933],[-6.206,41.57],[-6.818,41.054],[-6.88,40.009],[-7.314,39.457],[-7.105,38.827],[-7.015,38.518],[-7.27,38.618],[-7.414,37.193],[-6.5,36.96],[-6.037,36.19],[-5.358,36.141],[-5.339,36.141],[-4.433,36.711],[-2.071,36.775],[-1.671,37.363],[-0.925,37.556],[-0.329,38.47],[0.234,38.758],[-0.323,39.516],[0.99,41.04],[2.06,41.275],[3.15,41.845],[3.181,42.431],[2.052,42.352],[1.707,42.503],[1.448,42.435],[1.429,42.595],[-0.039,42.685],[-1.275,43.047],[-1.794,43.386]]],[[[3.355,39.784],[2.933,39.914],[2.358,39.612],[3.061,39.269],[3.355,39.784]]]]}},{"type":"Feature","id":63,"properties":{"name":"Laos","subjecto":"Laos","partof":null,"precision":3},"geometry":{"type":"Polygon","coordinates":[[[102.119,22.398],[101.518,22.228],[101.723,21.304],[101.159,21.553],[100.725,21.312],[100.099,20.318],[100.543,20.067],[100.462,19.537],[101.193,19.453],[101.24,18.674],[101.03,18.428],[101.132,17.462],[102.079,18.214],[102.596,17.85],[103.038,17.991],[103.261,18.4],[104,18.318],[104.816,17.373],[104.755,16.529],[105.651,15.635],[105.416,14.428],[105.184,14.346],[105.873,13.937],[105.969,14.332],[106.512,14.59],[106.793,14.323],[107.52,14.705],[107.658,15.282],[107.16,15.759],[107.117,16.255],[106.655,16.471],[106.42,16.989],[104.722,18.792],[103.857,19.317],[104.229,19.706],[104.805,19.791],[104.908,20.175],[104.601,20.661],[104.057,20.959],[103.115,20.868],[102.948,21.737],[102.119,22.398]]]}},{"type":"Feature","id":64,"properties":{"name":"Kyrgyzstan","subjecto":"Kyrgyzstan","partof":null,"precision":3},"geometry":{"type":"Polygon","coordinates":[[[80.21,42.19],[78.496,42.876],[75.771,42.926],[75.179,42.85],[74.259,43.216],[73.634,43.062],[73.41,42.59],[71.848,42.834],[71.003,42.564],[70.948,42.248],[70.169,41.578],[71.276,41.113],[71.586,41.324],[72.619,40.88],[72.37,40.386],[71.673,40.148],[70.959,40.238],[70.627,39.994],[69.97,40.212],[69.314,39.987],[69.286,39.54],[71.46,39.612],[72.316,39.329],[73.633,39.448],[74.004,40.061],[74.835,40.512],[75.682,40.292],[76.449,40.416],[76.861,41.013],[78.075,41.04],[78.36,41.378],[80.21,42.19]]]}},{"type":"Feature","id":65,"properties":{"name":"Armenia","subjecto":"Armenia","partof":null,"precision":3},"geometry":{"type":"Polygon","coordinates":[[[45.002,41.29],[43.44,41.107],[43.594,40.345],[44.775,39.703],[45.767,39.354],[46.136,38.864],[46.514,38.882],[46.598,39.225],[45.862,39.805],[45.979,40.224],[45.002,41.29]]]}},{"type":"Feature","id":66,"properties":{"name":"Denmark","subjecto":"Denmark","partof":null,"precision":3},"geometry":{"type":"MultiPolygon","coordinates":[[[[8.661,54.896],[9.438,54.81],[9.587,55.427],[10.245,55.915],[10.266,56.908],[9.967,57.591],[8.601,56.501],[8.29,55.584],[8.661,54.896]]],[[[12.04,54.893],[12.602,55.709],[12.245,56.129],[11.071,55.677],[11.245,55.215],[12.04,54.893]]]]}},{"type":"Feature","id":67,"properties":{"name":"Libya","subjecto":"Libya","partof":null,"precision":3},"geometry":{"type":"Polygon","coordinates":[[[11.505,33.181],[11.444,32.368],[10.873,32.137],[10.108,31.412],[10.27,30.916],[9.52,30.229],[9.826,29.129],[9.777,28.268],[9.936,27.867],[9.721,27.292],[9.836,26.504],[9.401,26.113],[9.97,25.395],[10.032,24.856],[11.567,24.267],[11.969,23.517],[13.482,23.18],[14.232,22.618],[14.98,22.996],[15.985,23.445],[19.164,21.875],[21.634,20.655],[23.981,19.496],[23.981,19.995],[24.968,19.995],[24.981,21.995],[24.981,25.205],[24.981,27.667],[24.981,29.181],[24.688,30.144],[24.995,30.785],[24.861,31.38],[25.151,31.656],[24.982,31.968],[24.091,32.006],[23.096,32.324],[23.086,32.646],[21.609,32.931],[20.563,32.558],[20.072,32.176],[19.921,31.718],[20.147,31.217],[19.749,30.511],[19.057,30.266],[18.175,30.786],[17.366,31.087],[16.045,31.276],[15.49,31.665],[15.196,32.39],[13.352,32.904],[12.348,32.833],[11.505,33.181]]]}},{"type":"Feature","id":68,"properties":{"name":"Tunisia","subjecto":"Tunisia","partof":null,"precision":3},"geometry":{"type":"Polygon","coordinates":[[[11.505,33.181],[11.108,33.55],[10.33,33.703],[10.127,34.326],[10.597,34.545],[11.112,35.206],[10.609,35.856],[10.8,36.452],[10.146,37.237],[9.666,37.335],[8.603,36.94],[8.241,35.828],[8.236,34.648],[7.48,33.894],[7.751,33.208],[8.32,32.561],[9.045,32.072],[9.52,30.229],[10.27,30.916],[10.108,31.412],[10.873,32.137],[11.444,32.368],[11.505,33.181]]]}},{"type":"Feature","id":69,"properties":{"name":"Romania","subjecto":"Romania","partof":null,"precision":3},"geometry":{"type":"Polygon","coordinates":[[[22.878,47.947],[22.262,47.716],[21.165,46.318],[20.243,46.108],[20.761,45.493],[21.493,45.145],[21.656,44.688],[22.32,44.685],[22.692,44.228],[23.325,43.887],[25.36,43.654],[26.151,44.012],[27.027,44.177],[28.578,43.741],[28.789,44.706],[29.611,44.849],[29.659,45.216],[28.71,45.227],[28.199,45.462],[28.246,46.428],[28.037,47.016],[26.618,48.259],[26.173,47.993],[25.262,47.899],[22.878,47.947]]]}},{"type":"Feature","id":70,"properties":{"name":"Hungary","subjecto":"Hungary","partof":null,"precision":3},"geometry":{"type":"Polygon","coordinates":[[[22.878,47.947],[22.133,48.405],[20.482,48.526],[19.884,48.13],[18.838,48.04],[17.826,47.75],[17.148,48.005],[16.094,46.863],[16.515,46.502],[17.345,45.956],[18.412,45.743],[18.901,45.931],[19.55,46.164],[20.243,46.108],[21.165,46.318],[22.262,47.716],[22.878,47.947]]]}},{"type":"Feature","id":71,"properties":{"name":"Slovakia","subjecto":"Slovakia","partof":null,"precision":3},"geometry":{"type":"Polygon","coordinates":[[[22.54,49.072],[21.82,49.377],[20.33,49.392],[19.443,49.602],[18.833,49.51],[16.945,48.604],[17.148,48.005],[17.826,47.75],[18.838,48.04],[19.884,48.13],[20.482,48.526],[22.133,48.405],[22.54,49.072]]]}},{"type":"Feature","id":72,"properties":{"name":"Poland","subjecto":"Poland","partof":null,"precision":3},"geometry":{"type":"Polygon","coordinates":[[[18.833,49.51],[19.443,49.602],[20.33,49.392],[21.82,49.377],[22.54,49.072],[22.641,49.529],[24.106,50.539],[23.606,51.517],[23.894,53.152],[23.486,53.939],[22.767,54.356],[19.61,54.457],[18.588,54.434],[17.885,54.824],[16.57,54.557],[16.22,54.277],[14.21,53.938],[14.201,53.878],[14.264,53.7],[14.216,52.818],[14.645,52.577],[14.586,51.804],[15.019,51.272],[14.81,50.858],[16.332,50.644],[17.839,49.974],[18.559,49.907],[18.833,49.51]]]}},{"type":"Feature","id":73,"properties":{"name":"Ireland","subjecto":"Ireland","partof":null,"precision":3},"geometry":{"type":"Polygon","coordinates":[[[-7.247,55.069],[-8.263,55.161],[-8.486,54.289],[-9.786,54.338],[-10.026,53.385],[-9.272,53.147],[-10.235,51.851],[-9.77,51.592],[-8.539,51.648],[-7.435,52.126],[-6.37,52.18],[-5.997,52.965],[-6.27,54.098],[-7.31,54.115],[-8.156,54.439],[-7.247,55.069]]]}},{"type":"Feature","id":74,"properties":{"name":"United Kingdom","subjecto":"United Kingdom","partof":null,"precision":3},"geometry":{"type":"MultiPolygon","coordinates":[[[[-7.247,55.069],[-8.156,54.439],[-7.31,54.115],[-6.27,54.098],[-5.537,54.657],[-6.476,55.249],[-7.247,55.069]]],[[[-2.665,51.617],[-3.058,51.208],[-4.152,51.212],[-4.792,50.595],[-3.646,50.226],[-2.865,50.734],[-1.984,50.597],[-1.317,50.8],[0.271,50.747],[1.357,51.131],[0.924,51.588],[1.771,52.486],[1.275,52.929],[0.33,53.086],[0.133,53.643],[-0.563,54.477],[-1.275,54.748],[-1.631,55.585],[-2.964,56.206],[-1.759,57.474],[-2.108,57.705],[-3.492,57.713],[-3.204,58.661],[-4.988,58.628],[-5.599,57.279],[-5.581,55.758],[-4.618,55.496],[-5.171,55.009],[-3.964,54.772],[-3.018,53.932],[-3.058,53.435],[-4.152,53.228],[-4.197,52.279],[-5.289,51.917],[-3.539,51.399],[-2.665,51.617]]]]}},{"type":"Feature","id":75,"properties":{"name":"Greece","subjecto":"Greece","partof":null,"precision":3},"geometry":{"type":"MultiPolygon","coordinates":[[[[20.965,40.849],[20.64,40.09],[20,39.694],[20.687,39.072],[21.156,38.304],[21.122,37.837],[21.55,37.561],[21.707,36.818],[22.371,36.674],[23.096,36.807],[22.723,37.542],[23.169,37.614],[23.951,38.291],[23.205,38.683],[22.826,39.221],[23.102,39.497],[22.571,40.054],[23.868,40.414],[24.416,40.946],[25.3,40.952],[26.044,40.738],[26.637,41.378],[26.333,41.713],[26.121,41.358],[25.286,41.239],[24.531,41.548],[22.917,41.336],[20.965,40.849]]],[[[26.321,35.315],[25.83,35.122],[24.721,35.427],[24.739,34.932],[26.241,35.039],[26.321,35.315]]]]}},{"type":"Feature","id":76,"properties":{"name":"Zambia","subjecto":"Zambia","partof":null,"precision":3},"geometry":{"type":"Polygon","coordinates":[[[32.921,-9.408],[30.96,-8.55],[30.752,-8.194],[28.915,-8.473],[28.765,-8.934],[28.372,-9.235],[28.668,-9.822],[28.44,-11.348],[28.497,-11.857],[29.03,-12.376],[29.799,-12.154],[29.574,-13.225],[29.169,-13.434],[28.423,-12.521],[27.638,-12.294],[27.421,-11.922],[25.994,-11.905],[25.352,-11.646],[25.279,-11.2],[24.31,-11.407],[23.967,-10.872],[24.001,-13.001],[21.98,-13.001],[21.984,-16.166],[22.152,-16.598],[23.382,-17.641],[24.22,-17.479],[24.958,-17.552],[25.26,-17.794],[27.048,-17.944],[27.777,-17.001],[28.823,-16.471],[29.186,-15.813],[30.396,-15.636],[30.214,-14.981],[33.203,-14.014],[32.723,-13.573],[32.995,-13.191],[33.025,-12.613],[33.373,-12.519],[33.23,-11.417],[33.319,-10.818],[33.674,-10.577],[32.921,-9.408]]]}},{"type":"Feature","id":77,"properties":{"name":"Sierra Leone","subjecto":"Sierra Leone","partof":null,"precision":3},"geometry":{"type":"Polygon","coordinates":[[[-10.282,8.485],[-10.639,8.52],[-10.675,9.306],[-11.273,9.996],[-12.508,9.86],[-12.702,9.42],[-13.301,9.041],[-12.876,7.829],[-12.507,7.39],[-11.476,6.919],[-10.615,7.769],[-10.282,8.485]]]}},{"type":"Feature","id":78,"properties":{"name":"Guinea","subjecto":"Guinea","partof":null,"precision":3},"geometry":{"type":"Polygon","coordinates":[[[-13.301,9.041],[-12.702,9.42],[-12.508,9.86],[-11.273,9.996],[-10.675,9.306],[-10.639,8.52],[-10.282,8.485],[-9.684,8.487],[-9.422,8.016],[-9.438,7.422],[-8.925,7.249],[-8.485,7.558],[-8.229,7.544],[-7.692,8.606],[-7.959,8.782],[-8.174,9.942],[-7.99,10.162],[-8.296,10.537],[-8.311,11.001],[-8.847,11.658],[-8.994,12.388],[-9.723,12.025],[-10.267,12.218],[-10.711,11.89],[-11.191,12.014],[-11.388,12.404],[-12.361,12.306],[-13.076,12.636],[-13.728,12.673],[-13.73,11.71],[-14.687,11.511],[-15.021,10.967],[-14.463,10.33],[-13.624,9.72],[-13.301,9.041]]]}},{"type":"Feature","id":79,"properties":{"name":"Liberia","subjecto":"Liberia","partof":null,"precision":3},"geometry":{"type":"Polygon","coordinates":[[[-11.476,6.919],[-11.353,6.701],[-10.396,6.177],[-9.279,5.146],[-8.257,4.58],[-7.541,4.353],[-7.605,4.897],[-7.447,5.846],[-7.935,6.271],[-8.566,6.551],[-8.284,7.018],[-8.485,7.558],[-8.925,7.249],[-9.438,7.422],[-9.422,8.016],[-9.684,8.487],[-10.282,8.485],[-10.615,7.769],[-11.476,6.919]]]}},{"type":"Feature","id":80,"properties":{"name":"Central African Republic","subjecto":"Central African Republic","partof":null,"precision":3},"geometry":{"type":"Polygon","coordinates":[[[22.861,10.919],[22.46,11.001],[21.723,10.637],[21.656,10.234],[20.826,9.418],[20.359,9.116],[19.101,9.015],[19.124,8.675],[18.589,8.048],[17.68,7.985],[16.769,7.55],[16.371,7.673],[15.481,7.523],[14.719,6.258],[14.524,5.28],[14.717,4.622],[15.001,4.403],[15.171,3.759],[16.092,2.863],[16.197,2.236],[16.479,2.836],[16.568,3.464],[17.334,3.619],[18.626,3.477],[18.721,4.377],[19.083,4.909],[19.72,5.136],[20.339,4.772],[20.603,4.41],[22.493,4.174],[22.898,4.824],[23.388,4.587],[24.46,5.107],[25.308,5.032],[25.581,5.375],[26.463,5.06],[27.441,5.071],[27.17,5.72],[26.528,6.043],[26.378,6.653],[25.36,7.336],[24.832,8.166],[24.131,8.343],[24.17,8.689],[23.482,8.783],[23.624,9.908],[22.861,10.919]]]}},{"type":"Feature","id":81,"properties":{"name":"Sudan","subjecto":"Sudan","partof":null,"precision":3},"geometry":{"type":"Polygon","coordinates":[[[22.861,10.919],[23.624,9.908],[23.482,8.783],[24.17,8.689],[24.558,8.887],[24.793,9.798],[25.084,10.293],[25.843,10.418],[26.557,9.52],[27.895,9.595],[27.825,10.16],[28.989,10.16],[28.989,9.587],[29.483,9.762],[30.013,10.27],[30.749,9.736],[31.235,9.792],[31.943,10.656],[32.414,11.051],[32.345,11.709],[33.209,12.21],[33.083,11.585],[33.182,10.843],[33.902,10.192],[34.071,9.455],[34.279,10.566],[34.947,11.275],[35.617,12.575],[36.124,12.721],[36.526,14.264],[36.424,15.112],[36.944,16.253],[37,17.073],[38.344,17.656],[38.602,18.005],[37.434,18.862],[37.238,19.655],[37.149,21.171],[36.884,21.996],[34.084,21.995],[33.866,21.75],[33.558,21.711],[33.181,21.995],[31.248,21.994],[28.29,21.995],[24.981,21.995],[24.968,19.995],[23.981,19.995],[23.981,19.496],[23.984,15.721],[23.095,15.704],[22.966,15.224],[22.465,14.629],[22.074,13.771],[22.268,13.335],[22.205,12.743],[22.593,11.989],[22.861,10.919]]]}},{"type":"Feature","id":82,"properties":{"name":"Djibouti","subjecto":"Djibouti","partof":null,"precision":3},"geometry":{"type":"Polygon","coordinates":[[[43.241,11.488],[43.042,11.799],[43.411,12.242],[43.118,12.708],[42.379,12.466],[41.749,11.538],[41.799,10.971],[42.924,10.999],[43.241,11.488]]]}},{"type":"Feature","id":83,"properties":{"name":"Eritrea","subjecto":"Eritrea","partof":null,"precision":3},"geometry":{"type":"Polygon","coordinates":[[[43.118,12.708],[42.774,12.862],[42.288,13.575],[41.677,13.94],[41.156,14.642],[39.718,15.264],[39.236,16.109],[38.929,17.397],[38.602,18.005],[38.344,17.656],[37,17.073],[36.944,16.253],[36.424,15.112],[36.526,14.264],[37.565,14.117],[37.891,14.88],[38.427,14.417],[40.105,14.466],[40.833,14.106],[42.379,12.466],[43.118,12.708]]]}},{"type":"Feature","id":84,"properties":{"name":"Austria","subjecto":"Austria","partof":null,"precision":3},"geometry":{"type":"Polygon","coordinates":[[[16.945,48.604],[14.982,49.008],[14.696,48.59],[13.816,48.766],[12.745,48.121],[12.745,47.665],[11.62,47.59],[10.306,47.302],[9.547,47.535],[9.521,47.263],[9.581,47.057],[10.454,46.864],[12.111,46.993],[12.405,46.69],[13.701,46.52],[14.502,46.418],[16.094,46.863],[17.148,48.005],[16.945,48.604]]]}},{"type":"Feature","id":85,"properties":{"name":"Iraq","subjecto":"Iraq","partof":null,"precision":3},"geometry":{"type":"Polygon","coordinates":[[[44.766,37.142],[42.772,37.375],[42.357,37.11],[41.844,36.618],[41.415,36.527],[41.196,34.768],[40.69,34.331],[38.775,33.372],[39.146,32.118],[40.424,31.921],[42.075,31.08],[44.692,29.202],[46.532,29.096],[47.11,29.961],[47.948,29.994],[48.531,29.961],[47.673,30.995],[47.831,31.762],[47.396,32.337],[46.273,32.959],[45.659,33.682],[45.501,34.592],[46.165,35.19],[45.814,35.809],[44.991,36.534],[44.766,37.142]]]}},{"type":"Feature","id":86,"properties":{"name":"Italy","subjecto":"Italy","partof":null,"precision":3},"geometry":{"type":"MultiPolygon","coordinates":[[[[7.022,45.925],[7.033,44.243],[7.502,43.792],[7.96,43.853],[8.762,44.432],[10.106,44.017],[10.5,42.94],[13.045,41.228],[13.722,41.252],[14.052,40.838],[14.752,40.677],[14.911,40.242],[15.61,40.073],[16.22,38.899],[15.651,38.241],[16.09,37.949],[17.128,38.929],[17.159,39.406],[16.516,39.69],[17.05,40.519],[18.007,40.651],[16.022,41.428],[16.027,41.944],[15.123,41.934],[14.075,42.599],[13.617,43.531],[12.369,44.251],[12.254,44.751],[12.488,45.457],[13.131,45.769],[13.712,45.593],[13.365,46.29],[13.701,46.52],[12.405,46.69],[12.111,46.993],[10.454,46.864],[10.133,46.414],[8.427,46.251],[7.831,45.914],[7.022,45.925]],[[12.429,43.892],[12.386,43.925],[12.421,43.967],[12.49,43.939],[12.429,43.892]],[[12.453,41.903],[12.453,41.904],[12.454,41.904],[12.454,41.903],[12.453,41.903]]],[[[15.529,38.303],[13.791,37.974],[13.31,38.22],[12.427,37.797],[14.487,36.793],[15.074,36.659],[15.111,37.322],[15.529,38.303]]],[[[9.792,40.557],[9.546,41.121],[8.134,40.729],[8.555,39.853],[8.372,39.231],[9.558,39.14],[9.792,40.557]]]]}},{"type":"Feature","id":87,"properties":{"name":"Switzerland","subjecto":"Switzerland","partof":null,"precision":3},"geometry":{"type":"Polygon","coordinates":[[[10.454,46.864],[9.581,47.057],[9.485,47.176],[9.521,47.263],[9.547,47.535],[8.558,47.801],[7.586,47.585],[7.044,47.34],[6.064,46.471],[6.763,46.429],[7.022,45.925],[7.831,45.914],[8.427,46.251],[10.133,46.414],[10.454,46.864]]]}},{"type":"Feature","id":88,"properties":{"name":"Iran","subjecto":"Iran","partof":null,"precision":3},"geometry":{"type":"Polygon","coordinates":[[[44.807,39.64],[44.061,39.4],[44.275,38.844],[44.22,37.875],[44.596,37.716],[44.766,37.142],[44.991,36.534],[45.814,35.809],[46.165,35.19],[45.501,34.592],[45.659,33.682],[46.273,32.959],[47.396,32.337],[47.831,31.762],[47.673,30.995],[48.531,29.961],[48.935,30.08],[50.145,29.938],[50.655,29.449],[51.38,27.991],[52.011,27.833],[52.601,27.353],[53.716,26.709],[54.802,26.498],[55.685,27.003],[56.353,27.202],[56.973,26.969],[57.326,25.777],[58.073,25.564],[58.814,25.564],[60.363,25.331],[61.412,25.059],[61.588,25.202],[61.857,26.242],[62.754,26.644],[63.141,26.625],[63.252,27.219],[62.801,27.225],[62.736,27.995],[62.363,28.419],[61.653,28.756],[60.844,29.858],[61.785,30.831],[61.661,31.382],[60.855,31.483],[60.83,32.249],[60.568,33.151],[60.487,34.094],[61.065,34.815],[61.27,35.618],[61.075,36.648],[60.342,36.637],[58.861,37.668],[57.352,37.968],[57.038,38.187],[55.423,38.076],[54.784,37.517],[53.914,37.343],[53.492,36.888],[51.909,36.583],[51.089,36.737],[50.149,37.404],[49.014,37.739],[48.874,38.434],[48.059,38.948],[48.339,39.379],[47.847,39.685],[46.514,38.882],[46.136,38.864],[45.439,39.004],[44.807,39.64]]]}},{"type":"Feature","id":89,"properties":{"name":"Netherlands","subjecto":"Netherlands","partof":null,"precision":3},"geometry":{"type":"Polygon","coordinates":[[[7.195,53.245],[5.981,53.406],[4.745,52.968],[4.142,52.006],[4.261,51.369],[4.731,51.486],[5.841,51.139],[5.995,50.75],[6.193,51.509],[7.048,52.365],[7.195,53.245]]]}},{"type":"Feature","id":90,"properties":{"name":"Liechtenstein","subjecto":"Liechtenstein","partof":null,"precision":3},"geometry":{"type":"Polygon","coordinates":[[[9.521,47.263],[9.485,47.176],[9.581,47.057],[9.521,47.263]]]}},{"type":"Feature","id":91,"properties":{"name":"Ivory Coast","subjecto":"Ivory Coast","partof":null,"precision":3},"geometry":{"type":"Polygon","coordinates":[[[-7.99,10.162],[-8.174,9.942],[-7.959,8.782],[-7.692,8.606],[-8.229,7.544],[-8.485,7.558],[-8.284,7.018],[-8.566,6.551],[-7.935,6.271],[-7.447,5.846],[-7.605,4.897],[-7.541,4.353],[-5.851,5.03],[-4.125,5.307],[-2.844,5.149],[-3.263,6.617],[-2.84,7.82],[-2.506,8.209],[-2.689,9.489],[-3.662,9.949],[-4.27,9.744],[-4.966,9.901],[-5.523,10.425],[-6.181,10.216],[-6.521,10.564],[-6.959,10.186],[-7.709,10.402],[-7.99,10.162]]]}},{"type":"Feature","id":92,"properties":{"name":"Mali","subjecto":"Mali","partof":null,"precision":3},"geometry":{"type":"Polygon","coordinates":[[[-12.264,14.775],[-11.998,14.166],[-11.997,13.544],[-11.45,13.075],[-11.388,12.404],[-11.191,12.014],[-10.711,11.89],[-10.267,12.218],[-9.723,12.025],[-8.994,12.388],[-8.847,11.658],[-8.311,11.001],[-8.296,10.537],[-7.99,10.162],[-7.709,10.402],[-6.959,10.186],[-6.521,10.564],[-6.181,10.216],[-5.523,10.425],[-5.168,11.944],[-4.406,12.307],[-3.984,13.396],[-3.249,13.293],[-2.841,14.043],[-2.023,14.199],[-0.753,15.07],[0.218,14.911],[0.974,14.991],[1.332,15.284],[3.507,15.354],[3.871,15.715],[4.184,16.416],[4.229,19.142],[3.308,18.982],[3.217,19.794],[1.778,20.304],[1.145,20.796],[1.147,21.102],[-0.964,22.481],[-2.523,23.501],[-4.822,24.995],[-6.593,24.994],[-6.219,21.823],[-5.964,19.621],[-5.623,16.528],[-5.353,16.312],[-5.511,15.496],[-9.349,15.496],[-9.836,15.371],[-11.727,15.541],[-11.837,14.893],[-12.264,14.775]]]}},{"type":"Feature","id":93,"properties":{"name":"Senegal","subjecto":"Senegal","partof":null,"precision":3},"geometry":{"type":"Polygon","coordinates":[[[-12.264,14.775],[-13.238,15.623],[-13.485,16.155],[-13.811,16.122],[-14.343,16.637],[-16.327,16.475],[-16.542,15.809],[-17.178,14.653],[-16.561,13.587],[-15.518,13.583],[-15.833,13.157],[-16.754,13.065],[-16.728,12.333],[-15.677,12.439],[-15.195,12.679],[-13.728,12.673],[-13.076,12.636],[-12.361,12.306],[-11.388,12.404],[-11.45,13.075],[-11.997,13.544],[-11.998,14.166],[-12.264,14.775]]]}},{"type":"Feature","id":94,"properties":{"name":"Nigeria","subjecto":"Nigeria","partof":null,"precision":3},"geometry":{"type":"Polygon","coordinates":[[[3.596,11.696],[3.837,10.6],[3.513,9.847],[2.769,9.057],[2.672,7.89],[2.774,7.051],[2.704,6.368],[3.541,6.455],[4.406,6.359],[5.007,5.849],[5.595,4.636],[6.097,4.278],[6.969,4.375],[7.17,4.606],[8.298,4.553],[8.594,4.815],[8.856,5.847],[10.119,6.994],[10.603,7.058],[11.51,6.612],[12.198,7.975],[12.25,8.419],[12.806,8.832],[12.862,9.383],[13.195,9.542],[13.248,10.079],[13.982,11.276],[14.594,11.496],[14.67,12.167],[14.18,12.386],[14.065,13.078],[13.607,13.704],[12.884,13.496],[12.473,13.064],[11.44,13.364],[10.675,13.375],[9.93,13.146],[9.641,12.823],[8.679,12.924],[7.756,13.327],[6.907,13.007],[6.369,13.626],[5.554,13.873],[4.507,13.695],[4.126,13.473],[4.089,12.996],[3.646,12.529],[3.596,11.696]]]}},{"type":"Feature","id":95,"properties":{"name":"Benin","subjecto":"Benin","partof":null,"precision":3},"geometry":{"type":"Polygon","coordinates":[[[3.596,11.696],[2.844,12.399],[2.39,11.897],[2.011,11.427],[1.434,11.459],[0.901,10.993],[0.769,10.367],[1.331,9.996],[1.601,9.05],[1.62,6.214],[2.704,6.368],[2.774,7.051],[2.672,7.89],[2.769,9.057],[3.513,9.847],[3.837,10.6],[3.596,11.696]]]}},{"type":"Feature","id":96,"properties":{"name":"Angola","subjecto":"Angola","partof":null,"precision":3},"geometry":{"type":"MultiPolygon","coordinates":[[[[13.074,-4.635],[12.762,-4.391],[12.01,-5.02],[12.211,-5.763],[12.531,-5.163],[13.074,-4.635]]],[[[23.967,-10.872],[23.014,-11.102],[22.165,-10.852],[22.313,-10.369],[21.854,-9.618],[21.936,-8.413],[21.758,-8.015],[21.785,-7.283],[20.521,-7.286],[20.294,-7.002],[19.522,-7.002],[19.356,-8.002],[17.537,-8.015],[16.996,-7.298],[16.597,-5.925],[16.316,-5.855],[13.184,-5.856],[12.279,-6.148],[12.815,-6.947],[12.85,-7.266],[13.369,-8.323],[13.38,-8.755],[12.996,-9.094],[13.199,-9.709],[13.753,-10.646],[13.847,-11.114],[13.64,-12.249],[12.513,-13.442],[12.273,-14.751],[11.992,-15.617],[11.737,-15.9],[11.766,-17.253],[12.555,-17.236],[13.364,-16.964],[13.943,-17.408],[16.34,-17.389],[18.454,-17.39],[18.762,-17.748],[20.806,-18.031],[21.381,-18.013],[23.382,-17.641],[22.152,-16.598],[21.984,-16.166],[21.98,-13.001],[24.001,-13.001],[23.967,-10.872]]]]}},{"type":"Feature","id":97,"properties":{"name":"Croatia","subjecto":"Croatia","partof":null,"precision":3},"geometry":{"type":"MultiPolygon","coordinates":[[[[16.515,46.502],[15.661,46.215],[15.666,45.832],[14.668,45.534],[13.643,45.459],[13.585,45.489],[13.973,44.827],[14.33,45.354],[14.827,45.114],[15.145,44.195],[16.098,43.48],[16.881,43.406],[17.581,42.942],[16.216,44.208],[15.717,44.786],[15.78,45.16],[16.933,45.279],[19.016,44.866],[18.901,45.931],[18.412,45.743],[17.345,45.956],[16.515,46.502]]],[[[18.437,42.559],[17.653,42.891],[18.496,42.416],[18.437,42.559]]]]}},{"type":"Feature","id":98,"properties":{"name":"Slovenia","subjecto":"Slovenia","partof":null,"precision":3},"geometry":{"type":"Polygon","coordinates":[[[13.643,45.459],[14.668,45.534],[15.666,45.832],[15.661,46.215],[16.515,46.502],[16.094,46.863],[14.502,46.418],[13.701,46.52],[13.365,46.29],[13.712,45.593],[13.59,45.489],[13.643,45.459]]]}},{"type":"Feature","id":99,"properties":{"name":"Qatar","subjecto":"Qatar","partof":null,"precision":3},"geometry":{"type":"Polygon","coordinates":[[[50.808,24.747],[51.215,24.626],[51.617,25.137],[51.577,25.881],[51.047,26.053],[50.751,25.42],[50.808,24.747]]]}},{"type":"Feature","id":100,"properties":{"name":"Saudi Arabia","subjecto":"Saudi Arabia","partof":null,"precision":3},"geometry":{"type":"Polygon","coordinates":[[[50.808,24.747],[50.101,25.989],[50.216,26.215],[49.699,26.958],[48.606,28.126],[48.433,28.54],[47.668,28.534],[47.434,28.995],[46.532,29.096],[44.692,29.202],[42.075,31.08],[40.424,31.921],[39.146,32.118],[38.963,31.994],[36.96,31.491],[37.981,30.499],[37.47,29.995],[36.756,29.866],[36.016,29.19],[34.949,29.352],[34.627,28.161],[35.052,28.12],[36.23,26.626],[36.663,25.856],[37.23,25.194],[37.457,24.441],[38.6,23.568],[39.143,22.391],[38.979,21.862],[39.081,21.315],[39.646,20.462],[40.523,19.972],[41.719,17.909],[42.302,17.454],[42.789,16.371],[43.209,16.773],[43.165,17.326],[45.165,17.428],[46.323,17.224],[46.97,16.957],[47.428,17.092],[48.162,18.149],[49.129,18.612],[51.979,18.996],[54.978,19.995],[55.638,21.979],[55.187,22.704],[55.105,22.621],[52.583,22.931],[51.594,24.078],[51.569,24.256],[51.215,24.626],[50.808,24.747]]]}},{"type":"Feature","id":101,"properties":{"name":"Botswana","subjecto":"Botswana","partof":null,"precision":3},"geometry":{"type":"Polygon","coordinates":[[[25.26,-17.794],[24.183,-18.029],[23.645,-18.466],[23.311,-18.01],[20.975,-18.319],[20.972,-22.001],[19.978,-22.001],[19.981,-24.752],[20.365,-25.033],[20.841,-26.131],[20.609,-26.686],[21.687,-26.855],[22.719,-25.984],[23.007,-25.311],[23.459,-25.282],[23.925,-25.629],[24.799,-25.829],[25.587,-25.62],[25.868,-24.748],[26.404,-24.633],[26.85,-24.248],[27.004,-23.646],[28.339,-22.585],[29.35,-22.187],[29.039,-21.798],[27.99,-21.552],[27.675,-21.09],[27.698,-20.509],[27.215,-20.11],[26.13,-19.501],[25.941,-18.921],[25.26,-17.794]]]}},{"type":"Feature","id":102,"properties":{"name":"Zimbabwe","subjecto":"Zimbabwe","partof":null,"precision":3},"geometry":{"type":"Polygon","coordinates":[[[25.26,-17.794],[25.941,-18.921],[26.13,-19.501],[27.215,-20.11],[27.698,-20.509],[27.675,-21.09],[27.99,-21.552],[29.039,-21.798],[29.35,-22.187],[31.289,-22.397],[32.409,-21.29],[32.469,-20.687],[33.033,-19.784],[32.769,-19.364],[32.996,-18.467],[33.022,-17.361],[32.893,-16.712],[31.91,-16.429],[31.26,-16.023],[30.403,-16.001],[30.396,-15.636],[29.186,-15.813],[28.823,-16.471],[27.777,-17.001],[27.048,-17.944],[25.26,-17.794]]]}},{"type":"Feature","id":103,"properties":{"name":"Bulgaria","subjecto":"Bulgaria","partof":null,"precision":3},"geometry":{"type":"Polygon","coordinates":[[[26.333,41.713],[27.273,42.092],[28.017,41.973],[27.511,42.553],[27.892,42.711],[28.092,43.364],[28.578,43.741],[27.027,44.177],[26.151,44.012],[25.36,43.654],[23.325,43.887],[22.692,44.228],[22.349,43.808],[22.935,43.086],[22.506,42.87],[22.345,42.313],[22.844,42.014],[22.917,41.336],[24.531,41.548],[25.286,41.239],[26.121,41.358],[26.333,41.713]]]}},{"type":"Feature","id":104,"properties":{"name":"Thailand","subjecto":"Thailand","partof":null,"precision":3},"geometry":{"type":"Polygon","coordinates":[[[102.914,11.646],[102.328,13.275],[103.085,14.296],[104.772,14.44],[105.184,14.346],[105.416,14.428],[105.651,15.635],[104.755,16.529],[104.816,17.373],[104,18.318],[103.261,18.4],[103.038,17.991],[102.596,17.85],[102.079,18.214],[101.132,17.462],[101.03,18.428],[101.24,18.674],[101.193,19.453],[100.462,19.537],[100.543,20.067],[100.099,20.318],[99.942,20.444],[99.009,19.846],[97.84,19.555],[97.752,18.582],[97.438,18.488],[97.769,17.679],[98.632,16.463],[98.56,15.355],[98.165,15.126],[98.548,14.378],[99.153,13.715],[99.214,12.735],[99.63,11.816],[98.767,10.689],[98.747,10.351],[98.327,9.204],[98.278,8.241],[98.599,8.375],[99.693,7.116],[100.127,6.442],[101.082,6.246],[101.105,5.638],[102.073,6.258],[101.566,6.832],[100.998,6.857],[100.396,7.211],[100.22,8.449],[99.959,8.638],[99.854,9.295],[99.475,9.201],[99.181,9.643],[99.152,10.357],[100.02,12.193],[99.961,12.625],[100.29,13.505],[100.951,13.468],[100.837,12.708],[101.83,12.673],[102.296,12.19],[102.75,12.04],[102.914,11.646]]]}},{"type":"Feature","id":105,"properties":{"name":"India","subjecto":"India","partof":null,"precision":3},"geometry":{"type":"Polygon","coordinates":[[[88.892,27.316],[88.61,28.106],[88.118,27.861],[87.971,27.103],[88.074,26.454],[87.326,26.353],[86.284,26.612],[85.822,26.572],[84.802,27.014],[84.577,27.329],[82.752,27.495],[81.146,28.372],[80.036,28.837],[80.369,29.758],[80.884,30.21],[80.976,30.255],[80.18,30.559],[79.919,30.881],[79.383,31.078],[78.849,31.291],[78.714,31.883],[78.469,32.227],[78.381,32.528],[77.721,33.013],[77.349,32.867],[76.74,33.197],[75.972,32.911],[75.839,32.507],[75.298,32.332],[74.489,31.711],[74.33,30.9],[73.37,29.927],[72.902,29.023],[72.382,28.784],[71.861,27.95],[70.832,27.701],[70.342,28.011],[69.576,27.188],[69.465,26.808],[70.158,26.53],[70.065,25.98],[70.647,25.431],[71.064,24.683],[69.972,24.165],[68.726,24.289],[68.183,23.842],[68.552,23.26],[69.239,22.842],[70.178,22.562],[68.994,22.204],[69.988,21.233],[70.614,21.65],[70.821,21.154],[71.7,21.021],[72.606,21.267],[72.945,20.77],[72.65,19.842],[73.235,17.302],[73.447,16.069],[73.886,15.435],[74.615,13.836],[74.818,12.862],[75.531,11.694],[76.178,10.171],[76.544,8.913],[76.996,8.368],[77.511,8.076],[78.063,8.373],[78.178,8.861],[78.957,9.275],[78.981,9.667],[79.398,10.325],[79.864,10.379],[79.752,11.577],[80.156,12.475],[80.333,13.198],[80.055,15.014],[80.263,15.675],[80.999,15.847],[81.317,16.367],[81.763,16.323],[82.307,16.58],[82.299,17.03],[83.239,17.593],[84.077,18.272],[84.872,19.22],[85.549,19.691],[86.269,19.91],[87.004,20.657],[86.844,21.082],[87.201,21.552],[87.97,21.836],[88.762,21.556],[89.06,22.13],[88.54,23.65],[88.738,24.287],[88.022,24.646],[88.431,25.173],[88.074,25.908],[88.656,26.415],[89.351,25.997],[89.83,25.908],[89.795,25.374],[90.365,25.15],[92.002,25.183],[92.458,24.953],[92.108,24.406],[91.363,24.1],[91.141,23.612],[91.537,22.982],[92.151,23.732],[92.357,23.289],[92.576,21.978],[93.169,22.247],[93.08,22.773],[93.375,23.13],[93.457,23.96],[93.998,23.917],[94.709,25.026],[94.608,25.395],[95.14,26.03],[95.119,26.604],[96.143,27.258],[96.759,27.342],[97.036,27.743],[96.404,28.163],[95.79,28.257],[95.234,27.906],[94.198,27.543],[93.589,26.928],[92.036,26.855],[89.822,26.701],[88.955,26.913],[88.892,27.316]]]}},{"type":"Feature","id":106,"properties":{"name":"San Marino","subjecto":"San Marino","partof":null,"precision":3},"geometry":{"type":"Polygon","coordinates":[[[12.429,43.892],[12.49,43.939],[12.421,43.967],[12.386,43.925],[12.429,43.892]]]}},{"type":"Feature","id":107,"properties":{"name":"Haiti","subjecto":"Haiti","partof":null,"precision":3},"geometry":{"type":"Polygon","coordinates":[[[-71.757,19.71],[-72.776,19.944],[-72.814,19.053],[-72.55,18.786],[-72.886,18.141],[-72.072,18.238],[-71.776,18.039],[-71.912,18.431],[-71.639,19.212],[-71.757,19.71]]]}},{"type":"Feature","id":108,"properties":{"name":"Dominican Republic","subjecto":"Dominican Republic","partof":null,"precision":3},"geometry":{"type":"Polygon","coordinates":[[[-71.757,19.71],[-71.639,19.212],[-71.912,18.431],[-71.776,18.039],[-71.417,17.605],[-71.061,18.142],[-70.158,18.243],[-69.884,18.471],[-68.85,18.375],[-68.74,18.964],[-69.608,19.093],[-69.898,19.636],[-71.001,19.938],[-71.757,19.71]]]}},{"type":"Feature","id":109,"properties":{"name":"Chad","subjecto":"Chad","partof":null,"precision":3},"geometry":{"type":"Polygon","coordinates":[[[14.065,13.078],[14.418,13.081],[14.831,12.618],[15.136,11.531],[15.066,10.793],[15.536,10.081],[14.732,9.924],[14.182,9.978],[13.948,9.638],[15.184,8.479],[15.481,7.523],[16.371,7.673],[16.769,7.55],[17.68,7.985],[18.589,8.048],[19.124,8.675],[19.101,9.015],[20.359,9.116],[20.826,9.418],[21.656,10.234],[21.723,10.637],[22.46,11.001],[22.861,10.919],[22.593,11.989],[22.205,12.743],[22.268,13.335],[22.074,13.771],[22.465,14.629],[22.966,15.224],[23.095,15.704],[23.984,15.721],[23.981,19.496],[21.634,20.655],[19.164,21.875],[15.985,23.445],[14.98,22.996],[15.18,21.507],[15.954,20.375],[15.736,19.904],[15.452,16.876],[14.369,15.75],[13.449,14.38],[13.607,13.704],[14.065,13.078]]]}},{"type":"Feature","id":110,"properties":{"name":"Kuwait","subjecto":"Kuwait","partof":null,"precision":3},"geometry":{"type":"Polygon","coordinates":[[[47.948,29.994],[47.11,29.961],[46.532,29.096],[47.434,28.995],[47.668,28.534],[48.433,28.54],[47.966,29.576],[47.948,29.994]]]}},{"type":"Feature","id":111,"properties":{"name":"El Salvador","subjecto":"El Salvador","partof":null,"precision":3},"geometry":{"type":"Polygon","coordinates":[[[-90.098,13.731],[-88.786,13.245],[-87.928,13.159],[-87.817,13.407],[-87.713,13.8],[-88.488,13.865],[-89.362,14.415],[-90.098,13.731]]]}},{"type":"Feature","id":112,"properties":{"name":"Guatemala","subjecto":"Guatemala","partof":null,"precision":3},"geometry":{"type":"Polygon","coordinates":[[[-89.362,14.415],[-89.173,15.042],[-88.221,15.726],[-88.914,15.894],[-89.193,16.393],[-89.16,17.814],[-90.991,17.802],[-91.067,16.918],[-90.399,16.348],[-90.486,16.071],[-91.724,16.069],[-92.205,15.29],[-92.246,14.546],[-91.316,13.956],[-90.098,13.731],[-89.362,14.415]]]}},{"type":"Feature","id":113,"properties":{"name":"East Timor","subjecto":"East Timor","partof":null,"precision":3},"geometry":{"type":"Polygon","coordinates":[[[124.92,-8.962],[125.062,-9.486],[125.609,-9.186],[127.009,-8.677],[126.967,-8.309],[125.144,-8.631],[124.92,-8.962]]]}},{"type":"Feature","id":114,"properties":{"name":"Brunei","subjecto":"Brunei","partof":null,"precision":3},"geometry":{"type":"Polygon","coordinates":[[[114.982,4.889],[113.999,4.601],[114.587,4.021],[114.982,4.889]]]}},{"type":"Feature","id":115,"properties":{"name":"Monaco","subjecto":"Monaco","partof":null,"precision":3},"geometry":{"type":"Polygon","coordinates":[[[7.437,43.743],[7.407,43.764],[7.366,43.723],[7.437,43.743]]]}},{"type":"Feature","id":116,"properties":{"name":"Algeria","subjecto":"Algeria","partof":null,"precision":3},"geometry":{"type":"Polygon","coordinates":[[[-4.822,24.995],[-2.523,23.501],[-0.964,22.481],[1.147,21.102],[1.145,20.796],[1.778,20.304],[3.217,19.794],[3.308,18.982],[4.229,19.142],[5.838,19.479],[7.483,20.873],[9.723,22.193],[11.969,23.517],[11.567,24.267],[10.032,24.856],[9.97,25.395],[9.401,26.113],[9.836,26.504],[9.721,27.292],[9.936,27.867],[9.777,28.268],[9.826,29.129],[9.52,30.229],[9.045,32.072],[8.32,32.561],[7.751,33.208],[7.48,33.894],[8.236,34.648],[8.241,35.828],[8.603,36.94],[7.908,36.85],[7.383,37.083],[5.304,36.643],[4.787,36.895],[3.827,36.913],[2.31,36.631],[1.045,36.487],[-1.19,35.566],[-1.761,35.13],[-2.223,35.089],[-1.788,34.757],[-1.674,33.238],[-1.218,32.393],[-1.25,32.082],[-2.516,32.132],[-2.828,31.795],[-3.66,31.648],[-3.646,30.711],[-4.372,30.509],[-5.756,29.614],[-7.619,29.389],[-8.682,28.666],[-8.682,27.661],[-8.682,27.285],[-7.297,26.471],[-4.822,24.995]]]}},{"type":"Feature","id":117,"properties":{"name":"Mozambique","subjecto":"Mozambique","partof":null,"precision":3},"geometry":{"type":"Polygon","coordinates":[[[32.114,-26.84],[32.893,-26.846],[32.929,-26.266],[32.591,-25.969],[32.873,-25.544],[33.729,-25.105],[35.106,-24.598],[35.395,-23.842],[35.497,-22.142],[34.68,-20.347],[34.88,-19.863],[35.662,-19.133],[36.244,-18.883],[37.086,-17.869],[37.909,-17.355],[39.091,-16.984],[39.698,-16.532],[40.573,-15.505],[40.843,-14.464],[40.543,-13.659],[40.537,-11.997],[40.429,-11.642],[40.437,-10.475],[40.008,-10.811],[38.492,-11.413],[37.875,-11.319],[37.428,-11.723],[37.044,-11.596],[36.2,-11.702],[34.965,-11.574],[34.651,-11.57],[34.354,-12.199],[34.545,-13.326],[34.894,-13.535],[35.853,-14.667],[35.796,-16.005],[35.214,-16.484],[34.385,-16.186],[34.233,-15.89],[34.569,-15.271],[34.344,-14.387],[33.604,-14.524],[33.203,-14.014],[30.214,-14.981],[30.396,-15.636],[30.403,-16.001],[31.26,-16.023],[31.91,-16.429],[32.893,-16.712],[33.022,-17.361],[32.996,-18.467],[32.769,-19.364],[33.033,-19.784],[32.469,-20.687],[32.409,-21.29],[31.289,-22.397],[31.521,-23.416],[31.987,-24.423],[31.949,-25.958],[32.114,-26.84]]]}},{"type":"Feature","id":118,"properties":{"name":"Eswatini","subjecto":"Eswatini","partof":null,"precision":3},"geometry":{"type":"Polygon","coordinates":[[[31.949,-25.958],[31.12,-25.91],[30.786,-26.717],[31.157,-27.206],[31.968,-27.316],[32.114,-26.84],[31.949,-25.958]]]}},{"type":"Feature","id":119,"properties":{"name":"Burundi","subjecto":"Burundi","partof":null,"precision":3},"geometry":{"type":"Polygon","coordinates":[[[30.555,-2.401],[29.698,-2.808],[29.015,-2.721],[29.235,-3.047],[29.215,-3.9],[29.404,-4.45],[30.003,-4.272],[30.832,-3.173],[30.416,-2.852],[30.555,-2.401]]]}},{"type":"Feature","id":120,"properties":{"name":"Rwanda","subjecto":"Rwanda","partof":null,"precision":3},"geometry":{"type":"Polygon","coordinates":[[[29.015,-2.721],[29.698,-2.808],[30.555,-2.401],[30.834,-2.345],[30.831,-1.594],[30.472,-1.067],[30.147,-1.345],[29.578,-1.388],[29.149,-1.799],[28.859,-2.418],[29.015,-2.721]]]}},{"type":"Feature","id":121,"properties":{"name":"Myanmar","subjecto":"Myanmar","partof":null,"precision":3},"geometry":{"type":"Polygon","coordinates":[[[92.576,21.978],[92.59,21.496],[92.265,21.061],[92.772,20.201],[93.375,20.089],[93.987,19.387],[94.481,18.094],[94.573,17.311],[94.215,16.158],[94.859,15.783],[95.396,15.716],[95.756,16.145],[96.616,16.518],[97.069,17.251],[97.548,16.538],[97.795,14.88],[98.691,12.71],[98.747,10.351],[98.767,10.689],[99.63,11.816],[99.214,12.735],[99.153,13.715],[98.548,14.378],[98.165,15.126],[98.56,15.355],[98.632,16.463],[97.769,17.679],[97.438,18.488],[97.752,18.582],[97.84,19.555],[99.009,19.846],[99.942,20.444],[100.099,20.318],[100.725,21.312],[101.159,21.553],[100.622,21.469],[99.95,21.721],[99.942,22.046],[99.358,22.495],[99.217,23.057],[98.503,24.121],[97.708,24.125],[97.536,24.745],[97.738,25.091],[98.692,25.879],[98.679,27.577],[97.528,28.53],[97.323,28.217],[97.036,27.743],[96.759,27.342],[96.143,27.258],[95.119,26.604],[95.14,26.03],[94.608,25.395],[94.709,25.026],[93.998,23.917],[93.457,23.96],[93.375,23.13],[93.08,22.773],[93.169,22.247],[92.576,21.978]]]}},{"type":"Feature","id":122,"properties":{"name":"Bangladesh","subjecto":"Bangladesh","partof":null,"precision":3},"geometry":{"type":"Polygon","coordinates":[[[92.576,21.978],[92.357,23.289],[92.151,23.732],[91.537,22.982],[91.141,23.612],[91.363,24.1],[92.108,24.406],[92.458,24.953],[92.002,25.183],[90.365,25.15],[89.795,25.374],[89.83,25.908],[89.351,25.997],[88.656,26.415],[88.074,25.908],[88.431,25.173],[88.022,24.646],[88.738,24.287],[88.54,23.65],[89.06,22.13],[89.105,21.816],[90.185,21.801],[90.613,22.315],[91.456,22.785],[91.676,22.535],[92.265,21.061],[92.59,21.496],[92.576,21.978]]]}},{"type":"Feature","id":123,"properties":{"name":"Andorra","subjecto":"Andorra","partof":null,"precision":3},"geometry":{"type":"Polygon","coordinates":[[[1.707,42.503],[1.429,42.595],[1.448,42.435],[1.707,42.503]]]}},{"type":"Feature","id":124,"properties":{"name":"Afghanistan","subjecto":"Afghanistan","partof":null,"precision":3},"geometry":{"type":"Polygon","coordinates":[[[74.542,37.022],[74.892,37.231],[74.66,37.394],[73.276,37.459],[71.611,36.705],[71.431,37.067],[71.598,37.898],[70.974,38.474],[70.165,37.89],[68.307,37.114],[67.781,37.189],[66.52,37.364],[65.669,37.521],[65.501,37.242],[64.76,37.093],[64.606,36.461],[64.266,36.152],[63.343,35.856],[62.621,35.223],[61.27,35.618],[61.065,34.815],[60.487,34.094],[60.568,33.151],[60.83,32.249],[60.855,31.483],[61.661,31.382],[61.785,30.831],[60.844,29.858],[62.478,29.408],[63.569,29.497],[64.086,29.387],[66.196,29.835],[66.366,30.923],[66.697,31.196],[67.346,31.208],[68.126,31.811],[69.004,31.651],[69.548,33.075],[70.294,33.319],[70.003,34.044],[71.047,34.042],[71.081,34.673],[71.634,35.203],[71.171,36.027],[71.629,36.46],[72.565,36.821],[73.712,36.894],[74.542,37.022]]]}},{"type":"Feature","id":125,"properties":{"name":"Montenegro","subjecto":"Montenegro","partof":null,"precision":3},"geometry":{"type":"Polygon","coordinates":[[[18.496,42.416],[19.365,41.852],[19.605,42.585],[20.065,42.547],[19.929,43.114],[19.195,43.533],[18.453,42.993],[18.437,42.559],[18.496,42.416]]]}},{"type":"Feature","id":126,"properties":{"name":"Bosnia and Herzegovina","subjecto":"Bosnia and Herzegovina","partof":null,"precision":3},"geometry":{"type":"Polygon","coordinates":[[[17.653,42.891],[18.437,42.559],[18.453,42.993],[19.195,43.533],[19.619,44.036],[19.177,44.287],[19.016,44.866],[16.933,45.279],[15.78,45.16],[15.717,44.786],[16.216,44.208],[17.581,42.942],[17.653,42.891]]]}},{"type":"Feature","id":127,"properties":{"name":"Uganda","subjecto":"Uganda","partof":null,"precision":3},"geometry":{"type":"Polygon","coordinates":[[[30.472,-1.067],[30.828,-1.003],[33.904,-1.003],[33.894,0.11],[34.979,1.676],[34.924,2.477],[34.434,3.182],[33.977,4.22],[33.533,3.774],[33.017,3.877],[31.944,3.591],[31.141,3.785],[30.84,3.49],[30.725,2.441],[31.243,2.051],[29.928,0.785],[29.712,0.1],[29.578,-1.388],[30.147,-1.345],[30.472,-1.067]]]}},{"type":"Feature","id":128,"properties":{"name":"Cuba","subjecto":"Cuba","partof":null,"precision":3},"geometry":{"type":"Polygon","coordinates":[[[-75.095,19.897],[-74.267,20.068],[-74.998,20.701],[-75.784,20.746],[-77.508,21.862],[-78.782,22.391],[-79.342,22.413],[-80.025,22.947],[-82.033,23.201],[-83.208,23.003],[-84.021,22.679],[-83.925,22.172],[-83.415,22.186],[-82.633,22.68],[-81.878,22.68],[-81.824,22.189],[-80.992,22.054],[-79.249,21.552],[-78.767,21.64],[-78.495,21.048],[-78.066,20.712],[-77.113,20.512],[-77.737,19.856],[-76.248,19.991],[-75.233,19.9],[-75.16,19.971],[-75.137,19.972],[-75.095,19.897]]]}},{"type":"Feature","id":129,"properties":{"name":"Honduras","subjecto":"Honduras","partof":null,"precision":3},"geometry":{"type":"Polygon","coordinates":[[[-89.362,14.415],[-88.488,13.865],[-87.713,13.8],[-87.817,13.407],[-87.314,12.982],[-86.702,13.314],[-86.097,14.044],[-85.824,13.848],[-84.77,14.805],[-84.483,14.619],[-83.13,14.997],[-83.775,15.286],[-84.295,15.811],[-85,15.988],[-85.703,15.976],[-86.879,15.764],[-87.722,15.923],[-88.221,15.726],[-89.173,15.042],[-89.362,14.415]]]}},{"type":"Feature","id":130,"properties":{"name":"Ecuador","subjecto":"Ecuador","partof":null,"precision":3},"geometry":{"type":"Polygon","coordinates":[[[-78.829,1.434],[-78.958,1.163],[-80.076,0.816],[-80.066,0.052],[-80.85,-1.616],[-80.657,-2.416],[-80.321,-2.711],[-79.725,-2.57],[-79.953,-3.197],[-80.341,-3.393],[-80.08,-4.309],[-79.507,-4.532],[-79.009,-4.96],[-78.363,-3.489],[-77.849,-2.981],[-76.685,-2.574],[-76.091,-2.129],[-75.56,-1.503],[-75.272,-0.526],[-75.283,-0.107],[-76.053,0.364],[-76.897,0.245],[-77.424,0.408],[-77.728,0.843],[-78.12,0.921],[-78.829,1.434]]]}},{"type":"Feature","id":131,"properties":{"name":"Colombia","subjecto":"Colombia","partof":null,"precision":3},"geometry":{"type":"Polygon","coordinates":[[[-78.829,1.434],[-78.12,0.921],[-77.728,0.843],[-77.424,0.408],[-76.897,0.245],[-76.053,0.364],[-75.283,-0.107],[-74.825,-0.17],[-74.289,-0.943],[-73.637,-1.255],[-73.186,-1.8],[-72.943,-2.419],[-72.397,-2.447],[-71.768,-2.142],[-70.874,-2.23],[-70.051,-2.715],[-70.734,-3.782],[-70.311,-3.829],[-69.965,-4.236],[-69.399,-1.183],[-69.632,-0.507],[-70.074,-0.125],[-70.054,0.588],[-69.137,0.65],[-69.371,1.063],[-69.852,1.059],[-69.849,1.669],[-68.163,1.721],[-67.341,2.09],[-66.875,1.223],[-67.325,2.475],[-67.839,2.886],[-67.305,3.426],[-67.632,3.762],[-67.865,4.512],[-67.844,5.297],[-67.429,6.038],[-67.574,6.266],[-69.444,6.122],[-70.097,6.944],[-70.703,7.1],[-71.184,6.963],[-72.081,7.067],[-72.451,7.44],[-72.387,8.339],[-73.01,9.295],[-72.908,10.452],[-71.971,11.662],[-71.328,11.85],[-71.242,12.328],[-71.656,12.465],[-72.263,11.886],[-73.292,11.294],[-74.187,11.317],[-74.844,11.11],[-75.51,10.586],[-75.658,9.705],[-76.673,8.68],[-76.832,8.137],[-77.374,8.665],[-77.201,7.982],[-77.896,7.235],[-77.343,6.544],[-77.246,5.787],[-77.425,4.005],[-77.205,3.621],[-77.648,3.074],[-77.752,2.627],[-78.432,2.587],[-78.846,1.822],[-78.829,1.434]]]}},{"type":"Feature","id":132,"properties":{"name":"Paraguay","subjecto":"Paraguay","partof":null,"precision":3},"geometry":{"type":"Polygon","coordinates":[[[-62.65,-22.234],[-61.956,-23.034],[-61.006,-23.805],[-60.034,-24.007],[-58.809,-24.777],[-57.754,-25.181],[-57.557,-25.46],[-58.087,-26.127],[-58.248,-26.758],[-58.653,-27.156],[-57.18,-27.487],[-56.125,-27.299],[-55.755,-27.444],[-55.414,-26.98],[-54.706,-26.442],[-54.6,-25.575],[-54.245,-24.051],[-54.613,-23.811],[-55.398,-23.977],[-55.893,-22.307],[-56.422,-22.074],[-56.843,-22.289],[-57.987,-22.035],[-57.86,-20.73],[-58.159,-20.165],[-58.175,-19.821],[-59.09,-19.287],[-60.006,-19.298],[-61.761,-19.658],[-62.277,-20.58],[-62.276,-21.067],[-62.65,-22.234]]]}},{"type":"Feature","id":133,"properties":{"name":"Portugal","subjecto":"Portugal","partof":null,"precision":3},"geometry":{"type":"Polygon","coordinates":[[[-7.105,38.827],[-7.314,39.457],[-6.88,40.009],[-6.818,41.054],[-6.206,41.57],[-6.657,41.933],[-8.049,41.816],[-8.751,41.969],[-8.655,40.994],[-9.09,39.579],[-9.492,38.708],[-8.906,38.512],[-8.627,37.121],[-7.787,37.023],[-7.414,37.193],[-7.27,38.618],[-7.105,38.827]]]}},{"type":"Feature","id":134,"properties":{"name":"Moldova","subjecto":"Moldova","partof":null,"precision":3},"geometry":{"type":"Polygon","coordinates":[[[26.618,48.259],[28.037,47.016],[28.246,46.428],[28.199,45.462],[29.283,46.397],[29.899,46.553],[29.094,47.31],[28.981,47.875],[28.501,48.113],[27.504,48.472],[26.618,48.259]]]}},{"type":"Feature","id":135,"properties":{"name":"North Korea","subjecto":"North Korea","partof":null,"precision":3},"geometry":{"type":"Polygon","coordinates":[[[130.531,42.53],[129.88,42.996],[129.703,42.442],[128.964,42.089],[128.035,41.994],[128.186,41.404],[127.269,41.505],[126.887,41.785],[126.008,40.899],[124.896,40.484],[124.37,40.098],[124.434,39.831],[125.225,39.591],[125.432,39.301],[124.884,38.355],[125.013,37.906],[126.621,37.788],[127.147,38.36],[128.031,38.357],[128.36,38.675],[127.378,39.371],[127.521,39.747],[128.302,40.033],[129.753,40.91],[129.691,41.65],[130.073,42.078],[130.7,42.295],[130.531,42.53]]]}},{"type":"Feature","id":136,"properties":{"name":"Turkmenistan","subjecto":"Turkmenistan","partof":null,"precision":3},"geometry":{"type":"Polygon","coordinates":[[[61.27,35.618],[62.621,35.223],[63.343,35.856],[64.266,36.152],[64.606,36.461],[64.76,37.093],[65.501,37.242],[65.669,37.521],[66.52,37.364],[66.554,38.027],[65.604,38.237],[64.121,38.962],[62.453,40.009],[61.878,41.125],[60.415,41.235],[59.866,42.304],[59.478,42.286],[58.612,42.781],[56.95,41.866],[57.01,41.254],[55.978,41.322],[55.43,41.291],[54.738,42.048],[54.047,42.345],[52.979,42.127],[52.438,41.749],[53.122,42.09],[53.897,42.079],[54.041,41.535],[54.64,40.839],[53.721,40.626],[53.107,40.774],[52.737,40.485],[52.884,39.945],[53.978,38.902],[53.827,38.525],[53.914,37.343],[54.784,37.517],[55.423,38.076],[57.038,38.187],[57.352,37.968],[58.861,37.668],[60.342,36.637],[61.075,36.648],[61.27,35.618]]]}},{"type":"Feature","id":137,"properties":{"name":"Jordan","subjecto":"Jordan","partof":null,"precision":3},"geometry":{"type":"Polygon","coordinates":[[[35.612,32.682],[35.561,32.385],[35.458,31.492],[34.956,29.559],[34.949,29.352],[36.016,29.19],[36.756,29.866],[37.47,29.995],[37.981,30.499],[36.96,31.491],[38.963,31.994],[39.146,32.118],[38.775,33.372],[36.819,32.317],[35.758,32.744],[35.612,32.682]]]}},{"type":"Feature","id":138,"properties":{"name":"Nepal","subjecto":"Nepal","partof":null,"precision":3},"geometry":{"type":"Polygon","coordinates":[[[88.118,27.861],[87.156,27.826],[86.662,28.107],[85.98,27.885],[85.675,28.306],[85.08,28.319],[84.235,28.9],[84.099,29.247],[83.517,29.192],[81.592,30.414],[80.996,30.197],[80.884,30.21],[80.369,29.758],[80.036,28.837],[81.146,28.372],[82.752,27.495],[84.577,27.329],[84.802,27.014],[85.822,26.572],[86.284,26.612],[87.326,26.353],[88.074,26.454],[87.971,27.103],[88.118,27.861]]]}},{"type":"Feature","id":139,"properties":{"name":"Lesotho","subjecto":"Lesotho","partof":null,"precision":3},"geometry":{"type":"Polygon","coordinates":[[[28.981,-28.909],[28.667,-28.597],[27.747,-28.909],[27.015,-29.626],[27.366,-30.311],[28.055,-30.65],[28.364,-30.159],[29.144,-29.92],[29.436,-29.342],[28.981,-28.909]]]}},{"type":"Feature","id":140,"properties":{"name":"Cameroon","subjecto":"Cameroon","partof":null,"precision":3},"geometry":{"type":"Polygon","coordinates":[[[11.322,2.166],[11.352,2.301],[13.295,2.161],[14.562,2.209],[15.765,1.909],[16.197,2.236],[16.092,2.863],[15.171,3.759],[15.001,4.403],[14.717,4.622],[14.524,5.28],[14.719,6.258],[15.481,7.523],[15.184,8.479],[13.948,9.638],[14.182,9.978],[14.732,9.924],[15.536,10.081],[15.066,10.793],[15.136,11.531],[14.831,12.618],[14.418,13.081],[14.065,13.078],[14.18,12.386],[14.67,12.167],[14.594,11.496],[13.982,11.276],[13.248,10.079],[13.195,9.542],[12.862,9.383],[12.806,8.832],[12.25,8.419],[12.198,7.975],[11.51,6.612],[10.603,7.058],[10.119,6.994],[8.856,5.847],[8.594,4.815],[8.971,4.101],[9.412,3.902],[9.903,3.273],[9.8,2.342],[9.991,2.166],[11.322,2.166]]]}},{"type":"Feature","id":141,"properties":{"name":"Gabon","subjecto":"Gabon","partof":null,"precision":3},"geometry":{"type":"Polygon","coordinates":[[[13.295,2.161],[11.352,2.301],[11.322,2.166],[11.336,0.999],[9.804,0.998],[9.309,0.614],[9.498,0.291],[9.267,-0.412],[8.8,-0.734],[9.244,-1.786],[9.902,-2.7],[10.635,-3.314],[11.114,-3.937],[11.828,-3.548],[11.558,-2.349],[12.459,-2.33],[12.805,-1.919],[13.361,-2.429],[13.771,-2.119],[14.227,-2.323],[14.482,-1.389],[14.499,-0.631],[13.871,0.196],[14.468,0.913],[14.184,1.381],[13.25,1.222],[13.295,2.161]]]}},{"type":"Feature","id":142,"properties":{"name":"Niger","subjecto":"Niger","partof":null,"precision":3},"geometry":{"type":"Polygon","coordinates":[[[3.596,11.696],[3.646,12.529],[4.089,12.996],[4.126,13.473],[4.507,13.695],[5.554,13.873],[6.369,13.626],[6.907,13.007],[7.756,13.327],[8.679,12.924],[9.641,12.823],[9.93,13.146],[10.675,13.375],[11.44,13.364],[12.473,13.064],[12.884,13.496],[13.607,13.704],[13.449,14.38],[14.369,15.75],[15.452,16.876],[15.736,19.904],[15.954,20.375],[15.18,21.507],[14.98,22.996],[14.232,22.618],[13.482,23.18],[11.969,23.517],[9.723,22.193],[7.483,20.873],[5.838,19.479],[4.229,19.142],[4.184,16.416],[3.871,15.715],[3.507,15.354],[1.332,15.284],[0.974,14.991],[0.218,14.911],[0.153,14.547],[0.972,13.067],[2.071,12.307],[2.39,11.897],[2.844,12.399],[3.596,11.696]]]}},{"type":"Feature","id":143,"properties":{"name":"Burkina Faso","subjecto":"Burkina Faso","partof":null,"precision":3},"geometry":{"type":"Polygon","coordinates":[[[2.39,11.897],[2.071,12.307],[0.972,13.067],[0.153,14.547],[0.218,14.911],[-0.753,15.07],[-2.023,14.199],[-2.841,14.043],[-3.249,13.293],[-3.984,13.396],[-4.406,12.307],[-5.168,11.944],[-5.523,10.425],[-4.966,9.901],[-4.27,9.744],[-3.662,9.949],[-2.689,9.489],[-2.933,10.634],[-2.751,10.986],[-0.516,10.989],[-0.166,11.135],[0.901,10.993],[1.434,11.459],[2.011,11.427],[2.39,11.897]]]}},{"type":"Feature","id":144,"properties":{"name":"Togo","subjecto":"Togo","partof":null,"precision":3},"geometry":{"type":"Polygon","coordinates":[[[-0.166,11.135],[-0.088,10.633],[0.367,10.304],[0.366,8.774],[0.616,8.489],[0.646,7.324],[0.519,6.832],[1.185,6.1],[1.62,6.214],[1.601,9.05],[1.331,9.996],[0.769,10.367],[0.901,10.993],[-0.166,11.135]]]}},{"type":"Feature","id":145,"properties":{"name":"Ghana","subjecto":"Ghana","partof":null,"precision":3},"geometry":{"type":"Polygon","coordinates":[[[-0.166,11.135],[-0.516,10.989],[-2.751,10.986],[-2.933,10.634],[-2.689,9.489],[-2.506,8.209],[-2.84,7.82],[-3.263,6.617],[-2.844,5.149],[-3.115,5.108],[-3.12,5.091],[-2.091,4.737],[-0.8,5.215],[0.322,5.779],[0.995,5.839],[1.185,6.1],[0.519,6.832],[0.646,7.324],[0.616,8.489],[0.366,8.774],[0.367,10.304],[-0.088,10.633],[-0.166,11.135]]]}},{"type":"Feature","id":146,"properties":{"name":"Guinea-Bissau","subjecto":"Guinea-Bissau","partof":null,"precision":3},"geometry":{"type":"Polygon","coordinates":[[[-13.728,12.673],[-15.195,12.679],[-15.677,12.439],[-16.728,12.333],[-15.97,11.768],[-15.585,11.851],[-15.41,11.19],[-15.021,10.967],[-14.687,11.511],[-13.73,11.71],[-13.728,12.673]]]}},{"type":"Feature","id":147,"properties":{"name":"Gibraltar","subjecto":"United Kingdom","partof":null,"precision":3},"geometry":{"type":"Polygon","coordinates":[[[-5.358,36.141],[-5.35,36.119],[-5.339,36.124],[-5.339,36.141],[-5.358,36.141]]]}},{"type":"Feature","id":148,"properties":{"name":"United States of America","subjecto":"United States of America","partof":null,"precision":3},"geometry":{"type":"MultiPolygon","coordinates":[[[[-122.753,48.993],[-122.44,48.581],[-122.792,48.083],[-124.735,48.17],[-123.898,46.442],[-124.151,43.882],[-124.548,42.845],[-124.062,41.436],[-124.364,40.261],[-123.854,39.834],[-123.648,38.85],[-122.975,38.266],[-122.404,37.195],[-121.79,36.806],[-121.896,36.314],[-120.645,35.139],[-120.473,34.45],[-119.617,34.421],[-118.544,34.039],[-117.509,33.335],[-117.125,32.532],[-114.724,32.713],[-114.822,32.5],[-111.067,31.334],[-108.215,31.327],[-108.215,31.778],[-106.517,31.774],[-105.008,30.677],[-104.531,29.668],[-103.148,28.985],[-102.683,29.744],[-102.302,29.889],[-101.409,29.766],[-100.669,29.116],[-100.284,28.297],[-99.507,27.574],[-99.462,27.057],[-99.085,26.408],[-98.223,26.075],[-97.139,25.966],[-97.55,27.009],[-97.025,28.041],[-96.205,28.587],[-95.602,28.764],[-94.889,29.376],[-94.06,29.682],[-93.2,29.773],[-92.276,29.534],[-91.685,29.753],[-91.229,29.239],[-90.08,29.175],[-89.457,29.829],[-89.708,30.175],[-88.928,30.442],[-87.786,30.237],[-87.157,30.475],[-85.671,30.123],[-85.308,29.693],[-84.27,30.093],[-83.681,29.921],[-82.644,28.9],[-82.842,27.829],[-81.801,26.099],[-81.322,25.783],[-81.087,25.121],[-80.427,25.222],[-80.129,25.888],[-80.038,26.811],[-80.738,28.373],[-80.609,28.61],[-81.256,29.789],[-81.499,30.704],[-81.364,31.416],[-80.888,32.069],[-79.203,33.193],[-78.559,33.869],[-77.911,33.958],[-77.202,34.651],[-76.658,34.722],[-76.442,35.404],[-75.722,35.829],[-75.989,36.912],[-76.379,37.272],[-76.221,38.344],[-75.814,38.135],[-75.154,38.241],[-74.746,39.055],[-74.168,39.699],[-73.635,41.007],[-72.779,41.27],[-71.498,41.366],[-70.533,41.816],[-70.815,42.87],[-70.239,43.7],[-69.263,43.93],[-68.987,44.421],[-67.9,44.422],[-66.977,44.816],[-67.176,45.179],[-67.773,45.828],[-67.805,47.036],[-68.197,47.341],[-68.906,47.19],[-69.268,47.44],[-70.008,46.704],[-70.407,45.732],[-71.504,45.014],[-74.713,44.999],[-75.27,44.864],[-76.455,44.084],[-76.842,43.626],[-78.688,43.632],[-79.174,43.465],[-79.019,42.803],[-80.247,42.365],[-81.277,42.209],[-82.425,41.677],[-83.068,41.848],[-83.129,42.24],[-82.511,42.647],[-82.154,43.55],[-82.532,45.294],[-84.589,46.475],[-84.879,46.898],[-88.347,48.299],[-89.34,47.984],[-90.179,48.116],[-91.428,48.036],[-92.649,48.536],[-94.593,48.726],[-95.177,48.993],[-98.474,48.993],[-102.87,48.993],[-105.948,48.993],[-110.564,48.993],[-114.52,48.993],[-119.576,48.993],[-122.753,48.993]]],[[[-141.006,69.651],[-143.236,70.118],[-144.942,69.978],[-147.124,70.168],[-149.344,70.51],[-151.98,70.449],[-152.546,70.888],[-154.539,70.826],[-156.817,71.306],[-158.043,70.837],[-159.357,70.76],[-160.861,70.347],[-162.015,70.277],[-163.156,69.359],[-164.346,68.929],[-166.237,68.875],[-166.548,68.359],[-164.151,67.62],[-163.688,67.103],[-162.435,66.991],[-161.607,66.454],[-161.916,66.042],[-163.68,66.079],[-164.718,66.556],[-168.081,65.591],[-166.75,65.062],[-166.19,64.585],[-162.607,64.507],[-161.422,64.774],[-160.792,63.747],[-163.094,63.057],[-164.579,63.141],[-166.2,61.595],[-164.669,60.826],[-164.989,60.341],[-163.615,59.801],[-162.526,59.998],[-161.714,59.501],[-161.974,59.131],[-161.357,58.726],[-160.352,59.071],[-159.051,58.425],[-157.503,58.464],[-157.71,57.569],[-158.945,56.843],[-160.369,56.277],[-160.521,55.935],[-161.826,55.88],[-163.041,55.099],[-162.878,54.939],[-160.478,55.495],[-158.318,56.175],[-158.355,56.471],[-157.189,56.776],[-156.339,57.415],[-155.023,58.026],[-154.166,58.217],[-153.332,58.934],[-154.076,59.381],[-152.738,59.908],[-151.747,60.917],[-150.634,61.299],[-151.883,59.787],[-151.742,59.167],[-150.326,59.476],[-149.341,60.022],[-148.402,59.991],[-147.942,60.443],[-148.306,60.896],[-145.692,60.657],[-143.919,59.997],[-142.798,60.112],[-140.323,59.701],[-138.185,59.026],[-136.598,58.223],[-135.841,58.528],[-134.498,58.354],[-133.391,57.335],[-130.89,55.715],[-130.934,54.824],[-129.989,55.284],[-130.02,55.908],[-132.107,56.859],[-132.032,57.028],[-133.463,58.462],[-134.222,58.843],[-135.483,59.792],[-136.467,59.288],[-137.611,59.239],[-139.182,60.073],[-141.001,60.321],[-141.002,61.633],[-141.003,64.549],[-141.004,66.59],[-141.006,69.651]]],[[[-131.977,54.832],[-131.994,55.268],[-132.736,55.997],[-133.213,55.279],[-131.977,54.832]]],[[[-152.161,57.627],[-152.486,57.911],[-153.925,57.81],[-154.81,57.347],[-153.963,56.748],[-153.253,57.237],[-152.161,57.627]]],[[[-135.848,57.394],[-134.814,57.497],[-134.925,58.027],[-135.814,58.274],[-136.395,57.886],[-135.848,57.394]]],[[[-154.9,19.567],[-155.332,20.047],[-156.06,19.731],[-155.878,19.029],[-154.982,19.339],[-154.9,19.567]]],[[[-168.741,63.281],[-170.297,63.696],[-170.856,63.46],[-169.716,63.025],[-168.741,63.281]]]]}},{"type":"Feature","id":149,"properties":{"name":"Canada","subjecto":"Canada","partof":null,"precision":3},"geometry":{"type":"MultiPolygon","coordinates":[[[[-122.753,48.993],[-119.576,48.993],[-114.52,48.993],[-110.564,48.993],[-105.948,48.993],[-102.87,48.993],[-98.474,48.993],[-95.177,48.993],[-94.593,48.726],[-92.649,48.536],[-91.428,48.036],[-90.179,48.116],[-89.34,47.984],[-88.347,48.299],[-84.879,46.898],[-84.589,46.475],[-82.532,45.294],[-82.154,43.55],[-82.511,42.647],[-83.129,42.24],[-83.068,41.848],[-82.425,41.677],[-81.277,42.209],[-80.247,42.365],[-79.019,42.803],[-79.174,43.465],[-78.688,43.632],[-76.842,43.626],[-76.455,44.084],[-75.27,44.864],[-74.713,44.999],[-73.962,45.354],[-72.994,46.211],[-71.881,46.691],[-71.354,46.739],[-69.932,47.773],[-69.07,48.756],[-68.122,49.271],[-67.376,49.339],[-66.543,50.216],[-62.852,50.294],[-60.064,50.254],[-58.948,51.042],[-57.25,51.508],[-56.967,51.425],[-55.685,52.112],[-56.059,52.766],[-55.747,53.146],[-56.036,53.58],[-57.153,53.74],[-57.357,54.139],[-58.186,54.359],[-59.008,55.154],[-60.287,55.233],[-60.355,55.575],[-61.83,56.377],[-61.89,57.625],[-62.661,58.176],[-62.579,58.504],[-64.148,59.683],[-64.849,60.366],[-65.407,59.417],[-66.109,58.779],[-67.649,58.252],[-68.787,58.922],[-69.452,58.895],[-69.77,59.971],[-69.72,60.684],[-70.11,61.06],[-71.395,61.15],[-71.652,61.65],[-73.671,62.482],[-74.417,62.253],[-75.83,62.313],[-77.491,62.588],[-78.155,62.297],[-77.708,61.616],[-78.166,60.868],[-77.283,60.027],[-78.474,58.72],[-77.079,57.961],[-76.589,57.271],[-76.659,56.073],[-77.113,55.675],[-78.392,55.028],[-79.676,54.694],[-79.129,54.107],[-78.521,52.481],[-78.841,51.842],[-79.701,51.385],[-81.391,52.128],[-82.301,52.968],[-82.126,53.812],[-82.431,54.228],[-82.458,55.141],[-83.929,55.327],[-85.127,55.303],[-85.683,55.587],[-87.622,56.096],[-88.921,56.853],[-91.031,57.265],[-92.223,57.021],[-93.19,58.76],[-94.399,58.712],[-94.807,59.018],[-94.712,60.266],[-93.502,61.856],[-92.261,62.563],[-90.644,63.069],[-90.975,63.579],[-89.813,63.96],[-88.044,64.184],[-86.938,65.142],[-87.381,65.33],[-85.857,66.163],[-83.691,66.199],[-81.527,66.996],[-81.238,67.461],[-82.37,68.356],[-81.267,68.639],[-82.576,69.674],[-85.333,69.791],[-85.22,69.133],[-86.502,67.379],[-87.328,67.173],[-88.374,67.976],[-88.023,68.809],[-89.332,69.249],[-90,68.379],[-91.11,69.513],[-92.471,69.698],[-91.545,70.145],[-92.908,70.902],[-92.991,71.357],[-94.549,72.002],[-96.616,70.826],[-96.486,70.097],[-94.322,69.453],[-94.636,68.756],[-93.73,68.612],[-94.861,68.031],[-96.465,67.55],[-97.061,67.68],[-100.717,67.847],[-101.529,67.68],[-104.484,68.034],[-106.197,68.944],[-108.281,68.622],[-108.599,67.625],[-110.421,67.948],[-112.421,67.682],[-113.859,67.696],[-115.534,67.934],[-114.201,68.572],[-114.988,68.867],[-118.041,69.025],[-120.279,69.408],[-121.428,69.767],[-125.032,69.747],[-125.939,69.414],[-127.136,70.253],[-129.174,69.832],[-130.324,70.14],[-133.632,69.399],[-134.41,69.657],[-137.191,68.948],[-139.144,69.514],[-141.006,69.651],[-141.004,66.59],[-141.003,64.549],[-141.002,61.633],[-141.001,60.321],[-139.182,60.073],[-137.611,59.239],[-136.467,59.288],[-135.483,59.792],[-134.222,58.843],[-133.463,58.462],[-132.032,57.028],[-132.107,56.859],[-130.02,55.908],[-129.958,55.274],[-130.458,54.349],[-129.335,53.397],[-128.547,53.136],[-127.801,52.256],[-127.777,51.167],[-126.242,50.501],[-125.391,50.497],[-124.605,50.233],[-123.091,48.993],[-123.035,48.992],[-122.753,48.993]]],[[[-67.176,45.179],[-66.746,45.065],[-65.315,45.459],[-64.388,45.367],[-65.786,44.696],[-66.21,44.106],[-66.122,43.744],[-65.463,43.528],[-64.561,44.08],[-64.354,44.456],[-63.716,44.456],[-61.071,45.224],[-61.471,45.683],[-62.47,45.614],[-63.806,45.889],[-64.514,46.239],[-64.906,46.887],[-64.826,47.815],[-64.221,48.894],[-65.566,49.266],[-66.622,49.123],[-68.206,48.642],[-69.054,48.232],[-70.535,47.011],[-73.14,46.058],[-73.557,45.414],[-74.713,44.999],[-71.504,45.014],[-70.407,45.732],[-70.008,46.704],[-69.268,47.44],[-68.906,47.19],[-68.197,47.341],[-67.805,47.036],[-67.773,45.828],[-67.176,45.179]]],[[[-52.629,47.527],[-53.847,47.707],[-53.639,48.169],[-54.041,49.481],[-55.223,49.265],[-55.939,49.61],[-56.149,50.156],[-55.492,51.388],[-56.72,51.319],[-57.457,50.483],[-58.703,48.555],[-59.399,47.88],[-59.112,47.561],[-58.098,47.695],[-56.777,47.533],[-55.968,47.76],[-55.251,46.919],[-54.866,47.38],[-54.013,47.807],[-53.573,47.162],[-52.941,46.791],[-52.629,47.527]]],[[[-131.113,52.172],[-131.661,52.542],[-131.904,53.241],[-132.504,53.04],[-131.113,52.172]]],[[[-132.579,53.207],[-132.008,53.254],[-131.693,53.992],[-133.041,54.165],[-132.579,53.207]]],[[[-95.215,68.862],[-97.925,69.896],[-99.417,68.89],[-96.296,68.48],[-95.215,68.862]]],[[[-100.872,69.808],[-104.591,71.073],[-104.38,71.6],[-105.333,72.751],[-106.823,73.31],[-110.076,72.996],[-110.729,72.571],[-113.962,73.123],[-114.584,73.385],[-117.369,72.918],[-118.593,72.429],[-119.051,71.627],[-117.551,71.374],[-118.386,71.022],[-117.585,70.606],[-113.988,70.716],[-114.185,70.316],[-117.442,69.989],[-115.975,69.3],[-113.584,69.201],[-113.656,68.8],[-112.583,68.51],[-108.952,68.742],[-105.886,69.176],[-103.383,68.782],[-101.965,68.97],[-102.055,69.484],[-100.872,69.808]]],[[[-72.949,66.735],[-74.345,66.226],[-73.718,65.775],[-74.503,65.343],[-75.757,65.214],[-76.677,65.411],[-77.964,65.052],[-77.758,64.343],[-74.713,64.382],[-73.452,64.591],[-71.373,63.049],[-68.554,62.25],[-66.274,61.858],[-65.93,62.198],[-68.147,63.161],[-68.496,63.74],[-65.17,62.568],[-64.484,63.288],[-64.676,63.74],[-66.649,64.97],[-67.17,65.933],[-66.961,66.541],[-64.902,65.282],[-63.498,65.371],[-61.954,66.02],[-61.27,66.605],[-62.004,67.037],[-63.888,67.242],[-64.72,67.985],[-66.214,68.005],[-68.133,68.837],[-67.115,69.729],[-68.362,70.584],[-70.516,70.937],[-72.473,71.647],[-73.254,71.33],[-75.063,72.128],[-75.198,72.498],[-77.601,72.756],[-79.283,72.394],[-80.558,72.628],[-81.528,73.716],[-82.831,73.737],[-84.837,73.389],[-85.702,72.635],[-86.699,72.816],[-84.952,73.668],[-86.714,73.847],[-89.051,73.252],[-90.105,71.916],[-89.449,70.908],[-87.853,70.238],[-87.031,70.468],[-85.783,69.995],[-81.072,70.099],[-78.888,69.894],[-77.683,70.184],[-77.038,69.606],[-75.687,69.287],[-73.728,68.314],[-72.988,68.173],[-72.351,67.119],[-72.949,66.735]]],[[[-115.324,73.509],[-118.066,74.281],[-120.157,74.279],[-121.581,74.556],[-124.756,74.349],[-123.774,73.766],[-124.49,72.925],[-125.752,72.148],[-124.065,71.7],[-123.1,71.085],[-120.635,71.491],[-120.197,72.217],[-119.164,72.63],[-115.324,73.509]]],[[[-123.321,48.496],[-123.813,49.119],[-124.795,49.473],[-125.436,50.314],[-127.199,50.621],[-128.32,50.61],[-126.573,49.414],[-124.665,48.573],[-123.555,48.328],[-123.321,48.496]]],[[[-82.191,62.986],[-83.52,62.826],[-83.135,62.177],[-81.957,62.698],[-82.191,62.986]]],[[[-80.183,63.768],[-81.771,64.512],[-84.098,65.21],[-85.201,65.809],[-86.028,65.665],[-86.406,64.439],[-85.617,63.675],[-84.59,63.315],[-83.634,63.771],[-82.534,63.973],[-81.019,63.45],[-80.183,63.768]]],[[[-75.034,68.173],[-76.689,68.263],[-77.323,67.708],[-76.982,67.243],[-75.065,67.552],[-75.034,68.173]]],[[[-104.681,73.63],[-107.039,73.484],[-105.202,72.945],[-104.681,73.63]]],[[[-80.903,73.607],[-79.949,72.847],[-76.319,72.817],[-76.272,73.102],[-78.139,73.669],[-80.903,73.607]]],[[[-96.321,72.467],[-97.661,73.037],[-97.57,73.894],[-100.886,73.832],[-101.562,73.469],[-100.111,73.033],[-100.637,72.186],[-99.235,71.35],[-96.56,71.84],[-96.321,72.467]]],[[[-90.291,73.923],[-93.273,74.178],[-95.249,74.01],[-95.593,72.699],[-95.145,71.966],[-94.088,72.064],[-93.403,72.794],[-91.858,72.848],[-90.291,73.923]]],[[[-93.437,74.944],[-94.394,75.604],[-96.605,75.065],[-94.724,74.632],[-93.437,74.944]]],[[[-97.425,75.52],[-97.665,76.486],[-100.27,76.65],[-102.035,76.413],[-101.589,75.925],[-100.223,75.667],[-100.33,75.014],[-98.035,75.026],[-97.425,75.52]]],[[[-105.395,75.674],[-105.76,75.99],[-109.542,76.189],[-108.896,75.492],[-111.361,75.715],[-112.432,76.171],[-115.512,76.456],[-117.675,75.293],[-113.693,74.444],[-112.437,74.414],[-109.582,74.858],[-106.009,75.057],[-105.395,75.674]]],[[[-79.56,74.992],[-79.501,75.392],[-81.113,75.779],[-83.918,75.815],[-86.196,75.415],[-88.245,75.478],[-90.188,76.068],[-91.441,76.694],[-95.771,77.077],[-95.823,76.399],[-93.128,76.37],[-92.004,75.602],[-92.504,75.218],[-91.621,74.712],[-87.644,74.458],[-81.789,74.458],[-79.56,74.992]]],[[[-119.317,76.2],[-115.893,76.698],[-117.231,77.286],[-118.821,77.361],[-122.862,76.182],[-119.863,75.859],[-119.317,76.2]]],[[[-109.604,78.074],[-113.241,77.905],[-112.109,77.326],[-110.235,77.504],[-109.604,78.074]]],[[[-96.91,77.795],[-94.828,78.364],[-97.451,78.797],[-98.36,78.452],[-96.91,77.795]]],[[[-105.607,79.104],[-103.497,78.507],[-99.017,77.894],[-99.558,78.599],[-103.722,79.363],[-105.607,79.104]]],[[[-96.623,80.044],[-95.646,79.394],[-92.953,78.437],[-90.884,78.145],[-88.77,78.186],[-87.859,78.693],[-84.919,79.296],[-86.971,79.882],[-87.701,80.413],[-90.639,80.569],[-92.237,81.256],[-95.232,81.015],[-96.623,80.044]]],[[[-61.085,82.331],[-69.483,83.046],[-79.34,82.976],[-82.712,82.381],[-91.709,81.734],[-89.826,81.013],[-86.438,80.32],[-86.45,79.754],[-84.33,79.192],[-87.482,78.452],[-88.181,77.801],[-87.475,77.111],[-89.537,76.857],[-89.17,76.424],[-85.249,76.316],[-78.141,76.527],[-79.432,77.239],[-77.981,77.817],[-75.582,78.113],[-74.469,79.227],[-71.142,79.789],[-68.279,80.76],[-64.692,81.391],[-61.085,82.331]]],[[[-60.081,45.792],[-60.603,47.034],[-61.541,46.04],[-61.335,45.566],[-60.081,45.792]]],[[[-64.319,49.791],[-63.587,49.39],[-62.248,49.068],[-61.883,49.354],[-63.375,49.829],[-64.319,49.791]]]]}},{"type":"Feature","id":150,"properties":{"name":"Mexico","subjecto":"Mexico","partof":null,"precision":3},"geometry":{"type":"Polygon","coordinates":[[[-97.139,25.966],[-98.223,26.075],[-99.085,26.408],[-99.462,27.057],[-99.507,27.574],[-100.284,28.297],[-100.669,29.116],[-101.409,29.766],[-102.302,29.889],[-102.683,29.744],[-103.148,28.985],[-104.531,29.668],[-105.008,30.677],[-106.517,31.774],[-108.215,31.778],[-108.215,31.327],[-111.067,31.334],[-114.822,32.5],[-114.724,32.713],[-117.125,32.532],[-116.676,31.553],[-116.068,30.813],[-115.698,29.756],[-114.972,29.378],[-114.043,28.458],[-114.173,27.827],[-114.923,27.836],[-114.488,27.238],[-112.343,26.178],[-112.076,25.713],[-112.088,24.773],[-111.679,24.586],[-110.307,23.541],[-110.098,23.018],[-109.532,23.108],[-109.476,23.56],[-110.173,24.253],[-110.562,24.213],[-110.657,24.807],[-111.307,25.779],[-111.56,26.696],[-112.017,26.979],[-112.773,27.864],[-112.902,28.475],[-113.771,29.408],[-114.392,29.783],[-114.66,30.183],[-114.853,31.527],[-114.159,31.495],[-113.049,31.157],[-113.129,30.812],[-112.151,28.963],[-111.251,28.052],[-110.587,27.837],[-110.555,27.385],[-109.917,27.06],[-109.256,26.498],[-109.441,25.793],[-108.451,25.269],[-107.995,24.648],[-107.036,23.981],[-105.8,22.638],[-105.632,21.956],[-105.185,21.443],[-105.362,20.763],[-105.699,20.407],[-105.017,19.368],[-103.98,18.875],[-103.498,18.333],[-102.191,17.916],[-101.008,17.253],[-99.741,16.731],[-98.857,16.528],[-97.773,15.979],[-96.556,15.659],[-95.434,15.975],[-94.852,16.429],[-94.128,16.221],[-92.824,15.173],[-92.246,14.546],[-92.205,15.29],[-91.724,16.069],[-90.486,16.071],[-90.399,16.348],[-91.067,16.918],[-90.991,17.802],[-89.16,17.814],[-88.304,18.481],[-87.771,18.406],[-87.423,19.558],[-87.444,20.191],[-86.742,21.164],[-87.962,21.6],[-89.786,21.285],[-90.36,21],[-90.478,19.922],[-90.73,19.376],[-91.431,18.88],[-92.681,18.623],[-94.207,18.19],[-94.581,18.19],[-95.208,18.709],[-95.852,18.717],[-96.456,19.869],[-97.151,20.647],[-97.658,21.637],[-97.889,22.625],[-97.651,24.516],[-97.139,25.966]]]}},{"type":"Feature","id":151,"properties":{"name":"Belize","subjecto":"Belize","partof":null,"precision":3},"geometry":{"type":"Polygon","coordinates":[[[-89.193,16.393],[-88.819,16.614],[-88.515,17.345],[-88.26,17.423],[-88.092,18.118],[-88.304,18.481],[-89.16,17.814],[-89.193,16.393]]]}},{"type":"Feature","id":152,"properties":{"name":"Panama","subjecto":"Panama","partof":null,"precision":3},"geometry":{"type":"Polygon","coordinates":[[[-82.574,9.576],[-82.898,8.035],[-82.659,8.323],[-81.711,8.13],[-81.526,7.711],[-80.946,7.556],[-80.873,7.213],[-79.995,7.503],[-80.47,8.221],[-79.774,8.58],[-79.482,8.998],[-78.758,8.829],[-78.303,8.454],[-78.431,8.077],[-77.896,7.235],[-77.201,7.982],[-77.374,8.665],[-78.025,9.226],[-79.551,9.629],[-79.909,9.308],[-80.822,8.891],[-81.539,8.813],[-82.246,9.014],[-82.574,9.576]]]}},{"type":"Feature","id":153,"properties":{"name":"Venezuela","subjecto":"Venezuela","partof":null,"precision":3},"geometry":{"type":"Polygon","coordinates":[[[-60.021,8.558],[-60.985,8.571],[-60.784,9.339],[-61.439,9.818],[-61.877,9.824],[-62.831,10.407],[-62.72,10.76],[-64.143,10.48],[-64.748,10.107],[-65.868,10.31],[-66.542,10.633],[-67.941,10.466],[-68.242,10.578],[-68.418,11.179],[-68.863,11.453],[-69.624,11.468],[-70.018,12.199],[-70.297,11.872],[-70.18,11.376],[-71.458,10.975],[-71.526,10.545],[-71.042,9.761],[-71.056,9.364],[-71.515,9.049],[-72.124,9.826],[-71.576,10.721],[-71.961,11.591],[-71.328,11.85],[-71.971,11.662],[-72.908,10.452],[-73.01,9.295],[-72.387,8.339],[-72.451,7.44],[-72.081,7.067],[-71.184,6.963],[-70.703,7.1],[-70.097,6.944],[-69.444,6.122],[-67.574,6.266],[-67.429,6.038],[-67.844,5.297],[-67.865,4.512],[-67.632,3.762],[-67.305,3.426],[-67.839,2.886],[-67.325,2.475],[-66.875,1.223],[-66.346,0.759],[-65.137,1.127],[-64.081,1.647],[-63.995,1.958],[-64.223,3.124],[-64.064,3.912],[-63.425,3.968],[-62.997,3.599],[-62.766,4.021],[-61.542,4.263],[-60.613,4.901],[-60.74,5.202],[-61.38,5.905],[-61.205,6.596],[-60.421,6.942],[-60.731,7.525],[-59.816,8.288],[-60.021,8.558]]]}},{"type":"Feature","id":154,"properties":{"name":"Papua New Guinea","subjecto":"Papua New Guinea","partof":null,"precision":3},"geometry":{"type":"MultiPolygon","coordinates":[[[[140.974,-2.601],[140.976,-4.596],[140.977,-6.897],[140.977,-9.106],[142.653,-9.33],[143.406,-8.962],[142.98,-8.336],[143.592,-8.242],[144.431,-7.612],[146.103,-8.1],[146.576,-8.822],[147.762,-10.06],[149.461,-10.352],[149.939,-10.062],[149.183,-9.368],[149.244,-8.997],[148.559,-9.032],[148.114,-8.055],[147.162,-7.391],[146.977,-6.74],[147.854,-6.691],[147.449,-5.962],[145.727,-5.422],[145.812,-4.861],[144.513,-3.818],[143.996,-3.793],[143.478,-3.421],[142.182,-3.08],[140.974,-2.601]]],[[[155.933,-6.641],[155.069,-5.552],[154.756,-5.948],[155.235,-6.363],[155.361,-6.746],[155.933,-6.641]]],[[[152.418,-4.345],[151.54,-4.177],[151.696,-4.819],[150.719,-5.534],[149.39,-5.587],[148.43,-5.445],[148.386,-5.775],[149.629,-6.299],[150.465,-6.274],[152.099,-5.456],[152.418,-4.345]]]]}},{"type":"Feature","id":155,"properties":{"name":"Pakistan","subjecto":"Pakistan","partof":null,"precision":3},"geometry":{"type":"Polygon","coordinates":[[[73.712,36.894],[72.565,36.821],[71.629,36.46],[71.171,36.027],[71.634,35.203],[71.081,34.673],[71.047,34.042],[70.003,34.044],[70.294,33.319],[69.548,33.075],[69.004,31.651],[68.126,31.811],[67.346,31.208],[66.697,31.196],[66.366,30.923],[66.196,29.835],[64.086,29.387],[63.569,29.497],[62.478,29.408],[60.844,29.858],[61.653,28.756],[62.363,28.419],[62.736,27.995],[62.801,27.225],[63.252,27.219],[63.141,26.625],[62.754,26.644],[61.857,26.242],[61.588,25.202],[64.663,25.229],[65.672,25.347],[66.437,25.598],[66.68,24.831],[67.176,24.758],[67.3,24.186],[67.632,23.803],[68.183,23.842],[68.726,24.289],[69.972,24.165],[71.064,24.683],[70.647,25.431],[70.065,25.98],[70.158,26.53],[69.465,26.808],[69.576,27.188],[70.342,28.011],[70.832,27.701],[71.861,27.95],[72.382,28.784],[72.902,29.023],[73.37,29.927],[74.33,30.9],[74.489,31.711],[75.298,32.332],[74.725,32.461],[74.317,32.823],[73.623,33.124],[73.447,34.558],[74.125,35.099],[73.689,35.307],[72.565,36.23],[73.078,36.701],[73.712,36.894]]]}},{"type":"Feature","id":156,"properties":{"name":"Egypt","subjecto":"Egypt","partof":null,"precision":3},"geometry":{"type":"Polygon","coordinates":[[[34.248,31.211],[34.2,31.314],[33.648,31.117],[32.057,31.08],[31.221,31.58],[30.362,31.509],[29.503,30.957],[29.028,30.827],[27.321,31.381],[25.151,31.656],[24.861,31.38],[24.995,30.785],[24.688,30.144],[24.981,29.181],[24.981,27.667],[24.981,25.205],[24.981,21.995],[28.29,21.995],[31.248,21.994],[33.181,21.995],[34.084,21.995],[34.147,22.192],[34.682,22.298],[34.778,22.5],[34.862,22.68],[35.212,22.786],[35.621,23.139],[35.514,23.977],[34.014,26.612],[33.513,27.959],[34.078,27.801],[34.407,28.308],[34.887,29.49],[34.248,31.211]]]}},{"type":"Feature","id":157,"properties":{"name":"Yemen","subjecto":"Yemen","partof":null,"precision":3},"geometry":{"type":"Polygon","coordinates":[[[51.979,18.996],[49.129,18.612],[48.162,18.149],[47.428,17.092],[46.97,16.957],[46.323,17.224],[45.165,17.428],[43.165,17.326],[43.209,16.773],[42.789,16.371],[42.699,15.717],[43.249,13.213],[43.473,12.847],[44.191,12.619],[44.868,12.732],[45.666,13.342],[46.701,13.43],[47.398,13.655],[48.017,14.057],[48.681,14.044],[49.078,14.506],[50.554,15.049],[51.368,15.23],[52.228,15.616],[52.293,16.264],[53.09,16.642],[52.73,17.3],[51.979,18.996]]]}},{"type":"Feature","id":158,"properties":{"name":"Mauritania","subjecto":"Mauritania","partof":null,"precision":3},"geometry":{"type":"Polygon","coordinates":[[[-8.682,27.285],[-8.681,26.013],[-12.015,25.995],[-12.015,23.495],[-13.015,23.018],[-13.015,21.333],[-16.959,21.333],[-17.057,20.767],[-16.391,20.569],[-16.2,20.215],[-16.475,19.271],[-16.205,18.983],[-16.024,17.96],[-16.459,16.644],[-16.542,15.809],[-16.327,16.475],[-14.343,16.637],[-13.811,16.122],[-13.485,16.155],[-13.238,15.623],[-12.264,14.775],[-11.837,14.893],[-11.727,15.541],[-9.836,15.371],[-9.349,15.496],[-5.511,15.496],[-5.353,16.312],[-5.623,16.528],[-5.964,19.621],[-6.219,21.823],[-6.593,24.994],[-4.822,24.995],[-7.297,26.471],[-8.682,27.285]]]}},{"type":"Feature","id":159,"properties":{"name":"Kenya","subjecto":"Kenya","partof":null,"precision":3},"geometry":{"type":"Polygon","coordinates":[[[33.977,4.22],[34.434,3.182],[34.924,2.477],[34.979,1.676],[33.894,0.11],[33.904,-1.003],[35.416,-1.801],[37.645,-3.046],[37.771,-3.655],[39.191,-4.678],[39.551,-4.402],[40.129,-3.252],[40.175,-2.763],[40.829,-2.375],[40.904,-2.08],[41.535,-1.696],[40.98,-0.871],[40.965,2.814],[41.885,3.977],[41.115,3.962],[40.764,4.285],[39.848,3.867],[39.436,3.462],[38.102,3.613],[36.844,4.432],[35.921,4.619],[35.781,4.62],[35.706,4.619],[35.7,4.589],[35.612,4.619],[34.381,4.62],[33.977,4.22]]]}},{"type":"Feature","id":160,"properties":{"name":"Equatorial Guinea","subjecto":"Equatorial Guinea","partof":null,"precision":3},"geometry":{"type":"Polygon","coordinates":[[[9.8,2.342],[9.799,1.901],[9.408,1.284],[9.804,0.998],[11.336,0.999],[11.322,2.166],[9.991,2.166],[9.8,2.342]]]}},{"type":"Feature","id":161,"properties":{"name":"The Gambia","subjecto":"The Gambia","partof":null,"precision":3},"geometry":{"type":"Polygon","coordinates":[[[-16.754,13.065],[-15.833,13.157],[-15.518,13.583],[-16.561,13.587],[-16.754,13.065]]]}},{"type":"Feature","id":162,"properties":{"name":"Hong Kong","subjecto":"China","partof":null,"precision":3},"geometry":{"type":"Polygon","coordinates":[[[114.23,22.556],[114.082,22.529],[114.111,22.366],[114.278,22.27],[114.338,22.446],[114.23,22.556]]]}},{"type":"Feature","id":163,"properties":{"name":"Vatican City","subjecto":"Vatican City","partof":null,"precision":3},"geometry":{"type":"Polygon","coordinates":[[[12.453,41.903],[12.454,41.903],[12.454,41.904],[12.453,41.904],[12.453,41.903]]]}},{"type":"Feature","id":164,"properties":{"name":"South Korea","subjecto":"South Korea","partof":null,"precision":3},"geometry":{"type":"MultiPolygon","coordinates":[[[[126.686,37.782],[126.755,37.049],[126.336,36.825],[126.733,35.886],[126.362,35.269],[126.271,34.642],[127.316,34.445],[128.019,34.999],[129.194,35.156],[129.455,35.513],[129.471,36.772],[129.331,37.282],[128.395,38.578],[128.049,38.252],[127.168,38.255],[126.686,37.782]]],[[[131.861,37.244],[131.86,37.242],[131.862,37.242],[131.863,37.243],[131.861,37.244]]]]}},{"type":"Feature","id":165,"properties":{"name":"Antarctica","subjecto":"Antarctica","partof":null,"precision":3},"geometry":{"type":"MultiPolygon","coordinates":[[[[-51.731,-82.063],[-55.927,-82.483],[-59.47,-83.46],[-61.625,-83.312],[-62.795,-82.52],[-66.062,-82.195],[-65.174,-81.512],[-69.976,-80.976],[-70.434,-80.657],[-74.838,-80.919],[-76.632,-79.939],[-76.533,-79.313],[-81.106,-79.203],[-80.295,-78.847],[-77.754,-78.736],[-77.685,-77.93],[-75.527,-77.541],[-77.524,-76.73],[-76.499,-76.525],[-70.332,-76.678],[-70.181,-76.451],[-66.219,-76.011],[-63.162,-75.409],[-63.573,-74.871],[-60.682,-74.325],[-60.8,-73.578],[-60.094,-73.299],[-61.366,-72.466],[-61.497,-71.855],[-60.935,-71.182],[-61.354,-70.561],[-62.38,-70.414],[-63.212,-68.839],[-65.339,-68.563],[-64.989,-68.089],[-65.589,-67.554],[-64.749,-67.307],[-63.756,-66.215],[-62.372,-65.916],[-61.739,-65.088],[-59.418,-64.331],[-58.077,-63.663],[-60.877,-64.047],[-61.113,-64.381],[-63.827,-65.03],[-64.687,-66.038],[-65.641,-66.215],[-65.8,-66.716],[-67.54,-67.139],[-66.946,-68.223],[-66.759,-69.071],[-68.362,-69.683],[-67.411,-70.993],[-67.623,-71.433],[-66.748,-72.092],[-67.511,-72.834],[-70.293,-73.293],[-73.073,-73.444],[-74.105,-73.716],[-78.744,-73.365],[-79.647,-73.039],[-81.311,-73.273],[-82.065,-73.887],[-85.543,-73.372],[-89.284,-73.107],[-96.475,-73.299],[-97.717,-73.025],[-100.766,-72.976],[-102.094,-72.772],[-102.874,-73.308],[-99.768,-73.364],[-99.867,-73.733],[-101.589,-74],[-100.927,-74.551],[-99.324,-74.963],[-100.137,-75.384],[-103.296,-75.085],[-106.449,-75.317],[-109.693,-75.146],[-111.543,-74.802],[-114.838,-74.471],[-119.135,-74.598],[-124.051,-74.811],[-126.939,-74.677],[-129.975,-74.913],[-135.342,-74.56],[-136.878,-75.038],[-139.567,-75.148],[-141.238,-75.599],[-142.467,-75.432],[-146.209,-75.915],[-145.593,-76.917],[-149.975,-77.816],[-151.515,-77.416],[-156.324,-77.066],[-158.14,-77.428],[-158.637,-77.865],[-154.97,-79.035],[-153.079,-79.139],[-147.946,-79.787],[-150.609,-80.27],[-147.628,-80.92],[-156.45,-81.149],[-153.79,-81.691],[-154.804,-81.966],[-152.543,-82.548],[-157.555,-83.39],[-162.169,-83.525],[-165.086,-83.202],[-170.719,-83.197],[-168.054,-83.754],[-163.703,-84.05],[-163.863,-84.55],[-168.255,-84.648],[-180,-84.353],[-180,-84.515],[-180,-85.014],[-180,-85.512],[-180,-86.011],[-180,-86.51],[-180,-87.008],[-180,-87.507],[-180,-88.006],[-180,-88.504],[-180,-89.003],[-180,-89.501],[-180,-90],[-179.501,-90],[-179.001,-90],[-178.502,-90],[-178.003,-90],[-177.503,-90],[-177.004,-90],[-176.505,-90],[-176.006,-90],[-175.506,-90],[-175.007,-90],[-174.508,-90],[-174.008,-90],[-173.509,-90],[-173.01,-90],[-172.51,-90],[-172.011,-90],[-171.512,-90],[-171.012,-90],[-170.513,-90],[-170.014,-90],[-169.515,-90],[-169.015,-90],[-168.516,-90],[-168.017,-90],[-167.517,-90],[-167.018,-90],[-166.519,-90],[-166.019,-90],[-165.52,-90],[-165.021,-90],[-164.521,-90],[-164.022,-90],[-163.523,-90],[-163.024,-90],[-162.524,-90],[-162.025,-90],[-161.526,-90],[-161.026,-90],[-160.527,-90],[-160.028,-90],[-159.528,-90],[-159.029,-90],[-158.53,-90],[-158.031,-90],[-157.531,-90],[-157.032,-90],[-156.533,-90],[-156.033,-90],[-155.534,-90],[-155.035,-90],[-154.535,-90],[-154.036,-90],[-153.537,-90],[-153.037,-90],[-152.538,-90],[-152.039,-90],[-151.54,-90],[-151.04,-90],[-150.541,-90],[-150.042,-90],[-149.542,-90],[-149.043,-90],[-148.544,-90],[-148.044,-90],[-147.545,-90],[-147.046,-90],[-146.546,-90],[-146.047,-90],[-145.548,-90],[-145.049,-90],[-144.549,-90],[-144.05,-90],[-143.551,-90],[-143.051,-90],[-142.552,-90],[-142.053,-90],[-141.553,-90],[-141.054,-90],[-140.555,-90],[-140.055,-90],[-139.556,-90],[-139.057,-90],[-138.558,-90],[-138.058,-90],[-137.559,-90],[-137.06,-90],[-136.56,-90],[-136.061,-90],[-135.562,-90],[-135.062,-90],[-134.563,-90],[-134.064,-90],[-133.564,-90],[-133.065,-90],[-132.566,-90],[-132.067,-90],[-131.567,-90],[-131.068,-90],[-130.569,-90],[-130.069,-90],[-129.57,-90],[-129.071,-90],[-128.571,-90],[-128.072,-90],[-127.573,-90],[-127.074,-90],[-126.574,-90],[-126.075,-90],[-125.576,-90],[-125.076,-90],[-124.577,-90],[-124.078,-90],[-123.578,-90],[-123.079,-90],[-122.58,-90],[-122.08,-90],[-121.581,-90],[-121.082,-90],[-120.583,-90],[-120.083,-90],[-119.584,-90],[-119.085,-90],[-118.585,-90],[-118.086,-90],[-117.587,-90],[-117.087,-90],[-116.588,-90],[-116.089,-90],[-115.589,-90],[-115.09,-90],[-114.591,-90],[-114.092,-90],[-113.592,-90],[-113.093,-90],[-112.594,-90],[-112.094,-90],[-111.595,-90],[-111.096,-90],[-110.596,-90],[-110.097,-90],[-109.598,-90],[-109.098,-90],[-108.599,-90],[-108.1,-90],[-107.601,-90],[-107.101,-90],[-106.602,-90],[-106.103,-90],[-105.603,-90],[-105.104,-90],[-104.605,-90],[-104.105,-90],[-103.606,-90],[-103.107,-90],[-102.607,-90],[-102.108,-90],[-101.609,-90],[-101.11,-90],[-100.61,-90],[-100.111,-90],[-99.612,-90],[-99.112,-90],[-98.613,-90],[-98.114,-90],[-97.614,-90],[-97.115,-90],[-96.616,-90],[-96.117,-90],[-95.617,-90],[-95.118,-90],[-94.619,-90],[-94.119,-90],[-93.62,-90],[-93.121,-90],[-92.621,-90],[-92.122,-90],[-91.623,-90],[-91.123,-90],[-90.624,-90],[-90.125,-90],[-89.626,-90],[-89.126,-90],[-88.627,-90],[-88.128,-90],[-87.628,-90],[-87.129,-90],[-86.63,-90],[-86.13,-90],[-85.631,-90],[-85.132,-90],[-84.632,-90],[-84.133,-90],[-83.634,-90],[-83.135,-90],[-82.635,-90],[-82.136,-90],[-81.637,-90],[-81.137,-90],[-80.638,-90],[-80.139,-90],[-79.639,-90],[-79.14,-90],[-78.641,-90],[-78.141,-90],[-77.642,-90],[-77.143,-90],[-76.644,-90],[-76.144,-90],[-75.645,-90],[-75.146,-90],[-74.646,-90],[-74.147,-90],[-73.648,-90],[-73.148,-90],[-72.649,-90],[-72.15,-90],[-71.65,-90],[-71.151,-90],[-70.652,-90],[-70.153,-90],[-69.653,-90],[-69.154,-90],[-68.655,-90],[-68.155,-90],[-67.656,-90],[-67.157,-90],[-66.657,-90],[-66.158,-90],[-65.659,-90],[-65.16,-90],[-64.66,-90],[-64.161,-90],[-63.662,-90],[-63.162,-90],[-62.663,-90],[-62.164,-90],[-61.664,-90],[-61.165,-90],[-60.666,-90],[-60.166,-90],[-59.667,-90],[-59.168,-90],[-58.669,-90],[-58.169,-90],[-57.67,-90],[-57.171,-90],[-56.671,-90],[-56.172,-90],[-55.673,-90],[-55.173,-90],[-54.674,-90],[-54.175,-90],[-53.675,-90],[-53.176,-90],[-52.677,-90],[-52.178,-90],[-52.118,-90],[-51.678,-90],[-51.179,-90],[-50.68,-90],[-50.18,-90],[-49.681,-90],[-49.182,-90],[-48.682,-90],[-48.183,-90],[-47.684,-90],[-47.184,-90],[-46.685,-90],[-46.186,-90],[-45.687,-90],[-45.187,-90],[-44.688,-90],[-44.189,-90],[-43.689,-90],[-43.19,-90],[-42.691,-90],[-42.191,-90],[-41.692,-90],[-41.193,-90],[-40.693,-90],[-40.194,-90],[-39.695,-90],[-39.196,-90],[-38.696,-90],[-38.197,-90],[-37.698,-90],[-37.198,-90],[-36.699,-90],[-36.2,-90],[-35.7,-90],[-35.201,-90],[-34.702,-90],[-34.202,-90],[-33.703,-90],[-33.204,-90],[-32.705,-90],[-32.205,-90],[-31.706,-90],[-31.207,-90],[-30.707,-90],[-30.208,-90],[-29.709,-90],[-29.209,-90],[-28.71,-90],[-28.211,-90],[-27.712,-90],[-27.212,-90],[-26.713,-90],[-26.214,-90],[-25.714,-90],[-25.215,-90],[-24.716,-90],[-24.216,-90],[-23.717,-90],[-23.218,-90],[-22.718,-90],[-22.219,-90],[-21.72,-90],[-21.221,-90],[-20.721,-90],[-20.222,-90],[-19.723,-90],[-19.223,-90],[-18.724,-90],[-18.225,-90],[-17.725,-90],[-17.226,-90],[-16.727,-90],[-16.227,-90],[-15.728,-90],[-15.229,-90],[-14.73,-90],[-14.23,-90],[-13.731,-90],[-13.232,-90],[-12.732,-90],[-12.233,-90],[-11.734,-90],[-11.234,-90],[-10.735,-90],[-10.236,-90],[-9.736,-90],[-9.237,-90],[-8.738,-90],[-8.239,-90],[-7.739,-90],[-7.24,-90],[-6.741,-90],[-6.241,-90],[-5.742,-90],[-5.243,-90],[-4.743,-90],[-4.244,-90],[-3.745,-90],[-3.245,-90],[-2.746,-90],[-2.247,-90],[-1.748,-90],[-1.248,-90],[-0.749,-90],[-0.25,-90],[0.25,-90],[0.749,-90],[1.248,-90],[1.748,-90],[2.247,-90],[2.746,-90],[3.245,-90],[3.745,-90],[4.244,-90],[4.743,-90],[5.243,-90],[5.742,-90],[6.241,-90],[6.741,-90],[7.24,-90],[7.739,-90],[8.239,-90],[8.738,-90],[9.237,-90],[9.736,-90],[10.236,-90],[10.735,-90],[11.234,-90],[11.734,-90],[12.233,-90],[12.732,-90],[13.232,-90],[13.731,-90],[14.23,-90],[14.73,-90],[15.229,-90],[15.728,-90],[16.227,-90],[16.727,-90],[17.226,-90],[17.725,-90],[18.225,-90],[18.724,-90],[19.223,-90],[19.723,-90],[20.222,-90],[20.721,-90],[21.221,-90],[21.72,-90],[22.219,-90],[22.718,-90],[23.218,-90],[23.717,-90],[24.216,-90],[24.716,-90],[25.215,-90],[25.714,-90],[26.214,-90],[26.713,-90],[27.212,-90],[27.712,-90],[28.211,-90],[28.71,-90],[29.209,-90],[29.709,-90],[30.208,-90],[30.707,-90],[31.207,-90],[31.706,-90],[32.205,-90],[32.705,-90],[33.204,-90],[33.703,-90],[34.202,-90],[34.702,-90],[35.201,-90],[35.7,-90],[36.2,-90],[36.699,-90],[37.198,-90],[37.698,-90],[38.197,-90],[38.696,-90],[39.196,-90],[39.695,-90],[40.194,-90],[40.693,-90],[41.193,-90],[41.692,-90],[42.191,-90],[42.691,-90],[43.19,-90],[43.689,-90],[44.189,-90],[44.688,-90],[45.187,-90],[45.687,-90],[46.186,-90],[46.685,-90],[47.184,-90],[47.684,-90],[48.183,-90],[48.682,-90],[49.182,-90],[49.681,-90],[50.18,-90],[50.68,-90],[51.179,-90],[51.678,-90],[52.178,-90],[52.677,-90],[53.176,-90],[53.675,-90],[54.175,-90],[54.674,-90],[55.173,-90],[55.673,-90],[56.172,-90],[56.671,-90],[57.171,-90],[57.67,-90],[58.169,-90],[58.669,-90],[59.168,-90],[59.667,-90],[60.166,-90],[60.666,-90],[61.165,-90],[61.652,-90],[61.664,-90],[62.164,-90],[62.663,-90],[63.162,-90],[63.662,-90],[64.161,-90],[64.66,-90],[65.16,-90],[65.659,-90],[66.158,-90],[66.657,-90],[67.157,-90],[67.656,-90],[68.155,-90],[68.655,-90],[69.154,-90],[69.653,-90],[70.153,-90],[70.652,-90],[71.151,-90],[71.65,-90],[72.15,-90],[72.649,-90],[73.148,-90],[73.648,-90],[74.147,-90],[74.646,-90],[75.146,-90],[75.645,-90],[76.144,-90],[76.644,-90],[77.143,-90],[77.642,-90],[78.141,-90],[78.641,-90],[79.14,-90],[79.639,-90],[80.139,-90],[80.638,-90],[81.137,-90],[81.637,-90],[82.136,-90],[82.635,-90],[83.135,-90],[83.634,-90],[84.133,-90],[84.632,-90],[85.132,-90],[85.631,-90],[86.13,-90],[86.63,-90],[87.129,-90],[87.628,-90],[88.128,-90],[88.627,-90],[89.126,-90],[89.626,-90],[90.125,-90],[90.624,-90],[91.123,-90],[91.623,-90],[92.122,-90],[92.621,-90],[93.121,-90],[93.62,-90],[94.119,-90],[94.619,-90],[95.118,-90],[95.617,-90],[96.117,-90],[96.616,-90],[97.115,-90],[97.614,-90],[98.114,-90],[98.613,-90],[99.112,-90],[99.612,-90],[100.111,-90],[100.61,-90],[101.11,-90],[101.609,-90],[102.108,-90],[102.607,-90],[103.107,-90],[103.606,-90],[104.105,-90],[104.605,-90],[105.104,-90],[105.603,-90],[106.103,-90],[106.602,-90],[107.101,-90],[107.601,-90],[108.1,-90],[108.599,-90],[109.098,-90],[109.598,-90],[110.097,-90],[110.596,-90],[111.096,-90],[111.595,-90],[112.094,-90],[112.594,-90],[113.093,-90],[113.592,-90],[114.092,-90],[114.591,-90],[115.09,-90],[115.589,-90],[116.089,-90],[116.588,-90],[117.087,-90],[117.587,-90],[118.086,-90],[118.585,-90],[119.085,-90],[119.584,-90],[120.083,-90],[120.583,-90],[121.082,-90],[121.581,-90],[122.08,-90],[122.58,-90],[123.079,-90],[123.578,-90],[124.078,-90],[124.577,-90],[125.076,-90],[125.576,-90],[126.075,-90],[126.574,-90],[127.074,-90],[127.573,-90],[128.072,-90],[128.571,-90],[129.071,-90],[129.57,-90],[130.069,-90],[130.569,-90],[131.068,-90],[131.567,-90],[132.067,-90],[132.566,-90],[133.065,-90],[133.564,-90],[134.064,-90],[134.563,-90],[135.062,-90],[135.562,-90],[136.061,-90],[136.56,-90],[137.06,-90],[137.559,-90],[138.058,-90],[138.558,-90],[139.057,-90],[139.556,-90],[140.055,-90],[140.555,-90],[141.054,-90],[141.553,-90],[142.053,-90],[142.552,-90],[143.051,-90],[143.551,-90],[144.05,-90],[144.549,-90],[145.049,-90],[145.548,-90],[146.047,-90],[146.546,-90],[147.046,-90],[147.545,-90],[148.044,-90],[148.544,-90],[149.043,-90],[149.542,-90],[150.042,-90],[150.541,-90],[151.04,-90],[151.54,-90],[152.039,-90],[152.538,-90],[153.037,-90],[153.537,-90],[154.036,-90],[154.535,-90],[155.035,-90],[155.534,-90],[156.033,-90],[156.533,-90],[157.032,-90],[157.531,-90],[158.031,-90],[158.53,-90],[159.029,-90],[159.528,-90],[160.028,-90],[160.527,-90],[161.026,-90],[161.526,-90],[162.025,-90],[162.524,-90],[163.024,-90],[163.523,-90],[164.022,-90],[164.521,-90],[165.021,-90],[165.52,-90],[166.019,-90],[166.519,-90],[167.018,-90],[167.517,-90],[168.017,-90],[168.516,-90],[169.015,-90],[169.515,-90],[170.014,-90],[170.513,-90],[171.012,-90],[171.512,-90],[172.011,-90],[172.51,-90],[173.01,-90],[173.509,-90],[174.008,-90],[174.508,-90],[175.007,-90],[175.506,-90],[176.006,-90],[176.505,-90],[177.004,-90],[177.503,-90],[178.003,-90],[178.502,-90],[179.001,-90],[179.501,-90],[180,-90],[180,-89.501],[180,-89.003],[180,-88.504],[180,-88.006],[180,-87.507],[180,-87.008],[180,-86.51],[180,-86.011],[180,-85.512],[180,-85.014],[180,-84.515],[180,-84.353],[173.962,-83.882],[167.749,-83.255],[167.306,-82.817],[161.011,-81.549],[161.201,-80.648],[160.387,-79.168],[162.126,-78.76],[166.09,-78.567],[164.208,-78.226],[163.07,-77.019],[162.9,-75.823],[162.191,-75.388],[162.591,-74.75],[165.288,-74.465],[164.591,-73.927],[167.033,-73.566],[167.171,-73.153],[169.22,-73.133],[170.255,-72.603],[170.016,-72.171],[170.814,-71.7],[167.878,-71.014],[164.24,-70.491],[161.99,-70.923],[159.754,-69.502],[157.992,-69.172],[156.35,-69.202],[155.011,-68.899],[153.251,-68.878],[151.094,-68.407],[148.435,-68.473],[146.718,-68.303],[146.048,-67.587],[143.881,-67.934],[144.662,-67.117],[143.471,-66.846],[140.082,-66.733],[137.732,-66.374],[136.16,-66.245],[134.739,-66.367],[133.792,-66.105],[131.758,-66.243],[130.73,-66.147],[129.533,-66.614],[129.203,-67.1],[126.999,-66.933],[125.898,-66.306],[122.244,-66.845],[121.515,-67.093],[119.022,-67.412],[118.368,-67.046],[115.338,-67.219],[115.599,-66.593],[113.204,-65.765],[110.927,-66.055],[110.445,-66.658],[108.833,-66.968],[108.136,-66.625],[103.908,-65.979],[101.336,-65.944],[100.822,-66.385],[98.905,-66.783],[98.528,-66.449],[93.997,-66.731],[91.96,-66.498],[90.372,-66.821],[87.966,-66.77],[85.616,-67.188],[84.962,-67.076],[83.215,-67.579],[82.059,-67.672],[79.131,-68.148],[77.842,-69.13],[74.275,-69.907],[73.473,-69.781],[71.796,-70.716],[71.121,-71.731],[67,-72.903],[67.449,-71.896],[68.67,-71.204],[69.706,-69.327],[69.281,-68.831],[70.115,-68.494],[69.683,-67.864],[68.377,-67.895],[63.651,-67.503],[62.617,-67.66],[60.619,-67.401],[59.265,-67.484],[58.871,-67.165],[56.601,-66.943],[55.612,-66.028],[53.735,-65.846],[51.772,-66.037],[50.537,-66.304],[49.328,-66.883],[48.588,-66.937],[48.718,-67.682],[46.217,-67.653],[42.859,-68.104],[40.889,-68.709],[39.858,-68.83],[39.713,-69.587],[38.804,-69.988],[37.54,-69.685],[35.244,-69.736],[35.2,-69.294],[34.214,-68.678],[32.499,-68.931],[32.851,-69.945],[29.841,-70.311],[26.446,-71.032],[23.323,-70.81],[21.802,-70.236],[21.201,-70.812],[19.289,-70.914],[16.598,-70.374],[13.018,-70.242],[11.854,-70.782],[9.168,-70.308],[2.52,-70.901],[0.232,-71.35],[-2.131,-71.483],[-6.15,-71.366],[-6.618,-70.924],[-7.856,-70.826],[-7.597,-71.594],[-8.614,-71.7],[-9.94,-71.062],[-11.072,-71.549],[-11.357,-72.396],[-14.097,-73.133],[-15.541,-73.077],[-16.603,-73.634],[-15.753,-74.43],[-17.456,-74.337],[-19.24,-75.548],[-20.399,-75.472],[-25.948,-75.933],[-28.859,-76.353],[-33.721,-77.311],[-35.313,-77.844],[-36.251,-78.852],[-30.673,-79.588],[-24.73,-79.782],[-24.254,-80.076],[-29.761,-80.176],[-36.033,-80.921],[-38.755,-80.871],[-41.764,-81.41],[-44.011,-82.391],[-46.279,-81.91],[-51.731,-82.063]]],[[[-59.287,-80.21],[-64.285,-80.751],[-60.653,-80.96],[-59.287,-80.21]]],[[[-66.734,-78.442],[-70.593,-78.886],[-71.816,-79.479],[-70.342,-79.697],[-66.734,-78.442]]],[[[-52.519,-80.2],[-54.162,-80.877],[-43.532,-80.2],[-42.972,-79.43],[-43.819,-78.248],[-45.934,-77.817],[-49.072,-78.042],[-50.204,-78.593],[-50.264,-79.536],[-52.519,-80.2]]],[[[-95.499,-72.316],[-97.306,-72.177],[-98.828,-71.761],[-102.087,-71.974],[-98.58,-72.573],[-96.055,-72.584],[-95.499,-72.316]]],[[[-71.46,-72.629],[-69.218,-72.543],[-68.414,-72.22],[-68.299,-70.869],[-70.402,-68.787],[-72.013,-68.955],[-71.912,-69.966],[-70.999,-70.466],[-71.69,-71.159],[-74.423,-71.428],[-75.356,-71.924],[-74.005,-72.174],[-72.339,-71.613],[-70.72,-71.906],[-71.46,-72.629]]],[[[-159.842,-79.349],[-162.353,-78.753],[-164.148,-78.992],[-163.937,-79.412],[-160.713,-79.855],[-159.842,-79.349]]],[[[-120.261,-73.928],[-123.066,-73.675],[-123.028,-74.248],[-121.099,-74.348],[-120.261,-73.928]]]]}},{"type":"Feature","id":166,"properties":{"name":"Australia","subjecto":"Australia","partof":null,"precision":3},"geometry":{"type":"MultiPolygon","coordinates":[[[[131.536,-31.606],[132.234,-32.033],[133.586,-32.103],[134.273,-32.588],[134.279,-33.163],[134.662,-33.226],[135.19,-33.893],[135.43,-34.713],[135.741,-34.861],[136.369,-34.073],[137.225,-33.653],[137.454,-34.164],[137.403,-35.124],[137.671,-35.181],[138.038,-34.308],[138.536,-34.741],[138.531,-35.646],[139.475,-35.896],[139.854,-36.622],[139.742,-37.181],[140.36,-37.882],[141.434,-38.375],[142.398,-38.367],[143.537,-38.858],[144.983,-37.899],[145.916,-38.896],[146.879,-38.644],[147.589,-38.081],[148.306,-37.823],[149.479,-37.786],[149.985,-37.496],[149.904,-36.928],[150.163,-35.957],[150.834,-34.782],[151.671,-33.061],[152.522,-32.427],[152.935,-31.483],[152.988,-30.735],[153.606,-28.867],[153.591,-28.268],[153.114,-27.242],[153.122,-25.934],[152.405,-24.749],[150.857,-23.52],[150.826,-22.698],[149.609,-22.244],[149.231,-21.09],[148.74,-20.719],[148.567,-20.06],[147.859,-19.825],[147.55,-19.521],[146.447,-19.06],[146.024,-18.263],[146.071,-17.392],[145.4,-16.443],[145.277,-14.947],[144.678,-14.556],[144.515,-14.173],[143.952,-14.499],[143.534,-13.766],[143.434,-12.613],[142.873,-11.851],[142.742,-10.975],[142.175,-10.93],[141.948,-11.896],[141.666,-12.441],[141.691,-13.26],[141.474,-13.776],[141.666,-15.011],[141.425,-16.082],[140.833,-17.451],[140,-17.706],[139.274,-17.348],[139.037,-16.916],[138.184,-16.697],[137.746,-16.252],[136.768,-15.901],[135.391,-14.74],[135.903,-14.136],[135.883,-13.326],[136.637,-12.955],[136.691,-12.283],[136.451,-11.942],[136.026,-12.311],[135.739,-11.942],[135.07,-12.26],[133.141,-11.675],[132.046,-12.307],[131,-12.171],[130.13,-12.941],[129.969,-13.53],[129.358,-14.409],[129.612,-14.943],[128.175,-14.698],[127.666,-14.178],[126.953,-13.724],[126.569,-14.195],[125.658,-14.36],[125.144,-14.728],[124.403,-15.559],[124.378,-16.215],[123.652,-16.36],[123.837,-17.132],[123.4,-17.329],[123.151,-16.808],[122.704,-16.787],[122.276,-17.089],[122.22,-18.197],[121.194,-19.472],[120.238,-19.907],[118.136,-20.362],[117.354,-20.728],[116.743,-20.617],[115.937,-21.059],[115.455,-21.514],[114.647,-21.843],[114.011,-21.86],[113.647,-22.578],[113.738,-23.527],[113.385,-24.249],[113.611,-24.893],[114.155,-25.79],[114.104,-26.448],[113.591,-26.676],[114.013,-27.315],[114.166,-28.107],[114.531,-28.522],[114.979,-29.48],[114.975,-30.214],[115.68,-31.649],[115.769,-32.602],[115.667,-33.288],[114.957,-33.682],[115.018,-34.262],[116.465,-35.001],[118.12,-34.987],[118.932,-34.446],[119.382,-34.44],[120.002,-33.926],[121.533,-33.82],[122.56,-33.959],[123.567,-33.884],[124.117,-33.122],[126.186,-32.233],[127.289,-32.273],[128.99,-31.691],[130.157,-31.574],[131.536,-31.606]]],[[[147.999,-43.23],[147.889,-42.82],[148.261,-41.8],[148.331,-41.002],[146.424,-41.166],[144.689,-40.705],[144.606,-40.997],[145.207,-41.967],[145.264,-42.595],[146.031,-43.483],[146.711,-43.629],[147.586,-42.821],[147.999,-43.23]]],[[[131.537,-11.413],[131.274,-11.19],[130.497,-11.65],[130.98,-11.926],[131.537,-11.413]]]]}},{"type":"Feature","id":167,"properties":{"name":"Greenland","subjecto":"Denmark","partof":null,"precision":3},"geometry":{"type":"MultiPolygon","coordinates":[[[[-40.876,65.097],[-39.875,65.506],[-36.074,65.935],[-34.643,66.38],[-33.187,67.558],[-32.125,68.051],[-30.008,68.126],[-26.417,68.659],[-23.703,69.718],[-23.56,70.113],[-25.305,70.413],[-28.233,70.372],[-27.506,70.942],[-24.669,71.272],[-23.345,70.441],[-21.73,70.579],[-21.668,71.401],[-22.503,71.901],[-24.342,72.332],[-25.292,73.474],[-22.314,73.25],[-20.543,73.449],[-20.689,73.886],[-22.229,74.101],[-19.427,75.226],[-19.672,76.127],[-21.935,76.623],[-18.324,77.208],[-21.63,77.998],[-20.979,78.767],[-18.955,79.149],[-19.474,80.26],[-16.447,80.219],[-11.639,81.388],[-13.92,81.812],[-17.147,81.413],[-21.026,81.772],[-21.319,82.606],[-25.65,83.298],[-32.491,83.634],[-46.558,82.893],[-43.727,82.407],[-46.008,82.036],[-51.107,82.51],[-61.281,81.815],[-60.787,81.509],[-67.455,80.343],[-64.926,80.073],[-64.86,79.508],[-66.117,79.103],[-72.59,78.521],[-72.784,78.108],[-69.062,77.257],[-70.66,76.802],[-68.433,76.079],[-66.487,75.947],[-63.477,76.377],[-60.873,76.158],[-58.167,75.5],[-56.846,74.811],[-56.603,74.245],[-54.65,72.845],[-55.514,71.449],[-52.701,71.526],[-51.915,71.021],[-54.019,70.413],[-50.847,69.626],[-51.569,68.524],[-52.616,68.526],[-53.688,67.812],[-53.965,67.104],[-53.096,66.932],[-53.695,66.359],[-53.455,65.961],[-52.273,65.447],[-52.156,64.679],[-50.9,64.407],[-51.539,63.685],[-50.178,62.766],[-50.308,62.491],[-49.31,61.996],[-49.241,61.608],[-47.932,60.842],[-46.862,60.8],[-46.376,61.085],[-44.926,60.327],[-43.991,60.191],[-42.826,60.611],[-42.708,61.292],[-42.117,62.007],[-42.423,62.816],[-41.75,62.844],[-40.614,63.808],[-40.876,65.097]]],[[[-52.903,69.345],[-51.998,69.805],[-53.266,70.202],[-54.829,70.201],[-54.993,69.702],[-52.903,69.345]]]]}},{"type":"Feature","id":168,"properties":{"name":"Fiji","subjecto":"Fiji","partof":null,"precision":3},"geometry":{"type":"MultiPolygon","coordinates":[[[[180,-16.149],[178.917,-16.471],[178.705,-16.999],[179.904,-16.718],[180,-16.169],[180,-16.149]]],[[[178.711,-17.992],[178.263,-17.336],[177.389,-17.641],[177.336,-18.106],[178.168,-18.248],[178.711,-17.992]]]]}},{"type":"Feature","id":169,"properties":{"name":"New Zealand","subjecto":"New Zealand","partof":null,"precision":3},"geometry":{"type":"MultiPolygon","coordinates":[[[[172.749,-43.28],[173.287,-42.954],[174.198,-41.876],[174.056,-41.425],[172.689,-40.734],[172.107,-40.887],[172.071,-41.414],[171.489,-41.83],[171.123,-42.592],[169.734,-43.566],[168.34,-44.118],[167.203,-44.95],[166.49,-45.808],[166.762,-46.22],[167.406,-46.251],[169.036,-46.682],[169.635,-46.578],[170.698,-45.679],[171.203,-44.906],[171.346,-44.279],[172.497,-43.722],[172.749,-43.28]]],[[[176.954,-39.608],[177.065,-39.199],[177.883,-39.086],[178.295,-38.54],[178.278,-37.559],[177.146,-38.024],[175.997,-37.632],[175.882,-36.926],[174.819,-36.824],[174.57,-35.594],[173.888,-35.006],[173.1,-35.22],[174.36,-36.631],[174.85,-37.765],[174.579,-38.839],[173.784,-39.393],[174.967,-39.916],[175.235,-40.336],[174.609,-41.292],[175.33,-41.61],[175.967,-41.247],[176.837,-40.178],[176.954,-39.608]]]]}},{"type":"Feature","id":170,"properties":{"name":"New Caledonia","subjecto":"France","partof":null,"precision":3},"geometry":{"type":"Polygon","coordinates":[[[167.034,-22.237],[166.939,-22.08],[165.407,-21.055],[164.496,-20.3],[164.366,-20.758],[165.291,-21.577],[166.478,-22.287],[167.034,-22.237]]]}},{"type":"Feature","id":171,"properties":{"name":"Madagascar","subjecto":"Madagascar","partof":null,"precision":3},"geometry":{"type":"Polygon","coordinates":[[[44.255,-20.376],[43.813,-21.224],[43.473,-21.405],[43.223,-22.255],[43.583,-23.076],[43.656,-24.185],[44.029,-24.999],[44.369,-25.257],[45.492,-25.574],[47.137,-24.909],[47.569,-23.853],[47.901,-22.481],[48.562,-20.577],[49.359,-18.424],[49.431,-17.284],[49.849,-16.552],[49.638,-15.545],[50.242,-15.958],[50.504,-15.316],[50.284,-14.879],[50.143,-13.783],[49.864,-12.88],[49.349,-12.299],[48.985,-12.333],[48.747,-13.412],[48.181,-13.747],[47.482,-15.08],[47.292,-14.923],[46.333,-15.63],[44.854,-16.225],[43.943,-17.456],[44.05,-18.427],[44.46,-19.418],[44.255,-20.376]]]}},{"type":"Feature","id":172,"properties":{"name":"Philippines","subjecto":"Philippines","partof":null,"precision":3},"geometry":{"type":"MultiPolygon","coordinates":[[[[126.569,7.301],[126.583,7.719],[126.313,8.956],[125.934,9.492],[125.399,9.681],[125.462,8.985],[124.781,8.949],[124.232,8.213],[123.759,8.607],[123.055,8.505],[122.925,8.15],[122.292,8.01],[122.444,7.609],[122.996,7.467],[123.587,7.839],[124.247,7.404],[123.966,6.821],[124.246,6.187],[125.181,5.798],[125.707,6.15],[125.389,6.768],[125.807,7.351],[126.079,6.843],[126.569,7.301]]],[[[122.297,18.404],[121.613,18.359],[121.107,18.643],[120.611,18.539],[120.334,17.556],[120.402,16.165],[119.879,15.915],[120.09,14.794],[120.83,14.764],[120.587,14.2],[121.279,13.595],[121.725,13.969],[122.501,13.368],[122.471,14.346],[121.732,14.188],[121.379,15.308],[121.578,15.932],[122.204,16.264],[122.529,17.091],[122.157,17.619],[122.297,18.404]]],[[[123.574,10.831],[123.214,10.996],[122.824,10.533],[122.879,10.118],[122.395,9.837],[122.599,9.433],[123.23,9.108],[123.157,9.868],[123.574,10.831]]],[[[123.17,11.481],[122.107,11.658],[122.045,11.017],[122.59,10.699],[123.17,11.481]]],[[[125.713,11.149],[125.471,11.603],[125.5,12.249],[125.166,12.578],[124.276,12.533],[125,11.625],[125.214,11.132],[125.713,11.149]]],[[[121.526,12.704],[121.431,13.224],[120.95,13.53],[120.48,13.302],[121.132,12.242],[121.526,12.704]]]]}},{"type":"Feature","id":173,"properties":{"name":"Sri Lanka","subjecto":"Sri Lanka","partof":null,"precision":3},"geometry":{"type":"Polygon","coordinates":[[[81.876,7.092],[81.366,8.482],[80.744,9.36],[80.272,9.504],[79.947,8.949],[79.764,7.99],[79.863,6.807],[80.104,6.127],[80.591,5.924],[81.362,6.225],[81.776,6.61],[81.876,7.092]]]}},{"type":"Feature","id":174,"properties":{"name":"Curaçao","subjecto":"Netherlands","partof":null,"precision":3},"geometry":{"type":"Polygon","coordinates":[[[-68.781,12.098],[-68.835,12.171],[-69.041,12.256],[-69.072,12.341],[-69.164,12.307],[-69.079,12.204],[-68.945,12.106],[-68.781,12.098]]]}},{"type":"Feature","id":175,"properties":{"name":"Aruba","subjecto":"Netherlands","partof":null,"precision":3},"geometry":{"type":"Polygon","coordinates":[[[-69.997,12.578],[-70.058,12.537],[-69.888,12.418],[-69.88,12.454],[-69.997,12.578]]]}},{"type":"Feature","id":176,"properties":{"name":"The Bahamas","subjecto":"The Bahamas","partof":null,"precision":3},"geometry":{"type":"Polygon","coordinates":[[[-77.812,26.907],[-77.517,26.852],[-77.312,26.595],[-77.161,26.564],[-77.256,26.204],[-77.015,26.316],[-77.059,26.529],[-77.27,26.625],[-77.511,26.87],[-77.812,26.907]]]}},{"type":"Feature","id":177,"properties":{"name":"Turks and Caicos Islands","subjecto":"United Kingdom","partof":null,"precision":3},"geometry":{"type":"Polygon","coordinates":[[[-71.803,21.788],[-71.741,21.795],[-71.631,21.774],[-71.679,21.842],[-71.809,21.84],[-71.803,21.788]]]}},{"type":"Feature","id":178,"properties":{"name":"Taiwan","subjecto":"Taiwan","partof":null,"precision":3},"geometry":{"type":"Polygon","coordinates":[[[121.906,24.95],[121.598,25.271],[121.059,25.05],[120.189,23.775],[120.059,23.151],[120.331,22.52],[120.948,22.527],[121.4,23.145],[121.906,24.95]]]}},{"type":"Feature","id":179,"properties":{"name":"Japan","subjecto":"Japan","partof":null,"precision":3},"geometry":{"type":"MultiPolygon","coordinates":[[[[131.66,32.477],[131.982,32.889],[131.73,33.58],[129.855,33.533],[129.632,32.979],[130.422,33.083],[130.641,32.607],[130.171,31.79],[130.222,31.246],[130.924,31.113],[131.345,31.395],[131.66,32.477]]],[[[134.69,33.828],[134.153,34.386],[133.511,33.965],[132.77,33.996],[132.381,33.466],[132.472,32.934],[132.915,32.778],[133.269,33.347],[134.273,33.508],[134.69,33.828]]],[[[133.422,34.445],[134.744,34.767],[135.105,34.318],[135.065,33.886],[135.766,33.482],[136.52,34.681],[137.298,34.797],[137.792,34.639],[139.868,35.013],[140.394,35.197],[140.842,35.742],[140.564,36.283],[141.042,37.377],[140.933,37.889],[141.471,38.436],[142.069,39.54],[141.276,41.353],[140.271,40.812],[139.822,39.961],[140.049,39.505],[139.432,38.169],[138.245,37.184],[136.761,36.871],[135.957,35.973],[135.982,35.644],[134.927,35.641],[132.635,35.441],[131.858,34.715],[130.862,34.113],[132.058,33.895],[132.497,34.362],[133.422,34.445]]],[[[145.767,43.387],[145.322,43.276],[144.831,43.942],[143.783,44.101],[142.981,44.586],[141.96,45.51],[141.586,45.164],[141.792,44.597],[141.44,43.362],[139.877,42.663],[140.145,41.983],[141.726,42.617],[143.253,41.942],[143.639,42.661],[144.323,43.003],[144.742,42.924],[145.767,43.387]]]]}},{"type":"Feature","id":180,"properties":{"name":"Saint Pierre and Miquelon","subjecto":"France","partof":null,"precision":3},"geometry":{"type":"Polygon","coordinates":[[[-56.274,46.895],[-56.314,46.976],[-56.253,47.054],[-56.396,47.114],[-56.337,46.954],[-56.274,46.895]]]}},{"type":"Feature","id":181,"properties":{"name":"Iceland","subjecto":"Iceland","partof":null,"precision":3},"geometry":{"type":"Polygon","coordinates":[[[-14.564,66.385],[-17.419,65.994],[-18.692,66.17],[-21.319,65.988],[-22.85,66.467],[-23.793,66.07],[-24.197,65.501],[-22.199,65.432],[-22.674,65.008],[-21.963,64.297],[-20.186,63.544],[-18.732,63.397],[-16.896,63.808],[-14.51,64.442],[-13.527,65.055],[-13.61,65.514],[-14.823,65.816],[-14.564,66.385]]]}},{"type":"Feature","id":182,"properties":{"name":"Pitcairn Islands","subjecto":"United Kingdom","partof":null,"precision":3},"geometry":{"type":"Polygon","coordinates":[[[-128.33,-24.324],[-128.35,-24.341],[-128.321,-24.401],[-128.29,-24.398],[-128.304,-24.335],[-128.33,-24.324]]]}},{"type":"Feature","id":183,"properties":{"name":"French Polynesia","subjecto":"France","partof":null,"precision":3},"geometry":{"type":"Polygon","coordinates":[[[-149.183,-17.731],[-149.354,-17.54],[-149.604,-17.526],[-149.588,-17.731],[-149.183,-17.731]]]}},{"type":"Feature","id":184,"properties":{"name":"French Southern and Antarctic Lands","subjecto":"France","partof":null,"precision":3},"geometry":{"type":"MultiPolygon","coordinates":[[[[70.549,-49.183],[69.712,-49.307],[70.123,-49.714],[70.549,-49.183]]],[[[54.514,-15.89],[54.521,-15.894],[54.521,-15.885],[54.514,-15.89]]]]}},{"type":"Feature","id":185,"properties":{"name":"Seychelles","subjecto":"Seychelles","partof":null,"precision":3},"geometry":{"type":"Polygon","coordinates":[[[55.402,-4.661],[55.449,-4.678],[55.517,-4.75],[55.529,-4.68],[55.459,-4.618],[55.402,-4.661]]]}},{"type":"Feature","id":186,"properties":{"name":"Kiribati","subjecto":"Kiribati","partof":null,"precision":3},"geometry":{"type":"Polygon","coordinates":[[[-157.191,1.764],[-157.382,1.902],[-157.449,1.8],[-157.191,1.764]]]}},{"type":"Feature","id":187,"properties":{"name":"Marshall Islands","subjecto":"Marshall Islands","partof":null,"precision":3},"geometry":{"type":"Polygon","coordinates":[[[171.394,7.11],[171.226,7.076],[171.263,7.068],[171.293,7.084],[171.367,7.094],[171.394,7.11]]]}},{"type":"Feature","id":188,"properties":{"name":"Trinidad and Tobago","subjecto":"Trinidad and Tobago","partof":null,"precision":3},"geometry":{"type":"Polygon","coordinates":[[[-61.002,10.699],[-61.602,10.748],[-61.458,10.302],[-60.996,10.138],[-61.002,10.699]]]}},{"type":"Feature","id":189,"properties":{"name":"Grenada","subjecto":"Grenada","partof":null,"precision":3},"geometry":{"type":"Polygon","coordinates":[[[-61.613,12.214],[-61.671,12.236],[-61.756,12.088],[-61.614,12.08],[-61.613,12.214]]]}},{"type":"Feature","id":190,"properties":{"name":"Caribbean Netherlands","subjecto":"Netherlands","partof":null,"precision":3},"geometry":{"type":"Polygon","coordinates":[[[-68.212,12.228],[-68.4,12.304],[-68.417,12.257],[-68.303,12.203],[-68.212,12.228]]]}},{"type":"Feature","id":191,"properties":{"name":"Saint Vincent and the Grenadines","subjecto":"Saint Vincent and the Grenadines","partof":null,"precision":3},"geometry":{"type":"Polygon","coordinates":[[[-61.167,13.146],[-61.124,13.308],[-61.212,13.369],[-61.271,13.187],[-61.167,13.146]]]}},{"type":"Feature","id":192,"properties":{"name":"Barbados","subjecto":"Barbados","partof":null,"precision":3},"geometry":{"type":"Polygon","coordinates":[[[-59.427,13.16],[-59.654,13.295],[-59.608,13.085],[-59.427,13.16]]]}},{"type":"Feature","id":193,"properties":{"name":"Saint Lucia","subjecto":"Saint Lucia","partof":null,"precision":3},"geometry":{"type":"Polygon","coordinates":[[[-60.887,14.01],[-61.076,13.89],[-60.941,13.722],[-60.887,14.01]]]}},{"type":"Feature","id":194,"properties":{"name":"Martinique","subjecto":"France","partof":null,"precision":3},"geometry":{"type":"Polygon","coordinates":[[[-60.81,14.462],[-61.002,14.811],[-61.16,14.667],[-60.81,14.462]]]}},{"type":"Feature","id":195,"properties":{"name":"Dominica","subjecto":"Dominica","partof":null,"precision":3},"geometry":{"type":"Polygon","coordinates":[[[-61.363,15.202],[-61.308,15.579],[-61.489,15.536],[-61.363,15.202]]]}},{"type":"Feature","id":196,"properties":{"name":"Guadeloupe","subjecto":"France","partof":null,"precision":3},"geometry":{"type":"Polygon","coordinates":[[[-61.544,16.285],[-61.503,16.213],[-61.188,16.264],[-61.534,16.449],[-61.544,16.285]]]}},{"type":"Feature","id":197,"properties":{"name":"United States Minor Outlying Islands","subjecto":"United States of America","partof":null,"precision":3},"geometry":{"type":"Polygon","coordinates":[[[-162.061,5.887],[-162.087,5.884],[-162.091,5.872],[-162.061,5.873],[-162.061,5.887]]]}},{"type":"Feature","id":198,"properties":{"name":"Montserrat","subjecto":"United Kingdom","partof":null,"precision":3},"geometry":{"type":"Polygon","coordinates":[[[-62.147,16.744],[-62.202,16.819],[-62.23,16.728],[-62.147,16.744]]]}},{"type":"Feature","id":199,"properties":{"name":"Antigua and Barbuda","subjecto":"Antigua and Barbuda","partof":null,"precision":3},"geometry":{"type":"Polygon","coordinates":[[[-61.884,17.049],[-61.686,17.029],[-61.825,17.169],[-61.884,17.049]]]}},{"type":"Feature","id":200,"properties":{"name":"Saint Kitts and Nevis","subjecto":"Saint Kitts and Nevis","partof":null,"precision":3},"geometry":{"type":"Polygon","coordinates":[[[-62.65,17.266],[-62.72,17.359],[-62.82,17.416],[-62.861,17.362],[-62.65,17.266]]]}},{"type":"Feature","id":201,"properties":{"name":"United States Virgin Islands","subjecto":"United States of America","partof":null,"precision":3},"geometry":{"type":"Polygon","coordinates":[[[-64.559,17.752],[-64.772,17.793],[-64.876,17.689],[-64.559,17.752]]]}},{"type":"Feature","id":202,"properties":{"name":"Saint Barthélemy","subjecto":"France","partof":null,"precision":3},"geometry":{"type":"Polygon","coordinates":[[[-62.839,17.882],[-62.792,17.915],[-62.857,17.925],[-62.839,17.882]]]}},{"type":"Feature","id":203,"properties":{"name":"Puerto Rico","subjecto":"United States of America","partof":null,"precision":3},"geometry":{"type":"Polygon","coordinates":[[[-65.629,18.279],[-65.989,18.463],[-67.102,18.523],[-67.215,17.966],[-66.163,17.929],[-65.629,18.279]]]}},{"type":"Feature","id":204,"properties":{"name":"Anguilla","subjecto":"United Kingdom","partof":null,"precision":3},"geometry":{"type":"Polygon","coordinates":[[[-63.007,18.273],[-63.038,18.268],[-63.086,18.218],[-63.012,18.22],[-63.007,18.273]]]}},{"type":"Feature","id":205,"properties":{"name":"British Virgin Islands","subjecto":"United Kingdom","partof":null,"precision":3},"geometry":{"type":"Polygon","coordinates":[[[-64.635,18.406],[-64.583,18.416],[-64.56,18.454],[-64.662,18.44],[-64.635,18.406]]]}},{"type":"Feature","id":206,"properties":{"name":"Jamaica","subjecto":"Jamaica","partof":null,"precision":3},"geometry":{"type":"Polygon","coordinates":[[[-76.264,18.012],[-76.895,18.409],[-77.902,18.519],[-78.075,18.198],[-77.216,17.717],[-76.85,17.992],[-76.264,18.012]]]}},{"type":"Feature","id":207,"properties":{"name":"Cayman Islands","subjecto":"United Kingdom","partof":null,"precision":3},"geometry":{"type":"Polygon","coordinates":[[[-81.136,19.355],[-81.286,19.368],[-81.303,19.309],[-81.135,19.291],[-81.136,19.355]]]}},{"type":"Feature","id":208,"properties":{"name":"Bermuda","subjecto":"United Kingdom","partof":null,"precision":3},"geometry":{"type":"Polygon","coordinates":[[[-64.676,32.389],[-64.736,32.344],[-64.755,32.293],[-64.698,32.326],[-64.708,32.352],[-64.676,32.389]]]}},{"type":"Feature","id":209,"properties":{"name":"Heard Island and McDonald Islands","subjecto":"Australia","partof":null,"precision":3},"geometry":{"type":"Polygon","coordinates":[[[73.735,-53.112],[73.564,-53.017],[73.329,-53.025],[73.473,-53.189],[73.735,-53.112]]]}},{"type":"Feature","id":210,"properties":{"name":"Saint Helena","subjecto":"United Kingdom","partof":null,"precision":3},"geometry":{"type":"Polygon","coordinates":[[[-5.722,-15.909],[-5.77,-15.945],[-5.764,-16.016],[-5.663,-15.98],[-5.722,-15.909]]]}},{"type":"Feature","id":211,"properties":{"name":"Réunion","subjecto":"France","partof":null,"precision":3},"geometry":{"type":"Polygon","coordinates":[[[55.788,-21.103],[55.303,-20.905],[55.355,-21.275],[55.788,-21.103]]]}},{"type":"Feature","id":212,"properties":{"name":"Mauritius","subjecto":"Mauritius","partof":null,"precision":3},"geometry":{"type":"Polygon","coordinates":[[[57.796,-20.223],[57.532,-20.025],[57.358,-20.427],[57.672,-20.48],[57.796,-20.223]]]}},{"type":"Feature","id":213,"properties":{"name":"Mayotte","subjecto":"France","partof":null,"precision":3},"geometry":{"type":"Polygon","coordinates":[[[45.201,-12.723],[45.087,-12.76],[45.132,-12.989],[45.213,-12.852],[45.201,-12.723]]]}},{"type":"Feature","id":214,"properties":{"name":"Comoros","subjecto":"Comoros","partof":null,"precision":3},"geometry":{"type":"Polygon","coordinates":[[[43.467,-11.822],[43.277,-11.38],[43.263,-11.818],[43.467,-11.822]]]}},{"type":"Feature","id":215,"properties":{"name":"São Tomé and Príncipe","subjecto":"São Tomé and Príncipe","partof":null,"precision":3},"geometry":{"type":"Polygon","coordinates":[[[6.681,0.407],[6.462,0.222],[6.516,0.034],[6.74,0.219],[6.681,0.407]]]}},{"type":"Feature","id":216,"properties":{"name":"Cape Verde","subjecto":"Cape Verde","partof":null,"precision":3},"geometry":{"type":"Polygon","coordinates":[[[-23.457,15.024],[-23.697,15.266],[-23.786,15.175],[-23.677,14.936],[-23.457,15.024]]]}},{"type":"Feature","id":217,"properties":{"name":"Malta","subjecto":"Malta","partof":null,"precision":3},"geometry":{"type":"Polygon","coordinates":[[[14.548,35.89],[14.428,35.966],[14.343,35.881],[14.528,35.801],[14.548,35.89]]]}},{"type":"Feature","id":218,"properties":{"name":"Jersey","subjecto":"United Kingdom","partof":null,"precision":3},"geometry":{"type":"Polygon","coordinates":[[[-2.083,49.26],[-2.242,49.248],[-2.169,49.178],[-2.025,49.171],[-2.083,49.26]]]}},{"type":"Feature","id":219,"properties":{"name":"Guernsey","subjecto":"United Kingdom","partof":null,"precision":3},"geometry":{"type":"Polygon","coordinates":[[[-2.58,49.494],[-2.669,49.431],[-2.534,49.436],[-2.58,49.494]]]}},{"type":"Feature","id":220,"properties":{"name":"Isle of Man","subjecto":"United Kingdom","partof":null,"precision":3},"geometry":{"type":"Polygon","coordinates":[[[-4.612,54.057],[-4.312,54.287],[-4.442,54.404],[-4.71,54.221],[-4.612,54.057]]]}},{"type":"Feature","id":221,"properties":{"name":"Åland","subjecto":"Finland","partof":null,"precision":3},"geometry":{"type":"Polygon","coordinates":[[[20.209,60.225],[19.683,60.264],[19.748,60.101],[20.006,60.094],[20.209,60.225]]]}},{"type":"Feature","id":222,"properties":{"name":"Faroe Islands","subjecto":"Denmark","partof":null,"precision":3},"geometry":{"type":"Polygon","coordinates":[[[-7.223,62.171],[-7.031,62.117],[-6.857,61.995],[-6.716,62.034],[-6.856,62.148],[-7.223,62.171]]]}},{"type":"Feature","id":223,"properties":{"name":"Cocos (Keeling) Islands","subjecto":"Australia","partof":null,"precision":3},"geometry":{"type":"Polygon","coordinates":[[[96.863,-12.182],[96.848,-12.187],[96.836,-12.182],[96.835,-12.161],[96.828,-12.127],[96.822,-12.127],[96.823,-12.151],[96.831,-12.18],[96.845,-12.198],[96.863,-12.182]]]}},{"type":"Feature","id":224,"properties":{"name":"British Indian Ocean Territory","subjecto":"United Kingdom","partof":null,"precision":3},"geometry":{"type":"Polygon","coordinates":[[[72.468,-7.384],[72.433,-7.425],[72.439,-7.34],[72.433,-7.316],[72.371,-7.27],[72.379,-7.297],[72.426,-7.323],[72.433,-7.347],[72.427,-7.404],[72.433,-7.432],[72.481,-7.391],[72.468,-7.384]]]}},{"type":"Feature","id":225,"properties":{"name":"Singapore","subjecto":"Singapore","partof":null,"precision":3},"geometry":{"type":"Polygon","coordinates":[[[103.961,1.391],[103.805,1.449],[103.648,1.308],[103.844,1.269],[103.961,1.391]]]}},{"type":"Feature","id":226,"properties":{"name":"Svalbard and Jan Mayen","subjecto":"Norway","partof":null,"precision":3},"geometry":{"type":"MultiPolygon","coordinates":[[[[20.209,78.638],[18.882,79.441],[16.616,79.985],[10.708,79.561],[11.643,78.747],[13.856,78.213],[14.374,77.199],[16.337,76.616],[18.194,77.49],[18.993,78.467],[20.209,78.638]]],[[[27.171,80.073],[24.376,80.332],[18.008,80.19],[18.784,79.723],[22.926,79.223],[25.646,79.398],[27.171,80.073]]]]}},{"type":"Feature","id":227,"properties":{"name":"Norfolk Island","subjecto":"Australia","partof":null,"precision":3},"geometry":{"type":"Polygon","coordinates":[[[167.984,-29.018],[167.927,-28.997],[167.926,-29.066],[167.985,-29.059],[167.984,-29.018]]]}},{"type":"Feature","id":228,"properties":{"name":"Cook Islands","subjecto":"New Zealand","partof":null,"precision":3},"geometry":{"type":"Polygon","coordinates":[[[-159.798,-21.186],[-159.833,-21.245],[-159.743,-21.254],[-159.743,-21.202],[-159.798,-21.186]]]}},{"type":"Feature","id":229,"properties":{"name":"Tonga","subjecto":"Tonga","partof":null,"precision":3},"geometry":{"type":"Polygon","coordinates":[[[-175.066,-21.124],[-175.155,-21.172],[-175.25,-21.111],[-175.326,-21.174],[-175.149,-21.268],[-175.066,-21.124]]]}},{"type":"Feature","id":230,"properties":{"name":"Wallis and Futuna","subjecto":"France","partof":null,"precision":3},"geometry":{"type":"Polygon","coordinates":[[[-178.142,-14.244],[-178.147,-14.31],[-178.047,-14.319],[-178.142,-14.244]]]}},{"type":"Feature","id":231,"properties":{"name":"Samoa","subjecto":"Samoa","partof":null,"precision":3},"geometry":{"type":"Polygon","coordinates":[[[-172.201,-13.593],[-172.366,-13.463],[-172.75,-13.578],[-172.523,-13.805],[-172.201,-13.593]]]}},{"type":"Feature","id":232,"properties":{"name":"Solomon Islands","subjecto":"Solomon Islands","partof":null,"precision":3},"geometry":{"type":"Polygon","coordinates":[[[159.859,-8.511],[159.842,-8.326],[159.403,-7.982],[158.846,-7.973],[159.859,-8.511]]]}},{"type":"Feature","id":233,"properties":{"name":"Tuvalu","subjecto":"Tuvalu","partof":null,"precision":3},"geometry":{"type":"Polygon","coordinates":[[[179.191,-8.542],[179.218,-8.521],[179.204,-8.519],[179.191,-8.542]]]}},{"type":"Feature","id":234,"properties":{"name":"Maldives","subjecto":"Maldives","partof":null,"precision":3},"geometry":{"type":"Polygon","coordinates":[[[73.546,4.243],[73.512,4.186],[73.538,4.183],[73.546,4.243]]]}},{"type":"Feature","id":235,"properties":{"name":"Nauru","subjecto":"Nauru","partof":null,"precision":3},"geometry":{"type":"Polygon","coordinates":[[[166.939,-0.49],[166.913,-0.5],[166.916,-0.548],[166.958,-0.518],[166.939,-0.49]]]}},{"type":"Feature","id":236,"properties":{"name":"Federated States of Micronesia","subjecto":"Federated States of Micronesia","partof":null,"precision":3},"geometry":{"type":"Polygon","coordinates":[[[158.291,6.938],[158.126,6.907],[158.194,6.793],[158.291,6.938]]]}},{"type":"Feature","id":237,"properties":{"name":"South Georgia and the South Sandwich Islands","subjecto":"United Kingdom","partof":null,"precision":3},"geometry":{"type":"Polygon","coordinates":[[[-35.909,-54.687],[-36.622,-54.12],[-37.388,-54.148],[-35.909,-54.687]]]}},{"type":"Feature","id":238,"properties":{"name":"Bouvet Island","subjecto":"Norway","partof":null,"precision":3},"geometry":{"type":"Polygon","coordinates":[[[3.457,-54.39],[3.377,-54.391],[3.351,-54.456],[3.468,-54.441],[3.457,-54.39]]]}},{"type":"Feature","id":239,"properties":{"name":"Falkland Islands","subjecto":"United Kingdom","partof":null,"precision":3},"geometry":{"type":"Polygon","coordinates":[[[-57.816,-51.694],[-57.906,-51.377],[-59.084,-51.406],[-59.581,-51.911],[-58.604,-52.002],[-57.816,-51.694]]]}},{"type":"Feature","id":240,"properties":{"name":"Vanuatu","subjecto":"Vanuatu","partof":null,"precision":3},"geometry":{"type":"Polygon","coordinates":[[[167.141,-15.536],[167.057,-15.002],[166.523,-14.832],[166.793,-15.656],[167.141,-15.536]]]}},{"type":"Feature","id":241,"properties":{"name":"Niue","subjecto":"New Zealand","partof":null,"precision":3},"geometry":{"type":"Polygon","coordinates":[[[-169.851,-18.965],[-169.95,-19.087],[-169.899,-19.143],[-169.794,-19.047],[-169.851,-18.965]]]}},{"type":"Feature","id":242,"properties":{"name":"American Samoa","subjecto":"United States of America","partof":null,"precision":3},"geometry":{"type":"Polygon","coordinates":[[[-170.591,-14.265],[-170.661,-14.252],[-170.831,-14.319],[-170.755,-14.367],[-170.591,-14.265]]]}},{"type":"Feature","id":243,"properties":{"name":"Palau","subjecto":"Palau","partof":null,"precision":3},"geometry":{"type":"Polygon","coordinates":[[[134.648,7.719],[134.488,7.47],[134.594,7.421],[134.648,7.719]]]}},{"type":"Feature","id":244,"properties":{"name":"Guam","subjecto":"United States of America","partof":null,"precision":3},"geometry":{"type":"Polygon","coordinates":[[[144.886,13.64],[144.654,13.439],[144.808,13.446],[144.907,13.517],[144.886,13.64]]]}},{"type":"Feature","id":245,"properties":{"name":"Northern Mariana Islands","subjecto":"United States of America","partof":null,"precision":3},"geometry":{"type":"Polygon","coordinates":[[[145.788,15.267],[145.698,15.203],[145.739,15.137],[145.788,15.267]]]}},{"type":"Feature","id":246,"properties":{"name":"Bahrain","subjecto":"Bahrain","partof":null,"precision":3},"geometry":{"type":"Polygon","coordinates":[[[50.552,26.194],[50.453,26.15],[50.46,25.985],[50.604,25.855],[50.615,26.111],[50.552,26.194]]]}},{"type":"Feature","id":247,"properties":{"name":"Christmas Island","subjecto":"Australia","partof":null,"precision":3},"geometry":{"type":"Polygon","coordinates":[[[105.704,-10.431],[105.628,-10.509],[105.698,-10.529],[105.704,-10.431]]]}},{"type":"Feature","id":248,"properties":{"name":"Tokelau","subjecto":"New Zealand","partof":null,"precision":3},"geometry":{"type":"Polygon","coordinates":[[[-172.486,-8.565],[-172.483,-8.563],[-172.492,-8.552],[-172.495,-8.555],[-172.486,-8.565]]]}},{"type":"Feature","id":249,"properties":{"name":"Macau","subjecto":"China","partof":null,"precision":3},"geometry":{"type":"Polygon","coordinates":[[[113.559,22.163],[113.534,22.161],[113.547,22.105],[113.567,22.123],[113.559,22.163]]]}},{"type":"Feature","id":250,"properties":{"name":"Jammu and Kashmir (disputed)","subjecto":"India","partof":null,"precision":1},"geometry":{"type":"Polygon","coordinates":[[[77.8,35.495],[77.049,35.11],[76.553,34.726],[75.777,34.504],[75.225,34.639],[74.286,34.769],[73.998,34.197],[74.002,33.178],[74.317,32.823],[74.725,32.461],[75.298,32.332],[75.839,32.507],[75.972,32.911],[76.74,33.197],[77.349,32.867],[77.721,33.013],[78.381,32.528],[79.215,32.508],[79.125,33.29],[78.918,33.386],[78.73,34.079],[77.8,35.495]]]}},{"type":"Feature","id":251,"properties":{"name":"Aksai Chin (disputed)","subjecto":"China","partof":null,"precision":1},"geometry":{"type":"Polygon","coordinates":[[[77.8,35.495],[78.73,34.079],[78.918,33.386],[78.935,34.007],[79.376,34.011],[80.05,34.673],[80.292,35.607],[79.364,35.975],[77.8,35.495]]]}},{"type":"Feature","id":252,"properties":{"name":"Ilemi Triangle (disputed)","subjecto":"Kenya","partof":null,"precision":1},"geometry":{"type":"Polygon","coordinates":[[[34.381,4.62],[35.612,4.619],[35.246,4.982],[34.381,4.62]]]}},{"type":"Feature","id":253,"properties":{"name":"Arunachal Pradesh (disputed)","subjecto":"India","partof":null,"precision":1},"geometry":{"type":"Polygon","coordinates":[[[97.323,28.217],[96.598,28.71],[96.142,29.368],[95.225,29.059],[94.63,29.319],[93.863,28.705],[93.446,28.672],[92.655,28.106],[92.575,27.848],[91.628,27.853],[91.975,27.472],[92.036,26.855],[93.589,26.928],[94.198,27.543],[95.234,27.906],[95.79,28.257],[96.404,28.163],[97.036,27.743],[97.323,28.217]]]}},{"type":"Feature","id":254,"properties":{"name":"Golan Heights (disputed)","subjecto":"Israel","partof":null,"precision":1},"geometry":{"type":"Polygon","coordinates":[[[35.821,33.407],[35.716,33.327],[35.654,33.262],[35.631,33.275],[35.604,33.24],[35.612,32.682],[35.758,32.744],[35.821,33.407]]]}},{"type":"Feature","id":255,"properties":{"name":"Lawa Headwaters (disputed)","subjecto":"France","partof":null,"precision":1},"geometry":{"type":"Polygon","coordinates":[[[-54.081,3.309],[-54.213,2.776],[-54.615,2.326],[-54.112,2.114],[-54.081,3.309]]]}},{"type":"Feature","id":256,"properties":{"name":"Courantyne Headwaters (disputed)","subjecto":"Guyana","partof":null,"precision":1},"geometry":{"type":"Polygon","coordinates":[[[-56.482,1.942],[-56.705,2.03],[-57.596,3.367],[-57.423,2.774],[-57.916,2.399],[-57.916,1.795],[-58.426,1.47],[-57.561,1.709],[-57.104,2.021],[-56.482,1.942]]]}},{"type":"Feature","id":257,"properties":{"name":"Korean Demilitarized Zone (south)","subjecto":"South Korea","partof":null,"precision":1},"geometry":{"type":"Polygon","coordinates":[[[128.365,38.624],[128.04,38.304],[127.157,38.307],[126.667,37.828],[126.686,37.782],[127.168,38.255],[128.049,38.252],[128.395,38.578],[128.365,38.624]]]}},{"type":"Feature","id":258,"properties":{"name":"Korean Demilitarized Zone (north)","subjecto":"North Korea","partof":null,"precision":1},"geometry":{"type":"Polygon","coordinates":[[[128.365,38.624],[128.36,38.675],[128.031,38.357],[127.147,38.36],[126.621,37.788],[126.667,37.828],[127.157,38.307],[128.04,38.304],[128.365,38.624]]]}},{"type":"Feature","id":259,"properties":{"name":"West of Essequibo River (disputed)","subjecto":"Guyana","partof":null,"precision":1},"geometry":{"type":"Polygon","coordinates":[[[-60.74,5.202],[-59.983,5.086],[-60.088,4.608],[-59.687,4.381],[-59.529,3.932],[-59.838,3.609],[-60,2.694],[-59.765,1.921],[-59.242,1.378],[-58.816,1.187],[-58.359,2.194],[-58.149,3.003],[-58.495,4.129],[-58.486,4.496],[-58.846,5.013],[-58.573,5.914],[-58.602,6.417],[-58.464,7.312],[-59.165,8.059],[-60.021,8.558],[-59.816,8.288],[-60.731,7.525],[-60.421,6.942],[-61.205,6.596],[-61.38,5.905],[-60.74,5.202]]]}},{"type":"Feature","id":260,"properties":{"name":"Dragonja River (disputed)","subjecto":"Croatia","partof":null,"precision":1},"geometry":{"type":"Polygon","coordinates":[[[13.643,45.459],[13.59,45.489],[13.585,45.489],[13.643,45.459]]]}},{"type":"Feature","id":261,"properties":{"name":"Shaksam Valley (disputed)","subjecto":"China","partof":null,"precision":1},"geometry":{"type":"Polygon","coordinates":[[[75.981,36.445],[76.166,35.806],[76.777,35.646],[77.52,35.477],[75.981,36.445]]]}},{"type":"Feature","id":262,"properties":{"name":"Gilgit-Baltistan (disputed)","subjecto":"Pakistan","partof":null,"precision":1},"geometry":{"type":"Polygon","coordinates":[[[75.981,36.445],[75.351,36.916],[74.542,37.022],[73.712,36.894],[73.078,36.701],[72.565,36.23],[73.689,35.307],[74.125,35.099],[74.521,35.106],[75.225,34.639],[75.777,34.504],[76.553,34.726],[77.049,35.11],[76.777,35.646],[76.166,35.806],[75.981,36.445]]]}},{"type":"Feature","id":263,"properties":{"name":"Guantanamo Bay USNB","subjecto":"United States of America","partof":null,"precision":1},"geometry":{"type":"Polygon","coordinates":[[[-75.095,19.897],[-75.137,19.972],[-75.164,19.914],[-75.095,19.897]]]}},{"type":"Feature","id":264,"properties":{"name":"Near Om Parvat (disputed)","subjecto":"India","partof":null,"precision":1},"geometry":{"type":"Polygon","coordinates":[[[80.976,30.255],[80.884,30.21],[80.996,30.197],[80.976,30.255]]]}},{"type":"Feature","id":265,"properties":{"name":"Brazilian Island (disputed)","subjecto":null,"partof":null,"precision":1},"geometry":{"type":"Polygon","coordinates":[[[-57.642,-30.193],[-57.603,-30.191],[-57.612,-30.183],[-57.642,-30.193]]]}},{"type":"Feature","id":266,"properties":{"name":"Olivenza (disputed)","subjecto":"Spain","partof":null,"precision":1},"geometry":{"type":"Polygon","coordinates":[[[-7.27,38.618],[-7.015,38.518],[-7.105,38.827],[-7.27,38.618]]]}},{"type":"Feature","id":267,"properties":{"name":"Transnistria (disputed)","subjecto":null,"partof":null,"precision":1},"geometry":{"type":"Polygon","coordinates":[[[29.899,46.553],[29.124,47.976],[28.501,48.113],[28.981,47.875],[29.094,47.31],[29.899,46.553]]]}},{"type":"Feature","id":268,"properties":{"name":"Abyei (disputed)","subjecto":"Sudan","partof":null,"precision":1},"geometry":{"type":"Polygon","coordinates":[[[27.895,9.595],[28.045,9.331],[28.844,9.325],[28.989,9.587],[28.989,10.16],[27.825,10.16],[27.895,9.595]]]}},{"type":"Feature","id":269,"properties":{"name":"Demchok (disputed)","subjecto":"India","partof":null,"precision":1},"geometry":{"type":"Polygon","coordinates":[[[79.125,33.29],[79.215,32.508],[79.621,32.729],[79.125,33.29]]]}},{"type":"Feature","id":270,"properties":{"name":"Samdu Valleys (disputed)","subjecto":"India","partof":null,"precision":1},"geometry":{"type":"Polygon","coordinates":[[[78.469,32.227],[78.714,31.883],[78.745,31.964],[78.469,32.227]]]}},{"type":"Feature","id":271,"properties":{"name":"Tirpani Valleys (disputed)","subjecto":"India","partof":null,"precision":1},"geometry":{"type":"Polygon","coordinates":[[[78.849,31.291],[79.383,31.078],[79.07,31.461],[78.849,31.291]]]}},{"type":"Feature","id":272,"properties":{"name":"Bara Hotii Valleys (disputed)","subjecto":"India","partof":null,"precision":1},"geometry":{"type":"Polygon","coordinates":[[[79.919,30.881],[80.18,30.559],[80.169,30.785],[79.919,30.881]]]}},{"type":"Feature","id":273,"properties":{"name":"Siachen Glacier (disputed)","subjecto":null,"partof":null,"precision":1},"geometry":{"type":"Polygon","coordinates":[[[77.049,35.11],[77.8,35.495],[77.52,35.477],[76.777,35.646],[77.049,35.11]]]}},{"type":"Feature","id":274,"properties":{"name":"Belize (disputed)","subjecto":"Belize","partof":null,"precision":1},"geometry":{"type":"Polygon","coordinates":[[[-89.193,16.393],[-88.914,15.894],[-88.536,16.274],[-88.215,16.967],[-88.26,17.423],[-88.515,17.345],[-88.819,16.614],[-89.193,16.393]]]}},{"type":"Feature","id":275,"properties":{"name":"Southern Patagonian Ice Field (disputed)","subjecto":null,"partof":null,"precision":1},"geometry":{"type":"Polygon","coordinates":[[[-73.465,-49.76],[-73.098,-49.273],[-73.458,-49.308],[-73.465,-49.76]]]}},{"type":"Feature","id":276,"properties":{"name":"Crimea (disputed)","subjecto":"Russia","partof":null,"precision":1},"geometry":{"type":"Polygon","coordinates":[[[33.629,46.125],[33.709,45.91],[32.525,45.458],[33.62,44.931],[33.958,44.383],[35.547,45.12],[35.002,45.729],[34.689,45.974],[33.629,46.125]]]}},{"type":"Feature","id":277,"properties":{"name":"Shebaa Farms (disputed)","subjecto":"Israel","partof":null,"precision":1},"geometry":{"type":"Polygon","coordinates":[[[35.631,33.275],[35.654,33.262],[35.716,33.327],[35.631,33.275]]]}},{"type":"Feature","id":278,"properties":{"name":"Ilemi Triange (disputed)","subjecto":"South Sudan","partof":null,"precision":1},"geometry":{"type":"Polygon","coordinates":[[[35.612,4.619],[35.7,4.589],[35.706,4.619],[35.612,4.619]]]}},{"type":"Feature","id":279,"properties":{"name":"Corner of Artigas (disputed)","subjecto":"Brazil","partof":null,"precision":1},"geometry":{"type":"Polygon","coordinates":[[[-55.989,-30.856],[-56.011,-31.082],[-55.817,-31.043],[-55.989,-30.856]]]}},{"type":"Feature","id":280,"properties":{"name":"Bir Tawil (disputed)","subjecto":null,"partof":null,"precision":1},"geometry":{"type":"Polygon","coordinates":[[[33.181,21.995],[33.558,21.711],[33.866,21.75],[34.084,21.995],[33.181,21.995]]]}},{"type":"Feature","id":281,"properties":{"name":"Halayib Triangle (disputed)","subjecto":"Egypt","partof":null,"precision":1},"geometry":{"type":"Polygon","coordinates":[[[36.884,21.996],[35.621,23.139],[35.212,22.786],[34.862,22.68],[34.778,22.5],[34.682,22.298],[34.147,22.192],[34.084,21.995],[36.884,21.996]]]}},{"type":"Feature","id":282,"properties":{"name":"East Jerusalem (disputed)","subjecto":"Israel","partof":null,"precision":1},"geometry":{"type":"Polygon","coordinates":[[[35.186,31.809],[35.226,31.796],[35.23,31.762],[35.227,31.744],[35.149,31.737],[35.238,31.709],[35.263,31.749],[35.25,31.844],[35.186,31.809]],[[35.24,31.8],[35.25,31.802],[35.248,31.79],[35.24,31.793],[35.24,31.8]]]}},{"type":"Feature","id":283,"properties":{"name":"No Man's Land (Fort Latrun) (disputed)","subjecto":"Israel","partof":null,"precision":1},"geometry":{"type":"Polygon","coordinates":[[[34.987,31.967],[35.025,31.869],[35.112,31.824],[34.987,31.967]]]}},{"type":"Feature","id":284,"properties":{"name":"Azad Kashmir (disputed)","subjecto":"Pakistan","partof":null,"precision":1},"geometry":{"type":"Polygon","coordinates":[[[75.225,34.639],[74.521,35.106],[74.125,35.099],[73.447,34.558],[73.623,33.124],[74.317,32.823],[74.002,33.178],[73.998,34.197],[74.286,34.769],[75.225,34.639]]]}},{"type":"Feature","id":285,"properties":{"name":"No Man's Land (Jerusalem) (disputed)","subjecto":"Israel","partof":null,"precision":1},"geometry":{"type":"Polygon","coordinates":[[[35.226,31.796],[35.227,31.744],[35.23,31.762],[35.226,31.796]]]}},{"type":"Feature","id":286,"properties":{"name":"Mount Scopus (disputed)","subjecto":"Israel","partof":null,"precision":1},"geometry":{"type":"Polygon","coordinates":[[[35.24,31.8],[35.24,31.793],[35.248,31.79],[35.25,31.802],[35.24,31.8]]]}},{"type":"Feature","id":287,"properties":{"name":"Junagadh and Manavadar (disputed)","subjecto":"India","partof":null,"precision":1},"geometry":{"type":"Polygon","coordinates":[[[69.988,21.233],[70.562,20.8],[70.903,20.706],[71.319,20.849],[71.551,20.974],[71.7,21.021],[70.821,21.154],[70.614,21.65],[69.988,21.233]]]}},{"type":"Feature","id":288,"properties":{"name":"North Borneo (disputed)","subjecto":"Malaysia","partof":null,"precision":1},"geometry":{"type":"Polygon","coordinates":[[[117.634,4.41],[118.005,4.232],[118.543,4.36],[118.136,4.882],[119.156,5.106],[118.411,5.796],[117.655,5.959],[117.744,6.39],[116.974,6.708],[116.51,6.532],[117.634,4.41]]]}},{"type":"Feature","id":289,"properties":{"name":"Tiran and Sanafir Is. (disputed)","subjecto":"Egypt","partof":null,"precision":1},"geometry":{"type":"Polygon","coordinates":[[[34.585,27.955],[34.512,27.967],[34.518,27.93],[34.585,27.955]]]}},{"type":"Feature","id":290,"properties":{"name":"Kuril Is. (disputed)","subjecto":"Russia","partof":null,"precision":1},"geometry":{"type":"Polygon","coordinates":[[[148.799,45.416],[147.886,45.219],[147.264,44.868],[147.388,44.737],[148.216,45.196],[148.799,45.416]]]}},{"type":"Feature","id":291,"properties":{"name":"Paracel Is.","subjecto":"China","partof":null,"precision":1},"geometry":{"type":"Polygon","coordinates":[[[111.197,15.775],[111.208,15.782],[111.199,15.789],[111.197,15.775]]]}},{"type":"Feature","id":292,"properties":{"name":"Swains Island (disputed)","subjecto":"United States of America","partof":null,"precision":1},"geometry":{"type":"Polygon","coordinates":[[[-171.073,-11.053],[-171.086,-11.051],[-171.082,-11.066],[-171.073,-11.062],[-171.073,-11.053]]]}},{"type":"Feature","id":293,"properties":{"name":"Spratly Is. (disputed)","subjecto":null,"partof":null,"precision":1},"geometry":{"type":"Polygon","coordinates":[[[115.831,10.735],[115.815,10.734],[115.818,10.721],[115.831,10.735]]]}},{"type":"Feature","id":294,"properties":{"name":"Bird Island (disputed)","subjecto":"Venezuela","partof":null,"precision":1},"geometry":{"type":"Polygon","coordinates":[[[-63.64,15.696],[-63.635,15.701],[-63.64,15.703],[-63.64,15.696]]]}},{"type":"Feature","id":295,"properties":{"name":"Wake Atoll","subjecto":"United States of America","partof":null,"precision":1},"geometry":{"type":"Polygon","coordinates":[[[166.619,19.282],[166.644,19.276],[166.638,19.286],[166.619,19.282]]]}},{"type":"Feature","id":296,"properties":{"name":"Korean islands under UN jurisdiction","subjecto":"South Korea including Yeonpyeong, Baengnyeong, and Daecheong Is.","partof":null,"precision":1},"geometry":{"type":"Polygon","coordinates":[[[125.688,37.679],[125.679,37.67],[125.688,37.652],[125.706,37.672],[125.688,37.679]]]}},{"type":"Feature","id":297,"properties":{"name":"Rockall I. (disputed)","subjecto":"United Kingdom","partof":null,"precision":1},"geometry":{"type":"Polygon","coordinates":[[[-13.69,57.596],[-13.689,57.596],[-13.689,57.598],[-13.691,57.597],[-13.69,57.596]]]}},{"type":"Feature","id":298,"properties":{"name":"Bassas da India","subjecto":"France","partof":null,"precision":1},"geometry":{"type":"Polygon","coordinates":[[[39.694,-21.499],[39.697,-21.498],[39.694,-21.495],[39.694,-21.499]]]}},{"type":"Feature","id":299,"properties":{"name":"Tromelin I.","subjecto":"France","partof":null,"precision":1},"geometry":{"type":"Polygon","coordinates":[[[54.514,-15.89],[54.521,-15.894],[54.521,-15.885],[54.514,-15.89]]]}},{"type":"Feature","id":300,"properties":{"name":"Pinnacle Is. (disputed)","subjecto":"Japan","partof":null,"precision":1},"geometry":{"type":"Polygon","coordinates":[[[123.545,25.762],[123.537,25.773],[123.514,25.769],[123.511,25.758],[123.545,25.762]]]}},{"type":"Feature","id":301,"properties":{"name":"Bajo Nuevo Bank (Petrel Is.) (disputed)","subjecto":null,"partof":null,"precision":1},"geometry":{"type":"Polygon","coordinates":[[[-79.845,15.788],[-79.843,15.795],[-79.849,15.792],[-79.845,15.788]]]}},{"type":"Feature","id":302,"properties":{"name":"Serranilla Bank (disputed)","subjecto":null,"partof":null,"precision":1},"geometry":{"type":"Polygon","coordinates":[[[-78.637,15.862],[-78.637,15.867],[-78.64,15.864],[-78.637,15.862]]]}},{"type":"Feature","id":303,"properties":{"name":"Sapodilla Cayes (disputed)","subjecto":"Belize","partof":null,"precision":1},"geometry":{"type":"Polygon","coordinates":[[[-88.258,16.106],[-88.255,16.104],[-88.256,16.108],[-88.258,16.106]]]}},{"type":"Feature","id":304,"properties":{"name":"Hans Island (disputed)","subjecto":"Denmark","partof":null,"precision":1},"geometry":{"type":"Polygon","coordinates":[[[-66.321,80.82],[-66.31,80.829],[-66.36,80.833],[-66.373,80.825],[-66.321,80.82]]]}},{"type":"Feature","id":305,"properties":{"name":"Dokdo","subjecto":"South Korea","partof":null,"precision":1},"geometry":{"type":"Polygon","coordinates":[[[131.861,37.244],[131.86,37.242],[131.862,37.242],[131.863,37.243],[131.861,37.244]]]}},{"type":"Feature","id":306,"properties":{"name":"Mbane Island (disputed)","subjecto":"Gabon","partof":null,"precision":1},"geometry":{"type":"Polygon","coordinates":[[[9.377,0.81],[9.38,0.807],[9.384,0.81],[9.377,0.81]]]}},{"type":"Feature","id":307,"properties":{"name":"Peñón de Vélez de la Gomera (disputed)","subjecto":"Spain","partof":null,"precision":1},"geometry":{"type":"Polygon","coordinates":[[[-4.3,35.173],[-4.298,35.172],[-4.297,35.172],[-4.3,35.173]]]}},{"type":"Feature","id":308,"properties":{"name":"Penon de Alhucemas (disputed)","subjecto":"Spain","partof":null,"precision":1},"geometry":{"type":"Polygon","coordinates":[[[-3.903,35.215],[-3.902,35.215],[-3.902,35.216],[-3.903,35.215]]]}},{"type":"Feature","id":309,"properties":{"name":"Islas Chafarinas (disputed)","subjecto":"Spain","partof":null,"precision":1},"geometry":{"type":"Polygon","coordinates":[[[-2.434,35.185],[-2.431,35.179],[-2.427,35.182],[-2.434,35.185]]]}},{"type":"Feature","id":310,"properties":{"name":"Isla del Perejil (disputed)","subjecto":"Spain","partof":null,"precision":1},"geometry":{"type":"Polygon","coordinates":[[[-5.419,35.916],[-5.421,35.914],[-5.418,35.911],[-5.416,35.914],[-5.419,35.916]]]}},{"type":"Feature","id":311,"properties":{"name":"Matthew and Hunter Is. (disputed)","subjecto":"France","partof":null,"precision":1},"geometry":{"type":"Polygon","coordinates":[[[172.056,-22.395],[172.054,-22.397],[172.057,-22.4],[172.059,-22.398],[172.056,-22.395]]]}},{"type":"Feature","id":312,"properties":{"name":"Scarborough Reef (disputed)","subjecto":"Scarborough Reef","partof":null,"precision":1},"geometry":{"type":"Polygon","coordinates":[[[117.754,15.154],[117.752,15.152],[117.754,15.15],[117.756,15.152],[117.754,15.154]]]}},{"type":"Feature","id":313,"properties":{"name":"Doumera Island (disputed)","subjecto":"Eritrea","partof":null,"precision":1},"geometry":{"type":"Polygon","coordinates":[[[43.14,12.72],[43.143,12.712],[43.152,12.713],[43.152,12.721],[43.14,12.72]]]}},{"type":"Feature","properties":{"kind":"label","name":"Indonesia","subjecto":"Indonesia","area":42.92},"geometry":{"type":"Point","coordinates":[114.182,-0.975]}},{"type":"Feature","properties":{"kind":"label","name":"Malaysia","subjecto":"Malaysia","area":13.01},"geometry":{"type":"Point","coordinates":[113.773,2.404]}},{"type":"Feature","properties":{"kind":"label","name":"Chile","subjecto":"Chile","area":66.57},"geometry":{"type":"Point","coordinates":[-69.119,-23.405]}},{"type":"Feature","properties":{"kind":"label","name":"Bolivia","subjecto":"Bolivia","area":91.82},"geometry":{"type":"Point","coordinates":[-64.786,-16.727]}},{"type":"Feature","properties":{"kind":"label","name":"Peru","subjecto":"Peru","area":107.05},"geometry":{"type":"Point","coordinates":[-73.054,-12.986]}},{"type":"Feature","properties":{"kind":"label","name":"Argentina","subjecto":"Argentina","area":276.12},"geometry":{"type":"Point","coordinates":[-64.103,-31.591]}},{"type":"Feature","properties":{"kind":"label","name":"Cyprus","subjecto":"Cyprus","area":0.57},"geometry":{"type":"Point","coordinates":[33.085,35.036]}},{"type":"Feature","properties":{"kind":"label","name":"Israel","subjecto":"Israel","area":2.36},"geometry":{"type":"Point","coordinates":[34.802,31.152]}},{"type":"Feature","properties":{"kind":"label","name":"Palestine","subjecto":"Palestine","area":0.24},"geometry":{"type":"Point","coordinates":[35.346,31.994]}},{"type":"Feature","properties":{"kind":"label","name":"Lebanon","subjecto":"Lebanon","area":0.87},"geometry":{"type":"Point","coordinates":[36.089,34.166]}},{"type":"Feature","properties":{"kind":"label","name":"Ethiopia","subjecto":"Ethiopia","area":92.43},"geometry":{"type":"Point","coordinates":[38.314,8.725]}},{"type":"Feature","properties":{"kind":"label","name":"South Sudan","subjecto":"South Sudan","area":51.41},"geometry":{"type":"Point","coordinates":[30.467,7.101]}},{"type":"Feature","properties":{"kind":"label","name":"Somalia","subjecto":"Somalia","area":52.3},"geometry":{"type":"Point","coordinates":[42.912,2.477]}},{"type":"Feature","properties":{"kind":"label","name":"Malawi","subjecto":"Malawi","area":9.69},"geometry":{"type":"Point","coordinates":[33.75,-13.403]}},{"type":"Feature","properties":{"kind":"label","name":"Tanzania","subjecto":"Tanzania","area":76.94},"geometry":{"type":"Point","coordinates":[33.969,-5.567]}},{"type":"Feature","properties":{"kind":"label","name":"China","subjecto":"China","area":944.97},"geometry":{"type":"Point","coordinates":[109.603,32.411]}},{"type":"Feature","properties":{"kind":"label","name":"Syria","subjecto":"Syria","area":18.47},"geometry":{"type":"Point","coordinates":[38.192,35.051]}},{"type":"Feature","properties":{"kind":"label","name":"Suriname","subjecto":"Suriname","area":11.76},"geometry":{"type":"Point","coordinates":[-55.969,4.041]}},{"type":"Feature","properties":{"kind":"label","name":"French Guiana","subjecto":"France","area":6.44},"geometry":{"type":"Point","coordinates":[-53.039,4.082]}},{"type":"Feature","properties":{"kind":"label","name":"Guyana","subjecto":"Guyana","area":4.31},"geometry":{"type":"Point","coordinates":[-57.902,5.699]}},{"type":"Feature","properties":{"kind":"label","name":"Morocco","subjecto":"Morocco","area":55.66},"geometry":{"type":"Point","coordinates":[-6.419,31.789]}},{"type":"Feature","properties":{"kind":"label","name":"Western Sahara","subjecto":"Western Sahara","area":7.8},"geometry":{"type":"Point","coordinates":[-13.664,22.006]}},{"type":"Feature","properties":{"kind":"label","name":"Costa Rica","subjecto":"Costa Rica","area":4.75},"geometry":{"type":"Point","coordinates":[-83.911,9.986]}},{"type":"Feature","properties":{"kind":"label","name":"Nicaragua","subjecto":"Nicaragua","area":10.42},"geometry":{"type":"Point","coordinates":[-85.157,12.614]}},{"type":"Feature","properties":{"kind":"label","name":"Republic of the Congo","subjecto":"Republic of the Congo","area":27.98},"geometry":{"type":"Point","coordinates":[15.985,0.203]}},{"type":"Feature","properties":{"kind":"label","name":"Democratic Republic of the Congo","subjecto":"Democratic Republic of the Congo","area":189.28},"geometry":{"type":"Point","coordinates":[23.232,-1.825]}},{"type":"Feature","properties":{"kind":"label","name":"Bhutan","subjecto":"Bhutan","area":3.74},"geometry":{"type":"Point","coordinates":[90.066,27.467]}},{"type":"Feature","properties":{"kind":"label","name":"Ukraine","subjecto":"Ukraine","area":71.15},"geometry":{"type":"Point","coordinates":[32.34,49.399]}},{"type":"Feature","properties":{"kind":"label","name":"Belarus","subjecto":"Belarus","area":28.04},"geometry":{"type":"Point","coordinates":[29.09,53.74]}},{"type":"Feature","properties":{"kind":"label","name":"Namibia","subjecto":"Namibia","area":71.91},"geometry":{"type":"Point","coordinates":[17.108,-20.619]}},{"type":"Feature","properties":{"kind":"label","name":"South Africa","subjecto":"South Africa","area":115.83},"geometry":{"type":"Point","coordinates":[23.34,-30.224]}},{"type":"Feature","properties":{"kind":"label","name":"Saint Martin","subjecto":"France","area":0},"geometry":{"type":"Point","coordinates":[-63.107,18.033]}},{"type":"Feature","properties":{"kind":"label","name":"Sint Maarten","subjecto":"Netherlands","area":0},"geometry":{"type":"Point","coordinates":[-63.107,18.033]}},{"type":"Feature","properties":{"kind":"label","name":"Oman","subjecto":"Oman","area":26.54},"geometry":{"type":"Point","coordinates":[57.411,22.074]}},{"type":"Feature","properties":{"kind":"label","name":"Uzbekistan","subjecto":"Uzbekistan","area":48.7},"geometry":{"type":"Point","coordinates":[64.021,41.439]}},{"type":"Feature","properties":{"kind":"label","name":"Kazakhstan","subjecto":"Kazakhstan","area":329.03},"geometry":{"type":"Point","coordinates":[69.035,48.373]}},{"type":"Feature","properties":{"kind":"label","name":"Tajikistan","subjecto":"Tajikistan","area":14.32},"geometry":{"type":"Point","coordinates":[72.659,38.335]}},{"type":"Feature","properties":{"kind":"label","name":"Lithuania","subjecto":"Lithuania","area":8.98},"geometry":{"type":"Point","coordinates":[23.957,55.139]}},{"type":"Feature","properties":{"kind":"label","name":"Brazil","subjecto":"Brazil","area":703.61},"geometry":{"type":"Point","coordinates":[-49.159,-12.102]}},{"type":"Feature","properties":{"kind":"label","name":"Uruguay","subjecto":"Uruguay","area":17.17},"geometry":{"type":"Point","coordinates":[-56.031,-32.916]}},{"type":"Feature","properties":{"kind":"label","name":"Mongolia","subjecto":"Mongolia","area":184.4},"geometry":{"type":"Point","coordinates":[104.978,46.112]}},{"type":"Feature","properties":{"kind":"label","name":"Russia","subjecto":"Russia","area":2831.31},"geometry":{"type":"Point","coordinates":[102.258,64.179]}},{"type":"Feature","properties":{"kind":"label","name":"Czech Republic","subjecto":"Czech Republic","area":9.77},"geometry":{"type":"Point","coordinates":[14.266,49.792]}},{"type":"Feature","properties":{"kind":"label","name":"Germany","subjecto":"Germany","area":45.15},"geometry":{"type":"Point","coordinates":[9.673,51.218]}},{"type":"Feature","properties":{"kind":"label","name":"Estonia","subjecto":"Estonia","area":6.75},"geometry":{"type":"Point","coordinates":[26.31,58.639]}},{"type":"Feature","properties":{"kind":"label","name":"Latvia","subjecto":"Latvia","area":9.5},"geometry":{"type":"Point","coordinates":[26.771,56.601]}},{"type":"Feature","properties":{"kind":"label","name":"Norway","subjecto":"Norway","area":58.06},"geometry":{"type":"Point","coordinates":[9.506,61.246]}},{"type":"Feature","properties":{"kind":"label","name":"Sweden","subjecto":"Sweden","area":78.62},"geometry":{"type":"Point","coordinates":[18.654,65.862]}},{"type":"Feature","properties":{"kind":"label","name":"Finland","subjecto":"Finland","area":62.38},"geometry":{"type":"Point","coordinates":[27.023,63.277]}},{"type":"Feature","properties":{"kind":"label","name":"Vietnam","subjecto":"Vietnam","area":27.89},"geometry":{"type":"Point","coordinates":[105.39,21.662]}},{"type":"Feature","properties":{"kind":"label","name":"Cambodia","subjecto":"Cambodia","area":15.36},"geometry":{"type":"Point","coordinates":[104.471,12.563]}},{"type":"Feature","properties":{"kind":"label","name":"Luxembourg","subjecto":"Luxembourg","area":0.17},"geometry":{"type":"Point","coordinates":[6.084,49.704]}},{"type":"Feature","properties":{"kind":"label","name":"United Arab Emirates","subjecto":"United Arab Emirates","area":6.38},"geometry":{"type":"Point","coordinates":[54.633,23.535]}},{"type":"Feature","properties":{"kind":"label","name":"France","subjecto":"France","area":63.92},"geometry":{"type":"Point","coordinates":[2.466,46.788]}},{"type":"Feature","properties":{"kind":"label","name":"Belgium","subjecto":"Belgium","area":3.87},"geometry":{"type":"Point","coordinates":[5.261,50.573]}},{"type":"Feature","properties":{"kind":"label","name":"Georgia","subjecto":"Georgia","area":7.26},"geometry":{"type":"Point","coordinates":[42.76,42.285]}},{"type":"Feature","properties":{"kind":"label","name":"North Macedonia","subjecto":"North Macedonia","area":2.57},"geometry":{"type":"Point","coordinates":[21.164,41.535]}},{"type":"Feature","properties":{"kind":"label","name":"Albania","subjecto":"Albania","area":2.97},"geometry":{"type":"Point","coordinates":[20.086,40.78]}},{"type":"Feature","properties":{"kind":"label","name":"Azerbaijan","subjecto":"Azerbaijan","area":8.41},"geometry":{"type":"Point","coordinates":[46.946,40.378]}},{"type":"Feature","properties":{"kind":"label","name":"Serbia","subjecto":"Serbia","area":10.18},"geometry":{"type":"Point","coordinates":[21.107,43.575]}},{"type":"Feature","properties":{"kind":"label","name":"Turkey","subjecto":"Turkey","area":78.74},"geometry":{"type":"Point","coordinates":[33.449,39.208]}},{"type":"Feature","properties":{"kind":"label","name":"Spain","subjecto":"Spain","area":52.49},"geometry":{"type":"Point","coordinates":[-3.483,39.984]}},{"type":"Feature","properties":{"kind":"label","name":"Laos","subjecto":"Laos","area":19.68},"geometry":{"type":"Point","coordinates":[102.52,19.547]}},{"type":"Feature","properties":{"kind":"label","name":"Kyrgyzstan","subjecto":"Kyrgyzstan","area":21.36},"geometry":{"type":"Point","coordinates":[74.327,41.698]}},{"type":"Feature","properties":{"kind":"label","name":"Armenia","subjecto":"Armenia","area":3.41},"geometry":{"type":"Point","coordinates":[44.843,40.418]}},{"type":"Feature","properties":{"kind":"label","name":"Denmark","subjecto":"Denmark","area":3.33},"geometry":{"type":"Point","coordinates":[9.463,56.23]}},{"type":"Feature","properties":{"kind":"label","name":"Libya","subjecto":"Libya","area":147.86},"geometry":{"type":"Point","coordinates":[20.574,26.071]}},{"type":"Feature","properties":{"kind":"label","name":"Tunisia","subjecto":"Tunisia","area":15.23},"geometry":{"type":"Point","coordinates":[9.052,33.688]}},{"type":"Feature","properties":{"kind":"label","name":"Romania","subjecto":"Romania","area":27.11},"geometry":{"type":"Point","coordinates":[24.992,45.813]}},{"type":"Feature","properties":{"kind":"label","name":"Hungary","subjecto":"Hungary","area":11.16},"geometry":{"type":"Point","coordinates":[20.486,47.265]}},{"type":"Feature","properties":{"kind":"label","name":"Slovakia","subjecto":"Slovakia","area":5.99},"geometry":{"type":"Point","coordinates":[19.434,48.85]}},{"type":"Feature","properties":{"kind":"label","name":"Poland","subjecto":"Poland","area":41.16},"geometry":{"type":"Point","coordinates":[21.076,51.903]}},{"type":"Feature","properties":{"kind":"label","name":"Ireland","subjecto":"Ireland","area":9.13},"geometry":{"type":"Point","coordinates":[-8.13,53.141]}},{"type":"Feature","properties":{"kind":"label","name":"United Kingdom","subjecto":"United Kingdom","area":30.17},"geometry":{"type":"Point","coordinates":[-1.281,52.587]}},{"type":"Feature","properties":{"kind":"label","name":"Greece","subjecto":"Greece","area":11.79},"geometry":{"type":"Point","coordinates":[21.614,39.627]}},{"type":"Feature","properties":{"kind":"label","name":"Zambia","subjecto":"Zambia","area":62.89},"geometry":{"type":"Point","coordinates":[26.208,-14.707]}},{"type":"Feature","properties":{"kind":"label","name":"Sierra Leone","subjecto":"Sierra Leone","area":5.99},"geometry":{"type":"Point","coordinates":[-11.839,8.57]}},{"type":"Feature","properties":{"kind":"label","name":"Guinea","subjecto":"Guinea","area":20.14},"geometry":{"type":"Point","coordinates":[-9.766,10.469]}},{"type":"Feature","properties":{"kind":"label","name":"Liberia","subjecto":"Liberia","area":7.67},"geometry":{"type":"Point","coordinates":[-9.524,6.556]}},{"type":"Feature","properties":{"kind":"label","name":"Central African Republic","subjecto":"Central African Republic","area":50.46},"geometry":{"type":"Point","coordinates":[21.577,6.961]}},{"type":"Feature","properties":{"kind":"label","name":"Sudan","subjecto":"Sudan","area":156.03},"geometry":{"type":"Point","coordinates":[29.507,16.434]}},{"type":"Feature","properties":{"kind":"label","name":"Djibouti","subjecto":"Djibouti","area":1.91},"geometry":{"type":"Point","coordinates":[42.424,11.542]}},{"type":"Feature","properties":{"kind":"label","name":"Eritrea","subjecto":"Eritrea","area":10.4},"geometry":{"type":"Point","coordinates":[38.068,16.014]}},{"type":"Feature","properties":{"kind":"label","name":"Austria","subjecto":"Austria","area":10.21},"geometry":{"type":"Point","coordinates":[14.215,47.551]}},{"type":"Feature","properties":{"kind":"label","name":"Iraq","subjecto":"Iraq","area":42.21},"geometry":{"type":"Point","coordinates":[43.238,33.3]}},{"type":"Feature","properties":{"kind":"label","name":"Italy","subjecto":"Italy","area":27.98},"geometry":{"type":"Point","coordinates":[10.908,45.227]}},{"type":"Feature","properties":{"kind":"label","name":"Switzerland","subjecto":"Switzerland","area":4.72},"geometry":{"type":"Point","coordinates":[7.774,46.799]}},{"type":"Feature","properties":{"kind":"label","name":"Iran","subjecto":"Iran","area":156.37},"geometry":{"type":"Point","coordinates":[55.545,32.201]}},{"type":"Feature","properties":{"kind":"label","name":"Netherlands","subjecto":"Netherlands","area":4.71},"geometry":{"type":"Point","coordinates":[5.678,52.306]}},{"type":"Feature","properties":{"kind":"label","name":"Liechtenstein","subjecto":"Liechtenstein","area":0.01},"geometry":{"type":"Point","coordinates":[9.485,47.057]}},{"type":"Feature","properties":{"kind":"label","name":"Ivory Coast","subjecto":"Ivory Coast","area":26.01},"geometry":{"type":"Point","coordinates":[-5.489,7.525]}},{"type":"Feature","properties":{"kind":"label","name":"Mali","subjecto":"Mali","area":107.29},"geometry":{"type":"Point","coordinates":[-2.008,18.679]}},{"type":"Feature","properties":{"kind":"label","name":"Senegal","subjecto":"Senegal","area":16.86},"geometry":{"type":"Point","coordinates":[-14.133,14.268]}},{"type":"Feature","properties":{"kind":"label","name":"Nigeria","subjecto":"Nigeria","area":74.65},"geometry":{"type":"Point","coordinates":[7.282,9.338]}},{"type":"Feature","properties":{"kind":"label","name":"Benin","subjecto":"Benin","area":9.55},"geometry":{"type":"Point","coordinates":[2.447,10.385]}},{"type":"Feature","properties":{"kind":"label","name":"Angola","subjecto":"Angola","area":103.25},"geometry":{"type":"Point","coordinates":[17.777,-13.132]}},{"type":"Feature","properties":{"kind":"label","name":"Croatia","subjecto":"Croatia","area":5.66},"geometry":{"type":"Point","coordinates":[16.478,45.835]}},{"type":"Feature","properties":{"kind":"label","name":"Slovenia","subjecto":"Slovenia","area":2.34},"geometry":{"type":"Point","coordinates":[14.242,45.986]}},{"type":"Feature","properties":{"kind":"label","name":"Qatar","subjecto":"Qatar","area":0.92},"geometry":{"type":"Point","coordinates":[51.182,25.338]}},{"type":"Feature","properties":{"kind":"label","name":"Saudi Arabia","subjecto":"Saudi Arabia","area":171.39},"geometry":{"type":"Point","coordinates":[45.022,23.445]}},{"type":"Feature","properties":{"kind":"label","name":"Botswana","subjecto":"Botswana","area":50.83},"geometry":{"type":"Point","coordinates":[24.225,-22.041]}},{"type":"Feature","properties":{"kind":"label","name":"Zimbabwe","subjecto":"Zimbabwe","area":33.25},"geometry":{"type":"Point","coordinates":[29.961,-18.964]}},{"type":"Feature","properties":{"kind":"label","name":"Bulgaria","subjecto":"Bulgaria","area":12.57},"geometry":{"type":"Point","coordinates":[25.427,42.453]}},{"type":"Feature","properties":{"kind":"label","name":"Thailand","subjecto":"Thailand","area":43.24},"geometry":{"type":"Point","coordinates":[101.352,15.455]}},{"type":"Feature","properties":{"kind":"label","name":"India","subjecto":"India","area":261.51},"geometry":{"type":"Point","coordinates":[79.026,22.354]}},{"type":"Feature","properties":{"kind":"label","name":"San Marino","subjecto":"San Marino","area":0},"geometry":{"type":"Point","coordinates":[12.386,43.892]}},{"type":"Feature","properties":{"kind":"label","name":"Haiti","subjecto":"Haiti","area":1.62},"geometry":{"type":"Point","coordinates":[-72.224,19.247]}},{"type":"Feature","properties":{"kind":"label","name":"Dominican Republic","subjecto":"Dominican Republic","area":3.98},"geometry":{"type":"Point","coordinates":[-70.782,19.027]}},{"type":"Feature","properties":{"kind":"label","name":"Chad","subjecto":"Chad","area":107.01},"geometry":{"type":"Point","coordinates":[19.457,17.317]}},{"type":"Feature","properties":{"kind":"label","name":"Kuwait","subjecto":"Kuwait","area":1.53},"geometry":{"type":"Point","coordinates":[47.399,29.492]}},{"type":"Feature","properties":{"kind":"label","name":"El Salvador","subjecto":"El Salvador","area":1.52},"geometry":{"type":"Point","coordinates":[-89.195,13.826]}},{"type":"Feature","properties":{"kind":"label","name":"Guatemala","subjecto":"Guatemala","area":9.27},"geometry":{"type":"Point","coordinates":[-90.548,14.926]}},{"type":"Feature","properties":{"kind":"label","name":"East Timor","subjecto":"East Timor","area":1.15},"geometry":{"type":"Point","coordinates":[125.325,-8.934]}},{"type":"Feature","properties":{"kind":"label","name":"Brunei","subjecto":"Brunei","area":0.37},"geometry":{"type":"Point","coordinates":[114.491,4.455]}},{"type":"Feature","properties":{"kind":"label","name":"Monaco","subjecto":"Monaco","area":0},"geometry":{"type":"Point","coordinates":[7.366,43.723]}},{"type":"Feature","properties":{"kind":"label","name":"Algeria","subjecto":"Algeria","area":212.98},"geometry":{"type":"Point","coordinates":[3.126,27.396]}},{"type":"Feature","properties":{"kind":"label","name":"Mozambique","subjecto":"Mozambique","area":67.38},"geometry":{"type":"Point","coordinates":[38.269,-14.473]}},{"type":"Feature","properties":{"kind":"label","name":"Eswatini","subjecto":"Eswatini","area":1.42},"geometry":{"type":"Point","coordinates":[31.45,-26.613]}},{"type":"Feature","properties":{"kind":"label","name":"Burundi","subjecto":"Burundi","area":2.04},"geometry":{"type":"Point","coordinates":[29.876,-3.422]}},{"type":"Feature","properties":{"kind":"label","name":"Rwanda","subjecto":"Rwanda","area":2.23},"geometry":{"type":"Point","coordinates":[29.838,-2.046]}},{"type":"Feature","properties":{"kind":"label","name":"Myanmar","subjecto":"Myanmar","area":57.3},"geometry":{"type":"Point","coordinates":[95.948,21.677]}},{"type":"Feature","properties":{"kind":"label","name":"Bangladesh","subjecto":"Bangladesh","area":12.33},"geometry":{"type":"Point","coordinates":[89.878,23.773]}},{"type":"Feature","properties":{"kind":"label","name":"Andorra","subjecto":"Andorra","area":0.02},"geometry":{"type":"Point","coordinates":[1.509,42.515]}},{"type":"Feature","properties":{"kind":"label","name":"Afghanistan","subjecto":"Afghanistan","area":63.03},"geometry":{"type":"Point","coordinates":[66.379,34.143]}},{"type":"Feature","properties":{"kind":"label","name":"Montenegro","subjecto":"Montenegro","area":1.58},"geometry":{"type":"Point","coordinates":[19.098,42.717]}},{"type":"Feature","properties":{"kind":"label","name":"Bosnia and Herzegovina","subjecto":"Bosnia and Herzegovina","area":5.93},"geometry":{"type":"Point","coordinates":[18.012,44.004]}},{"type":"Feature","properties":{"kind":"label","name":"Uganda","subjecto":"Uganda","area":19.7},"geometry":{"type":"Point","coordinates":[33.08,2.03]}},{"type":"Feature","properties":{"kind":"label","name":"Cuba","subjecto":"Cuba","area":9.01},"geometry":{"type":"Point","coordinates":[-77.697,21.267]}},{"type":"Feature","properties":{"kind":"label","name":"Honduras","subjecto":"Honduras","area":9.85},"geometry":{"type":"Point","coordinates":[-87.154,14.72]}},{"type":"Feature","properties":{"kind":"label","name":"Ecuador","subjecto":"Ecuador","area":19.62},"geometry":{"type":"Point","coordinates":[-78.453,-1.169]}},{"type":"Feature","properties":{"kind":"label","name":"Colombia","subjecto":"Colombia","area":92.44},"geometry":{"type":"Point","coordinates":[-73.281,3.386]}},{"type":"Feature","properties":{"kind":"label","name":"Paraguay","subjecto":"Paraguay","area":35.22},"geometry":{"type":"Point","coordinates":[-60.152,-21.657]}},{"type":"Feature","properties":{"kind":"label","name":"Portugal","subjecto":"Portugal","area":8.94},"geometry":{"type":"Point","coordinates":[-7.798,40.566]}},{"type":"Feature","properties":{"kind":"label","name":"Moldova","subjecto":"Moldova","area":3.58},"geometry":{"type":"Point","coordinates":[28.452,47.484]}},{"type":"Feature","properties":{"kind":"label","name":"North Korea","subjecto":"North Korea","area":12.93},"geometry":{"type":"Point","coordinates":[126.364,39.863]}},{"type":"Feature","properties":{"kind":"label","name":"Turkmenistan","subjecto":"Turkmenistan","area":48.97},"geometry":{"type":"Point","coordinates":[58.756,39.888]}},{"type":"Feature","properties":{"kind":"label","name":"Jordan","subjecto":"Jordan","area":8.45},"geometry":{"type":"Point","coordinates":[36.321,30.693]}},{"type":"Feature","properties":{"kind":"label","name":"Nepal","subjecto":"Nepal","area":13.26},"geometry":{"type":"Point","coordinates":[81.876,29.081]}},{"type":"Feature","properties":{"kind":"label","name":"Lesotho","subjecto":"Lesotho","area":2.84},"geometry":{"type":"Point","coordinates":[28.362,-29.431]}},{"type":"Feature","properties":{"kind":"label","name":"Cameroon","subjecto":"Cameroon","area":38.34},"geometry":{"type":"Point","coordinates":[12.336,4.463]}},{"type":"Feature","properties":{"kind":"label","name":"Gabon","subjecto":"Gabon","area":21.28},"geometry":{"type":"Point","coordinates":[11.338,-0.687]}},{"type":"Feature","properties":{"kind":"label","name":"Niger","subjecto":"Niger","area":100.71},"geometry":{"type":"Point","coordinates":[10.45,17.653]}},{"type":"Feature","properties":{"kind":"label","name":"Burkina Faso","subjecto":"Burkina Faso","area":22.17},"geometry":{"type":"Point","coordinates":[-0.945,12.759]}},{"type":"Feature","properties":{"kind":"label","name":"Togo","subjecto":"Togo","area":4.75},"geometry":{"type":"Point","coordinates":[1.006,8.946]}},{"type":"Feature","properties":{"kind":"label","name":"Ghana","subjecto":"Ghana","area":19.72},"geometry":{"type":"Point","coordinates":[-1.247,7.031]}},{"type":"Feature","properties":{"kind":"label","name":"Guinea-Bissau","subjecto":"Guinea-Bissau","area":2.77},"geometry":{"type":"Point","coordinates":[-14.942,12.039]}},{"type":"Feature","properties":{"kind":"label","name":"Gibraltar","subjecto":"United Kingdom","area":0},"geometry":{"type":"Point","coordinates":[-5.358,36.119]}},{"type":"Feature","properties":{"kind":"label","name":"United States of America","subjecto":"United States of America","area":836.7},"geometry":{"type":"Point","coordinates":[-97.599,39.015]}},{"type":"Feature","properties":{"kind":"label","name":"Canada","subjecto":"Canada","area":1246.95},"geometry":{"type":"Point","coordinates":[-120.691,59.386]}},{"type":"Feature","properties":{"kind":"label","name":"Mexico","subjecto":"Mexico","area":174.22},"geometry":{"type":"Point","coordinates":[-101.832,23.523]}},{"type":"Feature","properties":{"kind":"label","name":"Belize","subjecto":"Belize","area":1.23},"geometry":{"type":"Point","coordinates":[-88.78,17.632]}},{"type":"Feature","properties":{"kind":"label","name":"Panama","subjecto":"Panama","area":5.86},"geometry":{"type":"Point","coordinates":[-81.048,8.232]}},{"type":"Feature","properties":{"kind":"label","name":"Venezuela","subjecto":"Venezuela","area":74.35},"geometry":{"type":"Point","coordinates":[-64.475,6.971]}},{"type":"Feature","properties":{"kind":"label","name":"Papua New Guinea","subjecto":"Papua New Guinea","area":32.37},"geometry":{"type":"Point","coordinates":[143.215,-5.81]}},{"type":"Feature","properties":{"kind":"label","name":"Pakistan","subjecto":"Pakistan","area":73.95},"geometry":{"type":"Point","coordinates":[71.225,30.911]}},{"type":"Feature","properties":{"kind":"label","name":"Egypt","subjecto":"Egypt","area":89.89},"geometry":{"type":"Point","coordinates":[29.368,26.372]}},{"type":"Feature","properties":{"kind":"label","name":"Yemen","subjecto":"Yemen","area":37.95},"geometry":{"type":"Point","coordinates":[44.991,15.309]}},{"type":"Feature","properties":{"kind":"label","name":"Mauritania","subjecto":"Mauritania","area":89.79},"geometry":{"type":"Point","coordinates":[-9.745,19.315]}},{"type":"Feature","properties":{"kind":"label","name":"Kenya","subjecto":"Kenya","area":47.45},"geometry":{"type":"Point","coordinates":[37.827,0.504]}},{"type":"Feature","properties":{"kind":"label","name":"Equatorial Guinea","subjecto":"Equatorial Guinea","area":1.98},"geometry":{"type":"Point","coordinates":[10.332,1.586]}},{"type":"Feature","properties":{"kind":"label","name":"The Gambia","subjecto":"The Gambia","area":0.45},"geometry":{"type":"Point","coordinates":[-16.181,13.354]}},{"type":"Feature","properties":{"kind":"label","name":"Hong Kong","subjecto":"China","area":0.05},"geometry":{"type":"Point","coordinates":[114.21,22.428]}},{"type":"Feature","properties":{"kind":"label","name":"Vatican City","subjecto":"Vatican City","area":0},"geometry":{"type":"Point","coordinates":[12.453,41.903]}},{"type":"Feature","properties":{"kind":"label","name":"South Korea","subjecto":"South Korea","area":9.32},"geometry":{"type":"Point","coordinates":[128.071,36.645]}},{"type":"Feature","properties":{"kind":"label","name":"Antarctica","subjecto":"Antarctica","area":5990.28},"geometry":{"type":"Point","coordinates":[103.534,-78.066]}},{"type":"Feature","properties":{"kind":"label","name":"Australia","subjecto":"Australia","area":686.6},"geometry":{"type":"Point","coordinates":[142.061,-26.497]}},{"type":"Feature","properties":{"kind":"label","name":"Greenland","subjecto":"Denmark","area":663.29},"geometry":{"type":"Point","coordinates":[-39.909,74.385]}},{"type":"Feature","properties":{"kind":"label","name":"Fiji","subjecto":"Fiji","area":0.82},"geometry":{"type":"Point","coordinates":[178.077,-17.849]}},{"type":"Feature","properties":{"kind":"label","name":"New Zealand","subjecto":"New Zealand","area":16.77},"geometry":{"type":"Point","coordinates":[168.999,-45.288]}},{"type":"Feature","properties":{"kind":"label","name":"New Caledonia","subjecto":"France","area":1.34},"geometry":{"type":"Point","coordinates":[165.422,-21.356]}},{"type":"Feature","properties":{"kind":"label","name":"Madagascar","subjecto":"Madagascar","area":50.69},"geometry":{"type":"Point","coordinates":[46.75,-18.179]}},{"type":"Feature","properties":{"kind":"label","name":"Philippines","subjecto":"Philippines","area":7.86},"geometry":{"type":"Point","coordinates":[121.411,16.97]}},{"type":"Feature","properties":{"kind":"label","name":"Sri Lanka","subjecto":"Sri Lanka","area":5.27},"geometry":{"type":"Point","coordinates":[80.754,7.442]}},{"type":"Feature","properties":{"kind":"label","name":"Curaçao","subjecto":"Netherlands","area":0.03},"geometry":{"type":"Point","coordinates":[-69.042,12.22]}},{"type":"Feature","properties":{"kind":"label","name":"Aruba","subjecto":"Netherlands","area":0.01},"geometry":{"type":"Point","coordinates":[-69.965,12.504]}},{"type":"Feature","properties":{"kind":"label","name":"The Bahamas","subjecto":"The Bahamas","area":0.07},"geometry":{"type":"Point","coordinates":[-77.153,26.336]}},{"type":"Feature","properties":{"kind":"label","name":"Turks and Caicos Islands","subjecto":"United Kingdom","area":0.01},"geometry":{"type":"Point","coordinates":[-71.809,21.774]}},{"type":"Feature","properties":{"kind":"label","name":"Taiwan","subjecto":"Taiwan","area":2.99},"geometry":{"type":"Point","coordinates":[120.809,23.501]}},{"type":"Feature","properties":{"kind":"label","name":"Japan","subjecto":"Japan","area":23.28},"geometry":{"type":"Point","coordinates":[139.163,36.249]}},{"type":"Feature","properties":{"kind":"label","name":"Saint Pierre and Miquelon","subjecto":"France","area":0.01},"geometry":{"type":"Point","coordinates":[-56.326,47.028]}},{"type":"Feature","properties":{"kind":"label","name":"Iceland","subjecto":"Iceland","area":20.01},"geometry":{"type":"Point","coordinates":[-18.777,64.788]}},{"type":"Feature","properties":{"kind":"label","name":"Pitcairn Islands","subjecto":"United Kingdom","area":0},"geometry":{"type":"Point","coordinates":[-128.35,-24.401]}},{"type":"Feature","properties":{"kind":"label","name":"French Polynesia","subjecto":"France","area":0.06},"geometry":{"type":"Point","coordinates":[-149.502,-17.629]}},{"type":"Feature","properties":{"kind":"label","name":"French Southern and Antarctic Lands","subjecto":"France","area":0.2},"geometry":{"type":"Point","coordinates":[70.131,-49.448]}},{"type":"Feature","properties":{"kind":"label","name":"Seychelles","subjecto":"Seychelles","area":0.01},"geometry":{"type":"Point","coordinates":[55.478,-4.676]}},{"type":"Feature","properties":{"kind":"label","name":"Kiribati","subjecto":"Kiribati","area":0.01},"geometry":{"type":"Point","coordinates":[-157.38,1.833]}},{"type":"Feature","properties":{"kind":"label","name":"Marshall Islands","subjecto":"Marshall Islands","area":0},"geometry":{"type":"Point","coordinates":[171.226,7.068]}},{"type":"Feature","properties":{"kind":"label","name":"Trinidad and Tobago","subjecto":"Trinidad and Tobago","area":0.26},"geometry":{"type":"Point","coordinates":[-61.253,10.482]}},{"type":"Feature","properties":{"kind":"label","name":"Grenada","subjecto":"Grenada","area":0.01},"geometry":{"type":"Point","coordinates":[-61.668,12.146]}},{"type":"Feature","properties":{"kind":"label","name":"Caribbean Netherlands","subjecto":"Netherlands","area":0.01},"geometry":{"type":"Point","coordinates":[-68.329,12.248]}},{"type":"Feature","properties":{"kind":"label","name":"Saint Vincent and the Grenadines","subjecto":"Saint Vincent and the Grenadines","area":0.02},"geometry":{"type":"Point","coordinates":[-61.195,13.252]}},{"type":"Feature","properties":{"kind":"label","name":"Barbados","subjecto":"Barbados","area":0.02},"geometry":{"type":"Point","coordinates":[-59.563,13.18]}},{"type":"Feature","properties":{"kind":"label","name":"Saint Lucia","subjecto":"Saint Lucia","area":0.02},"geometry":{"type":"Point","coordinates":[-60.981,13.866]}},{"type":"Feature","properties":{"kind":"label","name":"Martinique","subjecto":"France","area":0.04},"geometry":{"type":"Point","coordinates":[-60.991,14.647]}},{"type":"Feature","properties":{"kind":"label","name":"Dominica","subjecto":"Dominica","area":0.03},"geometry":{"type":"Point","coordinates":[-61.398,15.473]}},{"type":"Feature","properties":{"kind":"label","name":"Guadeloupe","subjecto":"France","area":0.04},"geometry":{"type":"Point","coordinates":[-61.419,16.309]}},{"type":"Feature","properties":{"kind":"label","name":"United States Minor Outlying Islands","subjecto":"United States of America","area":0},"geometry":{"type":"Point","coordinates":[-162.091,5.872]}},{"type":"Feature","properties":{"kind":"label","name":"Montserrat","subjecto":"United Kingdom","area":0},"geometry":{"type":"Point","coordinates":[-62.23,16.728]}},{"type":"Feature","properties":{"kind":"label","name":"Antigua and Barbuda","subjecto":"Antigua and Barbuda","area":0.01},"geometry":{"type":"Point","coordinates":[-61.798,17.082]}},{"type":"Feature","properties":{"kind":"label","name":"Saint Kitts and Nevis","subjecto":"Saint Kitts and Nevis","area":0.01},"geometry":{"type":"Point","coordinates":[-62.765,17.348]}},{"type":"Feature","properties":{"kind":"label","name":"United States Virgin Islands","subjecto":"United States of America","area":0.01},"geometry":{"type":"Point","coordinates":[-64.736,17.745]}},{"type":"Feature","properties":{"kind":"label","name":"Saint Barthélemy","subjecto":"France","area":0},"geometry":{"type":"Point","coordinates":[-62.857,17.882]}},{"type":"Feature","properties":{"kind":"label","name":"Puerto Rico","subjecto":"United States of America","area":0.71},"geometry":{"type":"Point","coordinates":[-66.51,18.223]}},{"type":"Feature","properties":{"kind":"label","name":"Anguilla","subjecto":"United Kingdom","area":0},"geometry":{"type":"Point","coordinates":[-63.086,18.218]}},{"type":"Feature","properties":{"kind":"label","name":"British Virgin Islands","subjecto":"United Kingdom","area":0},"geometry":{"type":"Point","coordinates":[-64.662,18.406]}},{"type":"Feature","properties":{"kind":"label","name":"Jamaica","subjecto":"Jamaica","area":0.75},"geometry":{"type":"Point","coordinates":[-77.169,18.118]}},{"type":"Feature","properties":{"kind":"label","name":"Cayman Islands","subjecto":"United Kingdom","area":0.01},"geometry":{"type":"Point","coordinates":[-81.303,19.291]}},{"type":"Feature","properties":{"kind":"label","name":"Bermuda","subjecto":"United Kingdom","area":0},"geometry":{"type":"Point","coordinates":[-64.755,32.293]}},{"type":"Feature","properties":{"kind":"label","name":"Heard Island and McDonald Islands","subjecto":"Australia","area":0.04},"geometry":{"type":"Point","coordinates":[73.522,-53.091]}},{"type":"Feature","properties":{"kind":"label","name":"Saint Helena","subjecto":"United Kingdom","area":0.01},"geometry":{"type":"Point","coordinates":[-5.726,-15.965]}},{"type":"Feature","properties":{"kind":"label","name":"Réunion","subjecto":"France","area":0.08},"geometry":{"type":"Point","coordinates":[55.482,-21.094]}},{"type":"Feature","properties":{"kind":"label","name":"Mauritius","subjecto":"Mauritius","area":0.11},"geometry":{"type":"Point","coordinates":[57.58,-20.283]}},{"type":"Feature","properties":{"kind":"label","name":"Mayotte","subjecto":"France","area":0.02},"geometry":{"type":"Point","coordinates":[45.15,-12.8]}},{"type":"Feature","properties":{"kind":"label","name":"Comoros","subjecto":"Comoros","area":0.04},"geometry":{"type":"Point","coordinates":[43.336,-11.673]}},{"type":"Feature","properties":{"kind":"label","name":"São Tomé and Príncipe","subjecto":"São Tomé and Príncipe","area":0.05},"geometry":{"type":"Point","coordinates":[6.6,0.22]}},{"type":"Feature","properties":{"kind":"label","name":"Cape Verde","subjecto":"Cape Verde","area":0.05},"geometry":{"type":"Point","coordinates":[-23.643,15.09]}},{"type":"Feature","properties":{"kind":"label","name":"Malta","subjecto":"Malta","area":0.02},"geometry":{"type":"Point","coordinates":[14.457,35.884]}},{"type":"Feature","properties":{"kind":"label","name":"Jersey","subjecto":"United Kingdom","area":0.01},"geometry":{"type":"Point","coordinates":[-2.242,49.171]}},{"type":"Feature","properties":{"kind":"label","name":"Guernsey","subjecto":"United Kingdom","area":0},"geometry":{"type":"Point","coordinates":[-2.669,49.431]}},{"type":"Feature","properties":{"kind":"label","name":"Isle of Man","subjecto":"United Kingdom","area":0.06},"geometry":{"type":"Point","coordinates":[-4.536,54.231]}},{"type":"Feature","properties":{"kind":"label","name":"Åland","subjecto":"Finland","area":0.06},"geometry":{"type":"Point","coordinates":[19.912,60.18]}},{"type":"Feature","properties":{"kind":"label","name":"Faroe Islands","subjecto":"Denmark","area":0.03},"geometry":{"type":"Point","coordinates":[-6.909,62.092]}},{"type":"Feature","properties":{"kind":"label","name":"Cocos (Keeling) Islands","subjecto":"Australia","area":0},"geometry":{"type":"Point","coordinates":[96.822,-12.198]}},{"type":"Feature","properties":{"kind":"label","name":"British Indian Ocean Territory","subjecto":"United Kingdom","area":0},"geometry":{"type":"Point","coordinates":[72.468,-7.384]}},{"type":"Feature","properties":{"kind":"label","name":"Singapore","subjecto":"Singapore","area":0.03},"geometry":{"type":"Point","coordinates":[103.811,1.354]}},{"type":"Feature","properties":{"kind":"label","name":"Svalbard and Jan Mayen","subjecto":"Norway","area":17},"geometry":{"type":"Point","coordinates":[16.235,78.353]}},{"type":"Feature","properties":{"kind":"label","name":"Norfolk Island","subjecto":"Australia","area":0},"geometry":{"type":"Point","coordinates":[167.926,-29.066]}},{"type":"Feature","properties":{"kind":"label","name":"Cook Islands","subjecto":"New Zealand","area":0},"geometry":{"type":"Point","coordinates":[-159.833,-21.254]}},{"type":"Feature","properties":{"kind":"label","name":"Tonga","subjecto":"Tonga","area":0.02},"geometry":{"type":"Point","coordinates":[-175.196,-21.19]}},{"type":"Feature","properties":{"kind":"label","name":"Wallis and Futuna","subjecto":"France","area":0},"geometry":{"type":"Point","coordinates":[-178.147,-14.319]}},{"type":"Feature","properties":{"kind":"label","name":"Samoa","subjecto":"Samoa","area":0.1},"geometry":{"type":"Point","coordinates":[-172.472,-13.617]}},{"type":"Feature","properties":{"kind":"label","name":"Solomon Islands","subjecto":"Solomon Islands","area":0.18},"geometry":{"type":"Point","coordinates":[159.451,-8.175]}},{"type":"Feature","properties":{"kind":"label","name":"Tuvalu","subjecto":"Tuvalu","area":0},"geometry":{"type":"Point","coordinates":[179.191,-8.542]}},{"type":"Feature","properties":{"kind":"label","name":"Maldives","subjecto":"Maldives","area":0},"geometry":{"type":"Point","coordinates":[73.512,4.183]}},{"type":"Feature","properties":{"kind":"label","name":"Nauru","subjecto":"Nauru","area":0},"geometry":{"type":"Point","coordinates":[166.913,-0.548]}},{"type":"Feature","properties":{"kind":"label","name":"Federated States of Micronesia","subjecto":"Federated States of Micronesia","area":0.01},"geometry":{"type":"Point","coordinates":[158.204,6.879]}},{"type":"Feature","properties":{"kind":"label","name":"South Georgia and the South Sandwich Islands","subjecto":"United Kingdom","area":0.23},"geometry":{"type":"Point","coordinates":[-36.679,-54.262]}},{"type":"Feature","properties":{"kind":"label","name":"Bouvet Island","subjecto":"Norway","area":0.01},"geometry":{"type":"Point","coordinates":[3.351,-54.456]}},{"type":"Feature","properties":{"kind":"label","name":"Falkland Islands","subjecto":"United Kingdom","area":0.77},"geometry":{"type":"Point","coordinates":[-58.643,-51.689]}},{"type":"Feature","properties":{"kind":"label","name":"Vanuatu","subjecto":"Vanuatu","area":0.3},"geometry":{"type":"Point","coordinates":[166.871,-15.231]}},{"type":"Feature","properties":{"kind":"label","name":"Niue","subjecto":"New Zealand","area":0.01},"geometry":{"type":"Point","coordinates":[-169.872,-19.058]}},{"type":"Feature","properties":{"kind":"label","name":"American Samoa","subjecto":"United States of America","area":0.01},"geometry":{"type":"Point","coordinates":[-170.716,-14.305]}},{"type":"Feature","properties":{"kind":"label","name":"Palau","subjecto":"Palau","area":0.02},"geometry":{"type":"Point","coordinates":[134.568,7.501]}},{"type":"Feature","properties":{"kind":"label","name":"Guam","subjecto":"United States of America","area":0.02},"geometry":{"type":"Point","coordinates":[144.809,13.517]}},{"type":"Feature","properties":{"kind":"label","name":"Northern Mariana Islands","subjecto":"United States of America","area":0},"geometry":{"type":"Point","coordinates":[145.698,15.137]}},{"type":"Feature","properties":{"kind":"label","name":"Bahrain","subjecto":"Bahrain","area":0.04},"geometry":{"type":"Point","coordinates":[50.534,26.025]}},{"type":"Feature","properties":{"kind":"label","name":"Christmas Island","subjecto":"Australia","area":0},"geometry":{"type":"Point","coordinates":[105.628,-10.529]}},{"type":"Feature","properties":{"kind":"label","name":"Tokelau","subjecto":"New Zealand","area":0},"geometry":{"type":"Point","coordinates":[-172.495,-8.565]}},{"type":"Feature","properties":{"kind":"label","name":"Macau","subjecto":"China","area":0},"geometry":{"type":"Point","coordinates":[113.534,22.105]}},{"type":"Feature","properties":{"kind":"label","name":"Jammu and Kashmir (disputed)","subjecto":"India","area":10.05},"geometry":{"type":"Point","coordinates":[75.135,33.568]}},{"type":"Feature","properties":{"kind":"label","name":"Aksai Chin (disputed)","subjecto":"China","area":3.19},"geometry":{"type":"Point","coordinates":[79.163,34.982]}},{"type":"Feature","properties":{"kind":"label","name":"Arunachal Pradesh (disputed)","subjecto":"India","area":6.36},"geometry":{"type":"Point","coordinates":[93.316,27.68]}},{"type":"Feature","properties":{"kind":"label","name":"West of Essequibo River (disputed)","subjecto":"Guyana","area":11.82},"geometry":{"type":"Point","coordinates":[-59.664,6.134]}},{"type":"Feature","properties":{"kind":"label","name":"Gilgit-Baltistan (disputed)","subjecto":"Pakistan","area":6.6},"geometry":{"type":"Point","coordinates":[75.122,35.881]}},{"type":"Feature","properties":{"kind":"label","name":"Crimea (disputed)","subjecto":"Russia","area":2.64},"geometry":{"type":"Point","coordinates":[34.213,45.308]}},{"type":"Feature","properties":{"kind":"label","name":"Halayib Triangle (disputed)","subjecto":"Egypt","area":1.6},"geometry":{"type":"Point","coordinates":[35.55,22.46]}},{"type":"Feature","properties":{"kind":"label","name":"Azad Kashmir (disputed)","subjecto":"Pakistan","area":1.24},"geometry":{"type":"Point","coordinates":[73.78,34.49]}},{"type":"Feature","properties":{"kind":"label","name":"North Borneo (disputed)","subjecto":"Malaysia","area":2.79},"geometry":{"type":"Point","coordinates":[117.787,5.354]}}]}