{"type":"FeatureCollection","features":[{"type":"Feature","id":1,"properties":{"name":"Luxembourg","subjecto":"Luxembourg","partof":"Luxembourg","precision":3},"geometry":{"type":"Polygon","coordinates":[[[5.824,49.507],[6.433,49.445],[6.109,50.117],[5.824,49.507]]]}},{"type":"Feature","id":2,"properties":{"name":"Ottoman Empire","subjecto":"Ottoman Empire","partof":"Ottoman Empire","precision":3},"geometry":{"type":"MultiPolygon","coordinates":[[[[33.792,34.957],[33.907,35.437],[32.819,35.282],[32.603,34.615],[33.792,34.957]]],[[[40.39,14.906],[40.037,15.388],[39.518,15.463],[38.963,17.192],[38.043,16.232],[38.043,15.007],[38.778,14.394],[39.636,14.149],[40.39,14.906]]],[[[38.527,18.161],[37.398,18.915],[37.165,20.764],[35.96,19.418],[36.45,18.07],[37.431,17.702],[38.527,18.161]]],[[[18.514,42.362],[19.607,41.762],[19.369,40.26],[20.029,39.814],[21.172,38.348],[21.228,37.905],[22.39,36.524],[22.887,37.047],[22.639,37.492],[23.556,38.352],[22.72,39.287],[22.602,40.397],[23.596,40.192],[23.886,40.733],[25.046,40.952],[25.993,40.852],[26.614,40.398],[27.474,40.963],[28.828,40.915],[28.104,41.593],[27.502,42.516],[28.035,43.392],[28.446,43.476],[28.686,44.488],[29.711,45.258],[29.63,45.75],[30.433,46.176],[29.427,46.816],[29.011,47.554],[27.706,48.44],[26.163,48.941],[26.191,46.809],[24.942,45.965],[24.065,46.1],[22.478,45.729],[22.133,44.511],[20.643,44.813],[20.571,44.847],[19.853,45.236],[18.258,45.122],[15.828,45.203],[15.757,44.786],[17.548,42.92],[17.646,42.865],[18.514,42.362]]],[[[36.8,21.915],[35.746,22.914],[35.19,24.4],[33.929,26.564],[33.354,27.91],[32.649,28.766],[32.318,29.54],[32.648,29.852],[33.331,28.551],[34.058,27.79],[34.886,28.357],[35.436,27.73],[37.218,25.167],[37.201,24.658],[38.329,23.835],[39.102,22.4],[39.167,21.219],[39.764,20.407],[40.82,19.685],[41.923,20.767],[41.812,21.713],[41.07,22.263],[40.648,24.153],[38.814,24.841],[37.364,27.957],[36.593,29.787],[36.525,31.162],[37.212,33.566],[38.036,34.597],[39.342,34.597],[40.029,34.391],[44.083,30.337],[44.839,29.993],[45.87,29.856],[46.905,29.438],[47.439,28.829],[48.469,26.695],[49.395,26.078],[49.704,24.41],[50.569,23.854],[50.968,24.436],[50.607,24.68],[50.382,25.461],[49.937,25.956],[50.122,26.738],[48.855,27.523],[47.911,29.89],[48.554,29.995],[47.689,30.882],[47.793,31.797],[46.508,32.812],[45.506,33.797],[45.671,34.617],[46.184,35.058],[46.211,35.784],[45.388,35.926],[44.795,37.132],[44.205,37.867],[44.082,39.295],[44.637,39.662],[43.812,40.014],[43.847,40.75],[42.878,41.546],[41.484,41.437],[40.361,40.963],[38.651,40.922],[36.383,41.238],[35.958,41.686],[33.556,41.983],[32.419,41.749],[30.745,41.04],[29.161,41.216],[29.525,40.688],[27.764,40.287],[26.765,40.377],[26.128,39.879],[26.708,39.182],[27.16,37.36],[27.999,36.909],[29.002,36.695],[29.298,36.173],[30.473,36.188],[30.594,36.762],[31.371,36.712],[32.335,36.128],[33.171,35.971],[34.485,36.627],[35.709,36.212],[35.873,34.422],[34.843,32.671],[34.501,31.621],[33.558,30.968],[32.077,31.014],[31.717,31.388],[30.996,31.469],[30.099,31.232],[29.249,30.754],[26.143,31.491],[25.258,31.438],[26.005,30.708],[29.426,22.664],[30.346,22.111],[31.617,21.295],[32.662,21],[35.251,21.369],[36.8,21.915]]]]}},{"type":"Feature","id":3,"properties":{"name":"Japan","subjecto":"Japan","partof":"Japan","precision":3},"geometry":{"type":"MultiPolygon","coordinates":[[[[136.722,37.266],[136.668,36.667],[135.978,35.973],[135.157,35.646],[133.006,35.254],[132.663,35.381],[130.899,33.904],[131.995,33.804],[132.481,34.129],[134.427,34.628],[135.063,33.69],[135.756,33.342],[136.734,34.874],[137.248,34.482],[138.149,34.528],[138.45,34.903],[139.423,35.166],[140.317,35.034],[140.656,36.618],[140.964,36.956],[140.872,37.917],[141.496,38.422],[141.998,39.672],[141.153,40.865],[140.386,40.986],[139.915,40.575],[140.03,39.483],[139.198,37.92],[138.317,37.206],[137.464,36.854],[136.722,37.266]]],[[[132.699,32.549],[133.154,33.216],[133.999,33.148],[134.54,34.013],[133.806,34.176],[132.784,33.908],[132.121,33.348],[132.699,32.549]]],[[[130.744,30.888],[131.319,31.511],[131.831,32.693],[131.67,33.309],[130.427,33.674],[129.343,33.151],[129.846,32.587],[130.219,31.56],[130.744,30.888]]],[[[140.112,41.273],[140.589,41.678],[140.246,42.228],[141.928,42.501],[143.214,41.927],[143.848,42.775],[145.448,43.17],[145.059,43.786],[143.508,44.156],[141.875,45.435],[141.523,45.183],[141.709,43.914],[141.304,43.187],[139.712,42.478],[140.112,41.273]]]]}},{"type":"Feature","id":4,"properties":{"name":"United Kingdom","subjecto":"UK","partof":"United Kingdom","precision":3},"geometry":{"type":"MultiPolygon","coordinates":[[[[-77.291,17.806],[-76.426,18.119],[-77.769,18.51],[-77.291,17.806]]],[[[-83.296,14.615],[-83.858,14.185],[-84.095,12.528],[-83.9,11.888],[-83.662,13.705],[-83.296,14.615]]],[[[-88.32,18.494],[-89.154,17.831],[-89.251,15.897],[-88.941,15.905],[-88.445,16.441],[-88.112,18.194],[-88.32,18.494]]]]}},{"type":"Feature","id":5,"properties":{"name":"Philippines","subjecto":"Philippines","partof":"Philippines","precision":3},"geometry":{"type":"MultiPolygon","coordinates":[[[[120.364,14.531],[121.009,13.656],[121.625,13.898],[122.492,13.43],[123.398,13.527],[122.397,14.307],[121.729,14.108],[121.242,15.308],[121.439,15.918],[122.064,16.332],[122.396,17.114],[122.028,18.009],[121.036,18.528],[120.393,18.044],[120.303,16.417],[119.762,16.359],[119.772,15.47],[120.364,14.531]]],[[[121.094,12.201],[121.304,13.129],[120.547,13.153],[121.094,12.201]]],[[[121.873,10.468],[122.897,11.15],[121.994,11.758],[121.873,10.468]]],[[[122.942,9.048],[123.312,10.738],[122.92,10.852],[122.396,9.478],[122.942,9.048]]],[[[126.045,6.608],[126.322,7.149],[126.272,8.426],[125.934,9.175],[125.461,9.053],[124.671,8.429],[124.372,8.561],[123.663,8.014],[123.486,8.496],[122.094,7.775],[123.023,7.478],[123.465,7.791],[124.074,7.258],[123.864,6.851],[124.224,6.09],[125.073,5.723],[125.533,5.94],[125.28,6.594],[125.615,7.236],[126.045,6.608]]]]}},{"type":"Feature","id":6,"properties":{"name":"Spain","subjecto":"Spain","partof":"Spain","precision":3},"geometry":{"type":"MultiPolygon","coordinates":[[[[-67.152,17.987],[-65.967,18.027],[-65.952,18.472],[-67.055,18.546],[-67.152,17.987]]],[[[-1.915,43.305],[-3.007,43.55],[-3.417,43.376],[-5.98,43.705],[-7.636,43.721],[-9.271,43.049],[-8.644,42.42],[-8.806,41.889],[-6.709,41.96],[-6.139,41.526],[-6.797,41.093],[-6.933,38.961],[-7.394,38.295],[-7.492,37.208],[-6.632,37.022],[-6.204,36.282],[-5.661,36.008],[-4.447,36.722],[-2.239,36.728],[-1.817,37.292],[-0.918,37.57],[-0.435,38.43],[0.173,38.738],[-0.395,39.434],[0.879,41.022],[2.081,41.298],[3.129,41.857],[3.087,42.369],[2.363,42.293],[0.744,42.772],[-0.612,42.731],[-1.915,43.305]]],[[[-82.041,22.385],[-80.776,22.102],[-79.735,21.672],[-78.728,21.617],[-78.45,20.969],[-77.291,20.704],[-77.461,19.871],[-76.398,20.02],[-75.519,19.907],[-74.345,20.323],[-75.604,21.013],[-77.34,21.512],[-78.171,22.12],[-79.33,22.404],[-79.76,22.759],[-81.431,23.137],[-82.959,23.025],[-83.69,22.814],[-83.39,22.223],[-82.853,22.638],[-82.041,22.385]]],[[[-71.895,18.614],[-71.401,17.704],[-71.062,18.347],[-70.621,18.507],[-68.373,18.575],[-68.657,18.873],[-70.882,19.93],[-71.777,19.771],[-71.895,18.614]]]]}},{"type":"Feature","id":7,"properties":{"name":"Madagascar","subjecto":"Madagascar","partof":"Madagascar","precision":3},"geometry":{"type":"Polygon","coordinates":[[[44.672,-16.236],[43.972,-17.553],[44.251,-19.103],[44.585,-19.528],[44.47,-20.17],[43.816,-21.316],[43.501,-21.494],[43.376,-22.632],[43.827,-23.413],[43.671,-24.227],[44.425,-25.312],[45.576,-25.621],[46.855,-25.218],[47.258,-24.766],[48.087,-22.044],[49.342,-18.228],[49.425,-17.198],[50.503,-15.314],[50.15,-14.419],[49.817,-12.831],[49.176,-12.266],[48.751,-13.418],[48.224,-13.794],[46.925,-15.36],[46.142,-15.826],[44.672,-16.236]],[[48.015,-17.023],[48.488,-19.449],[48.488,-20.041],[47.186,-23.119],[46.002,-23.592],[45.529,-23.592],[45.292,-22.645],[46.654,-17.733],[47.482,-16.904],[48.015,-17.023]]]}},{"type":"Feature","id":8,"properties":{"name":"Māori","subjecto":"Māori","partof":"Māori","precision":3},"geometry":{"type":"MultiPolygon","coordinates":[[[[175.308,-37.321],[174.857,-36.694],[174.609,-35.789],[174.217,-35.337],[173.166,-35.421],[174.765,-37.297],[174.945,-37.928],[174.655,-38.983],[173.805,-39.42],[175.354,-40.3],[174.895,-41.296],[175.365,-41.662],[176.011,-41.255],[177.157,-39.854],[177.024,-39.445],[178.408,-38.771],[178.569,-37.921],[177.528,-38.204],[176.129,-37.798],[175.308,-37.321]]],[[[172.063,-43.923],[173.841,-42.488],[174.234,-42.011],[174.058,-41.291],[173.264,-41.544],[172.437,-40.753],[172.148,-41.578],[171.458,-41.993],[171.024,-42.887],[169.649,-43.741],[168.416,-44.221],[167.137,-45.2],[167.281,-45.563],[166.523,-46.233],[169.399,-46.71],[170.612,-45.946],[171.378,-44.338],[172.063,-43.923]]]]}},{"type":"Feature","id":9,"properties":{"name":"Austrian Netherlands","subjecto":"Austria","partof":"Austrian Netherlands","precision":3},"geometry":{"type":"Polygon","coordinates":[[[2.522,51.091],[2.875,50.682],[5.824,49.507],[6.109,50.117],[6,50.742],[5.113,51.405],[3.775,51.388],[2.522,51.091]]]}},{"type":"Feature","id":10,"properties":{"name":"Portugal","subjecto":"Portugal","partof":"Portugal","precision":3},"geometry":{"type":"Polygon","coordinates":[[[-7.492,37.208],[-7.394,38.295],[-6.933,38.961],[-6.797,41.093],[-6.139,41.526],[-6.709,41.96],[-8.806,41.889],[-8.694,40.992],[-9.549,38.775],[-8.854,38.5],[-8.667,37.121],[-7.492,37.208]]]}},{"type":"Feature","id":11,"properties":{"name":"Malaya","subjecto":"Malaya","partof":"Malaya","precision":3},"geometry":{"type":"MultiPolygon","coordinates":[[[[102.074,6.154],[101.763,5.586],[100.617,6.422],[100.159,6.34],[100.664,3.904],[101.264,3.225],[101.336,2.781],[103.428,1.381],[104.176,1.389],[103.308,3.026],[103.342,4.805],[102.325,6.099],[102.074,6.154]]],[[[109.518,1.821],[109.648,1.464],[110.549,0.726],[111.562,0.764],[112.4,1.43],[113.677,1.145],[114.659,1.596],[115.53,3.171],[115.707,4.157],[117.138,4.153],[117.559,3.981],[118.391,4.374],[119.043,5.17],[118.377,5.639],[117.37,5.789],[117.507,6.393],[116.596,6.899],[115.787,5.74],[114.962,4.877],[115.161,4.309],[114.434,3.998],[114.074,4.455],[112.759,3.009],[111.372,2.599],[110.818,1.244],[109.518,1.821]]]]}},{"type":"Feature","id":12,"properties":{"name":"Papua New Guinea","subjecto":"Papua New Guinea","partof":"Papua New Guinea","precision":3},"geometry":{"type":"MultiPolygon","coordinates":[[[[149.554,-6.406],[151.056,-6.015],[151.28,-5.671],[152.059,-5.498],[152.268,-4.779],[151.588,-4.902],[150.887,-5.52],[150.289,-5.712],[148.377,-5.659],[148.416,-5.881],[149.554,-6.406]]],[[[140.948,-9.274],[142.607,-9.377],[143.331,-9],[143.437,-8.358],[144.38,-7.758],[145.82,-8.098],[146.646,-9.279],[147.874,-10.179],[149.783,-10.41],[149.83,-9.711],[148.589,-9.16],[148.035,-8.246],[147.376,-7.796],[146.909,-6.895],[147.664,-6.791],[147.376,-6.125],[145.593,-5.423],[145.728,-4.997],[144.783,-4.338],[143.446,-3.61],[140.87,-2.795],[140.945,-6.379],[140.948,-9.274]]]]}},{"type":"Feature","id":13,"properties":{"name":"Aboriginal Tasmanians","subjecto":"Aboriginal Tasmanians","partof":"Aboriginal Tasmanians","precision":3},"geometry":{"type":"Polygon","coordinates":[[[146.713,-43.722],[147.815,-42.965],[148.319,-41.806],[148.27,-41.093],[146.382,-41.308],[144.776,-40.843],[144.936,-41.71],[145.53,-42.345],[145.723,-43.24],[146.713,-43.722]]]}},{"type":"Feature","id":14,"properties":{"name":"Netherlands","subjecto":"Netherlands","partof":"Netherlands","precision":3},"geometry":{"type":"Polygon","coordinates":[[[7.16,53.164],[6.751,53.39],[5.39,53.139],[4.641,52.756],[3.775,51.388],[5.113,51.405],[6,50.742],[5.979,51.804],[7.068,52.273],[7.16,53.164]]]}},{"type":"Feature","id":15,"properties":{"name":"Viceroyalty of New Granada","subjecto":"Spain","partof":"Vice-Royalty of New Granada","precision":3},"geometry":{"type":"MultiPolygon","coordinates":[[[[-50.574,-1.177],[-50.476,-1.679],[-49.347,-1.645],[-48.886,-1.421],[-48.402,-0.391],[-50.501,-0.262],[-50.574,-1.177]]],[[[-58.575,6.984],[-58.617,7.499],[-59.834,8.44],[-61.29,8.771],[-60.793,9.388],[-61.531,9.851],[-62.385,10.014],[-62.925,10.369],[-64.068,10.627],[-64.884,10.136],[-65.376,10.154],[-66.478,10.679],[-67.98,10.542],[-68.695,11.38],[-69.748,11.533],[-71.098,11.12],[-71.496,10.646],[-71.044,9.392],[-71.605,9.092],[-72.114,9.904],[-71.688,10.769],[-71.988,11.608],[-71.189,11.912],[-71.698,12.428],[-72.38,11.81],[-73.362,11.325],[-74.219,11.368],[-75.45,10.628],[-75.703,9.426],[-76.158,9.311],[-76.764,8.693],[-76.858,7.93],[-77.678,8.961],[-78.266,9.386],[-79.5,9.638],[-80.962,8.865],[-82.23,9.047],[-82.56,9.583],[-82.907,9.519],[-82.807,8.57],[-82.957,8.047],[-82.384,8.321],[-80.814,7.27],[-80.051,7.732],[-80.403,8.059],[-79.717,8.883],[-79.068,9.034],[-78.184,8.413],[-78.265,7.886],[-77.4,6.67],[-77.5,5.514],[-77.267,4.739],[-77.445,4.179],[-77.106,3.792],[-77.802,2.577],[-78.468,2.467],[-78.492,1.921],[-78.984,1.297],[-80.086,0.818],[-80.339,-0.663],[-80.966,-1.033],[-80.741,-2.119],[-80.357,-2.728],[-80.229,-3.471],[-80.259,-4.414],[-79.692,-4.461],[-79.286,-5.012],[-77.405,-4.333],[-77.339,-4.795],[-75.691,-5.058],[-74.985,-4.782],[-74.605,-4.36],[-73.592,-4.444],[-73.255,-3.6],[-72.875,-3.389],[-71.061,-3.938],[-70.207,-3.808],[-69.901,-4.379],[-69.363,-4.135],[-69.231,-3.476],[-67.978,-3.41],[-67.253,-2.553],[-66.66,-2.817],[-67.055,0.941],[-65.356,0.562],[-64.732,1.189],[-64.19,1.396],[-63.876,1.881],[-63.327,2.062],[-60.516,2.19],[-58.853,1.154],[-57.9,1.594],[-57.879,2.849],[-58.582,5],[-58.575,6.984]],[[-78.562,-2.129],[-77.854,-1.667],[-77.254,-2.098],[-77.254,-2.759],[-77.9,-3.113],[-78.392,-2.913],[-78.562,-2.129]]]]}},{"type":"Feature","id":16,"properties":{"name":"Brunei","subjecto":"Brunei","partof":"Brunei","precision":3},"geometry":{"type":"Polygon","coordinates":[[[114.074,4.455],[114.434,3.998],[115.161,4.309],[114.962,4.877],[114.074,4.455]]]}},{"type":"Feature","id":17,"properties":{"name":"Dutch East Indies","subjecto":"Dutch East Indies","partof":"Dutch East Indies","precision":3},"geometry":{"type":"MultiPolygon","coordinates":[[[[140.87,-2.795],[139.592,-2.379],[137.854,-1.614],[136.271,-2.418],[135.734,-3.252],[135.246,-3.539],[134.283,-2.855],[133.983,-2.01],[133.907,-1.006],[132.254,-0.527],[131.211,-1.025],[131.064,-1.54],[131.816,-1.665],[132.219,-2.344],[133.321,-2.38],[132.719,-2.934],[132.713,-3.888],[134.041,-3.948],[134.777,-4.309],[137.385,-5.123],[137.824,-5.427],[139.156,-7.725],[139.112,-8.323],[139.977,-8.238],[140.948,-9.274],[140.945,-6.379],[140.87,-2.795]]],[[[130.784,-3.879],[130.369,-3.13],[129.168,-3.139],[128.153,-2.97],[128.376,-3.547],[128.915,-3.254],[129.487,-3.596],[129.914,-3.385],[130.784,-3.879]]],[[[138.176,-8.554],[138.895,-7.783],[138.193,-7.676],[137.676,-8.459],[138.176,-8.554]]],[[[122.949,-8.377],[121.279,-8.717],[120.565,-8.388],[119.935,-8.936],[121.694,-8.996],[122.949,-8.377]]],[[[117.938,-8.54],[116.958,-8.529],[116.976,-9.178],[118.658,-8.856],[117.938,-8.54]]],[[[103.714,-0.017],[103.047,0.528],[102.472,0.623],[101.868,1.435],[101.06,2.081],[100.732,1.871],[99.858,2.904],[98.146,4.07],[97.384,5.18],[96.187,5.146],[95.191,5.41],[95.561,4.534],[96.394,3.647],[96.72,3.705],[97.509,2.74],[97.597,2.251],[98.601,1.707],[99.113,0.221],[99.697,-0.152],[100.65,-1.631],[100.812,-2.336],[101.345,-3.015],[102.111,-3.604],[102.462,-4.182],[103.523,-4.999],[104.568,-6.071],[105.187,-5.542],[105.728,-5.827],[105.711,-4.105],[105.943,-3.215],[105.445,-2.599],[104.352,-1.89],[104.298,-1.363],[103.238,-0.659],[103.714,-0.017]]],[[[127.631,-0.017],[128.632,1.022],[128.545,1.448],[127.689,0.925],[127.631,-0.017]]],[[[105.185,-6.866],[106.366,-7.04],[106.484,-7.503],[107.368,-7.565],[108.16,-7.856],[109.037,-7.72],[110.778,-8.32],[112.414,-8.488],[113.074,-8.347],[114.105,-8.688],[113.948,-7.824],[112.678,-7.719],[112.275,-7.027],[111.045,-6.852],[110.815,-6.534],[110.027,-7.044],[108.556,-6.921],[108.173,-6.356],[107.769,-6.452],[106.945,-6.026],[106.024,-6.081],[105.633,-6.755],[105.185,-6.866]]],[[[123.492,-10.352],[124.154,-10.205],[125.212,-9.395],[126.873,-8.807],[127.044,-8.476],[125.08,-8.772],[124.62,-9.25],[123.665,-9.748],[123.492,-10.352]]],[[[120.28,-10.378],[120.462,-9.926],[119.789,-9.458],[119.41,-9.872],[120.28,-10.378]]],[[[117.559,3.981],[117.138,4.153],[115.707,4.157],[115.53,3.171],[114.659,1.596],[113.677,1.145],[112.4,1.43],[111.562,0.764],[110.549,0.726],[109.648,1.464],[109.518,1.821],[109.282,1.883],[108.814,0.808],[109.158,-0.075],[109.179,-0.869],[109.941,-1.643],[110.102,-3.079],[110.797,-3.172],[111.436,-2.974],[112.578,-3.423],[112.795,-2.971],[113.744,-3.598],[114.099,-3.35],[114.712,-4.206],[115.568,-3.804],[116.349,-2.417],[116.046,-1.934],[117.046,-0.935],[117.534,0.611],[118.218,0.758],[118.517,1.166],[117.696,1.901],[117.829,2.314],[117.074,3.507],[117.559,3.981]]],[[[119.692,-0.017],[119.205,-1.432],[119.175,-2.176],[118.684,-2.901],[118.791,-3.663],[119.461,-3.808],[119.477,-5.804],[120.248,-5.586],[120.144,-3.076],[120.999,-3.049],[120.881,-3.716],[121.508,-4.236],[121.393,-4.789],[121.873,-4.96],[122.641,-4.284],[122.19,-3.847],[122.258,-3.211],[121.265,-2.101],[122.223,-1.654],[122.757,-1.094],[121.461,-0.989],[121.055,-1.549],[120.507,-1.448],[119.873,-0.465],[120.337,0.356],[122.983,0.375],[123.472,0.153],[123.826,0.739],[122.733,0.673],[120.767,1.139],[120.432,0.636],[119.914,0.54],[119.692,-0.017]]]]}},{"type":"Feature","id":18,"properties":{"name":null,"subjecto":null,"partof":null,"precision":3},"geometry":{"type":"MultiPolygon","coordinates":[[[[-73.112,-72.749],[-70.021,-72.672],[-68.63,-72.054],[-68.398,-71.127],[-70.33,-68.963],[-72.394,-69.261],[-71.798,-69.736],[-72.107,-71.05],[-75.275,-71.668],[-73.112,-72.749]]],[[[-102.551,-72.131],[-97.142,-72.672],[-95.906,-72.363],[-97.22,-71.822],[-101.16,-71.822],[-102.551,-72.131]]],[[[-55.185,-80.94],[-44.831,-80.322],[-43.904,-79.781],[-44.213,-78.39],[-48.849,-78.081],[-50.858,-78.699],[-51.708,-79.781],[-53.871,-79.936],[-55.185,-80.94]]],[[[-164.058,-79.356],[-160.426,-79.974],[-158.804,-79.665],[-160.735,-79.047],[-164.058,-79.356]]],[[[169.769,-83.418],[162.015,-81.66],[160.577,-81.534],[159.315,-80.027],[160.686,-79.114],[163.643,-78.661],[166.753,-78.599],[163.529,-77.74],[162.384,-76.214],[162.346,-75.107],[164.616,-74.172],[168.975,-73.239],[170.729,-71.904],[167.635,-70.865],[162.485,-70.306],[160.599,-70.221],[159.846,-69.829],[157.307,-69.156],[156.148,-69.311],[154.435,-68.95],[151.093,-68.886],[150.893,-68.538],[146.875,-67.997],[145.586,-67.223],[141.157,-66.722],[134.205,-66.18],[130.272,-66.253],[129.01,-67.03],[122.458,-66.645],[118.286,-67.07],[115.679,-66.414],[114.436,-66.493],[113.015,-65.763],[110.607,-66.059],[109.404,-66.71],[107.622,-66.452],[102.631,-65.926],[100.875,-66.079],[99.654,-66.549],[97.114,-66.684],[95.723,-66.529],[90,-66.607],[85.523,-66.916],[81.814,-67.302],[78.26,-68.384],[76.869,-69.311],[75.401,-69.466],[72.542,-70.238],[70.301,-72.015],[68.215,-72.402],[67.365,-71.706],[68.138,-71.088],[67.513,-70.464],[68.951,-69.889],[69.773,-68.636],[69.374,-67.843],[66.979,-67.843],[63.579,-67.534],[62.806,-67.611],[56.627,-66.942],[55.142,-65.963],[52.452,-65.988],[48.967,-66.973],[48.848,-67.434],[47.305,-67.775],[44.797,-67.745],[42.561,-68.113],[39.647,-68.934],[39.459,-69.701],[38.332,-70.029],[36.078,-69.591],[33.541,-68.542],[32.748,-69.35],[23.707,-70.586],[19.535,-70.161],[17.603,-70.084],[12.658,-70.315],[10.34,-70.702],[8.485,-70.084],[0.681,-71.32],[-4.882,-71.281],[-7.2,-70.895],[-7.741,-71.668],[-9.364,-71.127],[-11.141,-71.59],[-11.828,-72.323],[-16.396,-73.445],[-17.091,-73.909],[-14.451,-74.065],[-17.168,-74.758],[-18.405,-75.686],[-23.582,-75.918],[-30.227,-76.845],[-33.163,-77.386],[-36.408,-78.622],[-36.408,-79.163],[-29.568,-79.224],[-28.913,-80.476],[-32.931,-80.863],[-38.031,-80.94],[-43.826,-81.79],[-52.249,-82.022],[-60.207,-82.331],[-67.934,-81.481],[-74.889,-80.708],[-76.643,-80.215],[-76.589,-79.395],[-80.761,-78.236],[-80.687,-77.566],[-74.502,-78.081],[-78.598,-76.613],[-75.932,-76.484],[-70.562,-76.69],[-64.457,-75.686],[-61.367,-73.909],[-60.826,-72.749],[-61.676,-70.818],[-63.839,-68.654],[-65.153,-68.5],[-65.385,-67.341],[-63.839,-66.491],[-62.757,-66.645],[-62.371,-65.795],[-61.135,-64.868],[-59.821,-64.327],[-58.894,-64.327],[-57.271,-63.709],[-58.121,-63.4],[-60.207,-63.941],[-61.289,-64.482],[-62.912,-64.713],[-64.225,-65.254],[-66.853,-66.8],[-67.703,-66.877],[-67.084,-68.654],[-68.784,-69.813],[-67.084,-71.822],[-67.625,-72.749],[-75.584,-73.754],[-78.52,-73.715],[-80.993,-73.252],[-81.766,-74.024],[-85.938,-73.484],[-88.565,-73.252],[-93.974,-73.174],[-96.524,-73.329],[-99.788,-72.998],[-101.88,-74.099],[-100.559,-74.466],[-100.045,-75.31],[-105.642,-75.068],[-106.801,-75.377],[-110.557,-75.303],[-113.238,-74.321],[-118.778,-74.604],[-120.169,-74.527],[-123.569,-74.836],[-127.123,-74.681],[-128.978,-74.913],[-134.773,-74.643],[-140.568,-75.261],[-146.672,-76.111],[-146.146,-77.457],[-149.995,-77.733],[-154.167,-77.115],[-158.031,-77.27],[-158.185,-77.811],[-156.022,-78.352],[-154.554,-79.124],[-151.772,-79.201],[-148.604,-79.665],[-145.668,-80.515],[-148.836,-81.365],[-154.477,-81.056],[-154.554,-82.138],[-152.081,-82.601],[-153.31,-83.942],[-148.759,-85.074],[-156.563,-85.46],[-167.226,-84.765],[-178.43,-84.456],[-180,-84.322],[-180,-85.322],[-180,-86.322],[-180,-87.322],[-180,-88.322],[-180,-89.322],[-180,-90],[-179.204,-90],[-178.204,-90],[-177.204,-90],[-176.204,-90],[-175.204,-90],[-174.204,-90],[-173.204,-90],[-172.204,-90],[-171.204,-90],[-170.204,-90],[-169.204,-90],[-168.204,-90],[-167.204,-90],[-166.204,-90],[-165.204,-90],[-164.204,-90],[-163.204,-90],[-162.204,-90],[-161.204,-90],[-160.204,-90],[-159.204,-90],[-158.204,-90],[-157.204,-90],[-156.204,-90],[-155.204,-90],[-154.204,-90],[-153.204,-90],[-152.204,-90],[-151.204,-90],[-150.204,-90],[-149.204,-90],[-148.204,-90],[-147.204,-90],[-146.204,-90],[-145.204,-90],[-144.204,-90],[-143.204,-90],[-142.204,-90],[-141.204,-90],[-140.204,-90],[-139.204,-90],[-138.204,-90],[-137.204,-90],[-136.204,-90],[-135.204,-90],[-134.204,-90],[-133.204,-90],[-132.204,-90],[-131.204,-90],[-130.204,-90],[-129.204,-90],[-128.204,-90],[-127.204,-90],[-126.204,-90],[-125.204,-90],[-124.204,-90],[-123.204,-90],[-122.204,-90],[-121.204,-90],[-120.204,-90],[-119.204,-90],[-118.204,-90],[-117.204,-90],[-116.204,-90],[-115.204,-90],[-114.204,-90],[-113.204,-90],[-112.204,-90],[-111.204,-90],[-110.204,-90],[-109.204,-90],[-108.204,-90],[-107.204,-90],[-106.204,-90],[-105.204,-90],[-104.204,-90],[-103.204,-90],[-102.204,-90],[-101.204,-90],[-100.204,-90],[-99.204,-90],[-98.204,-90],[-97.204,-90],[-96.204,-90],[-95.204,-90],[-94.204,-90],[-93.204,-90],[-92.204,-90],[-91.204,-90],[-90,-90],[-89.204,-90],[-88.204,-90],[-87.204,-90],[-86.204,-90],[-85.204,-90],[-84.204,-90],[-83.204,-90],[-82.204,-90],[-81.204,-90],[-80.204,-90],[-79.204,-90],[-78.204,-90],[-77.204,-90],[-76.204,-90],[-75.204,-90],[-74.204,-90],[-73.204,-90],[-72.204,-90],[-71.204,-90],[-70.204,-90],[-69.204,-90],[-68.204,-90],[-67.204,-90],[-66.204,-90],[-65.204,-90],[-64.204,-90],[-63.204,-90],[-62.204,-90],[-61.204,-90],[-60.204,-90],[-59.204,-90],[-58.204,-90],[-57.204,-90],[-56.204,-90],[-55.204,-90],[-54.204,-90],[-53.204,-90],[-52.204,-90],[-51.204,-90],[-50.204,-90],[-49.204,-90],[-48.204,-90],[-47.204,-90],[-46.204,-90],[-45.204,-90],[-44.204,-90],[-43.204,-90],[-42.204,-90],[-41.204,-90],[-40.204,-90],[-39.204,-90],[-38.204,-90],[-37.204,-90],[-36.204,-90],[-35.204,-90],[-34.204,-90],[-33.204,-90],[-32.204,-90],[-31.204,-90],[-30.204,-90],[-29.204,-90],[-28.204,-90],[-27.204,-90],[-26.204,-90],[-25.204,-90],[-24.204,-90],[-23.204,-90],[-22.204,-90],[-21.204,-90],[-20.204,-90],[-19.204,-90],[-18.204,-90],[-17.204,-90],[-16.204,-90],[-15.204,-90],[-14.204,-90],[-13.204,-90],[-12.204,-90],[-11.204,-90],[-10.204,-90],[-9.204,-90],[-8.204,-90],[-7.204,-90],[-6.204,-90],[-5.204,-90],[-4.204,-90],[-3.204,-90],[-2.204,-90],[-1.204,-90],[-0.204,-90],[0.778,-90],[1.778,-90],[2.778,-90],[3.778,-90],[4.778,-90],[5.778,-90],[6.778,-90],[7.778,-90],[8.778,-90],[9.778,-90],[10.778,-90],[11.778,-90],[12.778,-90],[13.778,-90],[14.778,-90],[15.778,-90],[16.778,-90],[17.778,-90],[18.778,-90],[19.778,-90],[20.778,-90],[21.778,-90],[22.778,-90],[23.778,-90],[24.778,-90],[25.778,-90],[26.778,-90],[27.778,-90],[28.778,-90],[29.778,-90],[30.778,-90],[31.778,-90],[32.778,-90],[33.778,-90],[34.778,-90],[35.778,-90],[36.778,-90],[37.778,-90],[38.778,-90],[39.778,-90],[40.778,-90],[41.778,-90],[42.778,-90],[43.778,-90],[44.778,-90],[45.778,-90],[46.778,-90],[47.778,-90],[48.778,-90],[49.778,-90],[50.778,-90],[51.778,-90],[52.778,-90],[53.778,-90],[54.778,-90],[55.778,-90],[56.778,-90],[57.778,-90],[58.778,-90],[59.778,-90],[60.778,-90],[61.778,-90],[62.778,-90],[63.778,-90],[64.778,-90],[65.778,-90],[66.778,-90],[67.778,-90],[68.778,-90],[69.778,-90],[70.778,-90],[71.778,-90],[72.778,-90],[73.778,-90],[74.778,-90],[75.778,-90],[76.778,-90],[77.778,-90],[78.778,-90],[79.778,-90],[80.778,-90],[81.778,-90],[82.778,-90],[83.778,-90],[84.778,-90],[85.778,-90],[86.778,-90],[87.778,-90],[88.778,-90],[89.778,-90],[89.796,-90],[90,-90],[91.778,-90],[92.778,-90],[93.778,-90],[94.778,-90],[95.778,-90],[96.778,-90],[97.778,-90],[98.778,-90],[99.778,-90],[100.778,-90],[101.778,-90],[102.778,-90],[103.778,-90],[104.778,-90],[105.778,-90],[106.778,-90],[107.778,-90],[108.778,-90],[109.778,-90],[110.778,-90],[111.778,-90],[112.778,-90],[113.778,-90],[114.778,-90],[115.778,-90],[116.778,-90],[117.778,-90],[118.778,-90],[119.778,-90],[120.778,-90],[121.778,-90],[122.778,-90],[123.778,-90],[124.778,-90],[125.778,-90],[126.778,-90],[127.778,-90],[128.778,-90],[129.778,-90],[130.778,-90],[131.778,-90],[132.778,-90],[133.778,-90],[134.778,-90],[135.778,-90],[136.778,-90],[137.778,-90],[138.778,-90],[139.778,-90],[140.778,-90],[141.778,-90],[142.778,-90],[143.778,-90],[144.778,-90],[145.778,-90],[146.778,-90],[147.778,-90],[148.778,-90],[149.778,-90],[150.778,-90],[151.778,-90],[152.778,-90],[153.778,-90],[154.778,-90],[155.778,-90],[156.778,-90],[157.778,-90],[158.778,-90],[159.778,-90],[160.778,-90],[161.778,-90],[162.778,-90],[163.778,-90],[164.778,-90],[165.778,-90],[166.778,-90],[167.778,-90],[168.778,-90],[169.778,-90],[170.778,-90],[171.778,-90],[172.778,-90],[173.778,-90],[174.778,-90],[175.778,-90],[176.778,-90],[177.778,-90],[178.778,-90],[180,-90],[180,-89.319],[180,-88.319],[180,-87.319],[180,-86.319],[180,-85.319],[180,-84.34],[169.769,-83.418]]]]}},{"type":"Feature","id":19,"properties":{"name":"Kingdom of the Two Sicilies","subjecto":"Kingdom of the Two Sicilies","partof":"Kingdom of the Two Sicilies","precision":3},"geometry":{"type":"MultiPolygon","coordinates":[[[[14.076,42.634],[13.415,42.364],[13.761,41.207],[15.666,40.092],[16.083,39.012],[15.627,38.004],[16.053,37.931],[17.095,38.915],[17.149,39.422],[16.532,39.698],[17.084,40.525],[15.991,41.406],[16.013,41.904],[14.922,41.972],[14.076,42.634]]],[[[14.942,36.739],[15.387,38.206],[13.81,37.966],[13.322,38.221],[12.454,37.766],[14.942,36.739]]]]}},{"type":"Feature","id":20,"properties":{"name":"Hohenzollern","subjecto":"Hohenzollern","partof":"Hohenzollern","precision":3},"geometry":{"type":"Polygon","coordinates":[[[8.594,47.889],[8.682,47.97],[8.512,48.112],[8.594,47.889]]]}},{"type":"Feature","id":21,"properties":{"name":"Waldeck","subjecto":"Waldeck","partof":"Waldeck","precision":3},"geometry":{"type":"Polygon","coordinates":[[[8.535,51.079],[8.715,50.949],[8.864,51.257],[8.535,51.079]]]}},{"type":"Feature","id":22,"properties":{"name":"Lippe-Detmold","subjecto":"Lippe-Detmold","partof":"Lippe-Detmold","precision":3},"geometry":{"type":"Polygon","coordinates":[[[8.833,52.16],[9.173,51.625],[9.192,51.801],[8.833,52.16]]]}},{"type":"Feature","id":23,"properties":{"name":"Brunswick","subjecto":"Brunswick","partof":"Brunswick","precision":3},"geometry":{"type":"Polygon","coordinates":[[[9.351,51.598],[10.151,51.637],[10.211,51.663],[9.192,51.801],[9.173,51.625],[9.161,51.544],[9.351,51.598]]]}},{"type":"Feature","id":24,"properties":{"name":"Brunswick","subjecto":"Brunswick","partof":"Brunswick","precision":3},"geometry":{"type":"Polygon","coordinates":[[[10.162,51.472],[10.255,51.43],[10.47,51.489],[10.55,51.575],[10.518,51.677],[10.18,51.596],[10.162,51.472]]]}},{"type":"Feature","id":25,"properties":{"name":"Anhalt","subjecto":"Anhalt","partof":"Anhalt","precision":3},"geometry":{"type":"Polygon","coordinates":[[[10.47,51.489],[10.51,51.477],[10.676,51.467],[10.973,51.584],[10.55,51.575],[10.47,51.489]]]}},{"type":"Feature","id":26,"properties":{"name":"Lübeck","subjecto":"Lübeck","partof":"Lübeck","precision":3},"geometry":{"type":"Polygon","coordinates":[[[10.884,53.882],[10.662,53.685],[10.894,53.884],[10.884,53.882]]]}},{"type":"Feature","id":27,"properties":{"name":"Oldenburg","subjecto":"Oldenburg","partof":"Oldenburg","precision":3},"geometry":{"type":"Polygon","coordinates":[[[10.771,53.931],[10.577,53.885],[10.662,53.685],[10.884,53.882],[10.771,53.931]]]}},{"type":"Feature","id":28,"properties":{"name":"Hanover","subjecto":"Hanover","partof":"Hanover","precision":3},"geometry":{"type":"Polygon","coordinates":[[[9.351,51.598],[10.162,51.472],[10.18,51.596],[10.151,51.637],[9.351,51.598]]]}},{"type":"Feature","id":29,"properties":{"name":"Bremen","subjecto":"Bremen","partof":"Bremen","precision":3},"geometry":{"type":"Polygon","coordinates":[[[8.558,53.158],[8.66,53.027],[8.744,53.085],[8.558,53.158]]]}},{"type":"Feature","id":30,"properties":{"name":"Cuxhaven","subjecto":"Cuxhaven","partof":"Cuxhaven","precision":3},"geometry":{"type":"Polygon","coordinates":[[[8.516,53.761],[8.562,53.745],[8.586,53.793],[8.516,53.761]]]}},{"type":"Feature","id":31,"properties":{"name":"Holstein","subjecto":"Holstein","partof":"Holstein","precision":3},"geometry":{"type":"Polygon","coordinates":[[[9.125,53.79],[9.752,53.503],[9.943,53.6],[10.577,53.885],[10.771,53.931],[10.142,54.337],[8.884,54.229],[9.125,53.79]]]}},{"type":"Feature","id":32,"properties":{"name":"Hamburg","subjecto":"Hamburg","partof":"Hamburg","precision":3},"geometry":{"type":"Polygon","coordinates":[[[9.943,53.6],[9.752,53.503],[10.023,53.455],[9.943,53.6]]]}},{"type":"Feature","id":33,"properties":{"name":"Anhalt","subjecto":"Anhalt","partof":"Anhalt","precision":3},"geometry":{"type":"Polygon","coordinates":[[[11.059,51.557],[11.134,51.517],[11.442,51.613],[11.833,52.075],[11.059,51.557]]]}},{"type":"Feature","id":34,"properties":{"name":"Schaumburg-Lippe","subjecto":"Schaumburg-Lippe","partof":"Schaumburg-Lippe","precision":3},"geometry":{"type":"Polygon","coordinates":[[[8.787,52.365],[8.77,52.242],[8.85,52.195],[8.787,52.365]]]}},{"type":"Feature","id":35,"properties":{"name":"Prussia","subjecto":"Prussia","partof":"Prussia","precision":3},"geometry":{"type":"Polygon","coordinates":[[[6.954,49.202],[8.535,51.079],[8.864,51.257],[9.161,51.544],[9.173,51.625],[8.833,52.16],[8.85,52.195],[8.77,52.242],[8.787,52.365],[7.904,52.037],[7.068,52.273],[5.979,51.804],[6,50.742],[6.109,50.117],[6.433,49.445],[6.954,49.202]]]}},{"type":"Feature","id":36,"properties":{"name":"Algiers","subjecto":"Algiers","partof":"Algiers","precision":3},"geometry":{"type":"Polygon","coordinates":[[[-1.081,32.454],[0.873,31.986],[6.269,31.873],[8.021,33.02],[7.581,34.041],[8.218,34.585],[8.272,36.323],[8.637,36.885],[5.144,36.668],[3.741,36.837],[3.324,36.651],[1.058,36.462],[0.199,36.033],[-1.147,35.629],[-2.193,35.054],[-1.738,34.605],[-1.681,33.258],[-1.081,32.454]]]}},{"type":"Feature","id":37,"properties":{"name":"Tunis","subjecto":"Tunis","partof":"Tunis","precision":3},"geometry":{"type":"Polygon","coordinates":[[[8.021,33.02],[10.413,33.631],[10.019,34.081],[11.125,35.241],[10.133,37.105],[9.416,37.275],[8.637,36.885],[8.272,36.323],[8.218,34.585],[7.581,34.041],[8.021,33.02]]]}},{"type":"Feature","id":38,"properties":{"name":"Hausa States","subjecto":"Hausa States","partof":"Hausa States","precision":3},"geometry":{"type":"Polygon","coordinates":[[[11.075,14.351],[7.16,16.039],[5.178,15.649],[4.825,12.582],[5.768,11.167],[7.183,11.049],[8.717,9.044],[9.424,9.044],[10.368,9.516],[10.84,10.577],[10.25,11.639],[10.25,12.7],[11.075,14.351]]]}},{"type":"Feature","id":39,"properties":{"name":"Tripolitania","subjecto":"Tripolitania","partof":"Tripolitania","precision":3},"geometry":{"type":"Polygon","coordinates":[[[12.117,32.879],[12.413,32.464],[14.725,30.245],[15.649,30.523],[18.885,30.221],[17.422,30.996],[15.843,31.285],[15.01,32.363],[14.157,32.679],[12.117,32.879]]]}},{"type":"Feature","id":40,"properties":{"name":"Cyrenaica","subjecto":"Cyrenaica","partof":"Cyrenaica","precision":3},"geometry":{"type":"Polygon","coordinates":[[[19.319,30.255],[20.365,30.338],[21.197,31.077],[22.122,31.077],[23.742,32.064],[23.153,32.139],[22.543,32.722],[21.673,32.816],[20.366,32.298],[19.942,31.611],[20.117,30.957],[19.319,30.255]]]}},{"type":"Feature","id":41,"properties":{"name":null,"subjecto":null,"partof":null,"precision":3},"geometry":{"type":"Polygon","coordinates":[[[41.812,21.713],[41.799,23.113],[42.417,25.09],[43.899,25.954],[46.987,25.584],[49.704,24.41],[49.395,26.078],[48.469,26.695],[47.439,28.829],[46.905,29.438],[45.87,29.856],[44.839,29.993],[44.083,30.337],[40.029,34.391],[39.342,34.597],[38.036,34.597],[37.212,33.566],[36.525,31.162],[36.593,29.787],[37.364,27.957],[38.814,24.841],[40.648,24.153],[41.07,22.263],[41.812,21.713]]]}},{"type":"Feature","id":42,"properties":{"name":"Oman","subjecto":"Oman","partof":"Oman","precision":3},"geometry":{"type":"Polygon","coordinates":[[[56.282,25.462],[56.113,24.304],[57.617,22.155],[57.617,21.511],[57.241,20.812],[57.348,20.114],[57.839,19.035],[57.806,20.172],[58.512,20.421],[58.861,21.114],[59.837,22.279],[58.628,23.458],[58.081,23.502],[57.146,23.982],[56.405,24.82],[56.282,25.462]]]}},{"type":"Feature","id":43,"properties":{"name":"Nejd","subjecto":"Nejd","partof":"Nejd","precision":3},"geometry":{"type":"Polygon","coordinates":[[[41.923,20.767],[43.595,20.06],[45.368,18.61],[51.761,19.953],[53.051,20.382],[53.373,20.758],[53.051,22.155],[51.654,22.585],[50.569,23.854],[49.704,24.41],[46.987,25.584],[43.899,25.954],[42.417,25.09],[41.799,23.113],[41.812,21.713],[41.923,20.767]]]}},{"type":"Feature","id":44,"properties":{"name":"Yemen","subjecto":"Yemen","partof":"Yemen","precision":3},"geometry":{"type":"Polygon","coordinates":[[[46.878,13.474],[46.335,14.097],[45.261,13.828],[44.509,14.097],[43.488,16.622],[42.764,16.645],[42.796,15.47],[43.384,13.565],[43.841,12.664],[44.964,12.825],[45.826,13.405],[46.878,13.474]]]}},{"type":"Feature","id":45,"properties":{"name":null,"subjecto":null,"partof":null,"precision":3},"geometry":{"type":"Polygon","coordinates":[[[50.968,24.436],[50.569,23.854],[51.654,22.585],[53.051,22.155],[53.373,20.758],[53.051,20.382],[51.761,19.953],[45.368,18.61],[43.595,20.06],[41.923,20.767],[40.82,19.685],[41.629,18.047],[42.764,16.645],[43.488,16.622],[44.509,14.097],[45.261,13.828],[46.335,14.097],[46.878,13.474],[48.036,14.045],[48.96,14.219],[49.334,14.633],[51.313,15.247],[52.135,15.687],[52.238,16.1],[52.894,16.61],[54.084,17.019],[55.195,17.149],[55.561,17.937],[56.258,17.977],[56.739,18.689],[57.839,19.035],[57.348,20.114],[57.241,20.812],[57.617,21.511],[57.617,22.155],[56.113,24.304],[56.282,25.462],[55.457,25.42],[54.347,24.154],[53.687,23.987],[52.383,24.108],[51.586,24.003],[51.587,25.609],[50.847,25.265],[50.968,24.436]]]}},{"type":"Feature","id":46,"properties":{"name":"Cochin China","subjecto":"Cochin China","partof":"Cochin China","precision":3},"geometry":{"type":"Polygon","coordinates":[[[106.704,10.448],[106.09,11.006],[105.494,10.888],[104.387,10.314],[104.979,9.981],[104.742,8.494],[106.482,9.552],[106.704,10.448]]]}},{"type":"Feature","id":47,"properties":{"name":"Đại Việt","subjecto":"Đại Việt","partof":"Đại Việt","precision":3},"geometry":{"type":"Polygon","coordinates":[[[101.968,22.534],[102.691,21.668],[102.993,20.94],[103.607,20.683],[104.129,20.94],[104.716,20.2],[103.899,19.313],[104.812,18.722],[106.638,16.484],[107.108,16.17],[107.463,14.997],[107.387,14.557],[107.515,13.422],[107.385,12.354],[105.843,11.583],[106.09,11.006],[106.704,10.448],[107.412,10.367],[108.696,11.145],[109.073,11.635],[109.068,12.487],[109.307,12.906],[108.786,15.091],[108.236,16.08],[107.809,16.283],[106.433,17.55],[106.364,18.007],[105.533,18.844],[105.843,19.702],[106.381,20.11],[106.807,20.905],[107.876,21.462],[107.098,21.649],[106.507,22.325],[106.588,22.929],[105.941,22.931],[105.313,23.296],[104.478,22.783],[102.57,22.69],[101.968,22.534]]]}},{"type":"Feature","id":48,"properties":{"name":"Morocco","subjecto":"Morocco","partof":"Morocco","precision":3},"geometry":{"type":"Polygon","coordinates":[[[-2.193,35.054],[-4.593,35.151],[-5.929,35.728],[-6.511,34.454],[-7.004,33.875],[-8.314,33.338],[-9.219,32.58],[-9.318,31.964],[-9.813,31.289],[-9.663,29.955],[-10.339,29.146],[-8.593,28.641],[-8.284,28.783],[-4.95,28.857],[-1.714,28.394],[-1.344,29.042],[-1.714,30.059],[-1.081,32.454],[-1.681,33.258],[-1.738,34.605],[-2.193,35.054]]]}},{"type":"Feature","id":49,"properties":{"name":"British Guiana","subjecto":"UK","partof":"British Guiana","precision":3},"geometry":{"type":"Polygon","coordinates":[[[-53.837,5.689],[-54.57,5.964],[-56.746,6.003],[-58.575,6.984],[-58.582,5],[-57.879,2.849],[-57.9,1.594],[-57.134,1.902],[-56.031,1.749],[-55.794,1.725],[-56.069,2.181],[-54.861,2.481],[-54.388,2.261],[-53.977,3.357],[-54.225,3.934],[-54.366,4.69],[-53.837,5.689]]]}},{"type":"Feature","id":50,"properties":{"name":"Viceroyalty of Brazil","subjecto":"Portugal","partof":"Vice-Royalty of Brazil","precision":3},"geometry":{"type":"Polygon","coordinates":[[[-54.225,3.934],[-53.977,3.357],[-54.388,2.261],[-54.861,2.481],[-56.069,2.181],[-55.794,1.725],[-56.031,1.749],[-57.134,1.902],[-57.9,1.594],[-58.853,1.154],[-60.516,2.19],[-63.327,2.062],[-63.876,1.881],[-64.19,1.396],[-64.732,1.189],[-65.356,0.562],[-67.055,0.941],[-66.66,-2.817],[-67.253,-2.553],[-67.978,-3.41],[-69.231,-3.476],[-69.363,-4.135],[-69.901,-4.379],[-70.549,-4.267],[-71.434,-4.52],[-72.769,-5.145],[-73.192,-6.081],[-73.062,-6.519],[-73.779,-7.045],[-73.842,-7.579],[-72.916,-9.041],[-66.474,-9.915],[-65.309,-9.816],[-65.273,-11.366],[-64.261,-12.472],[-63.605,-12.512],[-62.654,-13.034],[-62.079,-13.101],[-61.627,-13.625],[-60.363,-13.904],[-60.213,-15.853],[-60.032,-16.329],[-58.333,-16.37],[-58.402,-17.133],[-57.596,-18.043],[-57.777,-19.168],[-58.138,-19.812],[-55.134,-24.057],[-54.219,-24.121],[-54.597,-25.204],[-54.58,-25.743],[-53.942,-25.663],[-53.616,-26.271],[-53.731,-27.218],[-54.755,-27.694],[-55.646,-28.455],[-57.105,-29.886],[-55.874,-31.174],[-55.082,-31.411],[-53.894,-32.046],[-53.236,-32.937],[-53.406,-33.879],[-52.351,-32.675],[-52.042,-31.557],[-51.445,-31.015],[-51.232,-30.265],[-50.609,-30.302],[-50.854,-30.938],[-51.333,-31.46],[-50.806,-31.192],[-49.936,-29.627],[-48.937,-28.698],[-48.564,-27.681],[-48.516,-25.876],[-48.725,-25.426],[-46.206,-23.883],[-45.459,-23.856],[-44.561,-22.99],[-42.967,-23.031],[-41.958,-22.921],[-41.929,-22.546],[-40.984,-22.086],[-40.933,-21.279],[-39.691,-19.409],[-39.666,-18.227],[-39.142,-17.775],[-39.208,-17.146],[-38.948,-16.002],[-39.126,-14.325],[-38.799,-12.627],[-38.266,-12.887],[-37.637,-11.951],[-37.187,-10.845],[-36.829,-10.736],[-35.599,-9.628],[-35.114,-8.661],[-34.891,-7.612],[-35.039,-6.653],[-35.464,-5.268],[-37.181,-4.954],[-38.786,-3.604],[-40.231,-2.851],[-41.103,-2.974],[-42.316,-2.818],[-43.334,-2.432],[-44.222,-2.777],[-44.796,-1.736],[-45.371,-1.757],[-45.643,-1.363],[-47.237,-0.68],[-48.043,-0.816],[-48.39,-1.414],[-49.221,-2.108],[-50.643,-1.882],[-50.977,-1.114],[-52.022,-1.568],[-51.529,-0.429],[-50.647,0.272],[-49.884,1.214],[-49.969,1.728],[-50.688,2.216],[-51.209,4.071],[-51.71,4.228],[-53.027,5.427],[-53.837,5.689],[-54.366,4.69],[-54.225,3.934]]]}},{"type":"Feature","id":51,"properties":{"name":"Paraguay","subjecto":"Spain","partof":"Paraguay","precision":3},"geometry":{"type":"Polygon","coordinates":[[[-62.61,-22.157],[-61.24,-23.616],[-59.811,-24.217],[-59.077,-24.715],[-57.71,-25.336],[-58.277,-26.381],[-58.072,-27.193],[-55.732,-27.452],[-54.817,-26.558],[-54.58,-25.743],[-54.597,-25.204],[-54.219,-24.121],[-55.134,-24.057],[-58.138,-19.812],[-62.61,-22.157]]]}},{"type":"Feature","id":52,"properties":{"name":"Viceroyalty of Peru","subjecto":"Spain","partof":"Vice-Royalty of Peru","precision":3},"geometry":{"type":"Polygon","coordinates":[[[-73.905,-40.839],[-73.594,-41.697],[-72.587,-41.618],[-71.805,-41.574],[-71.86,-40.748],[-71.363,-39.029],[-70.844,-38.727],[-71.153,-37.811],[-71.095,-36.805],[-70.391,-36.165],[-70.48,-35.358],[-69.849,-34.256],[-69.84,-33.761],[-70.505,-31.689],[-70.26,-30.716],[-69.852,-30.359],[-69.951,-29.356],[-68.823,-27.267],[-68.254,-26.978],[-68.562,-25.437],[-68.393,-24.604],[-67.258,-24.083],[-67.189,-22.984],[-66.277,-22.045],[-64.756,-22.163],[-64.249,-22.878],[-63.784,-22.074],[-62.61,-22.157],[-58.138,-19.812],[-57.777,-19.168],[-57.596,-18.043],[-58.402,-17.133],[-58.333,-16.37],[-60.032,-16.329],[-60.213,-15.853],[-60.363,-13.904],[-61.627,-13.625],[-62.079,-13.101],[-62.654,-13.034],[-63.605,-12.512],[-64.261,-12.472],[-65.273,-11.366],[-65.309,-9.816],[-66.474,-9.915],[-72.916,-9.041],[-73.842,-7.579],[-73.779,-7.045],[-73.062,-6.519],[-73.192,-6.081],[-72.769,-5.145],[-71.434,-4.52],[-70.549,-4.267],[-69.901,-4.379],[-70.207,-3.808],[-71.061,-3.938],[-72.875,-3.389],[-73.255,-3.6],[-73.592,-4.444],[-74.605,-4.36],[-74.985,-4.782],[-75.691,-5.058],[-77.339,-4.795],[-77.405,-4.333],[-79.286,-5.012],[-79.692,-4.461],[-80.259,-4.414],[-80.229,-3.471],[-81.304,-4.332],[-81.418,-4.675],[-80.612,-6.37],[-80.066,-6.756],[-79.06,-8.216],[-77.759,-10.659],[-76.238,-13.502],[-76.242,-14.106],[-75.231,-15.222],[-74.05,-16.045],[-71.612,-17.221],[-71.365,-17.697],[-70.584,-18.083],[-70.209,-19.067],[-70.111,-21.748],[-70.292,-22.987],[-70.573,-23.166],[-70.398,-25.249],[-70.935,-27.727],[-71.43,-29.1],[-71.33,-30.104],[-71.682,-30.6],[-71.403,-32.645],[-71.75,-33.191],[-71.61,-33.572],[-72.167,-34.958],[-72.629,-35.646],[-73.144,-37.156],[-73.69,-37.367],[-73.401,-38.099],[-73.441,-38.628],[-73.196,-39.419],[-73.905,-40.839]]]}},{"type":"Feature","id":53,"properties":{"name":"Viceroyalty of the Río de la Plata","subjecto":"Spain","partof":"Viceroyalty of the Río de la Plata","precision":3},"geometry":{"type":"Polygon","coordinates":[[[-67.189,-22.984],[-67.258,-24.083],[-68.393,-24.604],[-68.562,-25.437],[-68.254,-26.978],[-68.823,-27.267],[-69.951,-29.356],[-69.852,-30.359],[-70.26,-30.716],[-70.505,-31.689],[-69.84,-33.761],[-69.849,-34.256],[-70.48,-35.358],[-70.391,-36.165],[-71.095,-36.805],[-71.153,-37.811],[-70.844,-38.727],[-71.363,-39.029],[-71.86,-40.748],[-71.805,-41.574],[-70.75,-41.003],[-69.951,-40.971],[-68.827,-39.728],[-66.282,-40.261],[-64.98,-40.083],[-64.211,-40.557],[-62.731,-41.05],[-62.289,-40.675],[-62.466,-40.368],[-62.068,-39.556],[-62.351,-39.333],[-61.361,-39.031],[-59.515,-38.875],[-57.809,-38.386],[-56.698,-36.944],[-56.8,-36.543],[-57.294,-36.27],[-57.372,-36.149],[-57.226,-35.436],[-58.523,-34.587],[-57.348,-34.508],[-56.338,-34.995],[-55.383,-34.816],[-54.622,-34.922],[-54.074,-34.648],[-53.406,-33.879],[-53.236,-32.937],[-53.894,-32.046],[-55.082,-31.411],[-55.874,-31.174],[-57.105,-29.886],[-55.646,-28.455],[-54.755,-27.694],[-53.731,-27.218],[-53.616,-26.271],[-53.942,-25.663],[-54.58,-25.743],[-54.817,-26.558],[-55.732,-27.452],[-58.072,-27.193],[-58.277,-26.381],[-57.71,-25.336],[-59.077,-24.715],[-59.811,-24.217],[-61.24,-23.616],[-62.61,-22.157],[-63.784,-22.074],[-64.249,-22.878],[-64.756,-22.163],[-66.277,-22.045],[-67.189,-22.984]]]}},{"type":"Feature","id":54,"properties":{"name":null,"subjecto":null,"partof":null,"precision":3},"geometry":{"type":"Polygon","coordinates":[[[-65.781,-47.712],[-66.078,-48.142],[-67.578,-49.059],[-67.833,-49.968],[-69.041,-50.562],[-69.115,-51.352],[-69.077,-51.499],[-69.041,-50.562],[-67.833,-49.968],[-67.578,-49.059],[-66.078,-48.142],[-65.781,-47.712]]]}},{"type":"Feature","id":55,"properties":{"name":null,"subjecto":null,"partof":null,"precision":3},"geometry":{"type":"Polygon","coordinates":[[[-71.442,-53.882],[-70.998,-53.821],[-70.734,-52.802],[-69.895,-52.627],[-70.416,-52.668],[-70.734,-52.802],[-70.998,-53.821],[-71.442,-53.882]]]}},{"type":"Feature","id":56,"properties":{"name":"Arakan","subjecto":"Arakan","partof":"Arakan","precision":3},"geometry":{"type":"Polygon","coordinates":[[[92.51,22.11],[92.598,21.387],[92.124,20.996],[93.334,20.025],[94.054,19.061],[94.465,17.643],[95.164,17.643],[95.362,18.038],[94.702,20.016],[93.318,21.73],[92.51,22.11]]]}},{"type":"Feature","id":57,"properties":{"name":"Venetia","subjecto":"Venetia","partof":"Venetia","precision":3},"geometry":{"type":"Polygon","coordinates":[[[13.8,45.566],[13.569,46.51],[11.908,46.414],[10.66,45.807],[10.671,45.367],[10.856,45.051],[11.17,45.067],[12.378,44.732],[12.176,45.214],[13.156,45.727],[13.8,45.566]]]}},{"type":"Feature","id":58,"properties":{"name":"Parma","subjecto":"Parma","partof":"Parma","precision":3},"geometry":{"type":"Polygon","coordinates":[[[9.572,44.437],[9.978,44.407],[10.056,44.38],[10.127,44.357],[10.393,45.026],[9.131,45.121],[9.572,44.437]]]}},{"type":"Feature","id":59,"properties":{"name":"Papal States","subjecto":"Papal States","partof":"Papal States","precision":3},"geometry":{"type":"Polygon","coordinates":[[[12.378,44.732],[11.17,45.067],[11.202,44.143],[11.854,44.357],[12.302,43.278],[11.96,42.007],[12.977,41.371],[13.761,41.207],[13.415,42.364],[14.076,42.634],[13.601,43.535],[12.697,43.935],[12.378,44.732]]]}},{"type":"Feature","id":60,"properties":{"name":"Pontremoli","subjecto":"Pontremoli","partof":"Pontremoli","precision":3},"geometry":{"type":"Polygon","coordinates":[[[9.878,44.29],[9.978,44.407],[9.572,44.437],[9.878,44.29]]]}},{"type":"Feature","id":61,"properties":{"name":"Fivizzano","subjecto":"Fivizzano","partof":"Fivizzano","precision":3},"geometry":{"type":"Polygon","coordinates":[[[10.056,44.38],[10.037,44.292],[10.141,44.219],[10.172,44.312],[10.127,44.357],[10.056,44.38]]]}},{"type":"Feature","id":62,"properties":{"name":"Lucca","subjecto":"Lucca","partof":"Lucca","precision":3},"geometry":{"type":"Polygon","coordinates":[[[10.338,43.596],[10.692,44.091],[10.41,43.937],[10.261,43.745],[10.338,43.596]]]}},{"type":"Feature","id":63,"properties":{"name":"Tuscany","subjecto":"Tuscany","partof":"Tuscany","precision":3},"geometry":{"type":"Polygon","coordinates":[[[11.96,42.007],[12.302,43.278],[11.854,44.357],[11.202,44.143],[10.692,44.091],[10.338,43.596],[10.743,42.851],[11.96,42.007]]]}},{"type":"Feature","id":64,"properties":{"name":"Modena","subjecto":"Modena","partof":"Modena","precision":3},"geometry":{"type":"Polygon","coordinates":[[[11.202,44.143],[11.17,45.067],[10.856,45.051],[10.393,45.026],[10.127,44.357],[10.172,44.312],[10.141,44.219],[10.037,44.292],[10.056,44.38],[9.978,44.407],[9.878,44.29],[9.825,44.153],[10.155,43.881],[10.41,43.937],[10.692,44.091],[11.202,44.143]]]}},{"type":"Feature","id":65,"properties":{"name":"Massa","subjecto":"Massa","partof":"Massa","precision":3},"geometry":{"type":"Polygon","coordinates":[[[10.41,43.937],[10.155,43.881],[10.261,43.745],[10.41,43.937]]]}},{"type":"Feature","id":66,"properties":{"name":"Goa","subjecto":"Goa","partof":"Goa","precision":3},"geometry":{"type":"Polygon","coordinates":[[[74.421,14.375],[74.53,14.832],[74.153,14.85],[74.421,14.375]]]}},{"type":"Feature","id":67,"properties":{"name":"Cape Colony","subjecto":"Netherlands","partof":"Cape Colony","precision":3},"geometry":{"type":"Polygon","coordinates":[[[22.589,-34.135],[22.092,-33.357],[20.494,-33.121],[19.962,-31.878],[18.336,-32.339],[17.868,-32.994],[18.459,-33.832],[18.487,-34.398],[19.181,-34.422],[19.884,-34.992],[20.256,-34.623],[21.669,-34.506],[22.589,-34.135]]]}},{"type":"Feature","id":68,"properties":{"name":"Dutch settlements","subjecto":"Dutch settlements","partof":"Dutch settlements","precision":3},"geometry":{"type":"Polygon","coordinates":[[[25.619,-33.919],[25.632,-32.384],[24.519,-32.529],[23.099,-32.055],[22.033,-31.168],[21.441,-30.99],[20.08,-31.227],[19.015,-31.108],[17.432,-30.57],[18.336,-32.339],[19.962,-31.878],[20.494,-33.121],[22.092,-33.357],[22.589,-34.135],[23.499,-34.07],[24.43,-34.335],[25.619,-33.919]]]}},{"type":"Feature","id":69,"properties":{"name":"Xhosa","subjecto":"Xhosa","partof":"Xhosa","precision":3},"geometry":{"type":"Polygon","coordinates":[[[29.086,-32.127],[28.425,-31.168],[27.892,-31.108],[27.005,-31.878],[25.632,-32.384],[25.619,-33.919],[26.659,-33.847],[27.656,-33.254],[29.086,-32.127]]]}},{"type":"Feature","id":70,"properties":{"name":"Zulu","subjecto":"Zulu","partof":"Zulu","precision":3},"geometry":{"type":"Polygon","coordinates":[[[30.295,-30.92],[31.563,-29.21],[32.235,-28.744],[32.345,-28.026],[32.767,-27.517],[32.887,-26.715],[32.094,-26.255],[28.721,-28.445],[28.603,-29.274],[30.295,-30.92]]]}},{"type":"Feature","id":71,"properties":{"name":"Delagoa Bay","subjecto":"Delagoa Bay","partof":"Delagoa Bay","precision":3},"geometry":{"type":"Polygon","coordinates":[[[32.945,-25.54],[32.094,-25.604],[32.094,-26.255],[32.887,-26.715],[32.5,-26.068],[32.945,-25.54]]]}},{"type":"Feature","id":72,"properties":{"name":"Merina Kingdom","subjecto":"Merina Kingdom","partof":"Expansionist Kingdom of Merina","precision":3},"geometry":{"type":"Polygon","coordinates":[[[48.015,-17.023],[47.482,-16.904],[46.654,-17.733],[45.292,-22.645],[45.529,-23.592],[46.002,-23.592],[47.186,-23.119],[48.488,-20.041],[48.488,-19.449],[48.015,-17.023]]]}},{"type":"Feature","id":73,"properties":{"name":"Senegal","subjecto":"Senegal","partof":"Senegal","precision":3},"geometry":{"type":"Polygon","coordinates":[[[-16.87,14.364],[-16.051,15.069],[-15.755,16.253],[-16.45,16.118],[-17.221,14.725],[-16.87,14.364]]]}},{"type":"Feature","id":74,"properties":{"name":"Portuguese Guinea","subjecto":"Portuguese Guinea","partof":"Portuguese Guinea","precision":3},"geometry":{"type":"Polygon","coordinates":[[[-15.158,11.876],[-15.459,12.48],[-16.567,12.31],[-15.809,11.843],[-15.158,11.876]]]}},{"type":"Feature","id":75,"properties":{"name":null,"subjecto":null,"partof":null,"precision":3},"geometry":{"type":"Polygon","coordinates":[[[142.864,53.341],[141.767,53.272],[141.643,51.813],[142.153,50.89],[142.049,49.355],[141.74,48.807],[142.036,47.959],[141.732,47.471],[142.327,46.563],[142.993,46.954],[142.49,47.902],[142.854,49.128],[143.598,49.234],[143.633,50.235],[142.944,51.617],[143.139,52.856],[142.864,53.341]]]}},{"type":"Feature","id":76,"properties":{"name":"Afghanistan","subjecto":"Afghanistan","partof":"Afghanistan","precision":3},"geometry":{"type":"Polygon","coordinates":[[[57.314,36.829],[58.126,36.444],[60.466,33.716],[60.794,31.579],[60.82,29.833],[61.694,29.137],[64.044,28.326],[66.928,28.112],[67.981,29.455],[69.663,32.428],[70.935,33.731],[73.167,36.017],[74.428,37.47],[70.961,38.347],[64.861,38.869],[61.229,39.831],[57.314,36.829]]]}},{"type":"Feature","id":77,"properties":{"name":"Assam","subjecto":"Assam","partof":"Assam","precision":3},"geometry":{"type":"Polygon","coordinates":[[[88.196,27.824],[88.232,26.757],[88.868,26.908],[89.834,26.685],[90,26.36],[91.547,26.285],[92.163,26.501],[92.169,27.145],[90.349,27.723],[89.302,27.847],[88.196,27.824]]]}},{"type":"Feature","id":78,"properties":{"name":"Acadian Peninsula (UK)","subjecto":"Acadian Peninsula (UK)","partof":"Acadian Peninsula (UK)","precision":3},"geometry":{"type":"Polygon","coordinates":[[[-64.077,46.054],[-64.277,45.902],[-64.458,45.391],[-65.749,44.741],[-66.189,44.141],[-65.713,43.56],[-64.835,43.884],[-64.088,44.513],[-63.559,44.513],[-61.032,45.379],[-61.94,45.922],[-62.39,45.722],[-64.077,46.054]]]}},{"type":"Feature","id":79,"properties":{"name":"Viceroyalty of New Spain","subjecto":"Spain","partof":"Vice-Royalty of New Spain","precision":3},"geometry":{"type":"Polygon","coordinates":[[[-92.104,29.55],[-104.979,32.858],[-112.123,42.642],[-113.232,41.84],[-115.391,41.84],[-117.23,42.32],[-118.989,43.679],[-119.869,43.919],[-120.828,43.759],[-122.028,42],[-123.934,39.823],[-123.796,39.03],[-122.558,37.566],[-121.932,37.009],[-121.927,36.338],[-120.677,35.189],[-120.529,34.508],[-119.613,34.478],[-118.604,34.096],[-117.497,33.325],[-116.705,31.591],[-115.602,29.685],[-114.067,28.423],[-114.479,27.78],[-114.478,27.244],[-113.285,26.808],[-112.411,26.193],[-112.084,25.57],[-112.166,25.011],[-111.392,24.243],[-110.225,23.4],[-110.205,24.315],[-110.798,24.88],[-111.915,26.664],[-112.284,27.509],[-112.724,27.705],[-112.87,28.335],[-114.683,30.143],[-114.988,31.166],[-114.839,31.815],[-113.052,31.139],[-112.654,29.919],[-111.692,28.496],[-110.604,27.856],[-110.382,27.214],[-109.132,26.289],[-108.848,25.615],[-108.013,24.981],[-105.54,22.285],[-105.294,21.522],[-105.291,20.67],[-105.67,20.352],[-104.948,19.438],[-104.197,19.058],[-103.494,18.354],[-101.993,18.027],[-101.221,17.418],[-99.979,16.893],[-98.856,16.597],[-97.881,16.052],[-96.333,15.75],[-95.13,16.299],[-94.075,16.111],[-91.516,14.059],[-90,13.937],[-89.989,13.678],[-87.949,13.172],[-86.014,11.368],[-85.621,10.827],[-85.778,10.138],[-85.089,9.583],[-84.492,9.537],[-83.615,9.152],[-83.605,8.548],[-82.957,8.047],[-82.807,8.57],[-82.907,9.519],[-82.56,9.583],[-83.204,10.2],[-83.914,11.251],[-83.9,11.888],[-84.095,12.528],[-83.858,14.185],[-83.296,14.615],[-83.527,15.237],[-84.132,15.375],[-84.65,15.933],[-86.372,15.803],[-87.571,15.908],[-88.664,15.726],[-88.941,15.905],[-89.251,15.897],[-89.154,17.831],[-88.32,18.494],[-87.877,18.381],[-87.651,20.19],[-86.936,20.976],[-87.201,21.529],[-88.334,21.59],[-90,21.161],[-90,19.382],[-91.22,19.102],[-91.702,18.823],[-94.242,18.24],[-95.083,18.702],[-96.012,18.929],[-97.504,21.189],[-97.882,22.333],[-97.823,24.208],[-97.658,25.073],[-97.26,25.811],[-97.632,27.228],[-96.831,28.158],[-94.142,29.69],[-93.446,29.768],[-92.104,29.55]]]}},{"type":"Feature","id":80,"properties":{"name":"Kanem-Bornu","subjecto":"Kanem-Bornu","partof":"Kanem-Bornu","precision":3},"geometry":{"type":"Polygon","coordinates":[[[10.84,10.577],[12.019,9.87],[14.967,9.988],[16.619,11.049],[16.972,12.464],[16.843,14.328],[16.845,14.366],[16.265,16.121],[13.552,16.121],[11.075,14.351],[10.25,12.7],[10.25,11.639],[10.84,10.577]]]}},{"type":"Feature","id":81,"properties":{"name":"Air","subjecto":"Air","partof":"Air","precision":3},"geometry":{"type":"Polygon","coordinates":[[[7.183,17.3],[10.84,18.243],[11.075,22.371],[10.722,23.551],[8.363,24.494],[4.825,23.079],[4.825,19.305],[7.183,17.3]]]}},{"type":"Feature","id":82,"properties":{"name":"Songhai","subjecto":"Songhai","partof":"Songhai","precision":3},"geometry":{"type":"Polygon","coordinates":[[[0.697,15.413],[0.107,15.059],[0.649,13.155],[1.977,12.672],[3.185,12.914],[2.158,15.087],[0.697,15.413]]]}},{"type":"Feature","id":83,"properties":{"name":"Kaarta","subjecto":"Kaarta","partof":"Kaarta","precision":3},"geometry":{"type":"Polygon","coordinates":[[[-12.278,11.666],[-8.503,14.469],[-8.267,16.356],[-6.969,16.356],[-6.734,18.243],[-7.913,19.069],[-9.446,18.715],[-12.513,17.182],[-12.278,11.666]]]}},{"type":"Feature","id":84,"properties":{"name":"Segu","subjecto":"Segu","partof":"Segu","precision":3},"geometry":{"type":"Polygon","coordinates":[[[-4.964,11.757],[-4.642,12.331],[-2.252,16.592],[-4.021,18.833],[-5.79,19.069],[-6.734,18.243],[-6.969,16.356],[-8.267,16.356],[-8.503,14.469],[-12.278,11.666],[-11.464,11.222],[-8.739,11.639],[-7.323,12.111],[-5.908,12.229],[-4.964,11.757]]]}},{"type":"Feature","id":85,"properties":{"name":"Mossi States","subjecto":"Mossi States","partof":"Mossi States","precision":3},"geometry":{"type":"Polygon","coordinates":[[[-3.431,13.172],[-2.552,11.645],[-2.371,10.317],[-0.076,10.075],[0.769,12.31],[-0.837,13.408],[-2.724,13.644],[-3.431,13.172]]]}},{"type":"Feature","id":86,"properties":{"name":"Asante","subjecto":"Asante","partof":"Asante","precision":3},"geometry":{"type":"Polygon","coordinates":[[[-4.303,7.479],[-4.374,5.255],[-2.717,5.04],[-2.031,4.698],[-0.608,5.318],[-0.719,6.921],[-1.072,7.865],[-0.837,9.044],[-1.544,9.162],[-2.134,8.808],[-3.337,8.807],[-3.578,7.6],[-4.303,7.479]]]}},{"type":"Feature","id":87,"properties":{"name":"Kong Empire","subjecto":"Kong Empire","partof":"Kong Empire","precision":3},"geometry":{"type":"Polygon","coordinates":[[[-3.337,8.807],[-3.578,10.015],[-3.397,11.525],[-4.642,12.331],[-4.964,11.757],[-5.554,10.813],[-5.436,9.044],[-4.964,9.044],[-5.082,7.629],[-4.303,7.479],[-3.578,7.6],[-3.337,8.807]]]}},{"type":"Feature","id":88,"properties":{"name":"Dahomey","subjecto":"Dahomey","partof":"Dahomey","precision":3},"geometry":{"type":"Polygon","coordinates":[[[3.949,6.579],[4.211,7.781],[3.306,8.203],[2.098,8.022],[0.709,7.056],[-0.318,6.996],[-0.499,6.03],[-0.119,5.573],[0.939,5.759],[1.558,6.237],[3.46,6.381],[3.949,6.579]]]}},{"type":"Feature","id":89,"properties":{"name":"Oyo","subjecto":"Oyo","partof":"Oyo","precision":3},"geometry":{"type":"Polygon","coordinates":[[[6.446,7.117],[7.653,8.203],[5.721,9.532],[3.668,8.989],[3.306,8.203],[4.211,7.781],[5.057,7.298],[6.446,7.117]]]}},{"type":"Feature","id":90,"properties":{"name":"Africa","subjecto":"Africa","partof":"Africa","precision":3},"geometry":{"type":"Polygon","coordinates":[[[4.886,6.003],[5.057,7.298],[4.211,7.781],[3.949,6.579],[4.886,6.003]]]}},{"type":"Feature","id":91,"properties":{"name":"Sotho","subjecto":"Sotho","partof":"Sotho","precision":3},"geometry":{"type":"Polygon","coordinates":[[[5.057,7.298],[4.886,6.003],[5.607,4.632],[6.089,4.328],[7.176,4.527],[6.734,5.008],[7.049,6.392],[6.446,7.117],[5.057,7.298]]]}},{"type":"Feature","id":92,"properties":{"name":"Bagirmi","subjecto":"Bagirmi","partof":"Bagirmi","precision":3},"geometry":{"type":"Polygon","coordinates":[[[14.967,9.988],[15.141,8.928],[18.04,7.358],[20.395,8.022],[20.515,9.592],[17.677,10.86],[16.619,11.049],[14.967,9.988]]]}},{"type":"Feature","id":93,"properties":{"name":"Wadai","subjecto":"Wadai","partof":"Wadai","precision":3},"geometry":{"type":"Polygon","coordinates":[[[20.515,16.476],[19.791,14.967],[19.368,13.397],[19.911,12.612],[22.629,13.215],[22.81,13.759],[22.327,15.329],[21.542,16.597],[20.515,16.476]]]}},{"type":"Feature","id":94,"properties":{"name":"Darfur","subjecto":"Darfur","partof":"Darfur","precision":3},"geometry":{"type":"Polygon","coordinates":[[[22.689,15.329],[23.172,13.578],[24.32,12.793],[29.09,13.155],[29.996,14.242],[29.15,17.926],[27.46,18.167],[23.112,16.597],[22.689,15.329]]]}},{"type":"Feature","id":95,"properties":{"name":"Lunda","subjecto":"Lunda","partof":"Lunda","precision":3},"geometry":{"type":"Polygon","coordinates":[[[23.504,-10.335],[23.263,-9.671],[23.625,-6.772],[21.331,-6.712],[17.889,-7.376],[17.466,-8.161],[18.251,-11.12],[23.021,-10.818],[23.504,-10.335]]]}},{"type":"Feature","id":96,"properties":{"name":"Luba","subjecto":"Luba","partof":"Luba","precision":3},"geometry":{"type":"Polygon","coordinates":[[[23.625,-6.772],[23.263,-9.671],[23.504,-10.335],[25.467,-10.395],[25.648,-9.972],[26.373,-10.274],[27.339,-9.61],[28.728,-9.731],[29.271,-9.187],[30.358,-9.248],[31.083,-8.704],[29.332,-5.323],[25.98,-5.142],[25.316,-6.531],[23.625,-6.772]]]}},{"type":"Feature","id":97,"properties":{"name":"Congo","subjecto":"Congo","partof":"Congo","precision":3},"geometry":{"type":"Polygon","coordinates":[[[12.372,-6.258],[12.796,-6.861],[13.387,-8.156],[13.431,-8.823],[13.084,-9.287],[14.329,-9.368],[14.325,-8.234],[14.09,-7.706],[14.399,-7.198],[14.99,-7.198],[15.05,-6.015],[14.576,-4.772],[14.103,-4.949],[13.274,-5.778],[12.372,-6.258]]]}},{"type":"Feature","id":98,"properties":{"name":"Lozi","subjecto":"Lozi","partof":"Lozi","precision":3},"geometry":{"type":"Polygon","coordinates":[[[22.901,-16.977],[23.384,-17.158],[23.565,-16.192],[23.217,-14.064],[22.719,-14.018],[22.901,-16.977]]]}},{"type":"Feature","id":99,"properties":{"name":"Lozi","subjecto":"Lozi","partof":"Lozi","precision":3},"geometry":{"type":"Polygon","coordinates":[[[18.794,-3.934],[18.674,-5.021],[19.64,-5.383],[19.821,-5.745],[22.055,-5.142],[21.995,-4.055],[21.693,-3.813],[20.304,-3.994],[18.794,-3.934]]]}},{"type":"Feature","id":100,"properties":{"name":"Rozwi","subjecto":"Rozwi","partof":"Rozwi","precision":3},"geometry":{"type":"Polygon","coordinates":[[[26.946,-18.668],[26.282,-20.661],[26.886,-21.929],[29.905,-22.05],[30.69,-20.057],[30.147,-18.547],[27.671,-18.004],[26.946,-18.668]]]}},{"type":"Feature","id":101,"properties":{"name":"Rift Valley States","subjecto":"Rift Valley States","partof":"Rift Valley States","precision":3},"geometry":{"type":"Polygon","coordinates":[[[30.6,1.38],[29.633,-0.13],[29.15,-3.692],[29.513,-4.417],[31.204,-4.417],[31.566,-1.337],[32.592,0.716],[32.29,1.622],[31.324,2.286],[30.6,1.38]]]}},{"type":"Feature","id":102,"properties":{"name":"India","subjecto":"British East India Company","partof":"British East India Company","precision":3},"geometry":{"type":"Polygon","coordinates":[[[80.46,15.773],[81.088,15.827],[81.369,16.347],[82.235,16.647],[82.354,17.086],[83.381,17.711],[84.263,18.456],[85.113,19.442],[84.442,21.076],[83.748,21.076],[82.386,20.228],[81.332,18.069],[80.998,17.941],[80.51,16.759],[79.816,16.347],[80.46,15.773]]]}},{"type":"Feature","id":103,"properties":{"name":"Ambur","subjecto":"Ambur","partof":"Ambur","precision":3},"geometry":{"type":"Polygon","coordinates":[[[78.621,12.261],[78.929,13.058],[78.493,13.623],[76.951,13.572],[76.488,12.75],[77.182,12.621],[78.081,12.056],[78.621,12.261]]]}},{"type":"Feature","id":104,"properties":{"name":"Malabar","subjecto":"Netherlands","partof":"Malabar","precision":3},"geometry":{"type":"Polygon","coordinates":[[[76.248,10.104],[77.048,10.499],[76.051,11.465],[75.591,11.518],[76.248,10.104]]]}},{"type":"Feature","id":105,"properties":{"name":"Cochin","subjecto":"Netherlands","partof":"Cochin","precision":3},"geometry":{"type":"Polygon","coordinates":[[[76.467,9.41],[77.285,9.435],[77.567,10.283],[77.048,10.499],[76.248,10.104],[76.467,9.41]]]}},{"type":"Feature","id":106,"properties":{"name":"Travancore","subjecto":"Netherlands","partof":"Travancore","precision":3},"geometry":{"type":"Polygon","coordinates":[[[77.645,9.383],[77.285,9.435],[76.467,9.41],[76.704,8.706],[77.341,8.053],[77.734,8.177],[77.645,9.383]]]}},{"type":"Feature","id":107,"properties":{"name":"Mysore","subjecto":"Mysore","partof":"Indian princely states","precision":3},"geometry":{"type":"Polygon","coordinates":[[[74.421,14.375],[75.211,12.102],[75.591,11.518],[76.051,11.465],[77.048,10.499],[77.567,10.283],[77.285,9.435],[77.645,9.383],[78.467,10.077],[78.415,11.182],[78.775,11.799],[78.621,12.261],[78.081,12.056],[77.182,12.621],[76.488,12.75],[76.951,13.572],[78.493,13.623],[78.313,14.266],[77.601,14.496],[76.964,14.703],[76.141,14.806],[74.421,14.375]]]}},{"type":"Feature","id":108,"properties":{"name":"Kandy","subjecto":"Kandy","partof":"Kandy","precision":3},"geometry":{"type":"Polygon","coordinates":[[[81.345,6.608],[81.396,7.276],[81.139,8.175],[80.112,8.33],[80.079,7.744],[80.786,6.574],[81.056,6.473],[81.345,6.608]]]}},{"type":"Feature","id":109,"properties":{"name":"Carnatic","subjecto":"Carnatic","partof":"Carnatic","precision":3},"geometry":{"type":"Polygon","coordinates":[[[80.202,13.492],[80.089,15.175],[80.46,15.773],[79.816,16.347],[79.032,15.268],[79.418,14.497],[79.418,13.392],[78.929,13.058],[78.621,12.261],[78.775,11.799],[78.415,11.182],[78.467,10.077],[77.645,9.383],[77.734,8.177],[78.314,8.996],[78.927,9.493],[79.222,10.192],[79.826,10.359],[79.711,11.445],[79.867,11.969],[79.777,12.544],[80.202,13.492]]]}},{"type":"Feature","id":110,"properties":{"name":"Madras","subjecto":"British East India Company","partof":"British East India Company","precision":3},"geometry":{"type":"Polygon","coordinates":[[[80.202,13.492],[79.777,12.544],[79.867,11.969],[80.224,12.831],[80.202,13.492]]]}},{"type":"Feature","id":111,"properties":{"name":"Gooty","subjecto":"Gooty","partof":"Gooty","precision":3},"geometry":{"type":"Polygon","coordinates":[[[77.601,14.496],[77.593,15.088],[76.964,14.703],[77.601,14.496]]]}},{"type":"Feature","id":112,"properties":{"name":"Golconda","subjecto":"Golconda","partof":"Golconda","precision":3},"geometry":{"type":"Polygon","coordinates":[[[76.141,14.806],[76.964,14.703],[77.593,15.088],[77.601,14.496],[78.313,14.266],[78.493,13.623],[78.929,13.058],[79.418,13.392],[79.418,14.497],[79.032,15.268],[79.816,16.347],[80.51,16.759],[80.998,17.941],[80.304,19.071],[80.33,19.457],[78.814,19.868],[77.812,19.2],[77.889,17.992],[76.707,17.195],[76.784,16.373],[76.501,15.936],[76.424,15.114],[76.141,14.806]]]}},{"type":"Feature","id":113,"properties":{"name":"Portuguese East Africa","subjecto":"Portuguese East Africa","partof":"Portuguese East Africa","precision":3},"geometry":{"type":"Polygon","coordinates":[[[37.275,-17.713],[36.386,-16.966],[35.546,-16.966],[34.287,-15.916],[33.343,-15.707],[33.972,-16.651],[34.812,-17.595],[34.917,-18.33],[35.378,-19.427],[37.275,-17.713]]]}},{"type":"Feature","id":114,"properties":{"name":"Zanzibar","subjecto":"Zanzibar","partof":"Zanzibar","precision":3},"geometry":{"type":"Polygon","coordinates":[[[40.524,-10.55],[39.658,-9.796],[39.27,-7.801],[39.566,-7.044],[38.922,-6.34],[38.934,-5.635],[39.267,-4.776],[40.234,-3.192],[42.44,-0.512],[43.724,0.8],[44.567,1.463],[45.541,1.967],[46.361,2.668],[47.556,3.993],[48.472,5.201],[49.046,6.416],[47.479,5.571],[45.941,3.502],[43.888,2.026],[41.055,-0.597],[38.746,-3.955],[38.222,-6.158],[38.904,-10.775],[40.524,-10.55]]]}},{"type":"Feature","id":115,"properties":{"name":"Funj","subjecto":"Funj","partof":"Funj","precision":3},"geometry":{"type":"Polygon","coordinates":[[[30.346,22.111],[29.466,20.766],[29.466,19.173],[30.691,16.845],[31.671,15.864],[31.426,13.291],[31.671,11.576],[33.142,11.576],[33.999,13.659],[33.632,15.742],[34.612,18.07],[33.877,19.663],[32.161,20.643],[31.617,21.295],[30.346,22.111]]]}},{"type":"Feature","id":116,"properties":{"name":"Awsa","subjecto":"Awsa","partof":"Awsa","precision":3},"geometry":{"type":"Polygon","coordinates":[[[39.636,14.149],[39.391,10.595],[40.371,10.473],[40.494,9.86],[42.669,11.511],[43.475,12.098],[42.079,13.861],[41.761,13.886],[40.739,14.919],[40.39,14.906],[39.636,14.149]]]}},{"type":"Feature","id":117,"properties":{"name":"Ethiopia","subjecto":"Ethiopia","partof":"Ethiopia","precision":3},"geometry":{"type":"Polygon","coordinates":[[[39.391,10.595],[39.636,14.149],[38.778,14.394],[38.043,15.007],[38.043,16.232],[36.083,16.109],[35.96,14.762],[36.462,8.547],[37.308,7.899],[38.184,8.318],[39.218,8.433],[39.562,9.122],[39.391,10.595]]]}},{"type":"Feature","id":118,"properties":{"name":"Oromo","subjecto":"Oromo","partof":"Oromo","precision":3},"geometry":{"type":"Polygon","coordinates":[[[36.462,8.547],[35.102,8.39],[34.98,7.287],[38.043,6.797],[38.043,5.694],[36.083,5.694],[36.45,2.63],[38.411,1.037],[42.332,1.773],[43.802,2.875],[43.435,3.856],[42.822,4.591],[41.719,4.713],[42.577,5.816],[42.945,6.919],[41.842,8.757],[40.494,9.86],[40.371,10.473],[39.391,10.595],[39.562,9.122],[39.218,8.433],[38.184,8.318],[37.308,7.899],[36.462,8.547]]]}},{"type":"Feature","id":119,"properties":{"name":null,"subjecto":null,"partof":null,"precision":3},"geometry":{"type":"Polygon","coordinates":[[[40.524,-10.55],[38.904,-10.775],[38.222,-6.158],[38.746,-3.955],[41.055,-0.597],[43.888,2.026],[45.941,3.502],[47.479,5.571],[49.046,6.416],[50.779,9.368],[51.13,10.71],[51.181,11.777],[50.697,11.948],[50.081,11.476],[49.304,11.246],[48.534,11.333],[47.391,11.159],[46.677,10.7],[45.909,10.832],[45.013,10.449],[44.281,10.396],[43.368,11.456],[42.669,11.511],[40.494,9.86],[41.842,8.757],[42.945,6.919],[42.577,5.816],[41.719,4.713],[42.822,4.591],[43.435,3.856],[43.802,2.875],[42.332,1.773],[38.411,1.037],[36.45,2.63],[36.083,5.694],[38.043,5.694],[38.043,6.797],[34.98,7.287],[35.102,8.39],[36.462,8.547],[35.96,14.762],[36.083,16.109],[38.043,16.232],[38.963,17.192],[38.527,18.161],[37.431,17.702],[36.45,18.07],[35.96,19.418],[37.165,20.764],[36.8,21.915],[35.251,21.369],[32.662,21],[31.617,21.295],[32.161,20.643],[33.877,19.663],[34.612,18.07],[33.632,15.742],[33.999,13.659],[33.142,11.576],[31.671,11.576],[31.426,13.291],[31.671,15.864],[30.691,16.845],[29.466,19.173],[29.466,20.766],[30.346,22.111],[29.426,22.664],[26.005,30.708],[25.258,31.438],[24.816,31.907],[23.742,32.064],[22.122,31.077],[21.197,31.077],[20.365,30.338],[19.319,30.255],[18.885,30.221],[15.649,30.523],[14.725,30.245],[12.413,32.464],[12.117,32.879],[10.413,33.631],[8.021,33.02],[6.269,31.873],[0.873,31.986],[-1.081,32.454],[-1.714,30.059],[-1.344,29.042],[-1.714,28.394],[-4.95,28.857],[-8.284,28.783],[-8.593,28.641],[-10.339,29.146],[-11.576,28.229],[-12.866,27.857],[-13.629,26.591],[-14.367,26.119],[-14.82,24.733],[-15.714,23.873],[-16.353,22.493],[-16.806,21.99],[-17.052,21.004],[-16.347,20.523],[-15.983,18.178],[-16.45,16.118],[-15.755,16.253],[-16.051,15.069],[-16.87,14.364],[-16.567,12.31],[-15.459,12.48],[-15.158,11.876],[-15.341,11.221],[-14.575,10.784],[-14.591,10.467],[-13.68,9.916],[-12.927,8.627],[-13.212,8.347],[-12.274,7.631],[-12.264,7.351],[-9.937,5.863],[-9.248,5.172],[-7.529,4.337],[-5.575,5.129],[-4.374,5.255],[-4.303,7.479],[-5.082,7.629],[-4.964,9.044],[-5.436,9.044],[-5.554,10.813],[-4.964,11.757],[-5.908,12.229],[-7.323,12.111],[-8.739,11.639],[-11.464,11.222],[-12.278,11.666],[-12.513,17.182],[-9.446,18.715],[-7.913,19.069],[-6.734,18.243],[-5.79,19.069],[-4.021,18.833],[-2.252,16.592],[-4.642,12.331],[-3.397,11.525],[-3.578,10.015],[-3.337,8.807],[-2.134,8.808],[-1.544,9.162],[-0.837,9.044],[-1.072,7.865],[-0.719,6.921],[-0.608,5.318],[-0.119,5.573],[-0.499,6.03],[-0.318,6.996],[0.709,7.056],[2.098,8.022],[3.306,8.203],[3.668,8.989],[5.721,9.532],[7.653,8.203],[6.446,7.117],[7.049,6.392],[6.734,5.008],[7.176,4.527],[8.14,4.466],[8.875,4.62],[9.032,4.138],[9.586,3.675],[9.923,2.824],[9.851,1.877],[9.473,0.116],[9.203,-0.634],[8.815,-0.896],[9.656,-2.419],[11.773,-4.537],[12.263,-5.47],[12.372,-6.258],[13.274,-5.778],[14.103,-4.949],[14.576,-4.772],[15.05,-6.015],[14.99,-7.198],[14.399,-7.198],[14.09,-7.706],[14.325,-8.234],[14.329,-9.368],[13.084,-9.287],[13.639,-10.303],[13.816,-10.976],[13.649,-12.197],[12.585,-13.464],[12.06,-15.594],[11.782,-15.868],[11.775,-17.596],[12.08,-18.491],[12.929,-19.742],[13.804,-21.443],[14.415,-22.268],[14.396,-23.075],[14.909,-25.018],[14.843,-25.622],[15.454,-27.616],[16.788,-29.139],[17.432,-30.57],[19.015,-31.108],[20.08,-31.227],[21.441,-30.99],[22.033,-31.168],[23.099,-32.055],[24.519,-32.529],[25.632,-32.384],[27.005,-31.878],[27.892,-31.108],[28.425,-31.168],[29.086,-32.127],[30.295,-30.92],[28.603,-29.274],[28.721,-28.445],[32.094,-26.255],[32.094,-25.604],[32.945,-25.54],[34.884,-24.722],[35.43,-24.225],[35.297,-23.825],[35.531,-22.458],[35.261,-22.274],[34.699,-20.572],[34.726,-19.86],[35.378,-19.427],[34.917,-18.33],[34.812,-17.595],[33.972,-16.651],[33.343,-15.707],[34.287,-15.916],[35.546,-16.966],[36.386,-16.966],[37.275,-17.713],[39.471,-16.717],[40.386,-15.736],[40.849,-14.579],[40.599,-14.401],[40.527,-12.584],[40.311,-11.345],[40.524,-10.55]],[[30.6,1.38],[31.324,2.286],[32.29,1.622],[32.592,0.716],[31.566,-1.337],[31.204,-4.417],[29.513,-4.417],[29.15,-3.692],[29.633,-0.13],[30.6,1.38]],[[26.946,-18.668],[27.671,-18.004],[30.147,-18.547],[30.69,-20.057],[29.905,-22.05],[26.886,-21.929],[26.282,-20.661],[26.946,-18.668]],[[18.794,-3.934],[20.304,-3.994],[21.693,-3.813],[21.995,-4.055],[22.055,-5.142],[19.821,-5.745],[19.64,-5.383],[18.674,-5.021],[18.794,-3.934]],[[23.625,-6.772],[25.316,-6.531],[25.98,-5.142],[29.332,-5.323],[31.083,-8.704],[30.358,-9.248],[29.271,-9.187],[28.728,-9.731],[27.339,-9.61],[26.373,-10.274],[25.648,-9.972],[25.467,-10.395],[23.504,-10.335],[23.021,-10.818],[18.251,-11.12],[17.466,-8.161],[17.889,-7.376],[21.331,-6.712],[23.625,-6.772]],[[22.689,15.329],[23.112,16.597],[27.46,18.167],[29.15,17.926],[29.996,14.242],[29.09,13.155],[24.32,12.793],[23.172,13.578],[22.689,15.329]],[[20.515,16.476],[21.542,16.597],[22.327,15.329],[22.81,13.759],[22.629,13.215],[19.911,12.612],[19.368,13.397],[19.791,14.967],[20.515,16.476]],[[-3.431,13.172],[-2.724,13.644],[-0.837,13.408],[0.769,12.31],[-0.076,10.075],[-2.371,10.317],[-2.552,11.645],[-3.431,13.172]],[[0.697,15.413],[2.158,15.087],[3.185,12.914],[1.977,12.672],[0.649,13.155],[0.107,15.059],[0.697,15.413]],[[7.183,17.3],[4.825,19.305],[4.825,23.079],[8.363,24.494],[10.722,23.551],[11.075,22.371],[10.84,18.243],[7.183,17.3]],[[16.619,11.049],[17.677,10.86],[20.515,9.592],[20.395,8.022],[18.04,7.358],[15.141,8.928],[14.967,9.988],[12.019,9.87],[10.84,10.577],[10.368,9.516],[9.424,9.044],[8.717,9.044],[7.183,11.049],[5.768,11.167],[4.825,12.582],[5.178,15.649],[7.16,16.039],[11.075,14.351],[13.552,16.121],[16.265,16.121],[16.845,14.366],[16.843,14.328],[16.972,12.464],[16.619,11.049]],[[22.901,-16.977],[22.719,-14.018],[23.217,-14.064],[23.565,-16.192],[23.384,-17.158],[22.901,-16.977]]]}},{"type":"Feature","id":120,"properties":{"name":"Oldenburg","subjecto":"Oldenburg","partof":"Oldenburg","precision":3},"geometry":{"type":"Polygon","coordinates":[[[7.875,53.634],[8.66,53.027],[8.558,53.158],[8.502,53.449],[7.875,53.634]]]}},{"type":"Feature","id":121,"properties":{"name":"Mecklenburg-Strelitz","subjecto":"Mecklenburg-Strelitz","partof":"Mecklenburg-Strelitz","precision":3},"geometry":{"type":"Polygon","coordinates":[[[10.894,53.884],[10.662,53.685],[10.577,53.885],[9.943,53.6],[10.023,53.455],[9.752,53.503],[9.125,53.79],[8.586,53.793],[8.562,53.745],[8.516,53.761],[8.502,53.449],[8.558,53.158],[8.744,53.085],[8.66,53.027],[7.875,53.634],[7.16,53.164],[7.068,52.273],[7.904,52.037],[8.787,52.365],[8.85,52.195],[8.833,52.16],[9.192,51.801],[10.211,51.663],[10.578,52.092],[11.081,52.971],[10.96,53.898],[10.894,53.884]]]}},{"type":"Feature","id":122,"properties":{"name":"Bavaria","subjecto":"Bavaria","partof":"Bavaria","precision":3},"geometry":{"type":"Polygon","coordinates":[[[12.214,50.009],[11.686,49.759],[11.652,49.039],[10.874,48.981],[10.835,47.545],[12.7,47.69],[12.694,48.129],[13.947,48.655],[12.536,49.563],[12.214,50.009]]]}},{"type":"Feature","id":123,"properties":{"name":null,"subjecto":null,"partof":null,"precision":3},"geometry":{"type":"Polygon","coordinates":[[[18.746,50.266],[18.646,50.645],[16.855,51.917],[15.765,52.265],[15.2,51.985],[15.267,51.023],[16.728,50.149],[18.746,50.266]]]}},{"type":"Feature","id":124,"properties":{"name":"Mecklenburg-Schwerin","subjecto":"Mecklenburg-Schwerin","partof":"Mecklenburg-Schwerin","precision":3},"geometry":{"type":"Polygon","coordinates":[[[10.96,53.898],[11.081,52.971],[12.092,53.2],[13.078,52.829],[13.806,53.604],[12.9,53.928],[12.463,54.255],[10.96,53.898]]]}},{"type":"Feature","id":125,"properties":{"name":"Prussia","subjecto":"Prussia","partof":"Prussia","precision":3},"geometry":{"type":"Polygon","coordinates":[[[10.973,51.584],[11.059,51.557],[11.833,52.075],[15.2,51.985],[15.765,52.265],[15.844,52.71],[17.714,52.934],[18.719,52.515],[19.285,53.165],[20.011,53.044],[22.807,53.808],[22.794,54.902],[21.684,55.353],[20.945,56.07],[21.137,54.845],[19.943,54.85],[19.328,54.161],[18.279,54.724],[14.473,53.877],[13.668,54.084],[12.9,53.928],[13.806,53.604],[13.078,52.829],[12.092,53.2],[11.081,52.971],[10.578,52.092],[10.518,51.677],[10.55,51.575],[10.973,51.584]]]}},{"type":"Feature","id":126,"properties":{"name":"Thuringia","subjecto":"Thuringia","partof":"Thuringia","precision":3},"geometry":{"type":"Polygon","coordinates":[[[11.134,51.517],[11.137,51.407],[11.538,51.307],[11.442,51.613],[11.134,51.517]]]}},{"type":"Feature","id":127,"properties":{"name":"Thuringia","subjecto":"Thuringia","partof":"Thuringia","precision":3},"geometry":{"type":"MultiPolygon","coordinates":[[[[10.255,51.43],[10.427,51.236],[10.51,51.477],[10.47,51.489],[10.255,51.43]]],[[[10.518,51.677],[10.578,52.092],[10.211,51.663],[10.151,51.637],[10.18,51.596],[10.518,51.677]]]]}},{"type":"Feature","id":128,"properties":{"name":"Saxony","subjecto":"Saxony","partof":"Saxony","precision":3},"geometry":{"type":"Polygon","coordinates":[[[12.084,50.262],[14.596,51.023],[15.267,51.023],[15.2,51.985],[11.833,52.075],[11.442,51.613],[11.538,51.307],[11.137,51.407],[11.134,51.517],[11.059,51.557],[10.973,51.584],[10.676,51.467],[10.452,51.207],[11.303,51.216],[12.084,50.262]]]}},{"type":"Feature","id":129,"properties":{"name":"Thuringia","subjecto":"Thuringia","partof":"Thuringia","precision":3},"geometry":{"type":"Polygon","coordinates":[[[10.51,51.477],[10.427,51.236],[10.452,51.207],[10.676,51.467],[10.51,51.477]]]}},{"type":"Feature","id":130,"properties":{"name":"Bavaria","subjecto":"Bavaria","partof":"Bavaria","precision":3},"geometry":{"type":"Polygon","coordinates":[[[12.084,50.262],[11.303,51.216],[10.452,51.207],[10.427,51.236],[10.255,51.43],[10.162,51.472],[9.351,51.598],[9.161,51.544],[8.864,51.257],[8.715,50.949],[8.535,51.079],[6.954,49.202],[8.158,48.978],[8.483,49.294],[9.638,49.294],[9.722,48.355],[9.464,47.649],[9.665,47.556],[10.835,47.545],[10.874,48.981],[11.652,49.039],[11.686,49.759],[12.214,50.009],[12.084,50.262]]]}},{"type":"Feature","id":131,"properties":{"name":null,"subjecto":null,"partof":null,"precision":3},"geometry":{"type":"MultiPolygon","coordinates":[]}},{"type":"Feature","id":132,"properties":{"name":"Persia","subjecto":"Persia","partof":"Persia","precision":3},"geometry":{"type":"Polygon","coordinates":[[[57.314,36.829],[54.067,36.942],[53.8,36.679],[51.796,36.432],[50.561,36.686],[50.039,37.225],[48.837,37.511],[49.041,39.145],[46.648,38.961],[44.637,39.662],[44.082,39.295],[44.205,37.867],[44.795,37.132],[45.388,35.926],[46.211,35.784],[46.184,35.058],[45.671,34.617],[45.506,33.797],[46.508,32.812],[47.793,31.797],[47.689,30.882],[48.554,29.995],[50.132,30.066],[50.705,29.401],[51.35,28.036],[52.41,27.581],[52.891,27.052],[54.646,26.391],[55.9,27.105],[56.79,26.974],[57.255,25.793],[59.031,25.308],[60.48,25.298],[61.344,25.027],[64.425,25.173],[66.3,25.495],[66.928,28.112],[64.044,28.326],[61.694,29.137],[60.82,29.833],[60.794,31.579],[60.466,33.716],[58.126,36.444],[57.314,36.829]]]}},{"type":"Feature","id":133,"properties":{"name":"central Asian khanates","subjecto":"central Asian khanates","partof":"central Asian khanates","precision":3},"geometry":{"type":"Polygon","coordinates":[[[74.104,44.991],[73.444,45.657],[73.646,46.15],[74.625,46.752],[75.826,46.818],[77.266,46.611],[79.152,46.601],[81.22,46.562],[85.383,48.148],[83.116,48.283],[84.267,49.205],[81.479,50.291],[78.65,50.806],[74.921,54.149],[72.992,55.307],[64.687,54.272],[64.457,53.581],[59.103,53.635],[58.331,50.934],[55.245,51.706],[51.387,51.063],[51.13,50.42],[51.901,49.391],[51.387,48.105],[51.773,47.462],[51.369,47.09],[52.142,46.838],[53.185,46.865],[53.149,45.957],[52.61,45.4],[51.513,45.373],[50.874,44.626],[51.171,43.718],[52.07,42.828],[52.763,42.756],[52.52,42.073],[53.985,42.106],[54.167,41.483],[54.818,40.88],[53.842,40.64],[53.257,40.765],[52.845,40.18],[53.516,39.778],[54.071,38.897],[53.88,38.025],[54.067,36.942],[57.314,36.829],[61.229,39.831],[64.861,38.869],[70.961,38.347],[74.428,37.47],[74.812,36.957],[76.487,36.65],[77.308,36.855],[78.423,37.726],[76.479,38.282],[74.104,44.991]],[[60.846,46.524],[61.175,45.188],[60.944,44.441],[60.077,43.609],[59.505,43.914],[58.367,43.737],[58.199,44.52],[58.815,45.931],[59.55,45.994],[60.009,46.561],[60.846,46.524]]]}},{"type":"Feature","id":134,"properties":{"name":"Poland","subjecto":"Poland","partof":"Poland","precision":3},"geometry":{"type":"Polygon","coordinates":[[[29.011,47.554],[30,48.593],[31.07,48.593],[29.405,50.02],[30.594,50.614],[30.832,51.328],[30.357,53.587],[30.951,55.014],[30.832,55.728],[27.859,56.203],[27.74,56.679],[24.323,57.337],[23.215,56.981],[22.564,57.616],[21.677,57.464],[20.965,56.609],[20.945,56.07],[21.684,55.353],[22.794,54.902],[22.807,53.808],[20.011,53.044],[19.285,53.165],[18.719,52.515],[17.714,52.934],[15.844,52.71],[15.765,52.265],[16.855,51.917],[18.646,50.645],[18.746,50.266],[19.772,50.198],[21.098,50.477],[22.18,51.001],[23.324,50.952],[23.296,51.482],[26.115,50.645],[26.163,48.941],[27.706,48.44],[29.011,47.554]]]}},{"type":"Feature","id":135,"properties":{"name":"Maratha Confederacy","subjecto":"Maratha Confederacy","partof":"Maratha Confederacy","precision":3},"geometry":{"type":"Polygon","coordinates":[[[86.819,21.187],[86.749,22.847],[85.335,24.888],[84.441,25.046],[84.441,24.309],[83.651,24.415],[83.599,25.099],[82.967,24.994],[80.846,26.355],[80.052,25.473],[78.599,24.832],[75.394,22.696],[74.753,22.696],[72.745,23.721],[71.762,23.721],[70.31,22.829],[69.969,22.351],[69.126,21.969],[70.21,20.948],[71.024,20.657],[72.121,21.155],[72.319,22.115],[72.696,22.129],[72.766,21.15],[73.11,20.687],[72.759,20.058],[73.064,18.032],[73.409,16.559],[74.153,14.85],[74.53,14.832],[74.421,14.375],[76.141,14.806],[76.424,15.114],[76.501,15.936],[76.784,16.373],[76.707,17.195],[77.889,17.992],[77.812,19.2],[78.814,19.868],[80.33,19.457],[80.304,19.071],[80.998,17.941],[81.332,18.069],[82.386,20.228],[83.748,21.076],[84.442,21.076],[85.113,19.442],[86.119,19.807],[86.926,20.691],[86.819,21.187]]]}},{"type":"Feature","id":136,"properties":{"name":"Bengal","subjecto":"British East India Company","partof":"British East India Company","precision":3},"geometry":{"type":"Polygon","coordinates":[[[86.819,21.187],[87.641,21.563],[88.723,21.54],[90,21.93],[90,22.561],[91.41,22.721],[92.124,20.996],[92.598,21.387],[92.51,22.11],[92.529,22.595],[92.047,23.69],[91.566,24.346],[91.434,26.098],[90,25.966],[90,26.36],[89.834,26.685],[88.868,26.908],[88.232,26.757],[88.092,26.445],[86.777,26.467],[83.874,27.382],[84.453,26.371],[84.112,26.071],[82.914,26.52],[82.599,25.888],[82.967,24.994],[83.599,25.099],[83.651,24.415],[84.441,24.309],[84.441,25.046],[85.335,24.888],[86.749,22.847],[86.819,21.187]]]}},{"type":"Feature","id":137,"properties":{"name":"Kingdom of Ireland","subjecto":"Kingdom of Ireland","partof":"Kingdom of Ireland","precision":3},"geometry":{"type":"Polygon","coordinates":[[[-6.963,55.241],[-8.345,55.095],[-8.59,54.203],[-9.892,54.326],[-9.81,53.632],[-9.158,53.221],[-9.891,52.194],[-9.819,51.435],[-8.565,51.615],[-7.751,52.033],[-6.406,52.214],[-6.043,52.893],[-6.443,53.899],[-5.662,54.322],[-6.018,55.093],[-6.963,55.241]]]}},{"type":"Feature","id":138,"properties":{"name":"Guanches","subjecto":"Guanches","partof":"Guanches","precision":3},"geometry":{"type":"Polygon","coordinates":[[[-14.51,28.05],[-13.881,28.199],[-14.147,28.391],[-14.51,28.05]]]}},{"type":"Feature","id":139,"properties":{"name":"Quebec","subjecto":"France","partof":"Quebec","precision":3},"geometry":{"type":"MultiPolygon","coordinates":[[[[-67.187,45.252],[-65.76,45.294],[-64.277,45.902],[-64.077,46.054],[-64.892,46.912],[-65.213,48.121],[-64.398,48.456],[-64.952,49.207],[-66.03,49.166],[-68.341,48.546],[-68.307,49.227],[-67.318,49.425],[-66.373,50.314],[-61.64,50.277],[-60.138,50.412],[-59.132,50.836],[-58.524,51.379],[-56.964,51.488],[-55.659,52.187],[-56.11,52.605],[-62.78,51.915],[-67.337,52.475],[-69.496,52.475],[-71.575,51.115],[-72.774,49.116],[-74.613,47.597],[-76.053,47.757],[-77.892,47.197],[-79.97,47.197],[-82.449,47.517],[-88.366,50.556],[-89.565,50.556],[-90,49.996],[-90,49.196],[-89.563,47.988],[-88.095,49.005],[-86.384,48.725],[-85.797,47.966],[-85.027,47.94],[-84.564,46.735],[-84.526,46.724],[-84.441,46.7],[-83.78,46.258],[-80.807,45.955],[-79.918,44.967],[-80.224,44.505],[-81.095,44.799],[-81.719,44.139],[-81.808,43.318],[-82.434,43.145],[-82.823,41.997],[-81.439,42.587],[-79.05,42.852],[-79.14,43.222],[-79.153,43.772],[-76.876,44.112],[-76.133,44.327],[-74.782,45.012],[-71.535,44.959],[-70.589,45.295],[-69.565,46.946],[-69.049,47.464],[-67.699,47.041],[-67.559,45.772],[-67.187,45.252]]],[[[-61.047,46.664],[-61.409,46.046],[-60.507,45.664],[-59.807,46.081],[-61.047,46.664]]],[[[-58.106,49.083],[-59.157,47.67],[-56.804,47.616],[-56.079,47.865],[-53.896,47.557],[-54.125,47.113],[-53.07,46.731],[-52.729,47.455],[-54.13,48.836],[-54.158,49.477],[-55.107,49.279],[-56.662,50.056],[-55.557,51.326],[-56.152,51.47],[-57.356,50.595],[-58.128,49.496],[-58.106,49.083]]]]}},{"type":"Feature","id":140,"properties":{"name":"Dominica","subjecto":"Dominica","partof":"Dominica","precision":3},"geometry":{"type":"Polygon","coordinates":[[[-61.364,15.198],[-61.255,15.285],[-61.304,15.574],[-61.475,15.486],[-61.364,15.198]]]}},{"type":"Feature","id":141,"properties":{"name":"Anguilla","subjecto":"Anguilla","partof":"Anguilla","precision":3},"geometry":{"type":"Polygon","coordinates":[[[-63.168,18.164],[-62.993,18.227],[-63.058,18.256],[-63.168,18.164]]]}},{"type":"Feature","id":142,"properties":{"name":"Netherlands Antilles","subjecto":"Netherlands Antilles","partof":"Netherlands Antilles","precision":3},"geometry":{"type":"Polygon","coordinates":[[[-68.966,12.199],[-69.078,12.349],[-69.158,12.311],[-69.062,12.188],[-68.832,12.049],[-68.824,12.16],[-68.966,12.199]]]}},{"type":"Feature","id":143,"properties":{"name":"Saint Martin","subjecto":"Saint Martin","partof":"Saint Martin","precision":3},"geometry":{"type":"Polygon","coordinates":[[[-63.011,18.067],[-63.045,18.121],[-63.14,18.059],[-63.011,18.067]]]}},{"type":"Feature","id":144,"properties":{"name":"Saint Barthelemy","subjecto":"Saint Barthelemy","partof":"Saint Barthelemy","precision":3},"geometry":{"type":"Polygon","coordinates":[[[-63.14,18.059],[-63.033,18.016],[-63.011,18.067],[-63.14,18.059]]]}},{"type":"Feature","id":145,"properties":{"name":"Polynesians","subjecto":"Polynesians","partof":"Polynesians","precision":3},"geometry":{"type":"Polygon","coordinates":[[[-155.783,18.946],[-154.948,19.483],[-155.931,20.284],[-156.163,19.808],[-155.783,18.946]]]}},{"type":"Feature","id":146,"properties":{"name":"Shuar","subjecto":"Shuar","partof":"Shuar","precision":3},"geometry":{"type":"Polygon","coordinates":[[[-78.562,-2.129],[-78.392,-2.913],[-77.9,-3.113],[-77.254,-2.759],[-77.254,-2.098],[-77.854,-1.667],[-78.562,-2.129]]]}},{"type":"Feature","id":147,"properties":{"name":null,"subjecto":null,"partof":null,"precision":3},"geometry":{"type":"Polygon","coordinates":[[[19.334,57.956],[19.105,57.975],[19.142,57.908],[19.334,57.956]]]}},{"type":"Feature","id":148,"properties":{"name":"Suspiaq","subjecto":"Suspiaq","partof":"Suspiaq","precision":3},"geometry":{"type":"MultiPolygon","coordinates":[[[[-148.84,60.545],[-148.755,60.683],[-151.784,59.962],[-151.388,59.213],[-149.326,60.027],[-148.84,60.545]]],[[[-154.097,59.412],[-157.153,58.686],[-157.665,57.604],[-160.457,56.2],[-159.077,55.992],[-158.527,56.449],[-156.496,57.1],[-156.685,57.401],[-154.649,58.076],[-153.455,58.877],[-154.282,59.249],[-154.097,59.412]]]]}},{"type":"Feature","id":149,"properties":{"name":"Yup'ik & Cup'ik","subjecto":"Yup'ik & Cup'ik","partof":"Yup'ik & Cup'ik","precision":3},"geometry":{"type":"Polygon","coordinates":[[[-161.001,63.628],[-163.309,63.038],[-164.292,63.25],[-165.431,62.43],[-165.898,61.27],[-164.539,60.95],[-165.128,60.542],[-164.027,59.798],[-162.378,60.163],[-162.004,58.827],[-160.431,59.002],[-157.153,58.686],[-154.097,59.412],[-153.976,59.519],[-153.17,59.74],[-161.001,63.628]]]}},{"type":"Feature","id":150,"properties":{"name":"Inupiaq","subjecto":"Inupiaq","partof":"Inupiaq","precision":3},"geometry":{"type":"Polygon","coordinates":[[[-141.014,68.406],[-138.3,69.143],[-141.161,69.599],[-143.308,70.197],[-145.273,70.116],[-149.286,70.539],[-152.137,70.534],[-152.971,70.934],[-156.905,71.346],[-157.812,70.971],[-160.24,70.858],[-162.879,69.999],[-164.067,69.065],[-166.297,68.88],[-166.844,68.405],[-164.513,67.797],[-163.739,67.218],[-161.936,67.088],[-161.261,66.396],[-162.275,66.071],[-163.843,66.178],[-164.463,66.596],[-168.18,65.694],[-166.139,65.355],[-166.586,64.73],[-163.025,64.442],[-161.291,64.964],[-161.006,64.158],[-160.927,63.952],[-157.178,64.013],[-141.014,68.406]]]}},{"type":"Feature","id":151,"properties":{"name":null,"subjecto":null,"partof":null,"precision":3},"geometry":{"type":"Polygon","coordinates":[[[-147.27,60.94],[-145.138,60.454],[-144.406,60.093],[-141.092,59.829],[-140.708,60.254],[-140.895,60.389],[-140.927,63.786],[-140.974,66.026],[-141.014,68.406],[-157.178,64.013],[-160.927,63.952],[-161.006,64.158],[-160.89,63.857],[-161.001,63.628],[-153.17,59.74],[-151.784,59.962],[-148.755,60.683],[-148.84,60.545],[-148.728,60.727],[-147.638,61.052],[-147.27,60.94]]]}},{"type":"Feature","id":152,"properties":{"name":"Eyaq","subjecto":"Eyaq","partof":"Eyaq","precision":3},"geometry":{"type":"Polygon","coordinates":[[[-130.003,55.289],[-130.287,56.107],[-131.725,56.605],[-133.503,58.424],[-135.855,59.646],[-137.223,58.882],[-139.005,60.258],[-140.708,60.254],[-141.092,59.829],[-139.573,59.9],[-139.2,59.277],[-137.577,58.604],[-134.123,58.239],[-133.341,57.377],[-131.767,56.01],[-130.003,55.289]]]}},{"type":"Feature","id":153,"properties":{"name":"Rupert's Land","subjecto":"Rupert's Land","partof":"Rupert's Land","precision":3},"geometry":{"type":"Polygon","coordinates":[[[-94.82,49.051],[-93.713,48.574],[-92.839,48.515],[-91.682,48.039],[-90,48.249],[-89.622,47.968],[-89.563,47.988],[-90,49.196],[-90,49.996],[-89.565,50.556],[-88.366,50.556],[-82.449,47.517],[-79.97,47.197],[-77.892,47.197],[-76.053,47.757],[-74.613,47.597],[-72.774,49.116],[-71.575,51.115],[-69.496,52.475],[-67.337,52.475],[-62.78,51.915],[-56.11,52.605],[-55.881,53.352],[-57.561,54.131],[-59.181,53.519],[-60.137,53.684],[-57.515,54.466],[-59.694,55.154],[-61.928,56.273],[-61.476,57.104],[-62.186,57.437],[-62.887,58.656],[-64.671,60.181],[-65.555,59.576],[-65.861,58.795],[-67.772,58.249],[-69.214,58.748],[-70.028,60.883],[-73.395,62.355],[-75.695,62.216],[-77.362,62.517],[-77.985,61.859],[-77.462,61.473],[-78.176,60.742],[-77.507,60.415],[-77.662,59.574],[-78.337,58.551],[-76.772,57.663],[-76.439,56.81],[-77.234,55.607],[-78.589,54.922],[-79.545,54.692],[-78.491,52.256],[-79.594,51.266],[-80.361,51.304],[-80.877,51.906],[-81.747,52.17],[-82.341,52.981],[-82.202,54.969],[-84.468,55.167],[-87.467,55.912],[-87.914,56.332],[-90,57.178],[-92.483,56.977],[-92.523,57.687],[-93.074,58.551],[-94.684,58.878],[-94.753,59.95],[-93.423,61.858],[-91.417,62.853],[-90,62.946],[-90,63.609],[-88.377,64.057],[-87.435,64.569],[-88.171,65.13],[-85.987,66.163],[-83.139,66.373],[-81.499,67.069],[-81.295,67.499],[-82.687,68.697],[-81.48,69.189],[-84.314,69.826],[-85.381,69.695],[-85.4,68.76],[-86.488,67.378],[-88.324,67.813],[-87.79,68.478],[-88.905,69.228],[-92.671,69.742],[-91.658,70.286],[-93.099,70.969],[-93.271,71.559],[-95.411,71.859],[-96.7,70.838],[-96.127,69.941],[-92.956,69.084],[-96.26,67.315],[-96.208,68.074],[-99.368,67.792],[-101.913,67.705],[-105.636,68.355],[-107.662,67.963],[-108.095,67.36],[-110.532,67.92],[-112.503,67.693],[-115.562,67.896],[-114.109,68.347],[-115.285,68.892],[-117.832,69.008],[-122.326,69.884],[-123.803,69.434],[-125.974,69.43],[-127.352,70.38],[-129.013,69.72],[-131.673,69.276],[-132.303,69.487],[-135.439,69.526],[-136.203,68.876],[-138.3,69.143],[-141.014,68.406],[-140.974,66.026],[-140.927,63.786],[-140.895,60.389],[-140.708,60.254],[-139.005,60.258],[-137.223,58.882],[-135.855,59.646],[-133.503,58.424],[-131.725,56.605],[-130.287,56.107],[-130.003,55.289],[-130.299,54.548],[-130.004,53.938],[-128.889,53.418],[-127.556,52.168],[-127.675,51.245],[-127.247,50.968],[-124.939,50.596],[-124.795,50.035],[-123.847,49.663],[-122.606,48.835],[-122.826,48.023],[-124.675,48.386],[-124.309,47.459],[-123.995,45.764],[-124.331,44.072],[-124.137,43.666],[-124.63,43.014],[-124.153,41.58],[-124.365,40.334],[-123.934,39.823],[-122.028,42],[-120.828,43.759],[-119.869,43.919],[-118.989,43.679],[-117.23,42.32],[-115.391,41.84],[-113.232,41.84],[-111.793,42.88],[-112.113,44.479],[-115.311,49.057],[-110.67,49.054],[-108.461,49.059],[-104.262,49.056],[-100.46,49.043],[-94.82,49.051]]]}},{"type":"Feature","id":154,"properties":{"name":"Turks and Caicos Islands","subjecto":"Turks and Caicos Islands","partof":"Turks and Caicos Islands","precision":3},"geometry":{"type":"Polygon","coordinates":[[[-71.658,21.823],[-71.848,21.855],[-71.828,21.776],[-71.658,21.823]]]}},{"type":"Feature","id":155,"properties":{"name":"Bahamas","subjecto":"Bahamas","partof":"Bahamas","precision":3},"geometry":{"type":"Polygon","coordinates":[[[-77.735,26.914],[-77.526,26.856],[-77.151,26.255],[-77.04,26.498],[-77.501,26.863],[-77.735,26.914]]]}},{"type":"Feature","id":156,"properties":{"name":"Ceylon (Dutch)","subjecto":"Netherlands","partof":"Ceylon (Dutch)","precision":3},"geometry":{"type":"Polygon","coordinates":[[[80.077,9.279],[79.724,8.417],[79.854,7.061],[80.222,6.058],[81.203,6.079],[81.866,7.085],[81.326,8.259],[80.662,9.299],[80.077,9.279]],[[80.786,6.574],[80.079,7.744],[80.112,8.33],[81.139,8.175],[81.396,7.276],[81.345,6.608],[81.056,6.473],[80.786,6.574]]]}},{"type":"Feature","id":157,"properties":{"name":"United States of America","subjecto":"United States of America","partof":"United States of America","precision":3},"geometry":{"type":"Polygon","coordinates":[[[-89.622,47.968],[-90,48.249],[-91.682,48.039],[-92.839,48.515],[-93.713,48.574],[-94.82,49.051],[-94.907,47.641],[-93.351,47.15],[-93.638,46.618],[-94.415,46.209],[-94.129,45.513],[-91.345,43.957],[-91.018,42.852],[-90,42.647],[-90,41.05],[-91.018,40.887],[-91.427,40.559],[-91.345,39.781],[-90,39.331],[-90,38.267],[-89.237,37.079],[-89.687,35.933],[-90,35.81],[-90,34.132],[-91.273,33.804],[-90,32.423],[-91.632,31.502],[-91.632,30.939],[-91.171,30.325],[-90,30.039],[-89.233,30.406],[-87.775,30.263],[-86.389,30.473],[-85.487,30.039],[-85.305,29.664],[-84.317,30.092],[-83.886,30.048],[-82.647,28.907],[-82.841,27.838],[-82.31,26.825],[-81.401,25.859],[-81.098,25.125],[-80.314,25.244],[-80.05,26.551],[-80.605,28.561],[-81.405,30.073],[-81.512,30.727],[-81.182,31.64],[-80.581,32.497],[-79.349,33.11],[-78.621,33.811],[-77.963,33.933],[-77.296,34.667],[-76.622,34.763],[-75.729,35.882],[-76.215,37.943],[-76.538,38.785],[-76.15,39.067],[-75.668,37.898],[-74.153,39.765],[-73.741,40.977],[-72.854,41.294],[-71.449,41.425],[-70.302,41.759],[-70.868,42.871],[-70.216,43.8],[-69.249,43.991],[-68.804,44.393],[-67.908,44.477],[-66.939,44.879],[-67.187,45.252],[-67.559,45.772],[-67.699,47.041],[-69.049,47.464],[-69.565,46.946],[-70.589,45.295],[-71.535,44.959],[-74.782,45.012],[-76.133,44.327],[-76.174,43.625],[-76.937,43.237],[-78.503,43.362],[-79.14,43.222],[-79.05,42.852],[-80.073,42.153],[-81.811,41.495],[-82.568,41.404],[-82.823,41.997],[-82.434,43.145],[-82.658,43.84],[-83.386,44.313],[-83.431,45.275],[-84.634,45.751],[-83.78,46.258],[-84.441,46.7],[-87.273,46.512],[-87.76,46.864],[-89.311,46.881],[-90.277,46.625],[-91.15,47.368],[-89.622,47.968]],[[-87.554,41.766],[-87.908,43.192],[-87.343,44.818],[-86.72,45.867],[-85.382,46.075],[-84.952,45.408],[-86.002,44.917],[-86.514,43.681],[-86.23,42.617],[-86.518,42.035],[-87.554,41.766]]]}},{"type":"Feature","id":158,"properties":{"name":"United Kingdom","subjecto":"UK","partof":"United Kingdom","precision":3},"geometry":{"type":"Polygon","coordinates":[[[0.081,53.386],[-1.719,55.454],[-2.742,55.957],[-2.15,57.572],[-4.148,57.555],[-4.51,58.403],[-5.763,57.62],[-5.633,55.94],[-4.638,55.428],[-5.111,54.794],[-3.577,54.924],[-3.569,54.415],[-2.865,54.028],[-2.914,53.267],[-4.318,53.091],[-4.159,51.677],[-4.605,50.779],[-3.521,50.617],[-1.103,50.817],[0.192,50.731],[1.335,51.121],[0.686,51.56],[1.692,52.311],[1.376,52.809],[0.081,53.386]]]}},{"type":"Feature","id":159,"properties":{"name":"Nepal","subjecto":"Nepal","partof":"Nepal","precision":3},"geometry":{"type":"Polygon","coordinates":[[[76.29,31.137],[78.131,30.777],[78.326,29.834],[79.06,29.748],[78.887,28.539],[79.276,28.323],[79.708,29.359],[80.399,28.669],[81.3,28.293],[82.812,27.538],[83.874,27.382],[86.777,26.467],[88.092,26.445],[88.232,26.757],[88.196,27.824],[87.214,27.843],[86.604,28.133],[85.144,28.342],[83.698,29.183],[83.402,29.54],[81.449,30.403],[81.021,30.247],[79.109,31.459],[76.952,31.712],[76.29,31.137]]]}},{"type":"Feature","id":160,"properties":{"name":null,"subjecto":null,"partof":null,"precision":3},"geometry":{"type":"Polygon","coordinates":[[[14.466,44.809],[14.4,44.915],[14.316,44.887],[14.389,44.695],[14.466,44.809]]]}},{"type":"Feature","id":161,"properties":{"name":"Luisiana","subjecto":"France","partof":"Luisiana","precision":3},"geometry":{"type":"Polygon","coordinates":[[[-112.123,42.642],[-104.979,32.858],[-92.104,29.55],[-90,29.109],[-89.622,29.284],[-90,30.039],[-91.171,30.325],[-91.632,30.939],[-91.632,31.502],[-90,32.423],[-91.273,33.804],[-90,34.132],[-90,35.81],[-89.687,35.933],[-89.237,37.079],[-90,38.267],[-90,39.331],[-91.345,39.781],[-91.427,40.559],[-91.018,40.887],[-90,41.05],[-90,42.647],[-91.018,42.852],[-91.345,43.957],[-94.129,45.513],[-94.415,46.209],[-93.638,46.618],[-93.351,47.15],[-94.907,47.641],[-94.82,49.051],[-100.46,49.043],[-104.262,49.056],[-108.461,49.059],[-110.67,49.054],[-115.311,49.057],[-112.113,44.479],[-111.793,42.88],[-112.123,42.642]]]}},{"type":"Feature","id":162,"properties":{"name":"Geneva","subjecto":"Geneva","partof":"Geneva","precision":3},"geometry":{"type":"Polygon","coordinates":[[[6.164,46.269],[6.12,46.263],[5.941,46.176],[6.275,46.257],[6.164,46.269]]]}},{"type":"Feature","id":163,"properties":{"name":"France","subjecto":"France","partof":"France","precision":3},"geometry":{"type":"Polygon","coordinates":[[[5.941,46.176],[6.12,46.263],[6.108,46.576],[7.429,47.464],[7.583,47.579],[7.729,48.616],[8.158,48.978],[6.954,49.202],[6.433,49.445],[5.824,49.507],[2.875,50.682],[2.522,51.091],[1.589,50.822],[1.275,50.004],[0.033,49.334],[-1.892,49.526],[-1.591,48.638],[-2.791,48.59],[-3.091,48.872],[-4.35,48.391],[-3.955,47.904],[-2.005,47.043],[-1.075,46.015],[-1.561,43.524],[-1.915,43.305],[-0.612,42.731],[0.744,42.772],[2.363,42.293],[3.087,42.369],[3.068,42.945],[4.078,43.487],[5.829,43.021],[6.523,43.151],[7.397,43.764],[6.923,43.815],[6.943,44.869],[5.935,45.322],[5.941,46.176]]]}},{"type":"Feature","id":164,"properties":{"name":"Milano (Austria)","subjecto":"Austria","partof":"Milano (Austria)","precision":3},"geometry":{"type":"Polygon","coordinates":[[[10.671,45.367],[9.619,45.54],[9.59,46.313],[9.548,46.305],[9.46,46.379],[9.46,46.511],[9.283,46.499],[9.249,46.239],[9.009,46.041],[8.989,45.975],[9.088,45.905],[8.911,45.835],[8.897,45.956],[8.851,46.079],[8.617,46.124],[8.45,45.519],[9.131,45.121],[10.393,45.026],[10.856,45.051],[10.671,45.367]]]}},{"type":"Feature","id":165,"properties":{"name":"Austrian Empire","subjecto":"Austrian Empire","partof":"Austrian Empire","precision":3},"geometry":{"type":"Polygon","coordinates":[[[20.643,44.813],[22.133,44.511],[22.478,45.729],[24.065,46.1],[24.942,45.965],[26.191,46.809],[26.163,48.941],[26.115,50.645],[23.296,51.482],[23.324,50.952],[22.18,51.001],[21.098,50.477],[19.772,50.198],[18.746,50.266],[16.728,50.149],[15.267,51.023],[14.596,51.023],[12.084,50.262],[12.214,50.009],[12.536,49.563],[13.947,48.655],[12.694,48.129],[12.7,47.69],[10.835,47.545],[9.665,47.556],[9.562,47.5],[9.53,47.266],[9.473,47.057],[9.602,47.064],[9.88,47.02],[9.876,46.938],[10.104,46.844],[10.39,47.001],[10.47,46.855],[10.454,46.826],[10.66,45.807],[11.908,46.414],[13.569,46.51],[13.8,45.566],[14.946,44.927],[15.412,43.935],[16.992,43.323],[17.548,42.92],[15.757,44.786],[15.828,45.203],[18.258,45.122],[19.853,45.236],[20.571,44.847],[20.643,44.813]]]}},{"type":"Feature","id":166,"properties":{"name":"Kingdom of Sardinia","subjecto":"Kingdom of Sardinia","partof":"Kingdom of Sardinia","precision":3},"geometry":{"type":"Polygon","coordinates":[[[6.804,46.137],[6.864,46.292],[6.776,46.362],[6.809,46.38],[6.275,46.257],[5.941,46.176],[5.935,45.322],[6.943,44.869],[6.923,43.815],[7.397,43.764],[8.672,44.417],[9.825,44.153],[9.878,44.29],[9.572,44.437],[9.131,45.121],[8.45,45.519],[8.617,46.124],[8.613,46.125],[8.443,46.251],[8.437,46.466],[8.314,46.396],[7.873,45.921],[7.577,45.991],[7.196,45.861],[7.049,45.924],[6.876,46.054],[6.804,46.137]]]}},{"type":"Feature","id":167,"properties":{"name":"Republic of the Seven Zenden","subjecto":"Republic of the Seven Zenden","partof":"Republic of the Seven Zenden","precision":3},"geometry":{"type":"Polygon","coordinates":[[[7.873,45.921],[8.314,46.396],[6.878,46.394],[6.809,46.38],[6.776,46.362],[6.864,46.292],[6.804,46.137],[6.876,46.054],[7.049,45.924],[7.196,45.861],[7.577,45.991],[7.873,45.921]]]}},{"type":"Feature","id":168,"properties":{"name":"Swiss Confederation","subjecto":"Swiss Confederation","partof":"Swiss Confederation","precision":3},"geometry":{"type":"Polygon","coordinates":[[[9.562,47.5],[8.983,47.68],[8.827,47.681],[8.572,47.808],[8.407,47.674],[8.584,47.596],[8.217,47.621],[7.691,47.534],[7.64,47.563],[7.7,47.602],[7.598,47.59],[7.429,47.464],[6.108,46.576],[6.12,46.263],[6.164,46.269],[6.878,46.394],[8.314,46.396],[8.437,46.466],[8.443,46.251],[8.613,46.125],[8.851,46.079],[8.897,45.956],[8.911,45.835],[9.088,45.905],[8.989,45.975],[9.009,46.041],[9.249,46.239],[9.283,46.499],[9.46,46.511],[9.46,46.379],[9.548,46.305],[9.59,46.313],[9.953,46.381],[10.039,46.234],[10.166,46.41],[10.04,46.447],[10.044,46.546],[10.236,46.638],[10.293,46.554],[10.379,46.688],[10.47,46.855],[10.39,47.001],[10.104,46.844],[9.876,46.938],[9.88,47.02],[9.602,47.064],[9.473,47.057],[9.53,47.266],[9.562,47.5]]]}},{"type":"Feature","id":169,"properties":{"name":"Baden","subjecto":"Baden","partof":"Baden","precision":3},"geometry":{"type":"Polygon","coordinates":[[[8.636,47.776],[8.594,47.889],[8.512,48.112],[8.368,48.487],[9.638,49.294],[8.483,49.294],[8.158,48.978],[7.729,48.616],[7.583,47.579],[7.598,47.59],[7.7,47.602],[7.64,47.563],[7.691,47.534],[8.217,47.621],[8.584,47.596],[8.407,47.674],[8.572,47.808],[8.636,47.776]]]}},{"type":"Feature","id":170,"properties":{"name":"Württemberg","subjecto":"Württemberg","partof":"Württemberg","precision":3},"geometry":{"type":"Polygon","coordinates":[[[8.512,48.112],[8.682,47.97],[8.594,47.889],[8.636,47.776],[8.983,47.68],[9.464,47.649],[9.722,48.355],[9.638,49.294],[8.368,48.487],[8.512,48.112]]]}},{"type":"Feature","id":171,"properties":{"name":"Athabascan","subjecto":"Athabascan","partof":"Athabascan","precision":3},"geometry":{"type":"Polygon","coordinates":[[[-147.27,60.94],[-145.511,62.576],[-140.946,61.888],[-140.927,63.786],[-140.974,66.026],[-141.014,68.406],[-157.178,64.013],[-160.927,63.952],[-160.89,63.857],[-161.001,63.628],[-153.17,59.74],[-151.784,59.962],[-148.755,60.683],[-148.728,60.727],[-147.638,61.052],[-147.27,60.94]]]}},{"type":"Feature","id":172,"properties":{"name":null,"subjecto":null,"partof":null,"precision":3},"geometry":{"type":"Polygon","coordinates":[[[-121.016,74.524],[-124.909,74.444],[-124.065,73.865],[-125.341,72.969],[-125.617,71.99],[-124.072,71.735],[-123.468,71.199],[-120.843,71.53],[-120.454,72.299],[-115.654,73.633],[-117.336,74.167],[-119.557,74.163],[-121.016,74.524]]]}},{"type":"Feature","id":173,"properties":{"name":null,"subjecto":null,"partof":null,"precision":3},"geometry":{"type":"Polygon","coordinates":[[[-80.638,63.914],[-81.872,63.991],[-82.11,64.644],[-83.085,64.865],[-85.558,65.864],[-86.243,64.542],[-85.463,63.206],[-84.655,63.314],[-83.517,64.052],[-80.696,63.5],[-80.638,63.914]]]}},{"type":"Feature","id":174,"properties":{"name":null,"subjecto":null,"partof":null,"precision":3},"geometry":{"type":"Polygon","coordinates":[[[-77.065,67.329],[-75.77,67.302],[-75.12,68.113],[-76.794,68.147],[-77.065,67.329]]]}},{"type":"Feature","id":175,"properties":{"name":null,"subjecto":null,"partof":null,"precision":3},"geometry":{"type":"Polygon","coordinates":[[[-98.304,69.391],[-99.365,68.974],[-96.213,68.537],[-95.515,68.809],[-97.742,69.832],[-98.304,69.391]]]}},{"type":"Feature","id":176,"properties":{"name":null,"subjecto":null,"partof":null,"precision":3},"geometry":{"type":"Polygon","coordinates":[[[-105.313,72.65],[-108.182,73.383],[-108.986,72.73],[-111.726,72.331],[-114.647,73.355],[-117.22,72.857],[-118.986,72.034],[-117.314,71.475],[-117.761,70.722],[-113.764,70.737],[-115.147,70.273],[-117.568,69.992],[-115.907,69.351],[-113.925,69.249],[-113.152,68.596],[-110.448,68.653],[-107.536,69.057],[-106.854,69.451],[-104.188,68.898],[-101.808,69.136],[-101.055,70.031],[-103.864,70.701],[-105.313,72.65]]]}},{"type":"Feature","id":177,"properties":{"name":null,"subjecto":null,"partof":null,"precision":3},"geometry":{"type":"Polygon","coordinates":[[[-97.082,73.667],[-97.957,73.922],[-100.914,73.708],[-99.955,73.263],[-101.654,72.373],[-100.319,72.14],[-98.939,71.392],[-96.85,71.88],[-96.689,72.817],[-98.394,73.131],[-97.082,73.667]]]}},{"type":"Feature","id":178,"properties":{"name":null,"subjecto":null,"partof":null,"precision":3},"geometry":{"type":"Polygon","coordinates":[[[-94.109,72.222],[-90,73.591],[-90,74],[-95.069,74.064],[-95.641,73.144],[-94.109,72.222]]]}},{"type":"Feature","id":179,"properties":{"name":null,"subjecto":null,"partof":null,"precision":3},"geometry":{"type":"Polygon","coordinates":[[[-79.739,75.47],[-83.559,75.905],[-86.618,75.432],[-90,75.95],[-90,76.591],[-92.247,76.622],[-92.366,75.421],[-89.698,74.615],[-80.349,74.616],[-79.739,75.47]]]}},{"type":"Feature","id":180,"properties":{"name":null,"subjecto":null,"partof":null,"precision":3},"geometry":{"type":"Polygon","coordinates":[[[-76.62,82.744],[-78.698,83.003],[-84.947,82.379],[-90,82.017],[-89.193,81.096],[-84.793,80.782],[-80.088,81.022],[-77.521,80.75],[-83.618,80.207],[-86.322,80.114],[-83.911,79.257],[-85.807,78.906],[-87.099,77.281],[-89.247,76.977],[-87.273,76.504],[-82.424,76.471],[-80.814,76.238],[-78.212,76.547],[-78.367,78.033],[-76.143,78.072],[-74.963,79.122],[-71.454,79.846],[-66.482,81.303],[-67.585,81.961],[-63.921,82.011],[-62.427,82.634],[-70.584,83.176],[-76.62,82.744]]]}},{"type":"Feature","id":181,"properties":{"name":null,"subjecto":null,"partof":null,"precision":3},"geometry":{"type":"Polygon","coordinates":[[[-99.024,76.423],[-101.885,76.333],[-98.002,75.162],[-97.817,76.476],[-99.024,76.423]]]}},{"type":"Feature","id":182,"properties":{"name":null,"subjecto":null,"partof":null,"precision":3},"geometry":{"type":"Polygon","coordinates":[[[-95.533,76.497],[-94.195,76.899],[-96.809,76.92],[-95.533,76.497]]]}},{"type":"Feature","id":183,"properties":{"name":null,"subjecto":null,"partof":null,"precision":3},"geometry":{"type":"Polygon","coordinates":[[[-113.024,77.602],[-110.62,77.537],[-109.661,77.95],[-113.01,77.923],[-113.024,77.602]]]}},{"type":"Feature","id":184,"properties":{"name":null,"subjecto":null,"partof":null,"precision":3},"geometry":{"type":"Polygon","coordinates":[[[-98.437,78.661],[-97.46,78.101],[-95.097,78.438],[-98.437,78.661]]]}},{"type":"Feature","id":185,"properties":{"name":null,"subjecto":null,"partof":null,"precision":3},"geometry":{"type":"Polygon","coordinates":[[[-108.396,76.303],[-109.144,75.714],[-111.386,75.66],[-114.372,76.47],[-116.296,76.238],[-115.186,75.154],[-112.203,74.5],[-109.07,75.133],[-105.773,75.23],[-105.917,76.022],[-108.396,76.303]]]}},{"type":"Feature","id":186,"properties":{"name":null,"subjecto":null,"partof":null,"precision":3},"geometry":{"type":"Polygon","coordinates":[[[-117,76.728],[-117.226,77.413],[-119.696,77.313],[-122.659,76.539],[-120.1,75.978],[-118.736,76.938],[-117,76.728]]]}},{"type":"Feature","id":187,"properties":{"name":null,"subjecto":null,"partof":null,"precision":3},"geometry":{"type":"Polygon","coordinates":[[[-100.163,78.772],[-102.569,79.016],[-104.162,78.298],[-99.125,78.133],[-100.163,78.772]]]}},{"type":"Feature","id":188,"properties":{"name":null,"subjecto":null,"partof":null,"precision":3},"geometry":{"type":"Polygon","coordinates":[[[-88.759,78.451],[-86.997,79.445],[-92.025,81.259],[-96.433,79.933],[-92.702,78.434],[-88.759,78.451]]]}},{"type":"Feature","id":189,"properties":{"name":"T'atsaot'ine","subjecto":"T'atsaot'ine","partof":"T'atsaot'ine","precision":3},"geometry":{"type":"Polygon","coordinates":[[[-71.258,63.567],[-71.319,63.061],[-69.155,62.42],[-65.94,61.79],[-66.496,63.077],[-64.735,63.067],[-64.474,63.744],[-67.614,65.912],[-66.913,66.595],[-65.034,65.953],[-64.844,65.378],[-62.845,65.614],[-61.211,66.635],[-63.933,67.413],[-68.665,68.716],[-66.668,69.186],[-69.463,69.96],[-71.253,71.351],[-73.275,71.161],[-75.322,72.548],[-77.119,72.711],[-81.027,72.05],[-80.489,73.037],[-81.532,73.688],[-88.099,73.636],[-89.639,72.782],[-89.997,71.541],[-87.949,71.351],[-87.948,70.385],[-85.984,70.113],[-82.269,69.86],[-80.713,70.153],[-78.713,70.011],[-75.552,69.222],[-75.199,68.862],[-73.185,68.296],[-72.305,67.264],[-74.28,66.06],[-73.42,65.529],[-75.789,65.197],[-77.358,65.376],[-78.127,64.651],[-76.526,64.23],[-74.559,64.78],[-73.164,64.574],[-72.388,63.858],[-71.258,63.567]]]}},{"type":"Feature","id":190,"properties":{"name":"Andean hunter-gatherers","subjecto":"Andean hunter-gatherers","partof":"Andean hunter-gatherers","precision":3},"geometry":null},{"type":"Feature","id":191,"properties":{"name":"Patagonian shellfish and marine mammal hunters","subjecto":"Patagonian shellfish and marine mammal hunters","partof":"Patagonian shellfish and marine mammal hunters","precision":3},"geometry":{"type":"MultiPolygon","coordinates":[[[[-70.498,-54.923],[-69.672,-54.774],[-67.153,-54.91],[-65.262,-54.819],[-66.983,-54.341],[-68.13,-53.375],[-68.705,-53.235],[-68.305,-52.943],[-69.407,-52.566],[-70.333,-53.473],[-69.441,-53.411],[-70.042,-53.986],[-69.055,-54.602],[-70.498,-54.923]]],[[[-73.455,-42.262],[-74.169,-42.346],[-74.236,-43.368],[-73.696,-43.386],[-73.831,-42.564],[-73.455,-42.262]]],[[[-72.845,-52.646],[-73.243,-52.574],[-73.08,-53.032],[-72.845,-52.646]]],[[[-69.115,-51.352],[-71.165,-51.561],[-71.487,-51.104],[-72.044,-48.766],[-72.191,-45.99],[-71.634,-43.196],[-70.75,-41.003],[-71.805,-41.574],[-72.587,-41.618],[-72.609,-41.997],[-72.466,-42.035],[-72.53,-43.063],[-72.999,-43.334],[-72.76,-44.369],[-72.583,-44.44],[-73.138,-45.344],[-73.047,-45.376],[-73.474,-45.669],[-73.97,-46.713],[-73.995,-46.486],[-74.429,-46.533],[-74.042,-46.091],[-74.564,-45.872],[-75.444,-46.625],[-75.022,-46.553],[-74.862,-46.819],[-73.979,-47.032],[-74.381,-47.423],[-74.297,-47.761],[-73.36,-47.974],[-74.21,-48.008],[-74.312,-48.745],[-73.963,-49.241],[-73.932,-49.993],[-73.934,-50.506],[-73.53,-50.433],[-74.208,-51.021],[-73.679,-51.231],[-73.778,-51.614],[-73.258,-51.706],[-73.107,-52.103],[-72.449,-52.161],[-72.212,-52.572],[-71.678,-52.644],[-72.751,-53.138],[-71.152,-52.962],[-71.442,-53.882],[-70.998,-53.821],[-70.734,-52.802],[-70.416,-52.668],[-69.895,-52.627],[-68.456,-52.42],[-69.077,-51.499],[-69.115,-51.352]]]]}},{"type":"Feature","id":192,"properties":{"name":null,"subjecto":null,"partof":null,"precision":3},"geometry":{"type":"Polygon","coordinates":[[[-54.225,3.934],[-56.565,4.52],[-57.777,4.52],[-58.345,4.277],[-58.129,3.615],[-55.912,1.737],[-55.794,1.725],[-56.069,2.181],[-54.861,2.481],[-54.388,2.261],[-53.977,3.357],[-54.225,3.934]]]}},{"type":"Feature","id":193,"properties":{"name":"Amazon hunter-gatherers","subjecto":"Amazon hunter-gatherers","partof":"Amazon hunter-gatherers","precision":3},"geometry":{"type":"Polygon","coordinates":[[[-55.912,1.737],[-58.129,3.615],[-57.879,2.849],[-57.9,1.594],[-57.134,1.902],[-56.031,1.749],[-55.912,1.737]]]}},{"type":"Feature","id":194,"properties":{"name":"Pampas cultures","subjecto":"Pampas cultures","partof":"Pampas cultures","precision":3},"geometry":{"type":"Polygon","coordinates":[[[-70.75,-41.003],[-71.634,-43.196],[-72.191,-45.99],[-72.044,-48.766],[-71.487,-51.104],[-71.165,-51.561],[-69.115,-51.352],[-69.041,-50.562],[-67.833,-49.968],[-67.578,-49.059],[-66.078,-48.142],[-65.781,-47.712],[-65.776,-47.23],[-66.671,-47.017],[-67.469,-46.266],[-67.225,-45.553],[-66.695,-45.131],[-65.657,-44.942],[-65.627,-44.723],[-65.307,-43.601],[-64.698,-43.201],[-65.085,-42.784],[-64.165,-42.648],[-64.001,-42.853],[-63.624,-42.57],[-64.12,-42.384],[-64.992,-42.193],[-64.925,-41.731],[-65.135,-41.244],[-64.939,-40.827],[-63.842,-41.158],[-62.731,-41.05],[-64.211,-40.557],[-64.98,-40.083],[-66.282,-40.261],[-68.827,-39.728],[-69.951,-40.971],[-70.75,-41.003]]]}},{"type":"Feature","id":195,"properties":{"name":"Savanna hunter-gatherers","subjecto":"Savanna hunter-gatherers","partof":"Savanna hunter-gatherers","precision":3},"geometry":{"type":"Polygon","coordinates":[[[-50.609,-30.302],[-51.333,-31.46],[-50.854,-30.938],[-50.609,-30.302]]]}},{"type":"Feature","id":196,"properties":{"name":null,"subjecto":null,"partof":null,"precision":3},"geometry":{"type":"Polygon","coordinates":[[[27.781,35.89],[28.064,36.112],[27.72,36.166],[27.781,35.89]]]}},{"type":"Feature","id":197,"properties":{"name":"Kalaako/Malpa","subjecto":"Kalaako/Malpa","partof":"Kalaako/Malpa","precision":3},"geometry":{"type":"Polygon","coordinates":[[[119.917,-32.18],[120.066,-32.341],[120.23,-32.554],[120.312,-32.653],[120.406,-32.776],[120.461,-32.877],[120.538,-32.969],[120.582,-33.052],[120.713,-33.172],[121.405,-33.115],[122.755,-33.391],[122.8,-33.165],[122.833,-33.035],[122.91,-32.758],[122.932,-32.489],[122.921,-32.369],[122.998,-32.098],[123.108,-31.753],[123.185,-31.462],[123.383,-30.992],[123.251,-30.954],[123.119,-30.916],[122.965,-30.878],[122.668,-30.822],[122.261,-30.699],[121.831,-30.878],[121.38,-31.02],[121.215,-31.114],[120.962,-31.246],[120.698,-31.405],[120.422,-31.64],[120.169,-31.893],[120.059,-32.014],[119.917,-32.18]]]}},{"type":"Feature","id":198,"properties":{"name":"Kadjerong","subjecto":"Kadjerong","partof":"Kadjerong","precision":3},"geometry":{"type":"Polygon","coordinates":[[[128.181,-15.249],[128.082,-15.359],[128.068,-15.417],[128.018,-15.512],[128.09,-15.549],[128.161,-15.57],[128.452,-15.575],[128.474,-15.422],[128.463,-15.316],[128.463,-15.242],[128.562,-15.157],[128.765,-15.093],[129.249,-15.358],[129.595,-15.358],[129.814,-15.316],[129.869,-15.284],[129.693,-15.09],[129.632,-15.278],[129.196,-14.993],[128.459,-14.886],[128.181,-15.249]]]}},{"type":"Feature","id":199,"properties":{"name":"Eora","subjecto":"Eora","partof":"Eora","precision":3},"geometry":{"type":"Polygon","coordinates":[[[151.26,-34.01],[151.312,-33.765],[151.106,-33.761],[150.999,-33.729],[150.883,-33.943],[151.057,-33.966],[151.26,-34.01]]]}},{"type":"Feature","id":200,"properties":{"name":"Gooniyandi","subjecto":"Gooniyandi","partof":"Gooniyandi","precision":3},"geometry":{"type":"Polygon","coordinates":[[[125.651,-18.115],[125.491,-18.308],[125.497,-18.417],[125.59,-18.646],[125.92,-18.953],[126.227,-18.958],[126.42,-18.911],[126.766,-18.73],[126.771,-18.605],[126.777,-18.438],[126.727,-18.282],[126.568,-18.146],[126.31,-18.073],[125.925,-18.047],[125.744,-18.047],[125.651,-18.115]]]}},{"type":"Feature","id":201,"properties":{"name":"Pinikura","subjecto":"Pinikura","partof":"Pinikura","precision":3},"geometry":{"type":"Polygon","coordinates":[[[115.895,-22.568],[116.005,-22.781],[116.483,-23.029],[116.79,-22.969],[116.878,-22.796],[116.878,-22.685],[116.862,-22.609],[116.785,-22.477],[116.411,-22.325],[116.076,-22.37],[115.944,-22.513],[115.895,-22.568]]]}},{"type":"Feature","id":202,"properties":{"name":"Yiiji","subjecto":"Yiiji","partof":"Yiiji","precision":3},"geometry":{"type":"Polygon","coordinates":[[[128.018,-15.021],[127.969,-14.739],[127.7,-15.12],[127.628,-15.342],[127.628,-15.48],[127.711,-15.586],[127.881,-15.554],[128.068,-15.432],[128.086,-15.355],[128.066,-15.377],[127.985,-15.288],[128.018,-15.021]]]}},{"type":"Feature","id":203,"properties":{"name":"Ganggalida","subjecto":"Ganggalida","partof":"Ganggalida","precision":3},"geometry":{"type":"Polygon","coordinates":[[[138.963,-16.994],[138.281,-16.85],[138.183,-17.075],[138.101,-17.345],[138.068,-17.476],[138.051,-17.589],[138.257,-17.723],[138.34,-17.853],[138.373,-17.989],[138.625,-17.974],[138.972,-17.942],[139.29,-17.974],[139.378,-17.78],[139.51,-17.59],[139.173,-17.356],[139.075,-17.076],[138.963,-16.994]]]}},{"type":"Feature","id":204,"properties":{"name":"Umpila","subjecto":"Umpila","partof":"Umpila","precision":3},"geometry":{"type":"Polygon","coordinates":[[[143.474,-13.665],[143.454,-13.343],[143.435,-13.344],[143.374,-13.344],[143.347,-13.342],[143.352,-13.432],[143.336,-13.673],[143.311,-13.849],[143.438,-13.806],[143.501,-13.785],[143.474,-13.665]]]}},{"type":"Feature","id":205,"properties":{"name":"Martuthunira","subjecto":"Martuthunira","partof":"Martuthunira","precision":3},"geometry":{"type":"Polygon","coordinates":[[[116.774,-20.786],[116.419,-20.837],[116.201,-20.95],[116.384,-21.248],[116.614,-21.407],[116.79,-21.428],[117.07,-21.3],[117.092,-21.131],[117.059,-20.972],[116.977,-20.884],[116.821,-20.784],[116.774,-20.786]]]}},{"type":"Feature","id":206,"properties":{"name":"Awngthim","subjecto":"Awngthim","partof":"Awngthim","precision":3},"geometry":{"type":"Polygon","coordinates":[[[141.848,-12.843],[142.023,-12.911],[142.094,-12.863],[142.13,-12.839],[142.127,-12.742],[142.125,-12.656],[142.125,-12.552],[142.116,-12.517],[142.067,-12.496],[141.993,-12.504],[141.924,-12.525],[141.816,-12.602],[141.848,-12.843]]]}},{"type":"Feature","id":207,"properties":{"name":"Kuyani","subjecto":"Kuyani","partof":"Kuyani","precision":3},"geometry":{"type":"Polygon","coordinates":[[[137.296,-29.554],[136.653,-29.793],[136.972,-30.036],[137.335,-30.416],[137.598,-31.001],[137.576,-31.189],[137.686,-31.311],[138.082,-31.536],[138.279,-31.583],[138.466,-31.649],[138.631,-31.728],[138.598,-31.579],[138.532,-31.396],[138.477,-31.166],[138.505,-30.765],[138.955,-30.259],[139.246,-29.793],[139.422,-29.679],[139.521,-29.487],[139.125,-29.502],[138.587,-29.502],[138.214,-29.511],[137.296,-29.554]]]}},{"type":"Feature","id":208,"properties":{"name":"Yinhawangka","subjecto":"Yinhawangka","partof":"Yinhawangka","precision":3},"geometry":{"type":"Polygon","coordinates":[[[118.504,-23.629],[118.575,-23.499],[117.592,-22.898],[117.499,-22.812],[117.455,-22.731],[117.241,-22.72],[117.153,-22.746],[116.982,-22.796],[116.982,-22.883],[116.982,-22.933],[117.202,-23.206],[117.186,-23.352],[117.18,-23.514],[117.147,-23.619],[117.081,-23.896],[117.609,-23.961],[117.883,-24.031],[118.504,-23.629]]]}},{"type":"Feature","id":209,"properties":{"name":"Wangkumara","subjecto":"Wangkumara","partof":"Wangkumara","precision":3},"geometry":{"type":"Polygon","coordinates":[[[143.778,-25.463],[143.569,-25.384],[142.712,-26.441],[142.163,-26.362],[142.02,-26.608],[141.954,-26.873],[141.899,-27.03],[141.438,-27.352],[141.559,-27.508],[141.625,-27.761],[141.899,-28.159],[142.086,-28.401],[142.311,-28.536],[142.416,-28.42],[142.515,-28.266],[143.031,-28.053],[143.547,-27.975],[143.734,-27.888],[143.657,-27.771],[143.558,-27.479],[143.536,-26.697],[143.591,-26.608],[143.602,-26.392],[143.69,-26.165],[143.778,-25.463]]]}},{"type":"Feature","id":210,"properties":{"name":"Nari Nari","subjecto":"Nari Nari","partof":"Nari Nari","precision":3},"geometry":{"type":"Polygon","coordinates":[[[144.201,-34.121],[144.108,-34.189],[143.882,-34.307],[143.8,-34.416],[143.849,-34.692],[143.932,-34.809],[144.036,-34.827],[144.135,-34.818],[144.569,-34.683],[144.706,-34.683],[144.789,-34.683],[144.756,-34.615],[144.767,-34.171],[144.816,-34.03],[144.8,-33.943],[144.536,-34.094],[144.393,-34.148],[144.201,-34.121]]]}},{"type":"Feature","id":211,"properties":{"name":"Wambaya","subjecto":"Wambaya","partof":"Wambaya","precision":3},"geometry":{"type":"Polygon","coordinates":[[[134.363,-17.853],[134.561,-17.968],[135.077,-18.156],[135.692,-18.469],[136.395,-18.771],[137.263,-18.521],[137.351,-18.417],[137.175,-18.323],[136.868,-18.115],[136.637,-18.052],[136.362,-17.958],[135.802,-17.686],[135.527,-17.644],[135.187,-17.644],[134.967,-17.644],[134.615,-17.696],[134.363,-17.853]]]}},{"type":"Feature","id":212,"properties":{"name":"Wailwan","subjecto":"Wailwan","partof":"Wailwan","precision":3},"geometry":{"type":"Polygon","coordinates":[[[146.107,-29.955],[146.206,-30.107],[146.854,-30.591],[147.085,-31.232],[147.107,-31.56],[147.129,-31.728],[147.513,-31.794],[148.733,-31.84],[149.128,-31.934],[149.326,-31.513],[149.315,-31.1],[148.535,-30.515],[148.392,-30.098],[148.085,-29.974],[147.557,-30.022],[147.008,-29.955],[146.678,-29.926],[146.107,-29.955]]]}},{"type":"Feature","id":213,"properties":{"name":"Dainggatti","subjecto":"Dainggatti","partof":"Dainggatti","precision":3},"geometry":{"type":"Polygon","coordinates":[[[152.94,-30.699],[152.965,-30.623],[152.875,-30.61],[152.65,-30.558],[152.369,-30.501],[152.111,-30.444],[152.051,-30.524],[152.007,-30.628],[151.853,-30.765],[151.727,-30.935],[151.622,-31.114],[152.639,-31.325],[152.803,-31.283],[152.982,-31.297],[153.001,-31.056],[152.94,-30.699]]]}},{"type":"Feature","id":214,"properties":{"name":"Andegerebenha","subjecto":"Andegerebenha","partof":"Andegerebenha","precision":3},"geometry":{"type":"Polygon","coordinates":[[[138.329,-23.675],[138.582,-23.634],[138.406,-23.524],[138.263,-22.675],[138.582,-22.116],[138.384,-21.953],[138.065,-21.841],[137.944,-21.729],[137.692,-21.637],[137.296,-21.637],[136.989,-21.647],[136.967,-21.78],[136.967,-22.259],[136.901,-22.543],[136.967,-22.888],[137.186,-23.342],[137.977,-23.655],[138.329,-23.675]]]}},{"type":"Feature","id":215,"properties":{"name":"Jabirrjabirr","subjecto":"Jabirrjabirr","partof":"Jabirrjabirr","precision":3},"geometry":{"type":"Polygon","coordinates":[[[122.537,-16.923],[122.129,-17.353],[122.16,-17.39],[122.657,-17.395],[122.816,-17.366],[122.827,-17.324],[122.838,-17.256],[122.863,-17.188],[122.923,-17.112],[122.896,-17.038],[122.863,-17.025],[122.643,-16.986],[122.558,-16.944],[122.537,-16.923]]]}},{"type":"Feature","id":216,"properties":{"name":"Kuwarra","subjecto":"Kuwarra","partof":"Kuwarra","precision":3},"geometry":{"type":"Polygon","coordinates":[[[118.466,-28.396],[119.202,-28.642],[119.52,-28.806],[119.685,-29.008],[120.114,-28.922],[120.883,-28.883],[121.707,-28.922],[122.366,-28.806],[122.267,-28.585],[121.959,-28.159],[121.805,-27.985],[121.756,-27.907],[121.613,-27.79],[121.492,-27.649],[121.322,-27.528],[121.179,-27.533],[120.976,-27.533],[120.866,-27.537],[120.218,-27.352],[119.323,-27.284],[118.834,-28.043],[118.647,-28.145],[118.466,-28.396]]]}},{"type":"Feature","id":217,"properties":{"name":"Payungu","subjecto":"Payungu","partof":"Payungu","precision":3},"geometry":{"type":"Polygon","coordinates":[[[113.667,-23.78],[114.445,-24.021],[114.631,-23.765],[114.703,-23.493],[114.708,-23.201],[114.73,-23.054],[114.774,-22.928],[114.796,-22.827],[114.758,-22.771],[113.774,-22.857],[113.743,-23.248],[113.667,-23.78]]]}},{"type":"Feature","id":218,"properties":{"name":"Wakaya","subjecto":"Wakaya","partof":"Wakaya","precision":3},"geometry":{"type":"Polygon","coordinates":[[[137.197,-18.438],[136.516,-18.542],[136.121,-18.896],[135.681,-19.88],[135.692,-20.149],[136.088,-20.705],[136.659,-20.849],[137.241,-20.951],[138.406,-20.489],[138.933,-20.437],[138.801,-20.097],[138.538,-19.87],[137.538,-19.612],[137.703,-19.104],[137.845,-18.782],[137.911,-18.5],[137.681,-18.375],[137.241,-18.428],[137.197,-18.438]]]}},{"type":"Feature","id":219,"properties":{"name":"Madi Madi","subjecto":"Madi Madi","partof":"Madi Madi","precision":3},"geometry":{"type":"Polygon","coordinates":[[[143.41,-33.66],[143.223,-33.743],[142.976,-33.889],[142.877,-33.952],[142.806,-34.034],[142.905,-34.148],[143.036,-34.221],[143.174,-34.348],[143.273,-34.43],[143.33,-34.488],[143.388,-34.57],[143.388,-34.62],[143.388,-34.669],[143.465,-34.726],[143.707,-34.748],[143.891,-34.825],[144.014,-34.854],[143.921,-34.71],[143.839,-34.525],[143.943,-34.325],[144.179,-34.18],[144.174,-34.053],[143.795,-33.784],[143.591,-33.669],[143.481,-33.628],[143.41,-33.66]]]}},{"type":"Feature","id":220,"properties":{"name":"Gunu","subjecto":"Gunu","partof":"Gunu","precision":3},"geometry":{"type":"Polygon","coordinates":[[[145.602,-28.955],[145.486,-28.84],[145.278,-29.056],[145.063,-29.31],[144.998,-29.693],[144.981,-30.06],[144.998,-30.297],[145.162,-30.354],[145.399,-30.311],[145.596,-30.164],[145.679,-29.955],[145.794,-29.745],[145.8,-29.54],[145.745,-29.286],[145.679,-29.071],[145.602,-28.955]]]}},{"type":"Feature","id":221,"properties":{"name":"Maya","subjecto":"Maya","partof":"Maya","precision":3},"geometry":{"type":"Polygon","coordinates":[[[113.667,-23.78],[113.373,-24.264],[113.566,-24.792],[113.681,-24.832],[114.126,-24.747],[114.483,-24.792],[114.939,-24.971],[115.076,-25.046],[115.159,-25.051],[115.313,-24.807],[115.258,-24.487],[114.868,-24.107],[114.631,-23.996],[114.263,-23.931],[113.667,-23.78]]]}},{"type":"Feature","id":222,"properties":{"name":"Dyungungoo (Gubbi Gubbi)","subjecto":"Dyungungoo (Gubbi Gubbi)","partof":"Dyungungoo (Gubbi Gubbi)","precision":3},"geometry":{"type":"Polygon","coordinates":[[[153.057,-27.102],[153.069,-26.228],[152.972,-25.874],[152.693,-26.017],[152.633,-25.587],[152.722,-25.411],[152.486,-25.313],[152.397,-24.971],[152.089,-25.096],[151.798,-25.135],[151.776,-25.24],[151.848,-25.557],[151.848,-25.79],[152.029,-26.259],[152.435,-26.736],[152.699,-26.947],[152.853,-27.01],[153.001,-27.084],[153.057,-27.102]]]}},{"type":"Feature","id":223,"properties":{"name":"Jawoyn","subjecto":"Jawoyn","partof":"Jawoyn","precision":3},"geometry":{"type":"Polygon","coordinates":[[[133.638,-13.411],[133.55,-13.299],[133.259,-13.304],[133.127,-13.288],[132.979,-13.304],[132.808,-13.235],[132.649,-13.16],[132.462,-13.144],[132.369,-13.096],[132.259,-13.085],[132.182,-13.192],[132.209,-13.24],[132.264,-13.267],[132.676,-13.384],[132.621,-13.577],[132.198,-13.683],[132.1,-13.721],[132.045,-13.795],[132.111,-14.6],[132.929,-14.743],[133.171,-14.908],[133.38,-14.685],[133.462,-14.323],[133.577,-14.11],[133.638,-13.71],[133.632,-13.555],[133.638,-13.411]]]}},{"type":"Feature","id":224,"properties":{"name":"Nguburinji","subjecto":"Nguburinji","partof":"Nguburinji","precision":3},"geometry":{"type":"Polygon","coordinates":[[[138.362,-17.947],[138.263,-18.313],[138.109,-18.521],[138.01,-18.719],[138.604,-18.927],[138.9,-19.083],[139.131,-19.207],[139.384,-19.052],[139.417,-18.062],[139.34,-17.874],[138.79,-17.958],[138.417,-17.885],[138.362,-17.947]]]}},{"type":"Feature","id":225,"properties":{"name":"Warumungu","subjecto":"Warumungu","partof":"Warumungu","precision":3},"geometry":{"type":"Polygon","coordinates":[[[132.166,-19.373],[132.726,-20.417],[132.858,-20.612],[132.989,-20.766],[133.099,-20.951],[134.033,-20.849],[135.066,-20.118],[135.439,-20.056],[135.747,-20.015],[136.406,-18.823],[136.165,-18.615],[135.264,-18.031],[134.78,-17.968],[134.231,-17.937],[133.495,-18.031],[133.374,-18.448],[133.748,-18.854],[133.484,-19.124],[132.979,-19.27],[132.473,-19.311],[132.166,-19.373]]]}},{"type":"Feature","id":226,"properties":{"name":"Luritja","subjecto":"Luritja","partof":"Luritja","precision":3},"geometry":{"type":"Polygon","coordinates":[[[131.05,-23.7],[130.935,-24.237],[130.825,-24.437],[130.589,-24.652],[130.534,-24.777],[130.699,-24.842],[130.847,-24.881],[131.061,-25.21],[131.05,-25.399],[131.034,-25.513],[131.21,-25.597],[131.501,-25.701],[131.935,-25.879],[132.627,-26.195],[132.924,-26.471],[133.121,-26.441],[133.319,-26.313],[133.813,-26.116],[134.011,-25.988],[133.506,-25.493],[133.121,-24.577],[132.385,-23.976],[132.122,-23.413],[132.341,-23.09],[132.286,-22.979],[131.66,-22.979],[131.287,-22.948],[131.067,-22.999],[131.05,-23.7]]]}},{"type":"Feature","id":227,"properties":{"name":"Dja Dja Wurrung","subjecto":"Dja Dja Wurrung","partof":"Dja Dja Wurrung","precision":3},"geometry":{"type":"Polygon","coordinates":[[[143.241,-36.909],[143.226,-36.918],[143.223,-36.935],[143.259,-37.017],[143.224,-37.044],[143.251,-37.059],[143.28,-37.068],[143.288,-37.086],[143.32,-37.081],[143.347,-37.129],[143.302,-37.171],[143.306,-37.192],[143.307,-37.214],[143.304,-37.235],[143.319,-37.251],[143.308,-37.296],[143.961,-37.478],[144.202,-37.448],[144.303,-37.413],[144.359,-37.414],[144.405,-37.43],[144.419,-37.215],[144.434,-37.185],[144.475,-37.164],[144.473,-37.144],[144.495,-37.122],[144.51,-37.087],[144.549,-37.055],[144.526,-36.643],[144.611,-36.542],[144.641,-36.465],[144.719,-36.356],[144.574,-36.199],[144.188,-36.19],[144.127,-36.142],[144.071,-36.128],[144.007,-36.13],[144.005,-36.112],[143.93,-36.113],[143.902,-36.108],[143.846,-36.108],[143.757,-36.102],[143.368,-36.164],[143.159,-36.213],[142.959,-36.258],[142.959,-36.319],[142.966,-36.325],[142.98,-36.33],[142.988,-36.356],[142.978,-36.37],[142.91,-36.483],[142.85,-36.582],[143.241,-36.909]]]}},{"type":"Feature","id":228,"properties":{"name":"Kaytej","subjecto":"Kaytej","partof":"Kaytej","precision":3},"geometry":{"type":"Polygon","coordinates":[[[135.857,-19.953],[135.352,-19.953],[134.846,-20.056],[134.055,-20.612],[133.572,-20.777],[132.825,-20.777],[132.957,-21.043],[132.979,-21.514],[132.913,-21.902],[133.022,-22.126],[133.682,-22.208],[134.099,-22.391],[134.539,-22.573],[135.022,-21.882],[136.252,-20.777],[136.033,-20.571],[135.857,-19.953]]]}},{"type":"Feature","id":229,"properties":{"name":"Minang","subjecto":"Minang","partof":"Minang","precision":3},"geometry":{"type":"Polygon","coordinates":[[[117.741,-35.22],[118.207,-35.09],[118.673,-34.606],[119.008,-34.615],[119.031,-34.493],[118.652,-34.253],[116.521,-34.33],[116.57,-34.827],[116.411,-35.084],[117.741,-35.22]]]}},{"type":"Feature","id":230,"properties":{"name":"Malkana","subjecto":"Malkana","partof":"Malkana","precision":3},"geometry":{"type":"Polygon","coordinates":[[[113.896,-25.59],[114.095,-26.539],[113.739,-26.667],[113.433,-26.572],[113.06,-26.116],[113.5,-26.687],[113.599,-26.76],[113.796,-26.819],[114.109,-26.623],[114.307,-26.559],[114.571,-26.485],[114.807,-26.426],[114.813,-25.78],[114.648,-25.721],[114.159,-25.736],[113.978,-25.651],[113.896,-25.59]]]}},{"type":"Feature","id":231,"properties":{"name":"Yir Yoront","subjecto":"Yir Yoront","partof":"Yir Yoront","precision":3},"geometry":{"type":"Polygon","coordinates":[[[141.711,-15.227],[141.642,-15.336],[141.655,-15.337],[141.746,-15.348],[141.776,-15.287],[141.776,-15.229],[141.732,-15.213],[141.706,-15.209],[141.711,-15.227]]]}},{"type":"Feature","id":232,"properties":{"name":"Yawuru","subjecto":"Yawuru","partof":"Yawuru","precision":3},"geometry":{"type":"Polygon","coordinates":[[[122.228,-18.144],[122.224,-18.183],[122.308,-18.073],[122.228,-18.144]]]}},{"type":"Feature","id":233,"properties":{"name":"Karangura","subjecto":"Karangura","partof":"Karangura","precision":3},"geometry":{"type":"Polygon","coordinates":[[[138.131,-25.998],[137.977,-26.032],[138.016,-26.343],[138.076,-26.48],[138.323,-26.426],[138.895,-26.421],[138.95,-26.343],[138.928,-26.101],[138.928,-25.988],[138.911,-25.904],[138.631,-25.919],[138.4,-25.928],[138.192,-25.948],[138.131,-25.998]]]}},{"type":"Feature","id":234,"properties":{"name":"Kaniyang","subjecto":"Kaniyang","partof":"Kaniyang","precision":3},"geometry":{"type":"Polygon","coordinates":[[[117.559,-33.775],[117.405,-33.619],[117.257,-33.5],[116.988,-33.381],[116.757,-33.298],[116.576,-33.184],[116.406,-33.101],[116.142,-33.027],[115.977,-32.981],[115.834,-32.981],[115.715,-33.018],[115.65,-33.349],[115.84,-33.66],[116.005,-33.72],[116.213,-33.948],[116.433,-34.307],[117.565,-34.207],[117.559,-33.775]]]}},{"type":"Feature","id":235,"properties":{"name":"Meru","subjecto":"Meru","partof":"Meru","precision":3},"geometry":{"type":"Polygon","coordinates":[[[139.164,-34.733],[139.142,-35.003],[139.065,-35.138],[139.307,-35.174],[139.537,-35.219],[139.823,-34.669],[141.108,-34.597],[141.251,-34.642],[141.328,-34.778],[141.449,-34.832],[141.636,-34.705],[141.812,-34.452],[142.031,-34.025],[142.086,-33.907],[142.009,-33.852],[141.515,-33.688],[141.021,-33.459],[140.801,-33.386],[140.317,-33.294],[139.515,-33.468],[139.208,-33.633],[139.076,-33.669],[139.098,-34.343],[139.164,-34.733]]]}},{"type":"Feature","id":236,"properties":{"name":"Yilba","subjecto":"Yilba","partof":"Yilba","precision":3},"geometry":{"type":"Polygon","coordinates":[[[146.398,-20.345],[146.085,-20.314],[145.69,-20.427],[145.525,-20.509],[145.426,-20.664],[145.415,-21.545],[145.514,-21.698],[145.948,-21.642],[146.349,-21.591],[146.607,-21.601],[146.585,-21.52],[146.569,-21.361],[146.541,-20.926],[146.574,-20.694],[146.849,-20.643],[146.959,-20.504],[146.398,-20.345]]]}},{"type":"Feature","id":237,"properties":{"name":"Ngarinman","subjecto":"Ngarinman","partof":"Ngarinman","precision":3},"geometry":{"type":"Polygon","coordinates":[[[129.512,-15.977],[129.353,-16.178],[129.26,-16.331],[129.238,-16.547],[129.194,-16.699],[129.238,-16.836],[129.595,-16.936],[130.221,-17.172],[130.331,-17.094],[130.682,-16.694],[130.957,-16.441],[130.968,-16.362],[130.902,-16.262],[130.869,-16.104],[130.71,-16.051],[130.485,-15.961],[130.446,-15.808],[130.446,-15.66],[130.419,-15.528],[130.358,-15.448],[130.287,-15.395],[130.034,-15.57],[129.787,-15.739],[129.512,-15.977]]]}},{"type":"Feature","id":238,"properties":{"name":"Yawarawarka","subjecto":"Yawarawarka","partof":"Yawarawarka","precision":3},"geometry":{"type":"Polygon","coordinates":[[[140.515,-25.929],[140.427,-26.077],[140.345,-26.264],[140.224,-26.461],[140.087,-26.814],[139.993,-27.162],[139.938,-27.396],[139.96,-27.542],[140.169,-27.591],[140.262,-27.596],[140.691,-27.737],[141.361,-27.523],[141.493,-27.425],[141.674,-27.347],[141.839,-27.216],[141.921,-27.04],[141.954,-26.912],[141.861,-26.765],[141.416,-26.407],[141.191,-26.264],[141.021,-26.136],[140.784,-26.002],[140.587,-25.943],[140.515,-25.929]]]}},{"type":"Feature","id":239,"properties":{"name":"Jukun","subjecto":"Jukun","partof":"Jukun","precision":3},"geometry":{"type":"Polygon","coordinates":[[[122.182,-17.918],[122.213,-18.049],[122.248,-18.06],[122.69,-17.916],[122.701,-17.822],[122.753,-17.715],[122.3,-17.741],[122.193,-17.764],[122.157,-17.791],[122.182,-17.918]]]}},{"type":"Feature","id":240,"properties":{"name":"Nakara","subjecto":"Nakara","partof":"Nakara","precision":3},"geometry":{"type":"Polygon","coordinates":[[[134.409,-12.121],[134.398,-12.135],[134.456,-12.135],[134.514,-12.133],[134.604,-12.109],[134.608,-12.058],[134.595,-12.057],[134.409,-12.121]]]}},{"type":"Feature","id":241,"properties":{"name":"Mara","subjecto":"Mara","partof":"Mara","precision":3},"geometry":{"type":"Polygon","coordinates":[[[134.874,-14.61],[134.753,-14.759],[134.863,-14.87],[134.874,-15.136],[134.967,-15.242],[135.225,-15.337],[135.401,-15.84],[135.516,-15.829],[135.698,-15.724],[135.824,-15.448],[135.945,-15.359],[135.027,-14.445],[134.874,-14.61]]]}},{"type":"Feature","id":242,"properties":{"name":"Maranunggu","subjecto":"Maranunggu","partof":"Maranunggu","precision":3},"geometry":{"type":"Polygon","coordinates":[[[130.086,-13.592],[129.861,-13.715],[129.946,-13.713],[130.037,-13.67],[130.092,-13.699],[130.114,-13.854],[130.169,-13.894],[130.248,-13.878],[130.284,-13.643],[130.213,-13.603],[130.191,-13.498],[130.086,-13.592]]]}},{"type":"Feature","id":243,"properties":{"name":"Dharawala","subjecto":"Dharawala","partof":"Dharawala","precision":3},"geometry":{"type":"Polygon","coordinates":[[[145.316,-26.421],[145.811,-26.293],[146.569,-25.632],[146.788,-24.906],[146.733,-24.757],[146.695,-24.302],[145.833,-24.427],[145.756,-24.567],[145.679,-24.547],[145.635,-24.737],[145.272,-24.916],[145.096,-24.837],[144.921,-24.677],[144.569,-24.567],[144.47,-24.747],[144.108,-25.036],[143.712,-25.314],[143.657,-25.562],[143.646,-25.81],[143.427,-26.628],[143.635,-26.667],[144.371,-26.647],[144.91,-26.539],[145.316,-26.421]]]}},{"type":"Feature","id":244,"properties":{"name":"Thiin","subjecto":"Thiin","partof":"Thiin","precision":3},"geometry":{"type":"Polygon","coordinates":[[[116.433,-23.976],[116.345,-24.462],[116.384,-24.642],[116.889,-24.482],[116.993,-24.162],[117.504,-24.062],[117.729,-23.986],[117.729,-23.856],[117.642,-23.831],[117.499,-23.725],[117.279,-23.68],[117.032,-23.564],[116.691,-23.398],[116.279,-23.211],[115.977,-23.014],[115.735,-22.903],[115.697,-23.251],[115.823,-23.7],[115.768,-23.836],[115.895,-23.856],[116.274,-23.876],[116.433,-23.976]]]}},{"type":"Feature","id":245,"properties":{"name":"Doolboong/Miriwoong","subjecto":"Doolboong/Miriwoong","partof":"Doolboong/Miriwoong","precision":3},"geometry":{"type":"Polygon","coordinates":[[[128.046,-15.644],[127.82,-15.866],[127.864,-15.961],[128.43,-16.041],[128.628,-16.114],[128.82,-16.157],[129.172,-16.236],[129.326,-16.315],[129.435,-16.141],[129.803,-15.761],[130.012,-15.644],[130.166,-15.512],[130.133,-15.438],[129.913,-15.411],[129.886,-15.342],[129.814,-15.252],[129.716,-15.289],[129.282,-15.295],[128.782,-15.083],[128.474,-15.168],[128.452,-15.332],[128.441,-15.491],[128.145,-15.56],[128.046,-15.644]]]}},{"type":"Feature","id":246,"properties":{"name":"Warlpiri","subjecto":"Warlpiri","partof":"Warlpiri","precision":3},"geometry":{"type":"Polygon","coordinates":[[[129.034,-18.01],[129.144,-18.917],[128.859,-19.166],[128.716,-19.301],[129.276,-19.674],[129.869,-19.942],[130.496,-20.551],[130.397,-21.002],[130.133,-21.207],[129.979,-21.678],[130.726,-22.796],[130.946,-22.867],[131.265,-22.969],[131.462,-23.009],[131.781,-23.009],[132.122,-23.029],[132.231,-23.029],[132.034,-22.746],[131.88,-22.553],[132.067,-22.004],[132.902,-21.963],[133.077,-21.678],[133.099,-21.207],[133,-20.879],[132.825,-20.211],[132.528,-19.818],[132.451,-19.56],[132.198,-19.156],[132.056,-18.948],[131.594,-18.563],[131.232,-18.302],[130.946,-18.104],[129.891,-18.313],[129.265,-18.323],[129.034,-18.01]]]}},{"type":"Feature","id":247,"properties":{"name":"Kuungkari","subjecto":"Kuungkari","partof":"Kuungkari","precision":3},"geometry":{"type":"Polygon","coordinates":[[[142.954,-24.487],[142.954,-24.557],[143.174,-24.837],[143.47,-25.115],[143.723,-25.344],[143.91,-25.235],[144.119,-25.096],[144.47,-24.837],[144.657,-24.647],[144.932,-24.807],[145.14,-24.916],[145.415,-24.916],[145.668,-24.747],[145.723,-24.477],[145.415,-24.287],[145.173,-24.067],[145.02,-23.836],[143.613,-23.705],[143.262,-23.836],[143.086,-24.137],[142.954,-24.487]]]}},{"type":"Feature","id":248,"properties":{"name":"Kureinji","subjecto":"Kureinji","partof":"Kureinji","precision":3},"geometry":{"type":"Polygon","coordinates":[[[141.965,-33.998],[141.866,-34.089],[141.921,-34.189],[142.141,-34.235],[142.317,-34.606],[142.493,-34.715],[142.679,-34.715],[142.899,-34.642],[143.108,-34.561],[143.35,-34.443],[142.998,-34.144],[142.767,-33.907],[142.603,-33.743],[142.416,-33.706],[142.229,-33.752],[142.053,-33.87],[141.965,-33.998]]]}},{"type":"Feature","id":249,"properties":{"name":"Dadi Dadi","subjecto":"Dadi Dadi","partof":"Dadi Dadi","precision":3},"geometry":{"type":"Polygon","coordinates":[[[142.894,-34.611],[142.976,-34.705],[142.949,-34.832],[142.971,-34.845],[143.009,-34.863],[143.185,-34.769],[143.366,-34.719],[143.394,-34.638],[143.394,-34.516],[143.289,-34.452],[143.146,-34.488],[142.943,-34.588],[142.894,-34.611]]]}},{"type":"Feature","id":250,"properties":{"name":"Kaurna Pangkarra","subjecto":"Kaurna Pangkarra","partof":"Kaurna Pangkarra","precision":3},"geometry":{"type":"Polygon","coordinates":[[[138.271,-34.579],[138.568,-34.928],[138.535,-35.297],[138.458,-35.483],[138.521,-35.438],[138.582,-35.335],[138.653,-35.174],[138.713,-34.994],[138.79,-34.859],[138.79,-34.687],[138.746,-34.606],[138.691,-34.488],[138.543,-34.082],[138.414,-33.53],[138.356,-33.337],[138.323,-33.298],[138.17,-33.324],[137.994,-33.468],[138.115,-34.253],[138.271,-34.579]]]}},{"type":"Feature","id":251,"properties":{"name":"Walmatjarri","subjecto":"Walmatjarri","partof":"Walmatjarri","precision":3},"geometry":{"type":"Polygon","coordinates":[[[124.882,-18.48],[124.75,-18.677],[124.761,-19.104],[124.969,-19.591],[124.991,-20.046],[124.871,-20.252],[125.035,-20.283],[125.596,-20.355],[125.925,-20.406],[126.134,-20.406],[126.398,-20.427],[126.541,-20.283],[126.755,-19.674],[126.771,-19.467],[126.815,-19.264],[126.832,-19.135],[126.848,-19.093],[126.777,-19.062],[126.442,-19.067],[126.343,-18.958],[126.222,-18.927],[126.057,-18.927],[125.876,-18.854],[125.546,-18.428],[125.453,-18.417],[125.31,-18.485],[124.882,-18.48]]]}},{"type":"Feature","id":252,"properties":{"name":"Waka Waka","subjecto":"Waka Waka","partof":"Waka Waka","precision":3},"geometry":{"type":"Polygon","coordinates":[[[152.93,-27.059],[152.853,-26.942],[152.556,-26.78],[152.067,-26.229],[151.93,-25.889],[151.88,-25.528],[151.782,-25.12],[151.562,-25.021],[151.348,-25.096],[151.068,-25.399],[150.947,-25.542],[150.881,-25.651],[150.831,-25.711],[150.991,-25.835],[151.375,-26.224],[151.512,-26.657],[152.139,-27.216],[152.238,-27.22],[152.369,-27.196],[152.507,-27.206],[152.737,-27.333],[152.798,-27.299],[152.842,-27.186],[152.93,-27.059]]]}},{"type":"Feature","id":253,"properties":{"name":"Thaayorre","subjecto":"Thaayorre","partof":"Thaayorre","precision":3},"geometry":{"type":"Polygon","coordinates":[[[141.554,-14.887],[141.652,-15.036],[141.709,-15.218],[141.725,-15.219],[141.866,-14.971],[142.031,-14.754],[142.059,-14.456],[141.53,-14.476],[141.494,-14.575],[141.554,-14.887]]]}},{"type":"Feature","id":254,"properties":{"name":"Jaburrara","subjecto":"Jaburrara","partof":"Jaburrara","precision":3},"geometry":{"type":"Polygon","coordinates":[[[116.774,-20.786],[116.779,-20.797],[116.812,-20.785],[116.774,-20.786]]]}},{"type":"Feature","id":255,"properties":{"name":"Nyaki-nyaki","subjecto":"Nyaki-nyaki","partof":"Nyaki-nyaki","precision":3},"geometry":{"type":"Polygon","coordinates":[[[120.394,-32.773],[120.416,-32.565],[120.388,-32.357],[120.289,-32.217],[119.366,-31.667],[118.471,-31.1],[118.235,-30.836],[117.916,-31.264],[117.724,-31.527],[117.526,-31.957],[117.537,-32.213],[117.669,-32.547],[118.037,-32.976],[118.152,-33.105],[118.658,-33.151],[119.658,-33.17],[120.135,-33.142],[120.328,-32.953],[120.394,-32.773]]]}},{"type":"Feature","id":256,"properties":{"name":"Yorta Yorta","subjecto":"Yorta Yorta","partof":"Yorta Yorta","precision":3},"geometry":{"type":"Polygon","coordinates":[[[144.849,-35.47],[144.605,-35.619],[144.506,-35.822],[144.564,-35.958],[144.8,-36.129],[145,-36.187],[145.5,-36.213],[145.632,-36.198],[145.761,-36.138],[145.833,-36.018],[145.783,-35.938],[145.629,-35.885],[145.327,-35.639],[145.327,-35.142],[145.217,-35.156],[145.074,-35.241],[144.849,-35.47]]]}},{"type":"Feature","id":257,"properties":{"name":"Ngarigo","subjecto":"Ngarigo","partof":"Ngarigo","precision":3},"geometry":{"type":"Polygon","coordinates":[[[149.59,-35.38],[149.26,-35.353],[148.843,-35.237],[148.381,-35.147],[147.997,-35.147],[147.986,-35.281],[147.81,-35.96],[147.81,-36.28],[147.81,-36.739],[147.843,-36.967],[147.997,-37.099],[148.085,-37.274],[148.25,-37.379],[148.359,-37.388],[148.535,-37.257],[149.03,-37.081],[149.337,-37.073],[149.502,-37.038],[149.502,-36.704],[149.491,-36.315],[149.491,-35.836],[149.59,-35.38]]]}},{"type":"Feature","id":258,"properties":{"name":"Muruwari","subjecto":"Muruwari","partof":"Muruwari","precision":3},"geometry":{"type":"Polygon","coordinates":[[[146.03,-27.994],[145.975,-27.975],[145.909,-28.246],[145.767,-28.585],[145.558,-28.931],[145.657,-29.018],[145.756,-29.306],[145.734,-29.707],[145.854,-29.64],[146.656,-29.736],[146.777,-29.831],[146.964,-29.917],[147.052,-29.679],[147.59,-29.143],[147.415,-28.979],[146.898,-28.758],[146.448,-28.459],[146.03,-27.994]]]}},{"type":"Feature","id":259,"properties":{"name":"Ngarluma","subjecto":"Ngarluma","partof":"Ngarluma","precision":3},"geometry":{"type":"Polygon","coordinates":[[[117.088,-20.778],[116.812,-20.785],[116.779,-20.828],[116.922,-20.9],[116.988,-20.977],[117.136,-21.064],[117.933,-21.325],[118.026,-21.3],[117.828,-20.628],[117.814,-20.619],[117.755,-20.675],[117.597,-20.758],[117.088,-20.778]]]}},{"type":"Feature","id":260,"properties":{"name":"Mbara","subjecto":"Mbara","partof":"Mbara","precision":3},"geometry":{"type":"Polygon","coordinates":[[[142.91,-19.456],[142.592,-19.829],[142.416,-20.138],[142.69,-20.458],[142.833,-20.54],[142.899,-20.612],[143.163,-20.602],[143.536,-20.581],[144.02,-20.52],[144.294,-20.53],[144.349,-20.252],[144.371,-19.942],[144.24,-19.674],[144.053,-19.612],[143.954,-19.58],[143.558,-19.57],[142.91,-19.456]]]}},{"type":"Feature","id":261,"properties":{"name":"Gumbainggir","subjecto":"Gumbainggir","partof":"Gumbainggir","precision":3},"geometry":{"type":"Polygon","coordinates":[[[153.203,-29.91],[153.342,-29.251],[152.787,-29.573],[152.545,-29.487],[152.232,-29.459],[151.853,-29.454],[151.672,-29.435],[151.43,-29.679],[151.392,-29.76],[151.392,-29.893],[151.677,-30.183],[151.848,-30.311],[152.111,-30.477],[152.397,-30.543],[152.743,-30.624],[152.951,-30.666],[153.203,-29.91]]]}},{"type":"Feature","id":262,"properties":{"name":"Yinwum","subjecto":"Yinwum","partof":"Yinwum","precision":3},"geometry":{"type":"Polygon","coordinates":[[[142.603,-12.445],[142.583,-12.536],[142.586,-13.031],[142.619,-13.079],[142.71,-13.117],[142.814,-13.117],[142.885,-13.088],[142.965,-13.029],[142.984,-12.978],[142.968,-12.678],[142.927,-12.597],[142.756,-12.549],[142.646,-12.463],[142.603,-12.445]]]}},{"type":"Feature","id":263,"properties":{"name":"Marramaninjsji","subjecto":"Marramaninjsji","partof":"Marramaninjsji","precision":3},"geometry":{"type":"Polygon","coordinates":[[[130.078,-14.07],[130.029,-14.067],[130.04,-14.102],[130.081,-14.123],[130.103,-14.129],[130.191,-14.131],[130.254,-14.105],[130.325,-13.953],[130.323,-13.921],[130.309,-13.886],[130.262,-13.873],[130.218,-13.902],[130.218,-13.953],[130.215,-13.987],[130.185,-14.035],[130.13,-14.051],[130.067,-14.051],[130.078,-14.07]]]}},{"type":"Feature","id":264,"properties":{"name":"Barna","subjecto":"Barna","partof":"Barna","precision":3},"geometry":{"type":"Polygon","coordinates":[[[148.574,-22.35],[148.585,-22.192],[148.585,-21.77],[148.618,-21.622],[148.184,-21.622],[147.969,-21.596],[147.744,-21.566],[147.739,-21.673],[147.733,-21.78],[147.728,-21.897],[147.728,-22.035],[147.761,-22.274],[147.7,-22.431],[147.728,-22.543],[147.777,-22.65],[147.87,-22.746],[148.024,-22.655],[148.173,-22.609],[148.475,-22.441],[148.574,-22.35]]]}},{"type":"Feature","id":265,"properties":{"name":"Uutaalnganu","subjecto":"Uutaalnganu","partof":"Uutaalnganu","precision":3},"geometry":{"type":"Polygon","coordinates":[[[143.437,-13.081],[143.376,-12.833],[143.24,-12.884],[143.138,-12.938],[143.127,-12.946],[143.179,-13.031],[143.259,-13.237],[143.33,-13.347],[143.385,-13.395],[143.457,-13.395],[143.437,-13.081]]]}},{"type":"Feature","id":266,"properties":{"name":"Wergaia","subjecto":"Wergaia","partof":"Wergaia","precision":3},"geometry":{"type":"Polygon","coordinates":[[[141.01,-36.897],[141.471,-36.8],[141.91,-36.8],[142.46,-36.315],[142.745,-36.315],[143.02,-36.368],[143.701,-36.227],[143.866,-36.147],[143.954,-36.076],[143.998,-35.987],[143.954,-35.862],[143.778,-35.836],[143.558,-35.747],[143.427,-35.559],[143.361,-35.362],[143.317,-35.237],[143.24,-35.012],[143.042,-34.859],[142.8,-34.805],[142.416,-34.715],[141.757,-34.588],[141.57,-34.66],[141.438,-34.769],[141.394,-34.859],[141.284,-35.21],[141.141,-35.532],[140.999,-35.96],[140.999,-36.253],[140.999,-36.518],[140.988,-36.756],[141.01,-36.897]]]}},{"type":"Feature","id":267,"properties":{"name":"Punuba","subjecto":"Punuba","partof":"Punuba","precision":3},"geometry":{"type":"Polygon","coordinates":[[[125.508,-17.571],[125.343,-17.602],[125.31,-17.77],[125.409,-17.937],[125.618,-18.135],[125.695,-18.156],[125.859,-18.083],[126.068,-17.989],[126.321,-17.791],[126.299,-17.644],[126.057,-17.476],[125.87,-17.414],[125.695,-17.414],[125.508,-17.571]]]}},{"type":"Feature","id":268,"properties":{"name":"Warlmanpa","subjecto":"Warlmanpa","partof":"Warlmanpa","precision":3},"geometry":{"type":"Polygon","coordinates":[[[131.49,-17.979],[131.105,-18.062],[130.902,-18.156],[131.083,-18.349],[131.375,-18.49],[131.858,-18.901],[132.149,-19.223],[132.429,-19.342],[133.539,-19.27],[133.846,-18.813],[133.561,-18.532],[133.5,-18.339],[133.341,-18.167],[133.352,-17.749],[132.281,-17.686],[132.012,-17.801],[131.638,-17.911],[131.49,-17.979]]]}},{"type":"Feature","id":269,"properties":{"name":"Nguri","subjecto":"Nguri","partof":"Nguri","precision":3},"geometry":{"type":"Polygon","coordinates":[[[148.063,-25.061],[147.519,-25.324],[147.294,-25.513],[147.189,-25.656],[147.178,-25.864],[147.178,-25.973],[147.222,-26.062],[148.239,-26.141],[148.315,-25.958],[148.348,-25.721],[148.387,-25.478],[148.398,-25.265],[148.337,-25.15],[148.233,-25.076],[148.063,-25.061]]]}},{"type":"Feature","id":270,"properties":{"name":"Gunggari","subjecto":"Gunggari","partof":"Gunggari","precision":3},"geometry":{"type":"Polygon","coordinates":[[[148.375,-26.601],[148.359,-26.506],[148.399,-26.118],[148.372,-26.082],[148.31,-26.062],[148.288,-25.951],[148.297,-25.844],[148.359,-25.613],[148.407,-25.465],[148.429,-25.349],[148.429,-25.265],[148.425,-25.181],[148.31,-24.941],[148.222,-24.805],[148.111,-24.696],[148.029,-24.679],[147.966,-24.726],[147.852,-24.797],[147.715,-24.942],[147.414,-25.4],[147.345,-25.553],[147.204,-25.775],[147.131,-25.927],[147.071,-26.055],[147.003,-26.215],[146.923,-26.575],[146.75,-26.827],[146.611,-26.884],[146.565,-26.92],[146.43,-27.008],[146.946,-27.117],[146.971,-27.141],[147.001,-27.232],[147.056,-27.501],[147.282,-27.435],[147.43,-27.645],[147.535,-27.696],[147.678,-27.7],[148.542,-27.811],[148.552,-27.426],[148.375,-26.601]]]}},{"type":"Feature","id":271,"properties":{"name":"Nganyaywana","subjecto":"Nganyaywana","partof":"Nganyaywana","precision":3},"geometry":{"type":"Polygon","coordinates":[[[150.974,-29.798],[150.908,-30.007],[150.809,-30.321],[150.809,-30.605],[151.029,-31.015],[151.183,-31.109],[151.287,-31.18],[151.661,-31.044],[151.815,-30.921],[151.996,-30.756],[152.111,-30.567],[152.139,-30.453],[151.727,-30.164],[151.507,-29.979],[151.375,-29.793],[151.243,-29.812],[151.04,-29.812],[150.996,-29.798],[150.974,-29.798]]]}},{"type":"Feature","id":272,"properties":{"name":"Worla","subjecto":"Worla","partof":"Worla","precision":3},"geometry":{"type":"Polygon","coordinates":[[[125.87,-16.836],[125.662,-17.046],[125.684,-17.214],[125.728,-17.309],[125.804,-17.435],[126.035,-17.476],[126.189,-17.592],[126.288,-17.738],[126.53,-17.728],[127.529,-17.277],[127.365,-16.615],[127.419,-16.415],[127.452,-16.077],[127.474,-15.94],[126.969,-15.94],[126.595,-16.784],[125.87,-16.836]]]}},{"type":"Feature","id":273,"properties":{"name":"Kalkadoon","subjecto":"Kalkadoon","partof":"Kalkadoon","precision":3},"geometry":{"type":"Polygon","coordinates":[[[140.087,-20.18],[140.065,-20.108],[139.625,-20.169],[138.801,-20.324],[138.834,-20.468],[139.076,-20.91],[139.142,-21.187],[139.153,-21.576],[139.257,-21.514],[139.614,-21.596],[140.059,-21.719],[140.24,-21.805],[140.422,-21.765],[140.729,-21.739],[140.823,-21.688],[140.685,-21.407],[140.51,-20.946],[140.372,-20.761],[140.202,-20.509],[140.136,-20.35],[140.087,-20.18]]]}},{"type":"Feature","id":274,"properties":{"name":"Tjupany","subjecto":"Tjupany","partof":"Tjupany","precision":3},"geometry":{"type":"Polygon","coordinates":[[[118.652,-28.033],[118.757,-28.125],[118.954,-27.946],[119.339,-27.318],[119.899,-27.338],[120.69,-27.537],[121.317,-27.576],[121.278,-27.401],[121.152,-27.279],[120.927,-26.907],[120.85,-26.593],[120.839,-26.466],[120.8,-26.357],[119.312,-25.775],[118.938,-25.731],[118.806,-25.869],[118.57,-26.308],[118.438,-26.48],[118.257,-26.839],[118.109,-27.069],[118.043,-27.157],[118.021,-27.206],[118.328,-27.713],[118.652,-28.033]]]}},{"type":"Feature","id":275,"properties":{"name":"Wunumara","subjecto":"Wunumara","partof":"Wunumara","precision":3},"geometry":{"type":"Polygon","coordinates":[[[143.207,-20.633],[143.119,-20.53],[142.646,-20.664],[142.284,-20.612],[141.823,-20.592],[141.35,-20.035],[141.119,-20.108],[140.779,-20.252],[140.504,-20.54],[140.372,-20.869],[140.515,-21.207],[140.658,-21.494],[140.79,-21.77],[140.856,-21.963],[141.119,-21.892],[141.372,-21.749],[141.658,-21.708],[142.537,-21.882],[142.976,-21.729],[143.24,-21.698],[143.394,-21.668],[143.207,-20.633]]]}},{"type":"Feature","id":276,"properties":{"name":"Yankuntjatjara","subjecto":"Yankuntjatjara","partof":"Yankuntjatjara","precision":3},"geometry":{"type":"Polygon","coordinates":[[[131.045,-25.453],[130.946,-25.75],[130.781,-26.077],[130.869,-26.736],[130.704,-27.333],[130.704,-27.518],[131.429,-28.208],[131.803,-28.343],[132.231,-28.42],[132.66,-28.411],[133.11,-28.411],[133.462,-28.401],[133.506,-28.208],[133.341,-27.8],[133.242,-27.255],[133.11,-26.893],[133.066,-26.716],[132.989,-26.382],[132.913,-26.096],[132.638,-25.849],[131.77,-25.741],[131.342,-25.612],[131.045,-25.453]]]}},{"type":"Feature","id":277,"properties":{"name":"Nakako","subjecto":"Nakako","partof":"Nakako","precision":3},"geometry":{"type":"Polygon","coordinates":[[[126.958,-26.638],[127.222,-27.917],[127.222,-28.314],[127.299,-28.633],[127.562,-28.556],[127.991,-28.44],[129.188,-28.362],[129.595,-28.362],[129.902,-28.372],[129.99,-28.285],[130.155,-28.033],[130.594,-27.674],[130.583,-27.518],[130.21,-27.499],[129.287,-27.128],[129.078,-26.824],[129.023,-26.402],[129.023,-26.096],[129.023,-25.958],[129.023,-25.839],[128.76,-25.909],[128.276,-25.919],[127.793,-26.284],[127.474,-26.392],[126.958,-26.638]]]}},{"type":"Feature","id":278,"properties":{"name":"Jaitmatang","subjecto":"Jaitmatang","partof":"Jaitmatang","precision":3},"geometry":{"type":"Polygon","coordinates":[[[147.195,-37.09],[147.404,-37.501],[147.667,-37.51],[147.997,-37.344],[148.151,-37.169],[148.217,-37.055],[148.26,-36.085],[148.096,-36.022],[147.898,-35.987],[147.7,-35.951],[147.25,-35.978],[147.14,-36.022],[147.228,-36.129],[147.294,-36.774],[147.228,-36.95],[147.184,-37.02],[147.195,-37.09]]]}},{"type":"Feature","id":279,"properties":{"name":"Mandjindja","subjecto":"Mandjindja","partof":"Mandjindja","precision":3},"geometry":{"type":"Polygon","coordinates":[[[125.442,-25.869],[125.101,-25.859],[124.552,-26.392],[124.409,-26.844],[124.376,-27.118],[124.354,-27.45],[124.398,-27.674],[126.09,-28.777],[126.738,-28.941],[127.397,-28.633],[127.277,-28.15],[127.321,-27.79],[127.145,-26.863],[127.013,-26.608],[126.804,-26.52],[126.42,-26.382],[125.442,-25.869]]]}},{"type":"Feature","id":280,"properties":{"name":"Ngalea","subjecto":"Ngalea","partof":"Ngalea","precision":3},"geometry":{"type":"Polygon","coordinates":[[[131.44,-30.231],[131.155,-30.126],[130.847,-30.031],[130.518,-29.869],[130.353,-29.659],[130.144,-29.507],[130.045,-29.353],[129.869,-28.739],[129.902,-28.546],[129.946,-28.314],[129.617,-28.256],[127.958,-28.314],[127.529,-28.478],[127.397,-28.575],[127.43,-28.671],[127.595,-28.806],[127.804,-29.075],[128.21,-29.507],[128.397,-29.793],[128.408,-30.06],[128.463,-30.126],[129.342,-30.088],[130.155,-30.117],[131.254,-30.212],[131.44,-30.231]]]}},{"type":"Feature","id":281,"properties":{"name":"Wurundjeri","subjecto":"Wurundjeri","partof":"Wurundjeri","precision":3},"geometry":{"type":"Polygon","coordinates":[[[146.393,-38.299],[146.514,-38.005],[146.316,-37.51],[146.217,-37.423],[146.085,-37.466],[145.723,-37.414],[144.954,-37.081],[144.723,-37.081],[144.536,-37.117],[144.327,-37.143],[144.174,-37.178],[144.196,-37.3],[144.24,-37.379],[144.283,-37.579],[144.404,-37.884],[144.525,-37.953],[144.734,-37.918],[144.987,-37.858],[146.052,-38.359],[146.316,-38.385],[146.393,-38.299]]]}},{"type":"Feature","id":282,"properties":{"name":"Kariyarra","subjecto":"Kariyarra","partof":"Kariyarra","precision":3},"geometry":{"type":"Polygon","coordinates":[[[117.968,-20.471],[117.794,-20.638],[117.795,-20.689],[117.916,-21.156],[118.004,-21.392],[118.488,-21.678],[118.586,-21.657],[118.674,-21.566],[118.883,-20.946],[118.878,-20.509],[118.689,-20.34],[117.968,-20.471]]]}},{"type":"Feature","id":283,"properties":{"name":"Gadubanud","subjecto":"Gadubanud","partof":"Gadubanud","precision":3},"geometry":{"type":"Polygon","coordinates":[[[144.168,-38.488],[143.108,-38.771],[143.52,-38.912],[143.734,-38.831],[144.168,-38.488]]]}},{"type":"Feature","id":284,"properties":{"name":"Ngurraiillam","subjecto":"Ngurraiillam","partof":"Ngurraiillam","precision":3},"geometry":{"type":"Polygon","coordinates":[[[144.838,-36.111],[144.761,-36.271],[144.673,-36.355],[144.575,-36.488],[144.509,-36.532],[144.459,-36.585],[144.646,-36.629],[144.86,-36.655],[145.162,-36.655],[145.646,-36.443],[145.794,-36.227],[145.8,-36.111],[145.58,-36.16],[145.278,-36.151],[144.992,-36.116],[144.838,-36.111]]]}},{"type":"Feature","id":285,"properties":{"name":"Nyul Nyul","subjecto":"Nyul Nyul","partof":"Nyul Nyul","precision":3},"geometry":{"type":"Polygon","coordinates":[[[122.653,-16.736],[122.543,-16.917],[122.547,-16.928],[122.558,-16.954],[122.624,-16.999],[122.715,-17.028],[122.866,-17.038],[122.981,-17.028],[123.079,-16.979],[123.023,-16.856],[122.927,-16.734],[122.863,-16.734],[122.786,-16.741],[122.728,-16.741],[122.653,-16.736]]]}},{"type":"Feature","id":286,"properties":{"name":"Taungurung","subjecto":"Taungurung","partof":"Taungurung","precision":3},"geometry":{"type":"Polygon","coordinates":[[[146.091,-36.488],[145.822,-36.107],[145.756,-36.08],[145.668,-36.107],[145.602,-36.187],[145.547,-36.293],[145.421,-36.505],[145.344,-36.567],[144.838,-36.598],[144.542,-36.571],[144.377,-36.549],[144.278,-36.567],[144.185,-36.642],[144.25,-37.007],[144.316,-37.125],[144.366,-37.165],[144.591,-37.138],[144.943,-37.165],[145.876,-37.488],[146.162,-37.492],[146.338,-37.427],[146.618,-37.331],[146.953,-37.099],[146.953,-37.02],[146.656,-36.989],[146.53,-36.919],[146.091,-36.488]]]}},{"type":"Feature","id":287,"properties":{"name":"Antakarinja","subjecto":"Antakarinja","partof":"Antakarinja","precision":3},"geometry":{"type":"Polygon","coordinates":[[[133.594,-26.067],[133.176,-26.234],[132.968,-26.362],[132.979,-26.765],[133.176,-27.586],[133.231,-28.014],[133.253,-28.391],[133.583,-28.739],[133.912,-28.931],[134.429,-29.047],[134.681,-28.893],[134.879,-28.729],[135.154,-27.421],[135.319,-27.196],[135.209,-26.971],[134.165,-26.037],[133.934,-26.007],[133.594,-26.067]]]}},{"type":"Feature","id":288,"properties":{"name":"Karangpurru","subjecto":"Karangpurru","partof":"Karangpurru","precision":3},"geometry":{"type":"Polygon","coordinates":[[[132.144,-16.004],[132.127,-15.84],[131.962,-15.755],[131.732,-15.755],[131.506,-15.787],[131.369,-15.792],[131.331,-15.993],[131.1,-15.998],[130.908,-16.072],[130.836,-16.125],[130.908,-16.304],[130.941,-16.415],[131.078,-16.468],[131.265,-16.552],[131.364,-16.715],[131.561,-16.605],[131.94,-16.315],[132.144,-16.004]]]}},{"type":"Feature","id":289,"properties":{"name":"Kurrama","subjecto":"Kurrama","partof":"Kurrama","precision":3},"geometry":{"type":"Polygon","coordinates":[[[116.268,-21.392],[115.642,-22.116],[115.389,-22.34],[115.192,-22.502],[115.807,-22.573],[115.95,-22.462],[116.169,-22.421],[116.422,-22.431],[116.752,-22.665],[116.96,-22.867],[116.993,-22.877],[117.51,-22.756],[117.823,-22.208],[117.823,-22.07],[117.675,-21.943],[117.482,-21.816],[117.263,-21.734],[116.944,-21.422],[116.686,-21.376],[116.373,-21.31],[116.268,-21.392]]]}},{"type":"Feature","id":290,"properties":{"name":"Karuwali","subjecto":"Karuwali","partof":"Karuwali","precision":3},"geometry":{"type":"Polygon","coordinates":[[[140.493,-23.966],[140.493,-24.187],[140.526,-24.497],[140.735,-24.966],[140.702,-25.245],[140.614,-25.463],[140.482,-25.721],[140.416,-25.919],[140.823,-26.067],[140.944,-26.146],[141.097,-26.264],[141.361,-25.958],[141.877,-25.145],[142.108,-24.847],[142.273,-24.577],[142.372,-24.477],[142.504,-24.257],[142.515,-24.077],[141.559,-24.036],[140.658,-23.886],[140.482,-23.906],[140.493,-23.966]]]}},{"type":"Feature","id":291,"properties":{"name":"Kunjen","subjecto":"Kunjen","partof":"Kunjen","precision":3},"geometry":{"type":"Polygon","coordinates":[[[141.833,-14.945],[141.746,-15.136],[141.702,-15.337],[141.691,-15.538],[141.658,-15.887],[141.658,-16.151],[141.757,-16.489],[141.768,-16.699],[141.79,-16.92],[142.855,-17.382],[142.971,-17.199],[143.366,-16.862],[143.454,-16.731],[143.542,-16.641],[143.492,-16.594],[143.306,-16.51],[142.734,-16.299],[142.833,-16.162],[143.218,-16.004],[143.558,-16.004],[143.657,-16.035],[143.701,-15.739],[143.701,-15.221],[143.701,-14.945],[143.492,-14.839],[143.218,-14.807],[142.537,-14.817],[142.152,-14.87],[141.833,-14.945]]]}},{"type":"Feature","id":292,"properties":{"name":"Gabalbara","subjecto":"Gabalbara","partof":"Gabalbara","precision":3},"geometry":{"type":"Polygon","coordinates":[[[148.661,-22.309],[148.497,-22.345],[148.079,-22.599],[147.903,-22.68],[147.898,-22.746],[148.008,-22.883],[148.118,-23.049],[148.244,-23.216],[148.343,-23.367],[148.453,-23.468],[148.524,-23.569],[148.837,-23.428],[148.997,-23.322],[149.117,-23.282],[149.321,-23.251],[149.255,-23.145],[149.106,-22.888],[149.057,-22.67],[148.92,-22.436],[148.854,-22.33],[148.661,-22.309]]]}},{"type":"Feature","id":293,"properties":{"name":"Narangga","subjecto":"Narangga","partof":"Narangga","precision":3},"geometry":{"type":"Polygon","coordinates":[[[137.72,-35.214],[137.92,-34.632],[138.054,-34.189],[136.985,-35.396],[137.72,-35.214]]]}},{"type":"Feature","id":294,"properties":{"name":"Nana","subjecto":"Nana","partof":"Nana","precision":3},"geometry":{"type":"Polygon","coordinates":[[[121.849,-26.037],[120.981,-26.244],[120.773,-26.421],[120.828,-26.785],[121.058,-27.313],[121.443,-27.674],[121.685,-27.956],[122.278,-27.684],[123.058,-26.677],[123.113,-26.471],[123.157,-26.392],[122.827,-26.037],[122.421,-25.978],[121.849,-26.037]]]}},{"type":"Feature","id":295,"properties":{"name":"Yuggera","subjecto":"Yuggera","partof":"Yuggera","precision":3},"geometry":{"type":"Polygon","coordinates":[[[152.687,-27.754],[152.852,-27.485],[152.715,-27.443],[152.566,-27.754],[152.687,-27.754]]]}},{"type":"Feature","id":296,"properties":{"name":"Barindji","subjecto":"Barindji","partof":"Barindji","precision":3},"geometry":{"type":"Polygon","coordinates":[[[143.998,-31.607],[143.591,-31.887],[143.284,-32.241],[142.723,-32.639],[142.592,-33.358],[142.756,-33.633],[142.795,-34.03],[143.207,-33.77],[143.295,-33.788],[143.558,-33.642],[144.174,-33.082],[144.36,-32.843],[144.382,-32.538],[144.569,-32.045],[144.734,-31.709],[144.822,-31.457],[144.404,-31.56],[144.053,-31.56],[143.998,-31.607]]]}},{"type":"Feature","id":297,"properties":{"name":"Gunibidji","subjecto":"Gunibidji","partof":"Gunibidji","precision":3},"geometry":{"type":"Polygon","coordinates":[[[134.143,-12.084],[134.022,-12.056],[134.017,-12.133],[134.017,-12.198],[134.019,-12.27],[134.058,-12.321],[134.11,-12.302],[134.132,-12.265],[134.149,-12.208],[134.193,-12.115],[134.228,-12.096],[134.143,-12.084]]]}},{"type":"Feature","id":298,"properties":{"name":"Mangarayi","subjecto":"Mangarayi","partof":"Mangarayi","precision":3},"geometry":{"type":"Polygon","coordinates":[[[133.149,-14.881],[133.297,-14.955],[133.577,-15.067],[133.709,-15.067],[133.797,-14.993],[133.841,-14.902],[134.006,-14.812],[134.077,-14.775],[134.149,-14.722],[133.533,-14.291],[133.434,-14.275],[133.412,-14.461],[133.149,-14.881]]]}},{"type":"Feature","id":299,"properties":{"name":"Bundjalung","subjecto":"Bundjalung","partof":"Bundjalung","precision":3},"geometry":{"type":"Polygon","coordinates":[[[153.296,-27.913],[153.152,-27.677],[152.958,-27.797],[152.796,-27.853],[152.7,-27.903],[152.541,-27.987],[151.684,-28.251],[151.691,-28.34],[151.823,-28.493],[151.963,-28.758],[151.963,-28.917],[151.982,-28.958],[152.038,-28.996],[152.093,-29.165],[152.099,-29.319],[152.079,-29.421],[152.064,-29.484],[152.092,-29.528],[152.873,-29.604],[153.329,-29.314],[153.493,-28.841],[153.478,-28.504],[153.296,-27.913]]]}},{"type":"Feature","id":300,"properties":{"name":"Yuat","subjecto":"Yuat","partof":"Yuat","precision":3},"geometry":{"type":"Polygon","coordinates":[[[114.972,-30.342],[115.433,-31.391],[115.917,-31.372],[116.389,-31.391],[116.829,-30.055],[116.716,-29.998],[115.082,-30.247],[114.964,-30.278],[114.972,-30.342]]]}},{"type":"Feature","id":301,"properties":{"name":"Ngunawal","subjecto":"Ngunawal","partof":"Ngunawal","precision":3},"geometry":{"type":"Polygon","coordinates":[[[149.689,-35.241],[149.271,-34.935],[148.925,-34.638],[148.656,-34.466],[148.508,-34.312],[148.381,-34.221],[148.035,-34.411],[147.925,-34.565],[147.914,-35.192],[148.134,-35.205],[148.348,-35.21],[148.585,-35.232],[149.293,-35.42],[149.458,-35.416],[149.689,-35.241]]]}},{"type":"Feature","id":302,"properties":{"name":"Mayi-Thakurti","subjecto":"Mayi-Thakurti","partof":"Mayi-Thakurti","precision":3},"geometry":{"type":"Polygon","coordinates":[[[141.042,-19.363],[140.614,-19.601],[140.339,-19.86],[140.054,-20.169],[140.098,-20.499],[140.361,-20.91],[140.537,-20.602],[140.977,-20.221],[141.339,-20.035],[141.218,-19.736],[141.13,-19.353],[141.042,-19.363]]]}},{"type":"Feature","id":303,"properties":{"name":"Teppathiggi","subjecto":"Teppathiggi","partof":"Teppathiggi","precision":3},"geometry":{"type":"Polygon","coordinates":[[[141.947,-11.963],[141.92,-12.007],[141.912,-12.086],[141.917,-12.127],[141.926,-12.154],[141.931,-12.186],[141.973,-12.193],[142,-12.187],[142.044,-12.177],[142.118,-12.162],[142.15,-12.138],[142.175,-12.086],[142.181,-12.045],[142.16,-12.003],[142.118,-11.976],[142.075,-11.967],[141.985,-11.984],[141.947,-11.963]]]}},{"type":"Feature","id":304,"properties":{"name":"Binbinga","subjecto":"Binbinga","partof":"Binbinga","precision":3},"geometry":{"type":"Polygon","coordinates":[[[135.725,-15.538],[135.67,-15.697],[135.494,-15.761],[135.417,-15.771],[135.396,-16.088],[135.363,-16.31],[135.615,-16.457],[135.923,-16.794],[136.527,-17.141],[136.582,-17.162],[136.615,-16.878],[136.615,-16.194],[136.648,-16.046],[136.143,-15.634],[135.912,-15.507],[135.725,-15.538]]]}},{"type":"Feature","id":305,"properties":{"name":"Gunindiri","subjecto":"Gunindiri","partof":"Gunindiri","precision":3},"geometry":{"type":"Polygon","coordinates":[[[135.56,-17.539],[135.736,-17.707],[136.527,-18.062],[136.813,-18.073],[136.846,-17.445],[136.846,-17.214],[136.571,-17.067],[136.252,-16.836],[135.956,-16.805],[135.89,-17.046],[135.56,-17.539]]]}},{"type":"Feature","id":306,"properties":{"name":"Yirandali","subjecto":"Yirandali","partof":"Yirandali","precision":3},"geometry":{"type":"Polygon","coordinates":[[[145.613,-20.561],[145.514,-20.386],[144.767,-20.324],[144.25,-20.437],[143.668,-20.489],[143.097,-20.468],[143.064,-20.736],[143.119,-21.054],[143.317,-21.494],[143.328,-21.78],[143.328,-22.086],[143.207,-22.431],[143.328,-22.37],[143.635,-22.187],[144.833,-22.035],[145.865,-22.502],[145.887,-22.37],[145.865,-22.157],[145.613,-21.759],[145.547,-21.545],[145.47,-21.279],[145.613,-20.561]]]}},{"type":"Feature","id":307,"properties":{"name":"Wargamaygan","subjecto":"Wargamaygan","partof":"Wargamaygan","precision":3},"geometry":{"type":"Polygon","coordinates":[[[146.106,-18.549],[145.925,-18.257],[145.996,-17.956],[145.41,-18.099],[145.382,-18.146],[145.684,-18.657],[145.893,-18.641],[146.134,-18.633],[146.106,-18.549]]]}},{"type":"Feature","id":308,"properties":{"name":"Bandjigali","subjecto":"Bandjigali","partof":"Bandjigali","precision":3},"geometry":{"type":"Polygon","coordinates":[[[142.064,-29.85],[141.833,-30.382],[141.119,-31.269],[140.977,-31.307],[141.119,-31.401],[141.801,-31.429],[142.383,-31.429],[142.339,-31.316],[142.339,-31.213],[142.493,-30.996],[142.778,-30.921],[143.284,-30.865],[143.306,-30.562],[143.306,-30.25],[143.361,-29.936],[143.47,-29.755],[143.064,-29.717],[142.383,-29.631],[142.174,-29.631],[142.064,-29.631],[142.064,-29.85]]]}},{"type":"Feature","id":309,"properties":{"name":"Gangulu","subjecto":"Gangulu","partof":"Gangulu","precision":3},"geometry":{"type":"Polygon","coordinates":[[[148.755,-24.257],[149.073,-24.402],[149.167,-23.986],[149.271,-23.836],[149.678,-24.212],[149.837,-24.936],[150.117,-24.916],[150.579,-24.797],[150.71,-24.767],[150.837,-24.332],[150.776,-24.222],[150.738,-24.117],[150.601,-23.75],[150.507,-23.614],[150.084,-23.499],[149.705,-23.549],[149.293,-23.171],[148.964,-23.312],[148.612,-23.448],[148.508,-23.559],[148.601,-24.107],[148.755,-24.257]]]}},{"type":"Feature","id":310,"properties":{"name":"Wajuk","subjecto":"Wajuk","partof":"Wajuk","precision":3},"geometry":{"type":"Polygon","coordinates":[[[115.493,-31.546],[115.758,-32.494],[116.027,-32.436],[116.202,-32.361],[116.598,-32.148],[116.669,-31.989],[116.392,-31.471],[115.983,-31.422],[115.493,-31.546]]]}},{"type":"Feature","id":311,"properties":{"name":"Mayi-Kulan","subjecto":"Mayi-Kulan","partof":"Mayi-Kulan","precision":3},"geometry":{"type":"Polygon","coordinates":[[[140.801,-17.728],[140.812,-17.926],[140.823,-18.167],[140.9,-18.313],[140.999,-18.625],[141.108,-19.228],[141.108,-19.404],[141.471,-19.29],[142.262,-19.311],[142.822,-19.508],[142.943,-19.207],[142.954,-18.948],[142.932,-18.782],[142.712,-18.74],[142.339,-18.657],[141.383,-18.156],[141.306,-17.947],[141.306,-17.634],[141.229,-17.455],[140.966,-17.602],[140.801,-17.728]]]}},{"type":"Feature","id":312,"properties":{"name":"Jingili","subjecto":"Jingili","partof":"Jingili","precision":3},"geometry":{"type":"Polygon","coordinates":[[[133.418,-16.204],[133.341,-16.531],[133.352,-17.435],[133.308,-17.571],[133.275,-17.77],[133.253,-17.906],[133.264,-18.292],[133.539,-18.219],[133.835,-18.188],[134.176,-18.094],[134.33,-17.968],[134.44,-17.811],[134.506,-17.539],[134.506,-17.235],[134.396,-17.025],[134.121,-16.689],[133.737,-16.331],[133.418,-16.204]]]}},{"type":"Feature","id":313,"properties":{"name":"Kuku-yalanji","subjecto":"Kuku-yalanji","partof":"Kuku-yalanji","precision":3},"geometry":{"type":"Polygon","coordinates":[[[145.222,-15.664],[144.866,-15.887],[144.63,-15.988],[144.272,-16.099],[143.871,-16.12],[143.866,-16.246],[143.893,-16.31],[143.882,-16.515],[143.899,-16.673],[143.921,-16.778],[144.058,-16.962],[144.179,-17.036],[144.349,-17.22],[144.657,-17.461],[144.833,-17.414],[145.382,-17.351],[145.322,-17.235],[145.267,-17.109],[145.222,-15.664]]]}},{"type":"Feature","id":314,"properties":{"name":"Mpalitjanh","subjecto":"Mpalitjanh","partof":"Mpalitjanh","precision":3},"geometry":{"type":"Polygon","coordinates":[[[142.147,-12.026],[142.147,-12.061],[142.204,-12.157],[142.479,-12.407],[142.6,-12.474],[142.858,-12.622],[142.943,-12.622],[142.88,-12.343],[142.811,-12.214],[142.74,-12.066],[142.707,-11.996],[142.487,-11.991],[142.273,-11.983],[142.152,-11.983],[142.147,-12.026]]]}},{"type":"Feature","id":315,"properties":{"name":"Nhuwala","subjecto":"Nhuwala","partof":"Nhuwala","precision":3},"geometry":{"type":"Polygon","coordinates":[[[115.126,-22.401],[115.422,-22.401],[115.719,-22.279],[116.455,-21.422],[116.444,-21.207],[116.251,-20.924],[116.135,-20.984],[115.349,-21.602],[114.685,-21.953],[115.126,-22.401]]]}},{"type":"Feature","id":316,"properties":{"name":"Yiman","subjecto":"Yiman","partof":"Yiman","precision":3},"geometry":{"type":"Polygon","coordinates":[[[149.42,-26.19],[149.601,-26.16],[149.777,-26.136],[149.925,-26.126],[149.985,-26.037],[149.98,-25.899],[150.04,-25.77],[150.046,-25.622],[150.007,-25.379],[150.007,-24.961],[150.002,-24.921],[149.897,-24.961],[149.15,-25.14],[149.024,-25.18],[149.024,-25.294],[149.019,-25.542],[148.975,-25.963],[148.909,-26.116],[149.42,-26.19]]]}},{"type":"Feature","id":317,"properties":{"name":"Jaru","subjecto":"Jaru","partof":"Jaru","precision":3},"geometry":{"type":"Polygon","coordinates":[[[126.716,-18.667],[126.299,-18.885],[126.31,-19.021],[126.442,-19.104],[126.694,-19.083],[126.826,-19.156],[127.057,-19.27],[127.727,-19.425],[128.112,-19.384],[128.54,-19.259],[128.782,-19.249],[129.199,-18.937],[129.243,-18.625],[129.254,-18.428],[129.276,-18.219],[129.199,-17.926],[128.936,-17.759],[128.804,-17.634],[128.595,-17.55],[128.375,-17.539],[128.221,-17.581],[128.123,-17.811],[127.617,-18.073],[127.419,-18.302],[126.859,-18.386],[126.716,-18.667]]]}},{"type":"Feature","id":318,"properties":{"name":"Ngan’gikurunggurr","subjecto":"Ngan’gikurunggurr","partof":"Ngan’gikurunggurr","precision":3},"geometry":{"type":"Polygon","coordinates":[[[129.852,-14.123],[129.849,-14.268],[129.874,-14.359],[129.989,-14.405],[129.989,-14.431],[130.015,-14.456],[130.044,-14.456],[130.04,-14.407],[130.004,-14.338],[130.106,-14.166],[130.106,-14.117],[130.038,-14.089],[129.926,-14.083],[129.868,-14.091],[129.852,-14.123]]]}},{"type":"Feature","id":319,"properties":{"name":"Yitha Yitha","subjecto":"Yitha Yitha","partof":"Yitha Yitha","precision":3},"geometry":{"type":"Polygon","coordinates":[[[143.52,-33.624],[143.47,-33.697],[143.871,-33.934],[144.086,-34.112],[144.294,-34.194],[144.564,-34.153],[144.613,-34.103],[144.695,-34.044],[144.783,-33.998],[144.849,-33.934],[144.954,-33.834],[145.184,-33.747],[145.206,-33.541],[144.69,-33.17],[144.432,-33.018],[144.256,-32.926],[144.124,-33.018],[143.674,-33.441],[143.52,-33.624]]]}},{"type":"Feature","id":320,"properties":{"name":"Mbeiwum","subjecto":"Mbeiwum","partof":"Mbeiwum","precision":3},"geometry":{"type":"Polygon","coordinates":[[[142.597,-13.066],[142.451,-13.061],[142.342,-13.053],[142.213,-12.812],[142.147,-12.809],[142.094,-12.831],[142.05,-12.881],[142.037,-12.914],[141.99,-12.975],[141.99,-13.074],[141.965,-13.173],[141.985,-13.219],[142.342,-13.141],[142.594,-13.133],[142.679,-13.117],[142.597,-13.066]]]}},{"type":"Feature","id":321,"properties":{"name":"Limilngan","subjecto":"Limilngan","partof":"Limilngan","precision":3},"geometry":{"type":"Polygon","coordinates":[[[132.215,-12.796],[132.242,-12.576],[132.216,-12.341],[131.817,-12.368],[131.635,-12.39],[131.611,-12.914],[131.721,-12.951],[132.215,-12.796]]]}},{"type":"Feature","id":322,"properties":{"name":"Kalaamaya","subjecto":"Kalaamaya","partof":"Kalaamaya","precision":3},"geometry":{"type":"Polygon","coordinates":[[[118.69,-28.557],[118.224,-28.304],[117.889,-28.353],[116.31,-29.215],[116.52,-29.598],[116.949,-30.119],[117.922,-30.666],[118.087,-30.744],[118.265,-30.907],[118.352,-31.067],[118.869,-31.53],[119.917,-32.18],[120.169,-31.893],[120.422,-31.64],[120.698,-31.405],[120.962,-31.246],[121.215,-31.114],[120.739,-30.634],[120.004,-29.325],[119.421,-28.748],[118.69,-28.557]]]}},{"type":"Feature","id":323,"properties":{"name":"Jiwarli","subjecto":"Jiwarli","partof":"Jiwarli","precision":3},"geometry":{"type":"Polygon","coordinates":[[[115.889,-22.619],[115.752,-22.807],[115.697,-22.908],[115.867,-22.999],[116.213,-23.201],[116.554,-23.378],[116.884,-23.529],[117.356,-23.745],[117.658,-23.866],[117.779,-23.755],[117.823,-23.579],[117.724,-23.473],[117.334,-23.373],[117.098,-23.307],[116.856,-23.206],[116.669,-23.09],[116.455,-22.969],[116.087,-22.796],[115.955,-22.639],[115.889,-22.619]]]}},{"type":"Feature","id":324,"properties":{"name":"Wunambul","subjecto":"Wunambul","partof":"Wunambul","precision":3},"geometry":{"type":"Polygon","coordinates":[[[125.108,-15.205],[125.084,-15.308],[125.376,-15.332],[125.376,-15.459],[125.601,-15.665],[125.673,-15.75],[125.744,-15.829],[125.826,-15.665],[125.892,-15.517],[126.002,-14.807],[126.002,-14.647],[126.002,-14.541],[125.968,-14.48],[125.863,-14.695],[125.497,-14.677],[125.156,-14.805],[125.108,-15.205]]]}},{"type":"Feature","id":325,"properties":{"name":"Yalarrnga","subjecto":"Yalarrnga","partof":"Yalarrnga","precision":3},"geometry":{"type":"Polygon","coordinates":[[[139.208,-21.504],[139.208,-21.708],[139.241,-22.167],[139.384,-22.065],[139.581,-22.147],[139.768,-22.177],[140.284,-22.238],[140.306,-22.045],[140.295,-21.923],[140.383,-21.754],[140.284,-21.729],[139.79,-21.463],[139.482,-21.463],[139.208,-21.504]]]}},{"type":"Feature","id":326,"properties":{"name":"Mudburra","subjecto":"Mudburra","partof":"Mudburra","precision":3},"geometry":{"type":"Polygon","coordinates":[[[130.979,-17.55],[130.979,-17.832],[130.99,-17.906],[131.407,-17.947],[131.55,-17.979],[131.759,-17.989],[132.473,-17.77],[132.753,-17.743],[132.88,-17.743],[133.033,-17.728],[133.259,-17.717],[133.38,-17.644],[133.5,-17.314],[133.412,-16.962],[133.418,-16.562],[133.391,-16.41],[133.187,-16.489],[132.632,-16.415],[132.429,-16.162],[132.231,-16.31],[131.929,-16.436],[130.979,-17.55]]]}},{"type":"Feature","id":327,"properties":{"name":"Nawu","subjecto":"Nawu","partof":"Nawu","precision":3},"geometry":{"type":"Polygon","coordinates":[[[135.777,-35.107],[136.646,-34.115],[136.802,-33.952],[136.549,-33.852],[136.154,-33.624],[135.967,-33.174],[135.758,-33.055],[135.472,-32.852],[135.417,-32.769],[135.242,-32.556],[135.066,-32.454],[134.89,-32.334],[134.258,-32.875],[134.237,-33.269],[134.421,-33.291],[135.153,-34.05],[135.595,-35.111],[135.777,-35.107]]]}},{"type":"Feature","id":328,"properties":{"name":"Ngalkbun","subjecto":"Ngalkbun","partof":"Ngalkbun","precision":3},"geometry":{"type":"Polygon","coordinates":[[[134.681,-13.939],[134.918,-13.865],[135.137,-13.795],[135.297,-13.625],[135.374,-13.518],[135.22,-13.203],[135.093,-13.101],[135.005,-13.058],[134.786,-13.069],[134.412,-13.272],[134.33,-13.422],[134.681,-13.939]]]}},{"type":"Feature","id":329,"properties":{"name":"Mithaka","subjecto":"Mithaka","partof":"Mithaka","precision":3},"geometry":{"type":"Polygon","coordinates":[[[139.576,-24.652],[139.411,-25.041],[139.351,-25.23],[139.241,-25.334],[139.636,-25.23],[139.944,-25.275],[140.488,-25.473],[140.652,-25.572],[140.713,-25.488],[140.784,-25.289],[140.817,-24.916],[140.713,-24.702],[140.614,-24.432],[140.598,-24.377],[140.317,-24.467],[139.966,-24.547],[139.713,-24.617],[139.576,-24.652]]]}},{"type":"Feature","id":330,"properties":{"name":"Wadjigu","subjecto":"Wadjigu","partof":"Wadjigu","precision":3},"geometry":{"type":"Polygon","coordinates":[[[149.2,-23.851],[149.079,-24.097],[149.03,-24.337],[148.991,-24.587],[148.986,-25.115],[149.046,-25.2],[149.2,-25.165],[149.562,-25.096],[149.848,-25.011],[149.941,-24.946],[149.941,-24.871],[149.875,-24.587],[149.59,-23.971],[149.233,-23.785],[149.2,-23.851]]]}},{"type":"Feature","id":331,"properties":{"name":"Nukunu","subjecto":"Nukunu","partof":"Nukunu","precision":3},"geometry":{"type":"Polygon","coordinates":[[[137.826,-33.024],[137.868,-32.747],[138.166,-33.192],[138.189,-33.294],[138.148,-33.359],[138.208,-33.344],[138.384,-33.294],[138.411,-33.28],[138.439,-32.838],[138.356,-32.538],[138.214,-32.315],[138.131,-32.245],[137.615,-32.491],[137.615,-32.801],[137.697,-32.949],[137.796,-33.009],[137.826,-33.024]]]}},{"type":"Feature","id":332,"properties":{"name":"Barundji","subjecto":"Barundji","partof":"Barundji","precision":3},"geometry":{"type":"Polygon","coordinates":[[[143.295,-28.797],[143.394,-29.659],[143.295,-29.945],[143.262,-30.43],[143.262,-30.761],[143.273,-31.222],[143.547,-31.532],[143.866,-31.607],[144.382,-31.625],[144.8,-31.541],[145.25,-30.921],[144.987,-30.439],[144.987,-30.183],[145.031,-29.764],[145.096,-29.478],[145.382,-29.123],[145.481,-28.902],[145.042,-28.854],[144.481,-28.748],[143.921,-28.748],[143.503,-28.729],[143.295,-28.797]]]}},{"type":"Feature","id":333,"properties":{"name":"Badtjala","subjecto":"Badtjala","partof":"Badtjala","precision":3},"geometry":{"type":"Polygon","coordinates":[[[152.761,-25.421],[152.683,-25.401],[152.6,-25.533],[152.677,-26.057],[152.989,-25.939],[152.904,-25.63],[152.761,-25.421]]]}},{"type":"Feature","id":334,"properties":{"name":"Ngalawangka","subjecto":"Ngalawangka","partof":"Ngalawangka","precision":3},"geometry":{"type":"Polygon","coordinates":[[[118.57,-24.337],[118.575,-24.447],[119.405,-24.837],[119.647,-25.021],[119.778,-24.986],[119.982,-24.087],[119.872,-23.821],[119.702,-23.559],[119.603,-23.438],[119.185,-23.383],[118.982,-23.433],[118.79,-23.584],[118.57,-24.337]]]}},{"type":"Feature","id":335,"properties":{"name":"Birria","subjecto":"Birria","partof":"Birria","precision":3},"geometry":{"type":"Polygon","coordinates":[[[142.471,-24.157],[142.24,-24.427],[142.042,-24.857],[141.383,-25.562],[141.262,-25.919],[141.064,-26.224],[141.196,-26.392],[141.68,-26.687],[141.954,-26.961],[142.712,-26.51],[143.525,-25.602],[143.745,-25.414],[143.756,-25.265],[143.284,-24.747],[142.888,-24.267],[142.526,-24.147],[142.471,-24.157]]]}},{"type":"Feature","id":336,"properties":{"name":"Mangala","subjecto":"Mangala","partof":"Mangala","precision":3},"geometry":{"type":"Polygon","coordinates":[[[122.844,-18.537],[122.739,-19],[122.877,-19.181],[123.047,-19.285],[123.371,-19.668],[123.602,-20.144],[123.838,-20.679],[124.382,-20.664],[124.849,-20.303],[125.002,-20.149],[125.112,-19.875],[124.799,-18.958],[124.805,-18.782],[124.86,-18.698],[124.86,-18.589],[124.7,-18.558],[124.59,-18.349],[124.459,-18.245],[124.354,-18.208],[124.146,-18.344],[123.876,-18.802],[123.322,-18.443],[123.14,-18.438],[122.932,-18.448],[122.844,-18.537]]]}},{"type":"Feature","id":337,"properties":{"name":"Bukurnidja","subjecto":"Bukurnidja","partof":"Bukurnidja","precision":3},"geometry":{"type":"Polygon","coordinates":[[[132.891,-12.769],[132.841,-12.662],[132.77,-12.651],[132.654,-12.667],[132.643,-12.726],[132.693,-12.796],[132.891,-12.769]]]}},{"type":"Feature","id":338,"properties":{"name":"Wangkathaa","subjecto":"Wangkathaa","partof":"Wangkathaa","precision":3},"geometry":{"type":"Polygon","coordinates":[[[120.223,-29.401],[120.652,-29.86],[120.992,-30.732],[121.069,-31.1],[121.619,-31.1],[122.278,-31.044],[122.805,-30.978],[123.354,-30.921],[123.552,-30.949],[123.585,-30.704],[123.552,-30.259],[122.761,-28.874],[122.739,-28.748],[122.542,-28.652],[122.3,-28.7],[122.102,-28.768],[121.849,-28.845],[119.872,-28.854],[119.729,-28.97],[120.223,-29.401]]]}},{"type":"Feature","id":339,"properties":{"name":"Banggarla","subjecto":"Banggarla","partof":"Banggarla","precision":3},"geometry":{"type":"Polygon","coordinates":[[[137.763,-33.004],[137.769,-32.944],[137.659,-32.792],[137.653,-32.496],[138.145,-32.276],[138.4,-32.19],[138.494,-32.145],[138.647,-32.124],[138.84,-32.031],[138.647,-31.728],[138.477,-31.658],[138.367,-31.583],[137.785,-31.279],[137.604,-31.227],[137.593,-31.161],[137.455,-31.161],[136.653,-31.686],[136.28,-31.747],[136.093,-31.756],[135.945,-31.798],[135.698,-31.864],[135.11,-32.11],[135,-32.231],[134.923,-32.361],[135.011,-32.482],[135.374,-32.75],[135.516,-32.889],[135.791,-33.138],[135.945,-33.312],[136.011,-33.514],[136.494,-33.962],[136.703,-33.962],[136.923,-33.93],[137.763,-33.004]]]}},{"type":"Feature","id":340,"properties":{"name":"Ngambri","subjecto":"Ngambri","partof":"Ngambri","precision":3},"geometry":{"type":"Polygon","coordinates":[[[149.204,-36.189],[149.188,-35.693],[149.261,-35.599],[149.369,-35.543],[149.426,-35.496],[149.473,-35.428],[149.488,-35.376],[149.49,-35.32],[149.463,-35.262],[149.447,-35.236],[149.408,-35.2],[149.388,-35.127],[149.38,-35.078],[149.375,-35.046],[149.389,-35.002],[149.389,-34.978],[149.351,-34.979],[149.305,-34.975],[149.257,-34.972],[149.239,-34.967],[149.178,-34.917],[149.059,-34.875],[149.056,-34.877],[149.046,-34.882],[149.037,-34.882],[149.012,-34.872],[149.002,-34.889],[148.963,-34.884],[148.947,-34.833],[148.59,-35.007],[148.573,-35.076],[148.57,-35.128],[148.565,-35.19],[148.573,-35.254],[148.573,-35.292],[148.583,-35.385],[148.497,-35.84],[149.204,-36.189]]]}},{"type":"Feature","id":341,"properties":{"name":"Maiawali","subjecto":"Maiawali","partof":"Maiawali","precision":3},"geometry":{"type":"Polygon","coordinates":[[[140.889,-22.431],[140.68,-22.766],[140.515,-23.282],[140.537,-23.574],[140.526,-23.916],[140.834,-23.986],[141.372,-24.127],[142.207,-24.077],[142.361,-24.167],[142.559,-24.307],[142.943,-24.567],[143.152,-24.387],[143.317,-23.986],[143.448,-23.805],[143.427,-23.564],[143.262,-23.14],[143.262,-22.837],[143.251,-22.523],[142.954,-22.523],[142.097,-22.817],[141.592,-22.573],[141.273,-22.35],[141.01,-22.269],[140.889,-22.431]]]}},{"type":"Feature","id":342,"properties":{"name":"Waanyi","subjecto":"Waanyi","partof":"Waanyi","precision":3},"geometry":{"type":"Polygon","coordinates":[[[136.747,-17.225],[136.725,-17.613],[136.714,-17.895],[136.736,-18.125],[136.945,-18.302],[137.219,-18.375],[137.472,-18.459],[137.802,-18.511],[138.142,-18.521],[138.406,-18.24],[138.406,-18],[138.318,-17.759],[138.186,-17.602],[137.966,-17.529],[137.648,-17.435],[137.153,-17.298],[136.747,-17.225]]]}},{"type":"Feature","id":343,"properties":{"name":"Wadigali","subjecto":"Wadigali","partof":"Wadigali","precision":3},"geometry":{"type":"Polygon","coordinates":[[[140.114,-30.207],[140.312,-30.212],[141.515,-29.774],[141.85,-29.76],[142.026,-29.76],[142.141,-29.76],[142.136,-29.516],[142.13,-29.262],[142.103,-28.686],[142.119,-28.406],[142.119,-28.358],[141.993,-28.362],[141.647,-28.546],[141.163,-28.7],[140.955,-28.821],[140.988,-28.917],[141.031,-29.047],[140.949,-29.468],[140.246,-29.864],[140.191,-30.055],[140.114,-30.207]]]}},{"type":"Feature","id":344,"properties":{"name":"Guringai","subjecto":"Guringai","partof":"Guringai","precision":3},"geometry":{"type":"Polygon","coordinates":[[[151.574,-33.215],[151.596,-33.192],[151.518,-33.181],[151.427,-33.162],[151.319,-33.144],[151.254,-33.137],[151.144,-33.121],[151.092,-33.186],[151.1,-33.291],[151.101,-33.343],[151.079,-33.447],[150.999,-33.647],[150.999,-33.731],[151.026,-33.743],[151.103,-33.765],[151.191,-33.784],[151.31,-33.774],[151.574,-33.215]]]}},{"type":"Feature","id":345,"properties":{"name":"Tharrgari","subjecto":"Tharrgari","partof":"Tharrgari","precision":3},"geometry":{"type":"Polygon","coordinates":[[[114.697,-24.056],[115.093,-24.457],[115.093,-24.702],[115.076,-24.802],[114.999,-25.031],[115.203,-25.081],[115.34,-25.086],[115.422,-24.886],[115.483,-24.697],[115.521,-24.622],[115.637,-24.217],[115.768,-24.001],[115.818,-23.81],[115.818,-23.76],[115.719,-23.72],[115.439,-23.67],[115.054,-23.423],[114.922,-23.398],[114.785,-23.352],[114.675,-23.317],[114.521,-23.876],[114.521,-24.026],[114.697,-24.056]]]}},{"type":"Feature","id":346,"properties":{"name":"Mbabaram","subjecto":"Mbabaram","partof":"Mbabaram","precision":3},"geometry":{"type":"Polygon","coordinates":[[[145.278,-17.33],[144.948,-17.351],[144.761,-17.398],[144.646,-17.435],[144.657,-17.476],[144.728,-17.524],[144.816,-17.576],[145.135,-17.597],[145.217,-17.56],[145.294,-17.45],[145.278,-17.33]]]}},{"type":"Feature","id":347,"properties":{"name":"Worora","subjecto":"Worora","partof":"Worora","precision":3},"geometry":{"type":"Polygon","coordinates":[[[124.531,-16.325],[124.623,-16.373],[124.81,-16.373],[124.805,-16.267],[124.893,-16.151],[124.926,-15.893],[125.728,-15.977],[125.821,-15.956],[125.821,-15.882],[125.771,-15.761],[125.612,-15.586],[125.414,-15.464],[125.359,-15.215],[125.096,-15.259],[124.425,-15.658],[124.531,-16.325]]]}},{"type":"Feature","id":348,"properties":{"name":"Gureng Gureng","subjecto":"Gureng Gureng","partof":"Gureng Gureng","precision":3},"geometry":{"type":"Polygon","coordinates":[[[151.2,-23.942],[151.174,-23.92],[150.941,-24.046],[150.699,-24.167],[150.716,-24.297],[150.743,-24.397],[150.743,-24.532],[150.672,-24.707],[150.617,-24.757],[150.601,-24.926],[150.612,-25.12],[150.71,-25.602],[150.82,-25.731],[151.018,-25.533],[151.469,-25.066],[151.765,-25.145],[151.864,-25.165],[152.15,-25.135],[152.399,-25.046],[152.397,-24.951],[152.318,-24.818],[152.073,-24.742],[151.73,-24.157],[151.2,-23.942]]]}},{"type":"Feature","id":349,"properties":{"name":"Bularnu","subjecto":"Bularnu","partof":"Bularnu","precision":3},"geometry":{"type":"Polygon","coordinates":[[[136.648,-20.941],[136.912,-21.698],[137.329,-21.739],[137.681,-21.739],[137.966,-21.739],[138.933,-21.269],[139.087,-21.002],[139.043,-20.612],[138.911,-20.365],[138.494,-20.365],[137.483,-20.797],[136.846,-20.756],[136.736,-20.879],[136.648,-20.941]]]}},{"type":"Feature","id":350,"properties":{"name":"Nyikina","subjecto":"Nyikina","partof":"Nyikina","precision":3},"geometry":{"type":"Polygon","coordinates":[[[123.558,-17.209],[123.519,-17.503],[123.426,-17.691],[123.168,-17.859],[123.058,-18.036],[123.003,-18.266],[122.893,-18.454],[123.058,-18.553],[123.234,-18.428],[123.354,-18.49],[123.596,-18.719],[123.937,-18.885],[124.167,-18.344],[124.365,-18.208],[124.563,-18.355],[124.64,-18.594],[124.711,-18.615],[124.838,-18.615],[125.024,-18.573],[125.37,-18.526],[125.563,-18.349],[125.656,-18.24],[125.744,-18.12],[125.651,-18.073],[125.48,-17.906],[125.398,-17.77],[125.349,-17.67],[125.277,-17.539],[125.206,-17.445],[125.046,-17.398],[124.7,-17.419],[124.552,-17.419],[124.398,-17.403],[123.86,-17.319],[123.673,-17.235],[123.569,-17.167],[123.558,-17.209]]]}},{"type":"Feature","id":351,"properties":{"name":"Djabwurung","subjecto":"Djabwurung","partof":"Djabwurung","precision":3},"geometry":{"type":"Polygon","coordinates":[[[143.454,-37.046],[143.262,-37.042],[142.954,-37.064],[142.734,-37.064],[142.581,-37.051],[142.498,-37.095],[142.493,-37.462],[142.108,-37.492],[141.943,-37.579],[141.888,-37.679],[141.91,-37.766],[142.366,-37.975],[142.586,-38.022],[142.762,-37.992],[142.855,-37.801],[142.987,-37.71],[143.058,-37.623],[142.998,-37.532],[143.102,-37.401],[143.229,-37.292],[143.383,-37.165],[143.454,-37.046]]]}},{"type":"Feature","id":352,"properties":{"name":"Unggarangi","subjecto":"Unggarangi","partof":"Unggarangi","precision":3},"geometry":{"type":"Polygon","coordinates":[[[123.576,-16.391],[123.553,-16.696],[123.986,-16.815],[123.576,-16.391]]]}},{"type":"Feature","id":353,"properties":{"name":"Nimanburu","subjecto":"Nimanburu","partof":"Nimanburu","precision":3},"geometry":{"type":"Polygon","coordinates":[[[123.498,-17.319],[123.061,-16.94],[122.932,-16.989],[122.838,-17.099],[122.805,-17.261],[122.8,-17.408],[122.811,-17.618],[122.838,-17.843],[122.921,-18.005],[123.091,-18.083],[123.217,-17.864],[123.547,-17.639],[123.58,-17.565],[123.569,-17.492],[123.53,-17.377],[123.498,-17.319]]]}},{"type":"Feature","id":354,"properties":{"name":"Garawa","subjecto":"Garawa","partof":"Garawa","precision":3},"geometry":{"type":"Polygon","coordinates":[[[138.26,-16.842],[137.686,-16.415],[137.06,-16.172],[136.884,-16.12],[136.609,-16.088],[136.549,-16.352],[136.544,-16.784],[136.56,-16.967],[136.56,-17.136],[136.675,-17.24],[136.818,-17.288],[136.945,-17.303],[137.357,-17.482],[137.736,-17.518],[137.856,-17.639],[138.109,-17.555],[138.29,-16.925],[138.318,-16.864],[138.26,-16.842]]]}},{"type":"Feature","id":355,"properties":{"name":"Wandjiwalgu","subjecto":"Wandjiwalgu","partof":"Wandjiwalgu","precision":3},"geometry":{"type":"Polygon","coordinates":[[[142.614,-30.902],[142.35,-30.978],[142.284,-31.128],[142.284,-31.307],[142.328,-31.41],[142.592,-31.41],[142.866,-31.41],[143.174,-31.382],[143.427,-31.382],[143.328,-30.865],[143.174,-30.827],[142.723,-30.846],[142.614,-30.902]]]}},{"type":"Feature","id":356,"properties":{"name":"Wakabunga","subjecto":"Wakabunga","partof":"Wakabunga","precision":3},"geometry":{"type":"Polygon","coordinates":[[[137.802,-18.438],[137.703,-18.802],[137.593,-19.187],[137.472,-19.456],[137.472,-19.767],[138.109,-19.829],[138.691,-20.097],[138.735,-20.324],[139.065,-20.396],[139.548,-20.242],[139.9,-20.231],[140.065,-20.159],[139.757,-19.829],[139.46,-19.415],[139.142,-19.093],[138.164,-18.553],[137.802,-18.438]]]}},{"type":"Feature","id":357,"properties":{"name":"Kokatha","subjecto":"Kokatha","partof":"Kokatha","precision":3},"geometry":{"type":"Polygon","coordinates":[[[130.671,-27.46],[130.441,-27.645],[130.221,-27.849],[129.847,-28.256],[129.825,-28.633],[129.99,-29.468],[130.298,-29.745],[130.66,-29.945],[131.023,-30.117],[131.44,-30.25],[131.847,-30.373],[133.231,-30.496],[134.945,-31.081],[135.868,-31.597],[136.033,-31.803],[136.187,-31.878],[137.076,-31.625],[137.472,-31.307],[137.725,-31.109],[137.472,-30.373],[136.791,-29.879],[136.582,-29.602],[136.417,-29.516],[135.385,-29.593],[134.714,-29.018],[134.352,-28.854],[134.11,-28.691],[133.627,-28.546],[133.561,-28.43],[133.264,-28.314],[132.924,-28.343],[132.605,-28.401],[132.122,-28.401],[131.715,-28.246],[131.276,-28.043],[130.979,-27.771],[130.781,-27.537],[130.671,-27.46]]]}},{"type":"Feature","id":358,"properties":{"name":"Winda Winda","subjecto":"Winda Winda","partof":"Winda Winda","precision":3},"geometry":{"type":"Polygon","coordinates":[[[141.987,-13.066],[141.588,-13.149],[141.622,-13.35],[141.622,-13.454],[141.655,-13.537],[141.886,-13.526],[141.957,-13.334],[141.971,-13.235],[141.982,-13.146],[141.987,-13.066]]]}},{"type":"Feature","id":359,"properties":{"name":"Margany","subjecto":"Margany","partof":"Margany","precision":3},"geometry":{"type":"Polygon","coordinates":[[[145.135,-26.804],[145.107,-26.466],[144.624,-26.569],[143.849,-26.589],[143.52,-26.623],[143.465,-26.873],[143.47,-27.357],[143.613,-27.829],[143.756,-27.912],[143.926,-27.96],[144.196,-27.985],[144.52,-28.033],[144.767,-28.062],[144.943,-28.091],[145.267,-27.96],[145.338,-27.645],[145.245,-27.391],[145.135,-26.804]]]}},{"type":"Feature","id":360,"properties":{"name":"Gunbalang","subjecto":"Gunbalang","partof":"Gunbalang","precision":3},"geometry":{"type":"Polygon","coordinates":[[[134.044,-12.061],[133.726,-11.989],[133.849,-12.187],[133.896,-12.211],[134.039,-12.286],[134.044,-12.061]]]}},{"type":"Feature","id":361,"properties":{"name":"Badimaya","subjecto":"Badimaya","partof":"Badimaya","precision":3},"geometry":{"type":"Polygon","coordinates":[[[118.416,-28.372],[118.548,-28.295],[118.63,-28.198],[118.735,-28.101],[118.702,-27.941],[118.685,-27.897],[118.059,-27.196],[117.927,-27.157],[117.675,-27.186],[117.51,-27.45],[116.543,-27.994],[116.104,-28.314],[115.972,-28.478],[115.818,-28.565],[115.818,-28.609],[116.274,-29.267],[116.428,-29.215],[116.505,-29.167],[116.768,-29.047],[117.191,-28.84],[117.812,-28.469],[118.328,-28.396],[118.416,-28.372]]]}},{"type":"Feature","id":362,"properties":{"name":"Kungarakany","subjecto":"Kungarakany","partof":"Kungarakany","precision":3},"geometry":{"type":"Polygon","coordinates":[[[130.984,-12.983],[130.468,-13.374],[131.166,-13.454],[131.523,-13.229],[130.984,-12.983]]]}},{"type":"Feature","id":363,"properties":{"name":"Ngalakan","subjecto":"Ngalakan","partof":"Ngalakan","precision":3},"geometry":{"type":"Polygon","coordinates":[[[133.802,-13.929],[133.632,-13.678],[133.539,-13.763],[133.451,-14.147],[133.462,-14.302],[133.555,-14.392],[134.028,-14.716],[134.264,-14.865],[134.703,-15.183],[134.901,-15.178],[134.967,-15.056],[134.995,-14.934],[134.929,-14.732],[134.808,-14.61],[133.802,-13.929]]]}},{"type":"Feature","id":364,"properties":{"name":"Mirning","subjecto":"Mirning","partof":"Mirning","precision":3},"geometry":{"type":"Polygon","coordinates":[[[124.222,-31.034],[124.431,-32.944],[126.013,-32.271],[127.314,-32.267],[128.903,-31.709],[131.024,-31.546],[131.111,-31.462],[131.243,-30.808],[131.026,-30.768],[128.687,-30.336],[127.13,-30.368],[126.359,-30.384],[125.189,-30.647],[124.222,-31.034]]]}},{"type":"Feature","id":365,"properties":{"name":"Worimi","subjecto":"Worimi","partof":"Worimi","precision":3},"geometry":{"type":"Polygon","coordinates":[[[152.308,-32.696],[152.445,-32.507],[152.537,-32.208],[152.582,-32.141],[152.529,-32.083],[151.974,-32.11],[151.82,-32.013],[151.721,-32.11],[151.606,-32.273],[151.556,-32.5],[151.496,-32.63],[151.54,-32.764],[151.688,-32.801],[151.826,-32.847],[152.012,-32.843],[152.308,-32.696]]]}},{"type":"Feature","id":366,"properties":{"name":"Kokomini","subjecto":"Kokomini","partof":"Kokomini","precision":3},"geometry":{"type":"Polygon","coordinates":[[[143.509,-15.951],[143.058,-15.956],[142.663,-16.109],[142.679,-16.346],[142.795,-16.441],[143.311,-16.636],[143.476,-16.684],[143.619,-16.705],[143.871,-16.557],[143.915,-16.394],[143.981,-16.273],[143.981,-16.199],[143.833,-16.099],[143.685,-16.035],[143.569,-16.004],[143.509,-15.951]]]}},{"type":"Feature","id":367,"properties":{"name":"Arabana","subjecto":"Arabana","partof":"Arabana","precision":3},"geometry":{"type":"Polygon","coordinates":[[[135.494,-27.108],[135.22,-27.167],[135.011,-27.44],[134.626,-28.816],[134.528,-28.941],[134.648,-29.056],[134.868,-29.238],[134.967,-29.411],[135.406,-29.659],[136.428,-29.631],[136.648,-29.822],[136.923,-29.736],[137.274,-29.631],[137.252,-29.459],[136.901,-28.517],[136.89,-28.314],[136.901,-28.014],[136.901,-27.771],[136.714,-27.372],[136.384,-27.264],[135.923,-27.118],[135.494,-27.108]]]}},{"type":"Feature","id":368,"properties":{"name":"Nunggubuyu","subjecto":"Nunggubuyu","partof":"Nunggubuyu","precision":3},"geometry":{"type":"Polygon","coordinates":[[[135.739,-14.419],[135.965,-13.891],[135.829,-13.733],[135.829,-13.678],[135.75,-13.678],[135.459,-13.593],[135.385,-13.539],[135.299,-13.537],[135.258,-13.603],[135.25,-13.659],[135.275,-13.702],[135.327,-13.761],[135.398,-13.953],[135.514,-14.113],[135.533,-14.296],[135.489,-14.472],[135.655,-14.511],[135.739,-14.419]]]}},{"type":"Feature","id":369,"properties":{"name":"Nungali","subjecto":"Nungali","partof":"Nungali","precision":3},"geometry":{"type":"Polygon","coordinates":[[[131.006,-15.335],[130.913,-15.398],[130.682,-15.43],[130.498,-15.464],[130.356,-15.48],[130.38,-15.565],[130.413,-15.644],[130.427,-15.705],[130.641,-15.739],[131.056,-15.7],[131.295,-15.687],[131.418,-15.684],[131.429,-15.605],[131.388,-15.496],[131.248,-15.361],[131.119,-15.319],[131.059,-15.305],[131.006,-15.335]]]}},{"type":"Feature","id":370,"properties":{"name":"Wangan","subjecto":"Wangan","partof":"Wangan","precision":3},"geometry":{"type":"Polygon","coordinates":[[[147.568,-22.421],[147.371,-22.421],[147.222,-22.497],[147.145,-22.599],[147.096,-23.292],[147.195,-23.347],[147.744,-23.206],[147.881,-23.105],[147.969,-22.958],[148.074,-22.852],[147.98,-22.761],[147.881,-22.619],[147.755,-22.457],[147.596,-22.416],[147.568,-22.421]]]}},{"type":"Feature","id":371,"properties":{"name":"Mandandanji","subjecto":"Mandandanji","partof":"Mandandanji","precision":3},"geometry":{"type":"Polygon","coordinates":[[[148.544,-27.809],[149.413,-27.79],[149.504,-27.696],[149.558,-27.609],[149.629,-27.374],[149.633,-27.316],[149.634,-27.253],[149.627,-27.058],[149.647,-26.905],[149.65,-26.542],[149.671,-26.399],[149.463,-26.345],[149.404,-26.315],[148.718,-26.075],[148.609,-26.009],[148.4,-26.025],[148.345,-26.04],[148.317,-26.062],[148.303,-26.108],[148.303,-26.197],[148.31,-26.317],[148.321,-26.434],[148.365,-26.526],[148.451,-26.9],[148.51,-26.993],[148.566,-27.461],[148.544,-27.809]]]}},{"type":"Feature","id":372,"properties":{"name":"Bindjali","subjecto":"Bindjali","partof":"Bindjali","precision":3},"geometry":{"type":"Polygon","coordinates":[[[140.9,-36.783],[141.026,-36.734],[141.026,-36.642],[141.125,-36.28],[140.944,-36.244],[140.186,-36.258],[140.076,-36.284],[140.098,-36.368],[140.098,-36.536],[140.131,-36.712],[140.18,-36.8],[140.295,-36.88],[140.658,-36.924],[140.79,-36.858],[140.9,-36.783]]]}},{"type":"Feature","id":373,"properties":{"name":"Mayi-Kutuna","subjecto":"Mayi-Kutuna","partof":"Mayi-Kutuna","precision":3},"geometry":{"type":"Polygon","coordinates":[[[139.329,-17.926],[139.329,-18.823],[139.12,-19.207],[139.691,-19.973],[139.867,-20.149],[139.977,-20.19],[140.12,-19.798],[140.12,-18.75],[139.999,-18.219],[139.812,-17.989],[139.493,-17.906],[139.329,-17.926]]]}},{"type":"Feature","id":374,"properties":{"name":"Yindjibarndi","subjecto":"Yindjibarndi","partof":"Yindjibarndi","precision":3},"geometry":{"type":"Polygon","coordinates":[[[117.422,-21.1],[117.18,-21.033],[117.026,-21.043],[116.911,-21.284],[116.889,-21.341],[116.873,-21.443],[117.208,-21.785],[117.318,-21.826],[117.477,-21.907],[117.647,-21.984],[117.96,-22.126],[118.878,-22.375],[119.042,-22.233],[119.037,-22.101],[119.02,-21.938],[118.971,-21.8],[118.691,-21.652],[118.394,-21.55],[118.114,-21.433],[117.905,-21.274],[117.422,-21.1]]]}},{"type":"Feature","id":375,"properties":{"name":"Karajarri","subjecto":"Karajarri","partof":"Karajarri","precision":3},"geometry":{"type":"Polygon","coordinates":[[[122.221,-18.191],[121.546,-18.771],[121.542,-18.814],[122.346,-18.967],[122.686,-19.06],[122.849,-18.948],[122.926,-18.563],[122.882,-18.448],[122.221,-18.191]]]}},{"type":"Feature","id":376,"properties":{"name":"Darumbal","subjecto":"Darumbal","partof":"Darumbal","precision":3},"geometry":{"type":"Polygon","coordinates":[[[150.356,-22.552],[150.125,-22.424],[150.2,-22.594],[150.189,-22.786],[149.996,-22.862],[149.584,-22.852],[149.398,-22.685],[149.343,-22.462],[149.288,-22.35],[149.112,-22.36],[148.876,-22.36],[148.799,-22.452],[149.03,-22.948],[149.189,-23.181],[149.315,-23.352],[149.667,-23.579],[149.925,-23.564],[150.15,-23.564],[150.331,-23.564],[150.425,-23.614],[150.485,-23.639],[150.54,-23.72],[150.639,-23.66],[150.776,-23.569],[150.8,-23.558],[150.754,-22.812],[150.356,-22.552]]]}},{"type":"Feature","id":377,"properties":{"name":"Boonwurrung","subjecto":"Boonwurrung","partof":"Boonwurrung","precision":3},"geometry":{"type":"Polygon","coordinates":[[[144.731,-38.077],[145.934,-38.881],[146.635,-38.877],[146.635,-38.874],[146.624,-38.694],[146.36,-38.677],[146.349,-38.324],[146.217,-38.299],[145.997,-38.255],[144.91,-37.762],[144.822,-37.84],[144.569,-37.892],[144.569,-38.013],[144.731,-38.077]]]}},{"type":"Feature","id":378,"properties":{"name":"Yanda","subjecto":"Yanda","partof":"Yanda","precision":3},"geometry":{"type":"Polygon","coordinates":[[[140.35,-21.729],[140.219,-22.025],[140.219,-22.187],[140.339,-22.37],[140.724,-22.533],[140.977,-22.553],[141.053,-22.218],[141.021,-21.861],[140.823,-21.647],[140.614,-21.688],[140.35,-21.729]]]}},{"type":"Feature","id":379,"properties":{"name":"Gugu-Badhun","subjecto":"Gugu-Badhun","partof":"Gugu-Badhun","precision":3},"geometry":{"type":"Polygon","coordinates":[[[144.646,-17.55],[144.492,-18.177],[144.481,-18.511],[144.492,-19.041],[144.426,-19.259],[144.272,-19.467],[144.163,-19.632],[144.152,-19.953],[144.119,-20.242],[144.119,-20.417],[144.086,-20.489],[144.899,-20.406],[145.283,-20.448],[145.558,-20.53],[145.844,-20.396],[146.338,-20.345],[146.602,-20.448],[146.931,-20.551],[147.063,-20.623],[147.217,-20.509],[147.272,-20.087],[147.206,-19.849],[146.854,-19.404],[146.667,-19.353],[146.503,-19.311],[146.349,-19.239],[145.964,-18.885],[145.854,-18.677],[145.69,-18.48],[145.525,-18.355],[145.404,-18.146],[145.36,-18.01],[145.338,-17.853],[145.283,-17.675],[145.173,-17.529],[144.91,-17.55],[144.646,-17.55]]]}},{"type":"Feature","id":380,"properties":{"name":"Wudjari","subjecto":"Wudjari","partof":"Wudjari","precision":3},"geometry":{"type":"Polygon","coordinates":[[[123.46,-33.994],[123.623,-33.915],[123.955,-33.479],[123.651,-33.138],[122.454,-33.018],[121.52,-32.778],[121.091,-32.778],[120.377,-33.009],[120.201,-33.082],[120.015,-33.156],[119.608,-33.138],[119.169,-33.138],[118.477,-33.11],[118.575,-33.285],[119.508,-34.336],[119.771,-34.12],[121.74,-33.963],[122.171,-34.179],[123.186,-34.04],[123.46,-33.994]]]}},{"type":"Feature","id":381,"properties":{"name":"Bilinara","subjecto":"Bilinara","partof":"Bilinara","precision":3},"geometry":{"type":"Polygon","coordinates":[[[131.385,-16.773],[131.396,-16.626],[131.199,-16.468],[130.979,-16.394],[130.825,-16.447],[130.737,-16.489],[130.726,-16.552],[130.298,-17.078],[130.265,-17.288],[130.265,-17.351],[130.496,-17.351],[130.814,-17.403],[130.968,-17.393],[131.385,-16.773]]]}},{"type":"Feature","id":382,"properties":{"name":"Tjerratj","subjecto":"Tjerratj","partof":"Tjerratj","precision":3},"geometry":{"type":"Polygon","coordinates":[[[130.366,-13.374],[130.308,-13.392],[130.303,-13.44],[130.322,-13.459],[130.353,-13.463],[130.412,-13.404],[130.391,-13.377],[130.366,-13.374]]]}},{"type":"Feature","id":383,"properties":{"name":"Biripi","subjecto":"Biripi","partof":"Biripi","precision":3},"geometry":{"type":"Polygon","coordinates":[[[152.972,-31.418],[152.984,-31.268],[152.946,-31.25],[152.578,-31.26],[152.001,-31.091],[151.655,-31.062],[151.425,-31.053],[151.232,-31.152],[151.408,-31.494],[151.375,-31.583],[151.326,-31.63],[151.441,-31.663],[151.556,-31.738],[151.771,-32.036],[151.913,-32.143],[152.199,-32.138],[152.518,-32.162],[152.58,-32.144],[152.834,-31.768],[152.972,-31.418]]]}},{"type":"Feature","id":384,"properties":{"name":"Karenggapa","subjecto":"Karenggapa","partof":"Karenggapa","precision":3},"geometry":{"type":"Polygon","coordinates":[[[142.081,-28.416],[142.048,-28.671],[142.048,-29.286],[142.042,-29.526],[142.048,-29.721],[142.592,-29.783],[142.954,-29.812],[143.333,-29.793],[143.503,-29.76],[143.388,-29.051],[143.416,-28.777],[142.954,-28.729],[142.405,-28.594],[142.108,-28.362],[142.081,-28.416]]]}},{"type":"Feature","id":385,"properties":{"name":"Gungabula","subjecto":"Gungabula","partof":"Gungabula","precision":3},"geometry":{"type":"Polygon","coordinates":[[[148.881,-26.086],[149.03,-26.096],[149.194,-25.894],[149.271,-25.602],[149.277,-25.235],[149.271,-25.14],[148.749,-25.22],[148.469,-25.26],[148.359,-25.314],[148.332,-25.592],[148.282,-25.854],[148.195,-26.131],[148.326,-26.106],[148.557,-26.052],[148.881,-26.086]]]}},{"type":"Feature","id":386,"properties":{"name":"Kaantju","subjecto":"Kaantju","partof":"Kaantju","precision":3},"geometry":{"type":"Polygon","coordinates":[[[142.822,-13.101],[142.822,-13.4],[142.778,-13.646],[142.806,-14.121],[142.855,-14.286],[142.993,-14.264],[143.273,-14.163],[143.339,-14.115],[143.355,-14.019],[143.405,-13.769],[143.421,-13.48],[143.421,-13.379],[143.344,-13.203],[143.19,-12.983],[143.113,-12.919],[142.943,-13.01],[142.822,-13.101]]]}},{"type":"Feature","id":387,"properties":{"name":"Wiradjuri","subjecto":"Wiradjuri","partof":"Wiradjuri","precision":3},"geometry":{"type":"Polygon","coordinates":[[[144.954,-32.602],[144.866,-32.88],[144.229,-32.861],[144.514,-33.193],[145.063,-33.56],[144.668,-33.889],[144.646,-34.198],[144.756,-34.633],[144.998,-34.976],[145.129,-35.264],[145.195,-35.729],[145.547,-35.925],[146.184,-36.085],[146.953,-36.12],[147.437,-36.085],[147.986,-36.085],[148.096,-35.639],[148.14,-35.335],[148.14,-34.976],[148.14,-34.687],[148.271,-34.452],[148.469,-34.343],[148.755,-34.307],[149.106,-34.253],[149.678,-34.089],[149.875,-33.797],[150.051,-32.99],[150.117,-32.732],[149.854,-32.25],[149.656,-32.027],[148.755,-31.672],[147.305,-31.672],[146.689,-31.784],[146.008,-32.027],[144.954,-32.602]]]}},{"type":"Feature","id":388,"properties":{"name":"Wulgurukaba","subjecto":"Wulgurukaba","partof":"Wulgurukaba","precision":3},"geometry":{"type":"Polygon","coordinates":[[[146.949,-19.443],[146.63,-19.26],[146.629,-19.27],[146.949,-19.443]]]}},{"type":"Feature","id":389,"properties":{"name":"Ngamini","subjecto":"Ngamini","partof":"Ngamini","precision":3},"geometry":{"type":"Polygon","coordinates":[[[138.131,-26.559],[138.274,-27.284],[138.406,-27.391],[138.56,-27.479],[139.109,-27.528],[139.57,-27.323],[139.867,-27.274],[140.065,-27.274],[140.306,-26.618],[140.361,-26.402],[140.405,-26.215],[140.197,-26.284],[139.779,-26.284],[139.471,-26.205],[139.131,-26.195],[138.889,-26.195],[138.735,-26.372],[138.219,-26.362],[138.065,-26.431],[138.131,-26.559]]]}},{"type":"Feature","id":390,"properties":{"name":"Giraiwurung","subjecto":"Giraiwurung","partof":"Giraiwurung","precision":3},"geometry":{"type":"Polygon","coordinates":[[[142.531,-38.471],[143.13,-38.711],[143.256,-38.728],[143.448,-38.574],[143.438,-38.501],[143.328,-38.471],[143.223,-38.454],[143.036,-38.402],[143.08,-38.048],[143.08,-37.914],[143.08,-37.81],[143.042,-37.688],[142.905,-37.693],[142.784,-37.766],[142.674,-37.966],[142.668,-38.039],[142.63,-38.156],[142.553,-38.372],[142.531,-38.471]]]}},{"type":"Feature","id":391,"properties":{"name":"Kuuku-ya’u","subjecto":"Kuuku-ya’u","partof":"Kuuku-ya’u","precision":3},"geometry":{"type":"Polygon","coordinates":[[[143.112,-12.246],[143.1,-12.238],[142.907,-12.276],[142.778,-12.294],[142.767,-12.294],[142.795,-12.361],[142.844,-12.447],[142.869,-12.512],[142.921,-12.614],[142.968,-12.772],[142.973,-12.935],[142.973,-12.988],[142.976,-13.029],[143.108,-12.978],[143.221,-12.927],[143.361,-12.865],[143.378,-12.843],[143.371,-12.814],[143.292,-12.687],[142.971,-12.535],[143.112,-12.246]]]}},{"type":"Feature","id":392,"properties":{"name":"Mardu","subjecto":"Mardu","partof":"Mardu","precision":3},"geometry":{"type":"Polygon","coordinates":[[[121.333,-21.994],[121.146,-22.025],[121.08,-22.106],[121.124,-22.279],[121.124,-23.049],[121.003,-23.302],[120.954,-23.357],[120.97,-23.438],[121.954,-24.527],[122.261,-24.797],[122.838,-25.299],[122.91,-25.374],[122.981,-25.423],[124.266,-24.257],[125.255,-24.467],[125.607,-24.637],[126.156,-24.227],[128.013,-24.107],[127.826,-23.916],[127.43,-23.655],[127.046,-23.302],[126.563,-22.35],[126.31,-22.045],[125.991,-21.811],[125.387,-21.811],[125.211,-21.963],[124.091,-22.35],[124.08,-21.943],[123.607,-21.422],[123.409,-21.361],[123.168,-21.381],[122.542,-22.411],[121.333,-21.994]]]}},{"type":"Feature","id":393,"properties":{"name":"Goreng","subjecto":"Goreng","partof":"Goreng","precision":3},"geometry":{"type":"Polygon","coordinates":[[[119.354,-34.546],[119.46,-34.401],[119.163,-34.103],[118.674,-33.523],[118.438,-33.165],[117.861,-33.395],[117.449,-33.651],[117.653,-33.811],[117.675,-34.048],[118.57,-34.225],[118.922,-34.289],[119.354,-34.546]]]}},{"type":"Feature","id":394,"properties":{"name":"Gunwinggu","subjecto":"Gunwinggu","partof":"Gunwinggu","precision":3},"geometry":{"type":"Polygon","coordinates":[[[133.407,-12.849],[133.451,-12.892],[133.522,-12.914],[133.577,-12.994],[133.698,-12.796],[133.907,-12.42],[133.956,-12.351],[134.006,-12.254],[133.762,-11.997],[133.448,-11.903],[133.171,-11.854],[133.102,-11.862],[133.05,-11.908],[133.014,-12.077],[133.319,-12.806],[133.407,-12.849]]]}},{"type":"Feature","id":395,"properties":{"name":"Yinggarda","subjecto":"Yinggarda","partof":"Yinggarda","precision":3},"geometry":{"type":"Polygon","coordinates":[[[113.752,-25.324],[114.005,-25.711],[114.214,-25.765],[114.571,-25.765],[114.966,-25.731],[115.208,-25.716],[115.889,-25.686],[115.944,-25.349],[115.939,-25.26],[115.895,-25.294],[115.829,-25.21],[115.768,-25.17],[115.752,-25.177],[115.439,-25.011],[115.263,-24.966],[114.868,-24.921],[114.137,-24.672],[113.632,-24.782],[113.555,-24.881],[113.752,-25.324]]]}},{"type":"Feature","id":396,"properties":{"name":"Yidinjdji","subjecto":"Yidinjdji","partof":"Yidinjdji","precision":3},"geometry":{"type":"Polygon","coordinates":[[[145.869,-17.195],[145.686,-16.933],[145.572,-17.212],[145.464,-17.256],[145.594,-17.311],[145.654,-17.338],[145.926,-17.466],[145.976,-17.468],[145.869,-17.195]]]}},{"type":"Feature","id":397,"properties":{"name":"Arrernte","subjecto":"Arrernte","partof":"Arrernte","precision":3},"geometry":{"type":"Polygon","coordinates":[[[136.165,-23.302],[136.099,-23.039],[134.319,-23.019],[133.835,-22.958],[133.22,-22.918],[132.627,-22.776],[132.539,-22.796],[132.275,-23.039],[132.034,-23.181],[132.034,-23.665],[132.869,-24.547],[133.242,-25.443],[133.77,-26.017],[134.165,-26.254],[135.066,-27.02],[135.374,-27.352],[135.879,-27.372],[136.187,-27.216],[136.187,-26.726],[136.274,-26.136],[136.274,-25.086],[136.165,-24.307],[136.165,-23.302]]]}},{"type":"Feature","id":398,"properties":{"name":"Yadhaigana","subjecto":"Yadhaigana","partof":"Yadhaigana","precision":3},"geometry":{"type":"Polygon","coordinates":[[[142.644,-11.093],[142.338,-10.915],[142.259,-10.998],[142.276,-11.033],[142.663,-11.143],[142.663,-11.318],[142.668,-11.483],[142.668,-11.601],[142.674,-11.725],[142.674,-11.784],[142.795,-11.757],[142.749,-11.321],[142.644,-11.093]]]}},{"type":"Feature","id":399,"properties":{"name":"Peramangk","subjecto":"Peramangk","partof":"Peramangk","precision":3},"geometry":{"type":"Polygon","coordinates":[[[138.741,-34.832],[138.551,-35.34],[138.579,-35.4],[138.983,-35.216],[139.156,-35.111],[139.194,-35.023],[139.221,-34.96],[139.235,-34.863],[139.232,-34.554],[139.216,-34.445],[139.131,-34.441],[138.988,-34.473],[138.851,-34.527],[138.768,-34.568],[138.708,-34.608],[138.741,-34.832]]]}},{"type":"Feature","id":400,"properties":{"name":"Wangkamana","subjecto":"Wangkamana","partof":"Wangkamana","precision":3},"geometry":{"type":"Polygon","coordinates":[[[138.373,-24.577],[138.373,-24.777],[138.384,-25.006],[138.527,-25.661],[138.713,-25.938],[138.812,-25.958],[138.862,-25.998],[139.109,-25.681],[139.197,-25.552],[139.351,-25.255],[139.46,-25.066],[139.603,-24.667],[139.537,-24.457],[139.142,-24.016],[138.911,-23.443],[139.362,-22.299],[139.208,-22.147],[138.45,-22.106],[138.252,-22.655],[138.263,-23.292],[138.362,-23.645],[138.362,-23.916],[138.373,-24.577]]]}},{"type":"Feature","id":401,"properties":{"name":"Konbudj","subjecto":"Konbudj","partof":"Konbudj","precision":3},"geometry":{"type":"Polygon","coordinates":[[[132.429,-12.748],[132.451,-12.6],[132.426,-12.322],[132.176,-12.344],[132.196,-12.512],[132.193,-12.766],[132.297,-12.785],[132.429,-12.748]]]}},{"type":"Feature","id":402,"properties":{"name":"Gayiri","subjecto":"Gayiri","partof":"Gayiri","precision":3},"geometry":{"type":"Polygon","coordinates":[[[147.129,-23.347],[147.195,-23.951],[147.239,-24.036],[147.371,-24.227],[147.612,-24.502],[147.81,-24.617],[148.118,-24.807],[148.469,-24.517],[148.634,-24.337],[148.744,-24.207],[148.607,-23.986],[148.568,-23.594],[148.53,-23.483],[148.211,-23.044],[148.079,-22.888],[148.013,-22.852],[147.832,-23.06],[147.673,-23.176],[147.371,-23.256],[147.129,-23.347]]]}},{"type":"Feature","id":403,"properties":{"name":"Dhirari","subjecto":"Dhirari","partof":"Dhirari","precision":3},"geometry":{"type":"Polygon","coordinates":[[[136.802,-27.742],[136.835,-28.719],[136.934,-29.008],[137.032,-29.277],[137.175,-29.659],[137.538,-29.573],[138.45,-29.602],[138.604,-29.171],[138.691,-28.478],[138.428,-28.13],[138.263,-27.859],[138.23,-27.771],[138.12,-27.606],[136.934,-27.664],[136.802,-27.742]]]}},{"type":"Feature","id":404,"properties":{"name":"Ngaanyatjarra","subjecto":"Ngaanyatjarra","partof":"Ngaanyatjarra","precision":3},"geometry":{"type":"Polygon","coordinates":[[[123.948,-24.347],[122.937,-25.165],[122.761,-25.622],[122.783,-26.155],[122.893,-26.49],[123.157,-26.785],[123.728,-27.157],[124.167,-27.352],[124.365,-27.469],[124.486,-27.157],[124.53,-26.853],[124.882,-26.136],[125.486,-25.909],[126.376,-26.441],[126.837,-26.579],[127.31,-26.589],[127.43,-26.579],[127.079,-26.392],[126.87,-26.234],[126.365,-25.958],[125.903,-25.651],[125.585,-24.966],[125.585,-24.747],[125.508,-24.597],[125.244,-24.417],[124.255,-24.197],[123.948,-24.347]]]}},{"type":"Feature","id":405,"properties":{"name":"Yuwi","subjecto":"Yuwi","partof":"Yuwi","precision":3},"geometry":{"type":"Polygon","coordinates":[[[148.706,-20.845],[148.695,-20.829],[148.585,-20.89],[148.648,-20.974],[148.714,-21.1],[148.909,-21.376],[148.947,-21.507],[148.991,-21.596],[149.041,-21.673],[149.197,-21.614],[149.294,-21.582],[149.2,-21.314],[149.101,-21.06],[148.706,-20.845]]]}},{"type":"Feature","id":406,"properties":{"name":"Ngarinyin","subjecto":"Ngarinyin","partof":"Ngarinyin","precision":3},"geometry":{"type":"Polygon","coordinates":[[[124.846,-16.53],[125.618,-17.12],[125.771,-17.004],[125.859,-16.931],[125.936,-16.836],[126.53,-16.899],[127.079,-16.004],[127.299,-16.004],[127.518,-16.004],[127.738,-15.982],[128.024,-15.824],[128.112,-15.655],[128.123,-15.517],[128.024,-15.422],[127.826,-15.56],[127.716,-15.464],[127.716,-15.295],[127.617,-15.199],[127.441,-15.178],[127.375,-14.701],[127.277,-14.445],[126.991,-14.381],[126.694,-14.381],[126.046,-14.637],[125.947,-14.87],[125.903,-15.305],[125.848,-15.507],[125.728,-15.771],[125.563,-15.845],[125.002,-15.792],[124.816,-15.94],[124.783,-16.236],[124.805,-16.499],[124.846,-16.53]]]}},{"type":"Feature","id":407,"properties":{"name":"Turrbal","subjecto":"Turrbal","partof":"Turrbal","precision":3},"geometry":{"type":"Polygon","coordinates":[[[152.886,-27.485],[152.981,-27.278],[152.852,-27.226],[152.812,-27.295],[152.886,-27.485]]]}},{"type":"Feature","id":408,"properties":{"name":"Kija","subjecto":"Kija","partof":"Kija","precision":3},"geometry":{"type":"Polygon","coordinates":[[[127.408,-16.077],[127.321,-16.668],[127.496,-17.204],[127.343,-17.33],[126.453,-17.686],[126.222,-17.728],[126.057,-17.926],[125.936,-18.062],[126.486,-18.135],[126.738,-18.48],[126.892,-18.48],[127.029,-18.469],[127.546,-18.261],[128.057,-17.937],[128.232,-17.717],[128.298,-17.55],[128.43,-17.56],[128.782,-17.665],[128.881,-17.78],[128.979,-17.811],[129.056,-17.853],[129.023,-17.623],[128.892,-17.172],[128.804,-16.699],[128.903,-16.647],[129.111,-16.626],[129.265,-16.626],[129.342,-16.457],[129.287,-16.341],[129.221,-16.267],[129.012,-16.141],[128.079,-15.877],[127.804,-15.866],[127.551,-15.972],[127.408,-16.077]]]}},{"type":"Feature","id":409,"properties":{"name":"Wagiman","subjecto":"Wagiman","partof":"Wagiman","precision":3},"geometry":{"type":"Polygon","coordinates":[[[131.342,-13.633],[131.311,-13.715],[131.155,-13.766],[130.908,-13.779],[130.855,-13.809],[130.864,-13.905],[130.877,-14.017],[130.908,-14.182],[130.792,-14.397],[130.545,-14.483],[130.386,-14.488],[130.336,-14.514],[130.336,-14.573],[130.347,-14.669],[130.353,-14.748],[130.424,-14.759],[130.627,-14.754],[130.847,-14.764],[130.957,-14.796],[131.012,-14.839],[131.177,-14.807],[131.309,-14.791],[131.671,-14.653],[131.973,-14.647],[132.001,-14.541],[131.924,-14.451],[131.979,-14.371],[131.998,-13.977],[131.342,-13.633]]]}},{"type":"Feature","id":410,"properties":{"name":"Yupangathi","subjecto":"Yupangathi","partof":"Yupangathi","precision":3},"geometry":{"type":"Polygon","coordinates":[[[141.863,-12.1],[141.812,-12.183],[141.928,-12.187],[141.95,-12.163],[141.943,-12.121],[141.898,-12.102],[141.863,-12.1]]]}},{"type":"Feature","id":411,"properties":{"name":"Ngombur","subjecto":"Ngombur","partof":"Ngombur","precision":3},"geometry":{"type":"Polygon","coordinates":[[[132.336,-12.978],[132.374,-13.015],[132.413,-13.042],[132.671,-13.037],[132.726,-12.908],[132.726,-12.828],[132.709,-12.796],[132.413,-12.801],[132.336,-12.978]]]}},{"type":"Feature","id":412,"properties":{"name":"Alyawarre","subjecto":"Alyawarre","partof":"Alyawarre","precision":3},"geometry":{"type":"Polygon","coordinates":[[[136.494,-23.06],[137.065,-22.391],[137.043,-21.841],[136.978,-21.412],[136.89,-21.064],[136.56,-20.736],[136.384,-20.715],[135.879,-20.941],[134.67,-21.8],[134.407,-22.126],[133.989,-22.37],[133.945,-22.837],[134.055,-23.241],[135.022,-23.241],[135.923,-23.161],[136.494,-23.06]]]}},{"type":"Feature","id":413,"properties":{"name":"Djabuganjdji","subjecto":"Djabuganjdji","partof":"Djabuganjdji","precision":3},"geometry":{"type":"Polygon","coordinates":[[[145.451,-16.598],[145.272,-16.815],[145.267,-17.099],[145.278,-17.225],[145.327,-17.324],[145.459,-17.272],[145.585,-17.23],[145.718,-16.978],[145.451,-16.598]]]}},{"type":"Feature","id":414,"properties":{"name":"Geawegal","subjecto":"Geawegal","partof":"Geawegal","precision":3},"geometry":{"type":"Polygon","coordinates":[[[151.414,-31.607],[150.947,-31.635],[149.716,-32.055],[149.623,-32.278],[149.771,-32.5],[150.183,-32.375],[150.557,-32.259],[150.853,-32.259],[151.304,-32.426],[151.611,-32.519],[151.71,-32.222],[151.798,-32.027],[151.633,-31.719],[151.414,-31.607]]]}},{"type":"Feature","id":415,"properties":{"name":"Ngandji","subjecto":"Ngandji","partof":"Ngandji","precision":3},"geometry":{"type":"Polygon","coordinates":[[[134.385,-17.256],[134.418,-17.791],[134.659,-17.686],[134.868,-17.686],[135.297,-17.728],[135.472,-17.634],[135.615,-17.539],[135.967,-17.162],[136.033,-16.952],[136.033,-16.773],[135.67,-16.457],[135.45,-16.362],[135.264,-16.362],[135,-16.71],[134.659,-17.109],[134.385,-17.256]]]}},{"type":"Feature","id":416,"properties":{"name":"Wongaibon","subjecto":"Wongaibon","partof":"Wongaibon","precision":3},"geometry":{"type":"Polygon","coordinates":[[[144.948,-30.269],[144.91,-30.468],[145.118,-30.78],[144.855,-31.41],[144.734,-31.532],[144.492,-31.784],[144.283,-32.361],[144.218,-32.75],[144.24,-32.953],[144.437,-32.972],[144.712,-33.009],[145.031,-32.99],[145.102,-32.598],[146.14,-32.152],[147.014,-31.803],[147.266,-31.719],[147.211,-31.597],[147.189,-31.185],[146.986,-30.572],[146.31,-30.131],[146.261,-30.022],[146.212,-29.945],[145.97,-29.95],[145.679,-30.093],[145.536,-30.221],[145.206,-30.307],[144.948,-30.269]]]}},{"type":"Feature","id":417,"properties":{"name":"Kooma","subjecto":"Kooma","partof":"Kooma","precision":3},"geometry":{"type":"Polygon","coordinates":[[[146.314,-27.17],[145.809,-27.554],[145.813,-27.638],[145.833,-27.703],[145.86,-27.868],[146.003,-28.111],[146.195,-28.343],[146.721,-28.772],[147.395,-29.043],[147.504,-29.041],[147.706,-29.01],[147.826,-28.95],[148.039,-28.828],[148.408,-28.398],[148.405,-28.347],[148.382,-28.271],[147.594,-27.749],[147.489,-27.651],[147.401,-27.537],[147.255,-27.294],[147.151,-27.233],[147.063,-27.206],[146.898,-27.145],[146.314,-27.17]]]}},{"type":"Feature","id":418,"properties":{"name":"Anguthimri","subjecto":"Anguthimri","partof":"Anguthimri","precision":3},"geometry":{"type":"Polygon","coordinates":[[[141.679,-12.468],[141.831,-12.617],[142.012,-12.538],[142.056,-12.538],[142.089,-12.528],[142.094,-12.461],[142.1,-12.383],[142.1,-12.302],[142.067,-12.233],[142.004,-12.184],[141.905,-12.176],[141.844,-12.171],[141.825,-12.163],[141.693,-12.379],[141.679,-12.468]]]}},{"type":"Feature","id":419,"properties":{"name":"Kunja","subjecto":"Kunja","partof":"Kunja","precision":3},"geometry":{"type":"Polygon","coordinates":[[[145.322,-27.479],[145.228,-27.503],[145.272,-27.698],[145.025,-28.043],[144.871,-28.057],[144.783,-28.256],[144.712,-28.517],[144.602,-28.729],[144.531,-28.816],[145.102,-28.926],[145.421,-28.965],[145.602,-28.979],[145.953,-28.411],[145.959,-28.13],[145.942,-27.902],[145.904,-27.596],[145.69,-27.557],[145.322,-27.479]]]}},{"type":"Feature","id":420,"properties":{"name":"Iwaidja","subjecto":"Iwaidja","partof":"Iwaidja","precision":3},"geometry":{"type":"Polygon","coordinates":[[[132.626,-11.75],[132.776,-11.578],[132.384,-11.299],[132.303,-11.503],[132.626,-11.75]]]}},{"type":"Feature","id":421,"properties":{"name":"Andyamathanha","subjecto":"Andyamathanha","partof":"Andyamathanha","precision":3},"geometry":{"type":"Polygon","coordinates":[[[139.433,-29.569],[138.51,-30.581],[138.428,-31.109],[138.472,-31.48],[138.527,-31.574],[138.576,-31.742],[138.757,-31.924],[138.768,-32.045],[138.801,-32.148],[139.406,-32.092],[139.713,-32.092],[139.988,-32.073],[140.164,-32.073],[140.12,-31.747],[140.032,-31.307],[139.878,-30.808],[140.021,-30.335],[140.065,-30.183],[140.142,-30.022],[140.142,-29.793],[140.219,-29.564],[139.977,-29.516],[139.724,-29.507],[139.592,-29.497],[139.433,-29.569]]]}},{"type":"Feature","id":422,"properties":{"name":"Mbukarla","subjecto":"Mbukarla","partof":"Mbukarla","precision":3},"geometry":{"type":"Polygon","coordinates":[[[132.292,-13.074],[132.286,-13.117],[132.33,-13.117],[132.407,-13.128],[132.451,-13.133],[132.512,-13.149],[132.594,-13.197],[132.66,-13.197],[132.731,-13.144],[132.792,-13.101],[132.847,-13.026],[132.858,-12.962],[132.825,-12.919],[132.869,-12.871],[132.83,-12.817],[132.764,-12.801],[132.715,-12.812],[132.715,-12.908],[132.665,-13.015],[132.407,-12.994],[132.347,-12.962],[132.325,-13.053],[132.292,-13.074]]]}},{"type":"Feature","id":423,"properties":{"name":"Warriyangga","subjecto":"Warriyangga","partof":"Warriyangga","precision":3},"geometry":{"type":"Polygon","coordinates":[[[115.708,-23.981],[115.356,-24.931],[115.389,-25.051],[115.746,-25.215],[115.977,-25.18],[116.296,-24.697],[116.406,-24.487],[116.488,-24.292],[116.554,-24.077],[116.444,-23.896],[115.867,-23.826],[115.757,-23.896],[115.708,-23.981]]]}},{"type":"Feature","id":424,"properties":{"name":"Yanga","subjecto":"Yanga","partof":"Yanga","precision":3},"geometry":{"type":"Polygon","coordinates":[[[142.872,-18.802],[142.872,-19.052],[142.839,-19.259],[142.839,-19.446],[143.102,-19.539],[143.987,-19.612],[143.976,-19.508],[143.63,-18.782],[143.564,-18.568],[143.476,-18.49],[143.278,-18.568],[142.96,-18.657],[142.872,-18.802]]]}},{"type":"Feature","id":425,"properties":{"name":"Giya","subjecto":"Giya","partof":"Giya","precision":3},"geometry":{"type":"Polygon","coordinates":[[[148.706,-20.845],[148.704,-20.203],[148.19,-20.172],[148.092,-20.137],[148.087,-20.175],[148.195,-20.265],[148.296,-20.391],[148.428,-20.718],[148.587,-20.913],[148.711,-20.847],[148.706,-20.845]]]}},{"type":"Feature","id":426,"properties":{"name":"Gagudju","subjecto":"Gagudju","partof":"Gagudju","precision":3},"geometry":{"type":"Polygon","coordinates":[[[132.628,-12.271],[132.4,-12.328],[132.407,-12.721],[132.479,-12.785],[132.632,-12.785],[132.709,-12.742],[132.671,-12.576],[132.731,-12.222],[132.628,-12.271]]]}},{"type":"Feature","id":427,"properties":{"name":"Ngarrindjeri","subjecto":"Ngarrindjeri","partof":"Ngarrindjeri","precision":3},"geometry":{"type":"Polygon","coordinates":[[[138.941,-35.703],[139.368,-35.614],[140.216,-37.079],[140.625,-37.069],[140.723,-36.898],[140.677,-36.855],[140.238,-36.836],[140.172,-36.545],[140.117,-36.289],[139.878,-35.982],[139.622,-35.425],[139.521,-35.183],[139.348,-35.07],[138.996,-35.079],[138.494,-35.395],[138.226,-35.732],[138.941,-35.703]]]}},{"type":"Feature","id":428,"properties":{"name":"Bardi","subjecto":"Bardi","partof":"Bardi","precision":3},"geometry":{"type":"Polygon","coordinates":[[[122.734,-16.715],[122.775,-16.757],[122.949,-16.762],[122.869,-16.659],[122.761,-16.597],[122.734,-16.715]]]}},{"type":"Feature","id":429,"properties":{"name":"Maung","subjecto":"Maung","partof":"Maung","precision":3},"geometry":{"type":"Polygon","coordinates":[[[133.397,-11.882],[133.136,-11.702],[133.083,-11.857],[133.143,-11.894],[133.314,-11.921],[133.528,-11.943],[133.537,-11.942],[133.397,-11.882]]]}},{"type":"Feature","id":430,"properties":{"name":"Nyamal","subjecto":"Nyamal","partof":"Nyamal","precision":3},"geometry":{"type":"Polygon","coordinates":[[[118.734,-20.317],[118.621,-20.375],[118.806,-20.617],[118.801,-20.987],[118.636,-21.54],[118.652,-21.708],[118.894,-21.836],[118.96,-21.984],[119.125,-22.045],[120.405,-22.086],[120.954,-22.162],[121.069,-22.233],[121.201,-22.101],[121.234,-21.948],[121.229,-21.601],[120.883,-20.818],[120.037,-20.144],[119.927,-20.113],[119.828,-20.262],[119.636,-20.391],[118.828,-20.14],[118.734,-20.317]]]}},{"type":"Feature","id":431,"properties":{"name":"Yarluyandi","subjecto":"Yarluyandi","partof":"Yarluyandi","precision":3},"geometry":{"type":"Polygon","coordinates":[[[138.845,-25.968],[138.856,-26.096],[139.076,-26.254],[139.922,-26.352],[140.175,-26.333],[140.394,-26.254],[140.581,-25.948],[140.603,-25.691],[140.658,-25.612],[140.658,-25.523],[140.504,-25.423],[139.856,-25.195],[139.482,-25.205],[139.197,-25.245],[139.23,-25.374],[138.944,-25.711],[138.845,-25.869],[138.845,-25.968]]]}},{"type":"Feature","id":432,"properties":{"name":"Yuru","subjecto":"Yuru","partof":"Yuru","precision":3},"geometry":{"type":"Polygon","coordinates":[[[147.973,-20.096],[147.467,-19.651],[147.255,-19.893],[147.269,-19.924],[147.269,-19.95],[147.681,-19.966],[147.973,-20.096]]]}},{"type":"Feature","id":433,"properties":{"name":"Marringarr","subjecto":"Marringarr","partof":"Marringarr","precision":3},"geometry":{"type":"Polygon","coordinates":[[[129.763,-14.019],[129.581,-14.182],[129.68,-14.411],[129.787,-14.459],[129.979,-14.451],[130.02,-14.413],[129.977,-14.381],[129.927,-14.36],[129.9,-14.368],[129.872,-14.326],[129.858,-14.198],[129.872,-14.126],[129.927,-14.03],[129.878,-13.969],[129.764,-13.99],[129.763,-14.019]]]}},{"type":"Feature","id":434,"properties":{"name":"Wuli-wuli","subjecto":"Wuli-wuli","partof":"Wuli-wuli","precision":3},"geometry":{"type":"Polygon","coordinates":[[[149.941,-24.901],[149.952,-25.13],[149.974,-25.319],[149.974,-25.686],[150.172,-25.745],[150.787,-25.711],[150.837,-25.661],[150.782,-25.523],[150.732,-25.195],[150.639,-24.837],[150.656,-24.702],[150.524,-24.767],[149.941,-24.901]]]}},{"type":"Feature","id":435,"properties":{"name":"Wadi Wadi","subjecto":"Wadi Wadi","partof":"Wadi Wadi","precision":3},"geometry":{"type":"Polygon","coordinates":[[[143.015,-34.8],[143.097,-34.967],[143.24,-35.12],[143.251,-35.308],[143.383,-35.353],[143.822,-35.281],[144.075,-35.03],[144.064,-34.949],[144.009,-34.85],[143.992,-34.818],[143.871,-34.764],[143.74,-34.715],[143.569,-34.678],[143.454,-34.669],[143.289,-34.669],[143.015,-34.8]]]}},{"type":"Feature","id":436,"properties":{"name":"Bibbulman","subjecto":"Bibbulman","partof":"Bibbulman","precision":3},"geometry":{"type":"Polygon","coordinates":[[[115.137,-34.398],[115.648,-34.597],[116.005,-34.935],[116.428,-35.048],[116.559,-34.836],[116.18,-34.166],[116.202,-33.934],[116.054,-33.802],[115.961,-33.674],[115.845,-33.669],[115.724,-33.889],[115.373,-34.085],[115.137,-34.398]]]}},{"type":"Feature","id":437,"properties":{"name":"Yambina","subjecto":"Yambina","partof":"Yambina","precision":3},"geometry":{"type":"Polygon","coordinates":[[[146.799,-21.943],[146.777,-22.208],[146.7,-22.36],[146.942,-22.431],[147.107,-22.462],[147.25,-22.513],[147.458,-22.482],[147.612,-22.482],[147.766,-22.482],[147.876,-22.452],[147.788,-21.821],[147.426,-21.739],[146.777,-21.811],[146.788,-21.872],[146.799,-21.943]]]}},{"type":"Feature","id":438,"properties":{"name":"Gananggalinda","subjecto":"Gananggalinda","partof":"Gananggalinda","precision":3},"geometry":{"type":"Polygon","coordinates":[[[138.963,-16.994],[138.972,-17.041],[139.05,-17.057],[138.963,-16.994]]]}},{"type":"Feature","id":439,"properties":{"name":"Gamberre","subjecto":"Gamberre","partof":"Gamberre","precision":3},"geometry":{"type":"Polygon","coordinates":[[[126.101,-14.205],[125.922,-14.573],[125.958,-14.695],[126.079,-14.674],[126.315,-14.647],[126.689,-14.483],[126.766,-14.35],[126.64,-14.155],[126.101,-14.205]]]}},{"type":"Feature","id":440,"properties":{"name":"Ngatatjara","subjecto":"Ngatatjara","partof":"Ngatatjara","precision":3},"geometry":{"type":"Polygon","coordinates":[[[126.409,-24.197],[126.002,-24.227],[125.684,-24.457],[125.508,-24.617],[125.519,-25.046],[125.837,-25.681],[126.683,-26.244],[127.046,-26.421],[127.365,-26.539],[127.683,-26.48],[128.21,-25.998],[128.573,-25.998],[128.925,-26.007],[129.067,-25.849],[129.034,-24.797],[128.881,-24.417],[128.672,-24.107],[128.123,-23.986],[127.441,-23.986],[126.409,-24.197]]]}},{"type":"Feature","id":441,"properties":{"name":"Wawula","subjecto":"Wawula","partof":"Wawula","precision":3},"geometry":{"type":"Polygon","coordinates":[[[119.806,-23.373],[119.619,-23.403],[119.619,-23.514],[119.696,-23.665],[119.806,-23.936],[119.883,-24.427],[119.828,-24.707],[119.718,-24.926],[119.575,-25.125],[119.323,-25.334],[119.092,-25.443],[118.894,-25.681],[118.905,-25.81],[119.235,-25.81],[119.641,-25.998],[120.608,-26.313],[120.795,-26.421],[121.025,-26.49],[121.937,-26.096],[122.498,-26.007],[122.794,-26.007],[122.948,-26.027],[122.97,-25.533],[122.937,-25.314],[122.794,-25.115],[122.3,-24.597],[121.794,-24.277],[121.19,-23.504],[120.981,-23.282],[119.806,-23.373]]]}},{"type":"Feature","id":442,"properties":{"name":"Nyangumarda","subjecto":"Nyangumarda","partof":"Nyangumarda","precision":3},"geometry":{"type":"Polygon","coordinates":[[[121.54,-18.785],[120.872,-19.677],[119.926,-20.081],[120.026,-20.283],[120.223,-20.52],[120.905,-20.982],[121.135,-21.953],[121.421,-22.259],[122.563,-22.513],[122.893,-21.841],[123.261,-21.387],[123.563,-21.054],[123.706,-20.9],[123.838,-20.746],[123.838,-20.417],[123.805,-20.035],[123.146,-19.135],[122.487,-18.958],[121.838,-18.844],[121.54,-18.785]]]}},{"type":"Feature","id":443,"properties":{"name":"Warluwarra","subjecto":"Warluwarra","partof":"Warluwarra","precision":3},"geometry":{"type":"Polygon","coordinates":[[[137.922,-21.749],[138.142,-21.994],[138.23,-21.994],[138.417,-22.025],[138.582,-22.065],[138.977,-22.208],[139.263,-22.279],[139.263,-21.433],[139.241,-21.166],[139.142,-21.033],[139.076,-20.951],[138.702,-21.218],[138.076,-21.514],[137.922,-21.749]]]}},{"type":"Feature","id":444,"properties":{"name":"Mayi-Yapi","subjecto":"Mayi-Yapi","partof":"Mayi-Yapi","precision":3},"geometry":{"type":"Polygon","coordinates":[[[139.9,-18.448],[139.933,-18.792],[140.021,-19.031],[140.01,-19.849],[139.977,-20.221],[140.208,-20.149],[140.9,-19.456],[141.185,-19.373],[141.185,-19.104],[141.163,-18.667],[140.999,-18.282],[140.867,-18.073],[140.79,-18.271],[140.625,-18.5],[140.087,-18.396],[139.9,-18.448]]]}},{"type":"Feature","id":445,"properties":{"name":"Biri","subjecto":"Biri","partof":"Biri","precision":3},"geometry":{"type":"Polygon","coordinates":[[[147.973,-20.096],[147.739,-19.947],[147.667,-19.932],[147.349,-19.911],[147.189,-19.911],[147.228,-20.092],[147.167,-20.329],[147.162,-20.473],[147.118,-20.54],[147.206,-20.669],[147.332,-20.854],[147.59,-21.182],[147.783,-21.356],[147.722,-21.571],[147.838,-21.601],[147.986,-21.657],[148.398,-21.657],[148.854,-21.663],[149.09,-21.632],[149.03,-21.494],[148.843,-21.161],[148.689,-20.946],[148.59,-20.792],[148.299,-20.273],[148.175,-20.167],[147.973,-20.096]]]}},{"type":"Feature","id":446,"properties":{"name":"Kamilaroi","subjecto":"Kamilaroi","partof":"Kamilaroi","precision":3},"geometry":{"type":"Polygon","coordinates":[[[150.282,-28.459],[149.634,-28.797],[148.381,-28.883],[147.887,-28.97],[147.439,-29.035],[147.439,-29.128],[147.283,-29.337],[147,-29.547],[146.813,-29.905],[146.887,-29.976],[147.066,-30.074],[148.038,-30.036],[148.453,-30.636],[148.64,-30.61],[149.181,-31.257],[149.186,-31.391],[149.142,-31.508],[148.999,-31.901],[149.192,-31.957],[149.332,-32.038],[149.661,-32.124],[149.963,-32.022],[150.282,-31.892],[150.864,-31.78],[151.293,-31.644],[151.425,-31.625],[151.458,-31.457],[151.315,-31.109],[151.216,-30.978],[151.062,-30.808],[150.974,-30.647],[150.963,-30.344],[150.996,-29.888],[150.996,-29.717],[150.974,-28.777],[150.875,-28.662],[150.809,-28.546],[150.677,-28.411],[150.282,-28.459]]]}},{"type":"Feature","id":447,"properties":{"name":"Agwarmin","subjecto":"Agwarmin","partof":"Agwarmin","precision":3},"geometry":{"type":"Polygon","coordinates":[[[143.372,-16.731],[143.031,-16.889],[142.943,-17.099],[142.932,-17.246],[142.998,-17.33],[143.042,-17.382],[143.262,-17.476],[143.383,-17.602],[143.448,-17.989],[143.459,-18.355],[143.481,-18.5],[143.514,-18.698],[143.646,-19.114],[143.888,-19.487],[144.009,-19.632],[144.24,-19.539],[144.547,-19.197],[144.503,-18.813],[144.503,-18.646],[144.47,-18.428],[144.503,-18.24],[144.558,-18.062],[144.591,-17.843],[144.657,-17.654],[144.756,-17.581],[144.811,-17.571],[144.778,-17.445],[144.591,-17.319],[144.371,-17.12],[143.943,-16.489],[143.701,-16.489],[143.525,-16.594],[143.372,-16.731]]]}},{"type":"Feature","id":448,"properties":{"name":"Yuin","subjecto":"Yuin","partof":"Yuin","precision":3},"geometry":{"type":"Polygon","coordinates":[[[150.801,-35.151],[150.818,-35.108],[150.796,-35.086],[150.699,-35.079],[150.356,-34.942],[150.257,-34.915],[150.079,-34.958],[149.845,-35.095],[149.645,-35.216],[149.442,-35.333],[149.442,-35.391],[149.439,-35.483],[149.439,-35.597],[149.444,-35.711],[149.395,-35.947],[149.378,-36.43],[149.436,-36.609],[149.439,-36.723],[149.414,-36.814],[149.414,-36.93],[149.398,-37.02],[149.499,-37.038],[149.823,-37.101],[149.928,-37.103],[149.975,-37.049],[150.222,-35.694],[150.48,-35.469],[150.801,-35.151]]]}},{"type":"Feature","id":449,"properties":{"name":"Yangga","subjecto":"Yangga","partof":"Yangga","precision":3},"geometry":{"type":"Polygon","coordinates":[[[147.09,-20.499],[147.036,-20.53],[146.821,-20.571],[146.552,-20.664],[146.442,-20.972],[146.536,-21.474],[146.552,-21.657],[146.678,-21.877],[146.86,-21.872],[147.283,-21.821],[147.535,-21.821],[147.783,-21.821],[147.794,-21.759],[147.777,-21.581],[147.887,-21.448],[147.266,-20.628],[147.09,-20.499]]]}},{"type":"Feature","id":450,"properties":{"name":"Bigambul","subjecto":"Bigambul","partof":"Bigambul","precision":3},"geometry":{"type":"Polygon","coordinates":[[[148.414,-28.256],[148.266,-28.464],[148.123,-28.642],[147.914,-28.854],[147.711,-29.056],[149.496,-28.917],[150.436,-28.449],[150.721,-28.662],[150.914,-28.744],[150.958,-28.7],[150.908,-28.657],[150.908,-28.507],[150.804,-28.023],[150.831,-27.64],[150.969,-27.537],[150.958,-27.416],[150.804,-27.269],[150.364,-27.137],[149.81,-27.186],[149.425,-27.299],[149.392,-27.464],[149.381,-27.727],[149.507,-27.965],[148.414,-28.256]]]}},{"type":"Feature","id":451,"properties":{"name":"Alawa","subjecto":"Alawa","partof":"Alawa","precision":3},"geometry":{"type":"Polygon","coordinates":[[[133.901,-14.839],[133.759,-15.019],[133.627,-15.115],[133.484,-16.215],[133.66,-16.383],[133.868,-16.562],[134.308,-16.973],[134.451,-17.214],[134.703,-17.078],[134.912,-16.91],[135.396,-16.362],[135.417,-16.046],[135.439,-15.771],[135.428,-15.57],[135.385,-15.401],[135.231,-15.284],[134.956,-15.178],[134.725,-15.115],[134.297,-14.796],[134.143,-14.722],[133.934,-14.775],[133.901,-14.839]]]}},{"type":"Feature","id":452,"properties":{"name":"Gunditjmara","subjecto":"Gunditjmara","partof":"Gunditjmara","precision":3},"geometry":{"type":"Polygon","coordinates":[[[140.975,-38.086],[141.356,-38.423],[142.513,-38.411],[142.552,-38.398],[142.587,-38.383],[142.663,-38.28],[142.69,-38.15],[142.677,-38.098],[142.657,-38.057],[142.71,-38.024],[142.71,-37.983],[142.564,-37.92],[142.408,-37.875],[142.278,-37.81],[142.031,-37.725],[141.941,-37.71],[141.844,-37.673],[141.603,-37.625],[141.537,-37.612],[141.49,-37.638],[141.446,-37.606],[141.408,-37.595],[141.424,-37.643],[141.227,-37.773],[141.251,-38.061],[141.172,-38.049],[141.097,-38.021],[140.975,-38.086]]]}},{"type":"Feature","id":453,"properties":{"name":"Waveroo","subjecto":"Waveroo","partof":"Waveroo","precision":3},"geometry":{"type":"Polygon","coordinates":[[[147.129,-36.022],[146.118,-36.031],[145.942,-35.951],[145.767,-35.996],[145.767,-36.049],[145.844,-36.191],[145.964,-36.421],[146.558,-36.985],[146.865,-37.055],[147.118,-37.055],[147.294,-36.985],[147.294,-36.783],[147.294,-36.571],[147.272,-36.138],[147.129,-36.022]]]}},{"type":"Feature","id":454,"properties":{"name":"Wemba Wemba","subjecto":"Wemba Wemba","partof":"Wemba Wemba","precision":3},"geometry":{"type":"Polygon","coordinates":[[[143.328,-35.308],[143.289,-35.371],[143.328,-35.537],[143.427,-35.729],[143.591,-35.8],[143.756,-35.796],[144.218,-35.474],[144.404,-35.286],[144.564,-35.142],[144.679,-35.03],[144.794,-34.89],[144.866,-34.755],[144.811,-34.696],[144.695,-34.665],[144.547,-34.66],[144.102,-34.809],[144.036,-34.944],[143.937,-35.079],[143.707,-35.264],[143.487,-35.308],[143.328,-35.308]]]}},{"type":"Feature","id":455,"properties":{"name":"Yangman","subjecto":"Yangman","partof":"Yangman","precision":3},"geometry":{"type":"Polygon","coordinates":[[[132.33,-16.109],[132.528,-16.373],[132.693,-16.52],[133.198,-16.573],[133.429,-16.394],[133.605,-15.951],[133.693,-15.411],[133.693,-15.146],[133.704,-14.945],[133.396,-14.913],[133.198,-14.87],[133.099,-14.955],[132.462,-14.977],[132.319,-15.961],[132.33,-16.109]]]}},{"type":"Feature","id":456,"properties":{"name":"Barunggam","subjecto":"Barunggam","partof":"Barunggam","precision":3},"geometry":{"type":"Polygon","coordinates":[[[152.43,-27.771],[152.419,-27.635],[152.227,-27.235],[152.161,-27.113],[151.974,-26.834],[151.584,-26.628],[151.474,-26.244],[151.238,-25.968],[151.029,-25.78],[150.848,-25.642],[150.557,-25.661],[150.233,-25.686],[150.09,-25.701],[150.002,-25.681],[149.985,-25.849],[149.974,-25.993],[149.848,-26.096],[149.529,-26.126],[149.42,-26.288],[149.42,-26.48],[149.315,-26.839],[149.271,-27.377],[149.513,-27.303],[149.793,-27.235],[150.084,-27.196],[150.557,-27.206],[150.848,-27.362],[150.864,-27.474],[150.892,-27.547],[150.991,-27.523],[151.062,-27.533],[151.183,-27.781],[151.326,-27.839],[151.507,-27.839],[152.43,-27.771]]]}},{"type":"Feature","id":457,"properties":{"name":"Wirangu","subjecto":"Wirangu","partof":"Wirangu","precision":3},"geometry":{"type":"Polygon","coordinates":[[[131.356,-31.671],[131.993,-32.066],[133.837,-32.342],[134.258,-32.875],[134.835,-32.436],[135.363,-32.12],[135.659,-31.961],[136.143,-31.775],[136.099,-31.709],[135.945,-31.56],[135.582,-31.316],[133.539,-30.505],[132.484,-30.259],[131.451,-30.183],[131.287,-30.278],[131.045,-30.638],[131.243,-30.808],[131.111,-31.462],[131.356,-31.671]]]}},{"type":"Feature","id":458,"properties":{"name":"Bayali","subjecto":"Bayali","partof":"Bayali","precision":3},"geometry":{"type":"Polygon","coordinates":[[[151.2,-23.942],[150.802,-23.6],[150.797,-23.504],[150.699,-23.604],[150.507,-23.685],[150.694,-24.182],[151.002,-24.082],[151.2,-23.942]]]}},{"type":"Feature","id":459,"properties":{"name":"Ngawun","subjecto":"Ngawun","partof":"Ngawun","precision":3},"geometry":{"type":"Polygon","coordinates":[[[141.119,-19.368],[141.141,-19.596],[141.174,-19.793],[141.251,-19.999],[141.301,-20.092],[141.696,-20.638],[142.097,-20.669],[142.322,-20.658],[142.723,-20.658],[142.949,-20.607],[142.603,-20.247],[142.482,-20.123],[142.976,-19.513],[142.789,-19.389],[141.691,-19.207],[141.119,-19.368]]]}},{"type":"Feature","id":460,"properties":{"name":"Kwini","subjecto":"Kwini","partof":"Kwini","precision":3},"geometry":{"type":"Polygon","coordinates":[[[127.397,-14.1],[127.244,-14.275],[127.244,-14.445],[127.31,-14.69],[127.31,-15.189],[127.452,-15.274],[127.584,-15.231],[127.661,-15.231],[127.859,-15.019],[127.989,-14.857],[127.963,-14.703],[127.397,-14.1]]]}},{"type":"Feature","id":461,"properties":{"name":"Baradha","subjecto":"Baradha","partof":"Baradha","precision":3},"geometry":{"type":"Polygon","coordinates":[[[148.59,-21.647],[148.546,-21.861],[148.513,-22.34],[148.546,-22.391],[148.689,-22.32],[148.821,-22.391],[148.997,-22.401],[149.205,-22.401],[149.37,-22.35],[149.359,-21.943],[149.271,-21.759],[149.128,-21.586],[148.81,-21.617],[148.634,-21.627],[148.59,-21.647]]]}},{"type":"Feature","id":462,"properties":{"name":"Budjari","subjecto":"Budjari","partof":"Budjari","precision":3},"geometry":{"type":"Polygon","coordinates":[[[144.113,-27.999],[143.569,-28.372],[143.608,-28.57],[143.652,-28.768],[143.992,-28.84],[144.575,-28.792],[144.827,-28.782],[144.871,-28.208],[144.926,-27.97],[144.212,-27.951],[144.113,-27.999]]]}},{"type":"Feature","id":463,"properties":{"name":"Dieri","subjecto":"Dieri","partof":"Dieri","precision":3},"geometry":{"type":"Polygon","coordinates":[[[138.461,-29.573],[138.933,-29.545],[139.482,-29.545],[139.636,-29.564],[139.603,-29.296],[139.614,-28.979],[139.636,-28.739],[139.845,-28.237],[139.988,-27.645],[139.988,-27.43],[140.032,-27.235],[139.779,-27.225],[139.603,-27.255],[139.186,-27.382],[138.417,-27.362],[138.23,-27.528],[138.197,-27.664],[138.153,-27.771],[138.593,-28.642],[138.538,-28.931],[138.516,-29.229],[138.461,-29.487],[138.461,-29.573]]]}},{"type":"Feature","id":464,"properties":{"name":"Wik","subjecto":"Wik","partof":"Wik","precision":3},"geometry":{"type":"Polygon","coordinates":[[[141.564,-13.386],[141.524,-14.493],[141.998,-14.499],[142.18,-14.472],[142.394,-14.472],[142.646,-14.355],[142.839,-14.318],[142.899,-14.286],[142.96,-14.243],[142.927,-13.966],[142.921,-13.534],[142.883,-13.133],[142.866,-13.074],[142.608,-13.074],[142.256,-13.106],[141.982,-13.192],[141.932,-13.358],[141.888,-13.491],[141.688,-13.515],[141.652,-13.344],[141.584,-13.358],[141.564,-13.386]]]}},{"type":"Feature","id":465,"properties":{"name":"Mutumui","subjecto":"Mutumui","partof":"Mutumui","precision":3},"geometry":{"type":"Polygon","coordinates":[[[145.12,-14.978],[144.529,-14.668],[144.385,-14.369],[144.212,-14.452],[144.17,-14.493],[144.19,-14.801],[144.207,-14.86],[144.283,-14.839],[144.355,-14.801],[144.542,-14.833],[144.805,-14.977],[144.91,-15.019],[145.031,-15.072],[145.138,-14.998],[145.12,-14.978]]]}},{"type":"Feature","id":466,"properties":{"name":"Tjungundji","subjecto":"Tjungundji","partof":"Tjungundji","precision":3},"geometry":{"type":"Polygon","coordinates":[[[141.927,-11.996],[141.859,-12.108],[141.898,-12.114],[141.924,-12.117],[141.928,-12.064],[141.927,-11.996]]]}},{"type":"Feature","id":467,"properties":{"name":"Jardwadjali","subjecto":"Jardwadjali","partof":"Jardwadjali","precision":3},"geometry":{"type":"Polygon","coordinates":[[[142.839,-36.589],[142.907,-36.397],[142.962,-36.317],[143.026,-36.286],[143.004,-36.244],[142.336,-36.218],[141.817,-36.686],[141.279,-36.734],[140.993,-36.734],[140.977,-36.84],[141.042,-36.941],[141.378,-37.597],[141.471,-37.671],[141.663,-37.775],[141.905,-37.775],[141.971,-37.64],[142.059,-37.571],[142.526,-37.562],[142.526,-37.143],[142.57,-37.055],[142.718,-37.055],[143.02,-37.064],[143.289,-37.103],[143.443,-37.02],[143.443,-36.937],[143.377,-36.928],[143.245,-36.919],[143.015,-36.902],[142.839,-36.589]]]}},{"type":"Feature","id":468,"properties":{"name":"Luthigh","subjecto":"Luthigh","partof":"Luthigh","precision":3},"geometry":{"type":"Polygon","coordinates":[[[141.987,-12.176],[141.99,-12.249],[142.004,-12.34],[142.026,-12.42],[142.039,-12.517],[142.081,-12.648],[142.125,-12.774],[142.158,-12.863],[142.289,-13.039],[142.35,-13.098],[142.583,-13.109],[142.611,-13.015],[142.638,-12.651],[142.638,-12.488],[142.589,-12.388],[142.413,-12.273],[142.278,-12.125],[142.169,-12.082],[142.086,-12.136],[141.987,-12.176]]]}},{"type":"Feature","id":469,"properties":{"name":"Guugu-Yimidhirr","subjecto":"Guugu-Yimidhirr","partof":"Guugu-Yimidhirr","precision":3},"geometry":{"type":"Polygon","coordinates":[[[145.12,-14.978],[145.085,-15.008],[144.893,-15.125],[144.602,-15.448],[144.668,-15.745],[144.772,-15.924],[144.8,-15.977],[145.222,-15.664],[145.184,-15.048],[145.12,-14.978]]]}},{"type":"Feature","id":470,"properties":{"name":"Walangama","subjecto":"Walangama","partof":"Walangama","precision":3},"geometry":{"type":"Polygon","coordinates":[[[141.235,-17.518],[141.24,-17.675],[141.257,-17.879],[141.29,-18.088],[141.46,-18.292],[142.251,-18.672],[142.657,-18.761],[143.02,-18.823],[143.036,-18.698],[142.844,-18.428],[142.685,-18.182],[142.57,-18.01],[141.422,-17.503],[141.235,-17.518]]]}},{"type":"Feature","id":471,"properties":{"name":"Anggamudi","subjecto":"Anggamudi","partof":"Anggamudi","precision":3},"geometry":{"type":"Polygon","coordinates":[[[142.686,-11.183],[142.646,-11.098],[142.413,-11.071],[142.306,-11.038],[142.267,-10.99],[142.212,-11.049],[142.126,-11.157],[142.093,-11.532],[141.953,-11.952],[141.939,-11.976],[141.969,-11.992],[142.018,-11.994],[142.116,-12],[142.2,-12.006],[142.354,-12.018],[142.63,-12.023],[142.71,-12.021],[142.712,-11.953],[142.685,-11.8],[142.699,-11.695],[142.686,-11.183]]]}},{"type":"Feature","id":472,"properties":{"name":"Larrakia","subjecto":"Larrakia","partof":"Larrakia","precision":3},"geometry":{"type":"Polygon","coordinates":[[[131.204,-12.919],[131.122,-12.262],[130.84,-12.707],[131.097,-12.964],[131.204,-12.919]]]}},{"type":"Feature","id":473,"properties":{"name":"Pitta-Pitta","subjecto":"Pitta-Pitta","partof":"Pitta-Pitta","precision":3},"geometry":{"type":"Polygon","coordinates":[[[139.224,-22.152],[139.175,-22.386],[139.169,-22.629],[139.059,-22.948],[138.735,-23.388],[139.257,-24.267],[139.493,-24.487],[139.642,-24.712],[140.24,-24.507],[140.603,-24.427],[140.57,-24.087],[140.592,-23.584],[140.614,-23.181],[140.735,-22.837],[140.911,-22.563],[141.053,-22.381],[140.548,-22.37],[140.24,-22.116],[140.01,-22.086],[139.493,-22.004],[139.307,-22.004],[139.224,-22.152]]]}},{"type":"Feature","id":474,"properties":{"name":"Ngarabal","subjecto":"Ngarabal","partof":"Ngarabal","precision":3},"geometry":{"type":"Polygon","coordinates":[[[151.458,-27.946],[151.282,-27.771],[151.117,-27.537],[150.996,-27.479],[150.925,-27.464],[150.809,-27.552],[150.749,-28.343],[150.848,-28.604],[150.93,-28.691],[150.941,-28.797],[150.952,-29.822],[151.084,-29.879],[151.144,-29.888],[151.326,-29.874],[151.381,-29.822],[151.512,-29.688],[151.754,-29.507],[151.908,-29.238],[152.007,-29.095],[152.04,-28.845],[151.908,-28.546],[151.732,-28.362],[151.501,-28.111],[151.458,-27.946]]]}},{"type":"Feature","id":475,"properties":{"name":"Amangu","subjecto":"Amangu","partof":"Amangu","precision":3},"geometry":{"type":"Polygon","coordinates":[[[114.544,-28.78],[114.9,-30.129],[114.95,-30.307],[115.016,-30.368],[115.214,-30.307],[116.153,-30.221],[116.505,-30.107],[116.625,-30.041],[116.669,-29.95],[116.384,-29.382],[116.296,-29.224],[115.977,-28.686],[115.845,-28.531],[115.73,-28.416],[115.494,-28.445],[115.23,-28.57],[114.703,-28.719],[114.593,-28.719],[114.544,-28.78]]]}},{"type":"Feature","id":476,"properties":{"name":"Djargurdwurung","subjecto":"Djargurdwurung","partof":"Djargurdwurung","precision":3},"geometry":{"type":"Polygon","coordinates":[[[143.674,-38.044],[143.556,-38.033],[143.267,-37.91],[143.124,-37.799],[143.047,-37.801],[143.047,-37.905],[143.047,-38.037],[142.979,-38.387],[143.352,-38.497],[143.385,-38.49],[143.421,-38.477],[143.388,-38.348],[143.427,-38.171],[143.635,-38.169],[143.671,-38.119],[143.671,-38.07],[143.674,-38.044]]]}},{"type":"Feature","id":477,"properties":{"name":"Yanyuwa","subjecto":"Yanyuwa","partof":"Yanyuwa","precision":3},"geometry":{"type":"Polygon","coordinates":[[[138.26,-16.842],[137.76,-16.399],[137.074,-16.031],[136.687,-16.026],[136.459,-15.753],[136.094,-15.449],[135.9,-15.333],[135.736,-15.475],[136.011,-15.655],[136.395,-15.93],[136.615,-16.109],[136.912,-16.13],[137.648,-16.489],[138.032,-16.794],[138.26,-16.842]]]}},{"type":"Feature","id":478,"properties":{"name":"Gungurugoni","subjecto":"Gungurugoni","partof":"Gungurugoni","precision":3},"geometry":{"type":"Polygon","coordinates":[[[134.392,-12.119],[134.228,-12.096],[134.171,-12.119],[134.144,-12.176],[134.124,-12.242],[134.117,-12.289],[134.182,-12.308],[134.275,-12.325],[134.401,-12.23],[134.403,-12.151],[134.392,-12.119]]]}},{"type":"Feature","id":479,"properties":{"name":"Barkindji","subjecto":"Barkindji","partof":"Barkindji","precision":3},"geometry":{"type":"Polygon","coordinates":[[[140.867,-33.431],[141.866,-33.934],[142.02,-34.034],[142.119,-33.934],[142.35,-33.952],[142.372,-33.834],[142.471,-33.669],[142.548,-33.706],[142.85,-33.998],[142.905,-33.993],[142.778,-33.551],[142.679,-33.202],[142.965,-32.649],[143.91,-31.859],[144.141,-31.504],[143.602,-31.41],[143.295,-31.588],[141.438,-33.082],[140.867,-33.431]]]}},{"type":"Feature","id":480,"properties":{"name":"Gulidjan","subjecto":"Gulidjan","partof":"Gulidjan","precision":3},"geometry":{"type":"Polygon","coordinates":[[[143.86,-37.979],[143.745,-38.005],[143.663,-38.057],[143.641,-38.126],[143.569,-38.156],[143.388,-38.156],[143.344,-38.255],[143.377,-38.466],[143.427,-38.522],[143.531,-38.57],[143.723,-38.565],[143.871,-38.466],[144.025,-38.385],[144.031,-37.988],[143.86,-37.979]]]}},{"type":"Feature","id":481,"properties":{"name":"Ngadjuri","subjecto":"Ngadjuri","partof":"Ngadjuri","precision":3},"geometry":{"type":"Polygon","coordinates":[[[138.12,-32.324],[138.362,-33.013],[138.367,-33.193],[138.329,-33.317],[138.323,-33.431],[138.669,-34.687],[138.966,-34.602],[139.219,-34.498],[139.219,-34.044],[139.158,-33.733],[139.059,-33.491],[139.043,-33.239],[139.889,-32.852],[140.01,-32.538],[140.032,-32.278],[140.065,-32.045],[139.735,-32.055],[138.889,-32.055],[138.549,-32.064],[138.197,-32.231],[138.12,-32.324]]]}},{"type":"Feature","id":482,"properties":{"name":"Ngatjumay","subjecto":"Ngatjumay","partof":"Ngatjumay","precision":3},"geometry":{"type":"Polygon","coordinates":[[[122.755,-33.391],[123.065,-33.354],[123.608,-33.382],[123.922,-33.521],[124.001,-33.423],[124.235,-33.012],[124.431,-32.944],[124.222,-31.034],[123.383,-30.992],[123.185,-31.462],[123.108,-31.753],[122.998,-32.098],[122.921,-32.369],[122.932,-32.489],[122.91,-32.758],[122.833,-33.035],[122.755,-33.391]]]}},{"type":"Feature","id":483,"properties":{"name":"Ngaliwuru","subjecto":"Ngaliwuru","partof":"Ngaliwuru","precision":3},"geometry":{"type":"Polygon","coordinates":[[[130.413,-15.708],[130.43,-15.956],[130.562,-16.025],[130.781,-16.072],[130.902,-16.088],[131.429,-15.988],[131.429,-15.808],[131.429,-15.66],[131.155,-15.655],[130.924,-15.655],[130.622,-15.697],[130.446,-15.692],[130.413,-15.708]]]}},{"type":"Feature","id":484,"properties":{"name":"Thalanyji","subjecto":"Thalanyji","partof":"Thalanyji","precision":3},"geometry":{"type":"Polygon","coordinates":[[[114.639,-21.982],[114.309,-22.564],[113.617,-22.661],[113.719,-22.817],[115.263,-22.426],[114.922,-22.416],[114.639,-21.982]]]}},{"type":"Feature","id":485,"properties":{"name":"Woolna","subjecto":"Woolna","partof":"Woolna","precision":3},"geometry":{"type":"Polygon","coordinates":[[[131.66,-12.938],[131.644,-12.844],[131.679,-12.547],[131.676,-12.385],[131.183,-12.236],[131.21,-12.916],[131.66,-12.938]]]}},{"type":"Feature","id":486,"properties":{"name":"Rembarnga","subjecto":"Rembarnga","partof":"Rembarnga","precision":3},"geometry":{"type":"Polygon","coordinates":[[[134.319,-13.427],[134.473,-13.331],[134.874,-13.117],[135.027,-13.122],[135.154,-13.074],[135.044,-12.769],[134.775,-12.469],[134.659,-12.431],[134.275,-12.662],[133.962,-12.983],[133.945,-13.101],[134.319,-13.427]]]}},{"type":"Feature","id":487,"properties":{"name":"Murrinh-patha","subjecto":"Murrinh-patha","partof":"Murrinh-patha","precision":3},"geometry":{"type":"Polygon","coordinates":[[[129.729,-14.674],[129.817,-14.781],[130.155,-14.786],[130.32,-14.801],[130.388,-14.754],[130.399,-14.711],[130.372,-14.525],[130.221,-14.453],[130.081,-14.44],[129.924,-14.429],[129.809,-14.445],[129.65,-14.336],[129.596,-14.168],[129.427,-14.306],[129.459,-14.496],[129.729,-14.674]]]}},{"type":"Feature","id":488,"properties":{"name":"Pitjantjatjara","subjecto":"Pitjantjatjara","partof":"Pitjantjatjara","precision":3},"geometry":{"type":"Polygon","coordinates":[[[128.804,-24.437],[128.881,-24.996],[128.892,-25.711],[128.848,-25.948],[128.892,-26.313],[128.892,-26.618],[129.331,-27.245],[129.716,-27.499],[130.507,-27.528],[130.748,-27.45],[131.001,-26.844],[130.836,-26.106],[131.045,-25.572],[131.122,-25.324],[130.891,-24.837],[130.496,-24.747],[129.935,-24.547],[129.452,-24.477],[128.848,-24.427],[128.804,-24.437]]]}},{"type":"Feature","id":489,"properties":{"name":"Yandruwandha","subjecto":"Yandruwandha","partof":"Yandruwandha","precision":3},"geometry":{"type":"Polygon","coordinates":[[[141.581,-27.333],[141.372,-27.479],[140.933,-27.654],[140.526,-27.654],[140.295,-27.528],[139.911,-27.479],[139.515,-28.912],[139.834,-28.912],[140.746,-28.931],[141.152,-28.816],[141.768,-28.556],[142.119,-28.353],[141.877,-28.004],[141.669,-27.606],[141.581,-27.333]]]}},{"type":"Feature","id":490,"properties":{"name":"Minang","subjecto":"Minang","partof":"Minang","precision":3},"geometry":{"type":"Polygon","coordinates":[[[117.978,-35.098],[118.002,-35.105],[118.001,-35.09],[117.978,-35.098]]]}},{"type":"Feature","id":491,"properties":{"name":"Yugambeh","subjecto":"Yugambeh","partof":"Yugambeh","precision":3},"geometry":{"type":"Polygon","coordinates":[[[153.296,-27.913],[153.12,-27.625],[152.688,-27.816],[152.648,-27.883],[152.606,-27.975],[152.535,-28.234],[152.63,-28.385],[153.478,-28.504],[153.296,-27.913]]]}},{"type":"Feature","id":492,"properties":{"name":"Lamalama","subjecto":"Lamalama","partof":"Lamalama","precision":3},"geometry":{"type":"Polygon","coordinates":[[[143.743,-14.466],[143.673,-14.287],[143.405,-14.323],[143.405,-14.355],[143.399,-14.53],[143.399,-14.716],[143.405,-14.738],[143.405,-14.886],[143.454,-14.955],[143.569,-14.987],[143.756,-14.987],[144.075,-14.934],[144.234,-14.87],[144.223,-14.647],[144.199,-14.464],[144.065,-14.592],[143.743,-14.466]]]}},{"type":"Feature","id":493,"properties":{"name":"Wardandi","subjecto":"Wardandi","partof":"Wardandi","precision":3},"geometry":{"type":"Polygon","coordinates":[[[115.054,-34.375],[115.367,-34.071],[115.409,-33.767],[114.961,-33.869],[115.022,-34.262],[115.054,-34.375]]]}},{"type":"Feature","id":494,"properties":{"name":"Amarak","subjecto":"Amarak","partof":"Amarak","precision":3},"geometry":{"type":"Polygon","coordinates":[[[132.751,-12.169],[132.88,-12.168],[132.929,-12.093],[132.776,-11.578],[132.626,-11.75],[132.751,-12.169]]]}},{"type":"Feature","id":495,"properties":{"name":"Umida","subjecto":"Umida","partof":"Umida","precision":3},"geometry":{"type":"Polygon","coordinates":[[[123.576,-16.391],[123.915,-16.568],[123.97,-16.641],[123.964,-16.741],[124.008,-16.868],[124.448,-16.889],[124.497,-16.773],[124.435,-16.516],[124.277,-16.523],[123.979,-16.409],[123.576,-16.391]]]}},{"type":"Feature","id":496,"properties":{"name":"Kundjey’mi","subjecto":"Kundjey’mi","partof":"Kundjey’mi","precision":3},"geometry":{"type":"Polygon","coordinates":[[[132.751,-12.169],[132.924,-12.683],[132.869,-12.238],[132.751,-12.169]]]}},{"type":"Feature","id":497,"properties":{"name":"Kurnai","subjecto":"Kurnai","partof":"Kurnai","precision":3},"geometry":{"type":"Polygon","coordinates":[[[146.914,-38.717],[146.934,-38.708],[147.744,-38.052],[149.31,-37.831],[149.315,-37.736],[149.255,-37.619],[148.958,-37.479],[148.453,-37.409],[148.321,-37.326],[148.173,-37.226],[148.156,-37.16],[148.052,-37.169],[147.881,-37.278],[147.706,-37.405],[147.546,-37.484],[147.294,-37.103],[147.184,-37.003],[146.904,-37.077],[146.678,-37.226],[146.162,-37.427],[146.179,-37.523],[146.387,-37.831],[146.409,-37.975],[146.321,-38.13],[146.321,-38.217],[146.321,-38.32],[146.294,-38.441],[146.217,-38.728],[146.327,-38.75],[146.453,-38.75],[146.651,-38.763],[146.914,-38.717]]]}},{"type":"Feature","id":498,"properties":{"name":"Palyku","subjecto":"Palyku","partof":"Palyku","precision":3},"geometry":{"type":"Polygon","coordinates":[[[118.982,-22.06],[118.911,-22.279],[118.954,-22.396],[119.355,-22.705],[119.614,-23.383],[119.724,-23.448],[120.58,-23.488],[120.877,-23.418],[121.023,-23.365],[121.08,-23.312],[121.124,-23.229],[121.262,-22.741],[121.223,-22.182],[121.075,-21.999],[120.663,-21.882],[119.993,-22.019],[119.081,-21.963],[118.982,-22.06]]]}},{"type":"Feature","id":499,"properties":{"name":"Watjarri","subjecto":"Watjarri","partof":"Watjarri","precision":3},"geometry":{"type":"Polygon","coordinates":[[[117.675,-24.031],[117.581,-24.031],[117.422,-24.006],[117.361,-23.971],[116.988,-24.062],[116.834,-24.482],[116.505,-24.512],[116.29,-24.647],[116.136,-24.762],[116.06,-24.966],[115.895,-25.105],[115.812,-25.294],[115.823,-25.552],[114.73,-25.711],[114.719,-25.874],[114.769,-26.081],[114.741,-26.387],[114.642,-26.466],[114.703,-26.618],[114.868,-27.162],[114.906,-27.951],[115.203,-28.474],[115.395,-28.57],[115.73,-28.512],[115.856,-28.594],[116.235,-28.3],[116.757,-27.951],[117.57,-27.464],[117.746,-27.25],[117.977,-27.206],[118.229,-27.04],[118.883,-25.993],[118.916,-25.79],[118.954,-25.646],[119.009,-25.547],[119.174,-25.379],[119.339,-25.334],[119.647,-25.175],[119.696,-25.12],[119.773,-24.971],[119.482,-24.787],[119.301,-24.687],[119.075,-24.537],[118.878,-24.457],[118.614,-24.397],[118.444,-24.367],[117.675,-24.031]]]}},{"type":"Feature","id":500,"properties":{"name":"Malyangaba","subjecto":"Malyangaba","partof":"Malyangaba","precision":3},"geometry":{"type":"Polygon","coordinates":[[[139.812,-30.316],[139.768,-31.091],[139.922,-31.579],[139.988,-31.896],[140.054,-32.064],[140.427,-31.728],[140.889,-31.447],[141.152,-31.279],[141.987,-30.278],[142.141,-29.898],[142.141,-29.65],[141.658,-29.65],[140.845,-29.86],[140.273,-30.05],[139.9,-30.202],[139.812,-30.316]]]}},{"type":"Feature","id":501,"properties":{"name":"Kokowarra","subjecto":"Kokowarra","partof":"Kokowarra","precision":3},"geometry":{"type":"Polygon","coordinates":[[[143.558,-14.977],[143.558,-15.263],[143.558,-15.623],[143.569,-15.866],[143.58,-16.004],[143.58,-16.088],[143.712,-16.151],[143.943,-16.141],[144.415,-16.141],[144.569,-16.099],[144.734,-15.982],[144.8,-15.961],[144.811,-15.824],[144.745,-15.655],[144.745,-15.475],[145.107,-15.146],[144.976,-14.966],[144.481,-14.786],[144.174,-14.807],[143.877,-14.955],[143.558,-14.977]]]}},{"type":"Feature","id":502,"properties":{"name":"Pirlatapa","subjecto":"Pirlatapa","partof":"Pirlatapa","precision":3},"geometry":{"type":"Polygon","coordinates":[[[139.537,-28.931],[139.57,-29.507],[139.746,-29.583],[140.076,-29.583],[140.032,-30.098],[140.043,-30.231],[140.131,-30.221],[140.24,-30.06],[140.273,-29.907],[140.966,-29.593],[141.108,-29.008],[141.01,-28.902],[140.944,-28.835],[140.636,-28.874],[140.186,-28.874],[139.625,-28.893],[139.537,-28.931]]]}},{"type":"Feature","id":503,"properties":{"name":"Ngarti","subjecto":"Ngarti","partof":"Ngarti","precision":3},"geometry":{"type":"Polygon","coordinates":[[[127.738,-19.456],[127.716,-19.808],[127.738,-20.602],[127.881,-20.736],[128.134,-20.91],[130.111,-21.269],[130.38,-21.079],[130.573,-20.52],[129.76,-19.829],[129.397,-19.705],[128.881,-19.394],[128.738,-19.239],[127.958,-19.311],[127.738,-19.456]]]}},{"type":"Feature","id":504,"properties":{"name":"Dharug","subjecto":"Dharug","partof":"Dharug","precision":3},"geometry":{"type":"Polygon","coordinates":[[[151.194,-33.409],[151.221,-33.317],[150.93,-33.28],[150.573,-33.243],[150.134,-33.211],[149.87,-33.161],[149.87,-33.312],[149.832,-33.518],[149.562,-33.934],[149.002,-34.189],[148.766,-34.207],[148.634,-34.171],[148.733,-34.239],[148.925,-34.307],[149.414,-34.357],[150.213,-34.214],[150.417,-34.203],[150.606,-34.157],[150.815,-34.157],[150.903,-33.975],[150.98,-33.843],[151.013,-33.756],[151.068,-33.665],[151.111,-33.546],[151.194,-33.409]]]}},{"type":"Feature","id":505,"properties":{"name":"Wathaurong","subjecto":"Wathaurong","partof":"Wathaurong","precision":3},"geometry":{"type":"Polygon","coordinates":[[[144.404,-38.402],[144.696,-38.089],[144.602,-38.052],[144.619,-37.949],[144.591,-37.884],[144.487,-37.788],[144.41,-37.501],[144.338,-37.383],[144.272,-37.274],[144.152,-37.191],[143.866,-37.27],[143.712,-37.204],[143.432,-37.213],[143.251,-37.213],[142.888,-37.497],[142.965,-37.64],[142.987,-37.749],[143.031,-37.797],[143.168,-37.836],[143.339,-38.009],[143.558,-38.083],[143.707,-38.07],[143.811,-38.009],[143.992,-38.022],[144.003,-38.273],[143.899,-38.363],[144.102,-38.432],[144.256,-38.441],[144.404,-38.402]]]}},{"type":"Feature","id":506,"properties":{"name":"Warwa","subjecto":"Warwa","partof":"Warwa","precision":3},"geometry":{"type":"Polygon","coordinates":[[[123.596,-17.157],[123.684,-17.277],[123.777,-17.345],[124.283,-17.435],[124.426,-17.44],[124.486,-17.44],[124.508,-17.282],[124.503,-17.041],[124.47,-16.841],[124.343,-16.831],[124.195,-16.831],[124.052,-16.815],[123.959,-16.815],[123.596,-17.157]]]}},{"type":"Feature","id":507,"properties":{"name":"Kurtjar","subjecto":"Kurtjar","partof":"Kurtjar","precision":3},"geometry":{"type":"Polygon","coordinates":[[[140.879,-17.42],[140.916,-17.435],[141.037,-17.466],[141.174,-17.487],[141.257,-17.529],[141.806,-17.702],[141.954,-17.785],[142.581,-18.041],[142.954,-17.77],[143.13,-17.602],[143.13,-17.309],[142.8,-17.183],[142.603,-17.183],[141.839,-16.847],[141.603,-16.715],[141.405,-16.584],[141.288,-16.52],[140.879,-17.42]]]}},{"type":"Feature","id":508,"properties":{"name":"Thul Garrie Waja (Bindal)","subjecto":"Thul Garrie Waja (Bindal)","partof":"Thul Garrie Waja (Bindal)","precision":3},"geometry":{"type":"Polygon","coordinates":[[[146.949,-19.443],[147.25,-19.715],[147.467,-19.65],[146.949,-19.443]]]}},{"type":"Feature","id":509,"properties":{"name":"Dangbon","subjecto":"Dangbon","partof":"Dangbon","precision":3},"geometry":{"type":"Polygon","coordinates":[[[133.748,-13.015],[133.962,-13.026],[134.308,-12.689],[134.5,-12.614],[134.681,-12.442],[134.753,-12.351],[134.747,-12.157],[134.692,-12.115],[134.555,-12.104],[134.368,-12.168],[134.357,-12.254],[134.187,-12.259],[134.072,-12.259],[133.984,-12.27],[133.599,-12.903],[133.748,-13.015]]]}},{"type":"Feature","id":510,"properties":{"name":"Wardaman","subjecto":"Wardaman","partof":"Wardaman","precision":3},"geometry":{"type":"Polygon","coordinates":[[[132.209,-14.775],[131.984,-14.557],[131.506,-14.605],[131.028,-14.775],[130.963,-14.849],[131.034,-15.268],[131.111,-15.38],[131.27,-15.438],[131.336,-15.549],[131.396,-15.681],[131.402,-15.808],[131.523,-15.829],[131.94,-15.776],[132.056,-15.85],[132.177,-15.982],[132.303,-15.982],[132.209,-14.775]]]}},{"type":"Feature","id":511,"properties":{"name":"Kukatj","subjecto":"Kukatj","partof":"Kukatj","precision":3},"geometry":{"type":"Polygon","coordinates":[[[140.708,-17.632],[140.06,-17.83],[139.719,-17.706],[139.686,-17.916],[139.757,-18.041],[139.823,-18.13],[139.878,-18.282],[139.889,-18.49],[140.251,-18.526],[140.537,-18.662],[140.817,-18.355],[140.889,-18.182],[140.911,-17.968],[140.889,-17.759],[140.762,-17.607],[140.708,-17.632]]]}},{"type":"Feature","id":512,"properties":{"name":"Wiilman","subjecto":"Wiilman","partof":"Wiilman","precision":3},"geometry":{"type":"Polygon","coordinates":[[[116.628,-32.143],[116.548,-32.148],[116.268,-32.292],[116.098,-32.431],[116.076,-32.639],[115.988,-32.953],[115.985,-32.993],[116.172,-33.018],[116.631,-33.229],[117.158,-33.438],[117.419,-33.644],[117.529,-33.553],[117.96,-33.317],[117.957,-32.981],[117.795,-32.773],[117.513,-32.375],[116.628,-32.143]]]}},{"type":"Feature","id":513,"properties":{"name":"Yolngu","subjecto":"Yolngu","partof":"Yolngu","precision":3},"geometry":{"type":"Polygon","coordinates":[[[134.735,-12.062],[134.703,-12.098],[134.692,-12.184],[134.687,-12.319],[134.687,-12.453],[135.055,-12.871],[135.055,-13.058],[135.055,-13.272],[135.22,-13.486],[135.423,-13.606],[135.706,-13.705],[135.829,-13.729],[135.831,-13.485],[136.238,-13.23],[136.469,-13.223],[136.664,-12.625],[134.735,-12.062]]]}},{"type":"Feature","id":514,"properties":{"name":"Iningai","subjecto":"Iningai","partof":"Iningai","precision":3},"geometry":{"type":"Polygon","coordinates":[[[143.212,-22.406],[143.168,-22.629],[143.091,-22.872],[143.069,-23.115],[143.179,-23.438],[143.333,-23.68],[143.454,-23.841],[144.75,-23.841],[144.915,-23.961],[145.267,-24.222],[145.432,-24.382],[145.64,-24.552],[145.849,-24.732],[146.464,-24.871],[146.783,-24.832],[146.772,-24.462],[146.739,-24.232],[146.706,-24.051],[146.585,-23.831],[146.387,-23.579],[146.365,-23.488],[146.409,-23.054],[146.212,-22.639],[146.058,-22.457],[145.75,-22.335],[145.3,-22.131],[144.893,-21.969],[143.839,-22.009],[143.41,-22.131],[143.212,-22.406]]]}},{"type":"Feature","id":515,"properties":{"name":"Warray","subjecto":"Warray","partof":"Warray","precision":3},"geometry":{"type":"Polygon","coordinates":[[[131.6,-13.208],[132.072,-13.753],[132.182,-13.699],[132.33,-13.721],[132.72,-13.63],[132.88,-13.619],[132.72,-13.39],[132.523,-13.32],[132.215,-13.229],[131.918,-13.101],[131.6,-13.208]]]}},{"type":"Feature","id":516,"properties":{"name":"Wuthathi","subjecto":"Wuthathi","partof":"Wuthathi","precision":3},"geometry":{"type":"Polygon","coordinates":[[[143.117,-12.236],[143.127,-12.013],[142.938,-12.007],[142.823,-11.919],[142.792,-11.738],[142.77,-11.741],[142.663,-11.776],[142.668,-11.948],[142.699,-12.058],[142.734,-12.222],[142.74,-12.281],[142.792,-12.327],[142.968,-12.278],[143.117,-12.236]]]}},{"type":"Feature","id":517,"properties":{"name":"Kukatja","subjecto":"Kukatja","partof":"Kukatja","precision":3},"geometry":{"type":"Polygon","coordinates":[[[126.804,-19.197],[126.365,-20.283],[126.244,-20.633],[126.156,-20.961],[125.519,-21.811],[125.75,-21.841],[126.002,-21.872],[126.156,-21.933],[126.42,-21.79],[126.881,-21.484],[127.463,-20.951],[127.705,-20.684],[127.782,-20.499],[127.782,-19.436],[127.771,-19.353],[126.925,-19.114],[126.804,-19.197]]]}},{"type":"Feature","id":518,"properties":{"name":"Mingin","subjecto":"Mingin","partof":"Mingin","precision":3},"geometry":{"type":"Polygon","coordinates":[[[139.751,-17.724],[139.477,-17.572],[139.329,-17.811],[139.296,-17.916],[139.51,-17.979],[139.631,-17.963],[139.719,-17.937],[139.751,-17.724]]]}},{"type":"Feature","id":519,"properties":{"name":"Wiljali","subjecto":"Wiljali","partof":"Wiljali","precision":3},"geometry":{"type":"Polygon","coordinates":[[[142.339,-31.354],[141.57,-31.354],[141.196,-31.316],[140.867,-31.325],[140.427,-31.579],[140.175,-31.84],[139.944,-32.11],[139.889,-32.547],[139.878,-32.815],[140.35,-32.815],[141.768,-32.213],[142.46,-31.504],[142.339,-31.354]]]}},{"type":"Feature","id":520,"properties":{"name":"Jurruru","subjecto":"Jurruru","partof":"Jurruru","precision":3},"geometry":{"type":"Polygon","coordinates":[[[116.84,-22.781],[116.653,-22.923],[116.565,-23.085],[116.763,-23.216],[117.076,-23.337],[117.559,-23.488],[117.713,-23.534],[117.85,-23.468],[117.828,-23.367],[117.455,-22.908],[117.241,-22.771],[117.059,-22.7],[116.917,-22.746],[116.84,-22.781]]]}},{"type":"Feature","id":521,"properties":{"name":"Latje Latje","subjecto":"Latje Latje","partof":"Latje Latje","precision":3},"geometry":{"type":"Polygon","coordinates":[[[141.658,-34.098],[141.471,-34.507],[141.515,-34.696],[141.801,-34.696],[142.471,-34.895],[142.954,-34.94],[142.965,-34.832],[142.965,-34.669],[142.877,-34.597],[142.756,-34.579],[142.734,-34.696],[142.603,-34.696],[142.482,-34.633],[142.339,-34.244],[142.152,-34.135],[141.943,-34.08],[141.735,-34.08],[141.658,-34.098]]]}},{"type":"Feature","id":522,"properties":{"name":"Gundungurra","subjecto":"Gundungurra","partof":"Gundungurra","precision":3},"geometry":{"type":"Polygon","coordinates":[[[150.787,-34.175],[150.743,-34.153],[150.452,-34.175],[149.98,-34.212],[149.601,-34.284],[149.112,-34.275],[148.793,-34.221],[148.656,-34.175],[148.464,-34.175],[148.365,-34.203],[148.326,-34.275],[148.348,-34.33],[148.557,-34.538],[148.788,-34.719],[149.128,-34.917],[149.474,-35.151],[149.661,-35.255],[149.788,-35.196],[149.947,-35.111],[150.315,-34.958],[150.43,-34.778],[150.568,-34.547],[150.612,-34.439],[150.787,-34.175]]]}},{"type":"Feature","id":523,"properties":{"name":"Bidwell","subjecto":"Bidwell","partof":"Bidwell","precision":3},"geometry":{"type":"Polygon","coordinates":[[[149.849,-37.643],[149.976,-37.08],[149.919,-37.068],[149.848,-37.029],[149.667,-37.003],[149.458,-36.976],[149.282,-36.963],[149.041,-36.963],[148.293,-37.024],[148.112,-37.099],[148.118,-37.213],[148.173,-37.3],[148.282,-37.405],[148.524,-37.51],[149.013,-37.545],[149.227,-37.636],[149.233,-37.74],[149.31,-37.814],[149.431,-37.805],[149.849,-37.643]]]}},{"type":"Feature","id":524,"properties":{"name":"Wangkangurru","subjecto":"Wangkangurru","partof":"Wangkangurru","precision":3},"geometry":{"type":"Polygon","coordinates":[[[136.307,-25.056],[136.11,-25.076],[136.187,-25.642],[136.187,-26.539],[136.088,-26.922],[136.088,-27.216],[136.252,-27.294],[136.582,-27.401],[136.725,-27.537],[136.802,-27.713],[136.89,-27.839],[137.428,-27.761],[138.076,-27.732],[138.296,-27.518],[138.417,-27.43],[138.373,-27.264],[138.307,-26.981],[138.164,-26.569],[138.153,-26.431],[138.043,-26.244],[138.032,-26.057],[138.186,-26.017],[138.636,-25.998],[138.845,-25.968],[138.724,-25.741],[138.593,-25.523],[138.472,-25.245],[138.384,-24.707],[138.076,-24.707],[136.307,-25.056]]]}},{"type":"Feature","id":525,"properties":{"name":"Purduna","subjecto":"Purduna","partof":"Purduna","precision":3},"geometry":{"type":"Polygon","coordinates":[[[114.752,-22.827],[114.686,-23.256],[114.763,-23.373],[115.181,-23.539],[115.389,-23.66],[115.703,-23.78],[115.884,-23.78],[115.785,-23.327],[115.785,-23.161],[115.779,-23.09],[115.779,-22.943],[115.768,-22.872],[115.626,-22.807],[114.873,-22.812],[114.774,-22.832],[114.752,-22.827]]]}},{"type":"Feature","id":526,"properties":{"name":"Djirbalngan","subjecto":"Djirbalngan","partof":"Djirbalngan","precision":3},"geometry":{"type":"Polygon","coordinates":[[[145.994,-17.513],[145.961,-17.429],[145.822,-17.382],[145.643,-17.285],[145.544,-17.24],[145.492,-17.185],[145.432,-17.183],[145.327,-17.269],[145.338,-17.275],[145.311,-17.356],[145.289,-17.427],[145.22,-17.547],[145.19,-17.652],[145.341,-18.094],[145.437,-18.135],[145.558,-18.143],[145.984,-18.006],[146.019,-17.862],[145.994,-17.513]]]}},{"type":"Feature","id":527,"properties":{"name":"Koko-bera","subjecto":"Koko-bera","partof":"Koko-bera","precision":3},"geometry":{"type":"Polygon","coordinates":[[[141.402,-15.857],[141.392,-15.919],[141.625,-15.924],[141.724,-15.924],[141.724,-15.771],[141.776,-15.348],[141.65,-15.323],[141.518,-15.532],[141.402,-15.857]]]}},{"type":"Feature","id":528,"properties":{"name":"Yagalingu","subjecto":"Yagalingu","partof":"Yagalingu","precision":3},"geometry":{"type":"Polygon","coordinates":[[[147.277,-22.528],[147.14,-22.396],[146.986,-22.345],[146.772,-22.33],[146.503,-22.335],[146.063,-22.436],[146.063,-22.513],[146.162,-22.65],[146.321,-22.963],[146.327,-23.428],[146.398,-23.634],[146.591,-23.916],[146.689,-24.132],[146.75,-24.257],[147.244,-23.986],[147.195,-23.8],[147.173,-23.468],[147.156,-23.302],[147.162,-22.989],[147.277,-22.528]]]}},{"type":"Feature","id":529,"properties":{"name":"Ngargad","subjecto":"Ngargad","partof":"Ngargad","precision":3},"geometry":{"type":"Polygon","coordinates":[[[141.114,-36.297],[141.125,-36.142],[141.13,-35.974],[141.169,-35.697],[141.515,-35.021],[141.493,-34.796],[141.328,-34.624],[141.24,-34.534],[139.768,-34.552],[139.515,-35.093],[139.384,-35.219],[139.482,-35.29],[139.999,-36.324],[140.295,-36.342],[140.801,-36.342],[141.114,-36.297]]]}},{"type":"Feature","id":530,"properties":{"name":"Guwinmal","subjecto":"Guwinmal","partof":"Guwinmal","precision":3},"geometry":{"type":"Polygon","coordinates":[[[149.411,-21.918],[149.279,-21.541],[149.183,-21.571],[149.057,-21.637],[149.161,-21.785],[149.227,-21.918],[149.282,-22.172],[149.282,-22.36],[149.299,-22.594],[149.403,-22.802],[149.738,-22.948],[150.139,-22.893],[150.249,-22.776],[150.226,-22.48],[149.945,-22.324],[150.017,-22.73],[149.557,-22.433],[149.411,-21.918]]]}},{"type":"Feature","id":531,"properties":{"name":"Tharawal","subjecto":"Tharawal","partof":"Tharawal","precision":3},"geometry":{"type":"Polygon","coordinates":[[[151.249,-34.058],[151.263,-33.991],[151.092,-33.934],[150.894,-33.937],[150.826,-34.032],[150.727,-34.15],[150.636,-34.271],[150.216,-34.92],[150.342,-34.965],[150.458,-35.008],[150.54,-35.028],[150.688,-35.093],[150.818,-35.106],[150.819,-35.105],[150.854,-34.92],[150.853,-34.879],[150.957,-34.561],[151.249,-34.058]]]}},{"type":"Feature","id":532,"properties":{"name":"Pintupi","subjecto":"Pintupi","partof":"Pintupi","precision":3},"geometry":{"type":"Polygon","coordinates":[[[127.617,-20.653],[127.024,-21.043],[126.628,-21.617],[126.211,-21.882],[126.167,-22.147],[127.068,-23.504],[127.441,-23.765],[127.683,-23.906],[127.881,-24.026],[128.145,-24.127],[128.496,-24.267],[128.958,-24.427],[129.331,-24.487],[130.496,-24.867],[130.671,-24.707],[130.913,-24.387],[131.188,-23.463],[131.265,-23.15],[131.309,-22.888],[131.32,-22.756],[130.858,-22.624],[130.869,-21.637],[130.441,-21.136],[130.089,-21.095],[129.792,-20.961],[129.144,-21.064],[128.716,-20.91],[128.419,-20.89],[127.617,-20.653]]]}},{"type":"Feature","id":533,"properties":{"name":"Miwa","subjecto":"Miwa","partof":"Miwa","precision":3},"geometry":{"type":"Polygon","coordinates":[[[127.397,-14.1],[126.853,-13.784],[126.765,-14],[126.665,-14.102],[126.617,-14.203],[126.689,-14.35],[126.859,-14.44],[127.139,-14.472],[127.293,-14.483],[127.397,-14.1]]]}},{"type":"Feature","id":534,"properties":{"name":"Banjima","subjecto":"Banjima","partof":"Banjima","precision":3},"geometry":{"type":"Polygon","coordinates":[[[118.795,-23.539],[119.141,-23.549],[119.471,-23.539],[119.619,-23.529],[119.658,-23.529],[119.669,-23.347],[119.531,-22.898],[119.323,-22.573],[119.163,-22.447],[118.911,-22.33],[118.202,-22.081],[117.894,-22.04],[117.768,-22.121],[117.598,-22.447],[117.543,-22.609],[117.488,-22.685],[117.427,-22.817],[117.493,-22.913],[118.202,-23.342],[118.416,-23.458],[118.575,-23.534],[118.795,-23.539]]]}},{"type":"Feature","id":535,"properties":{"name":"Kuwema","subjecto":"Kuwema","partof":"Kuwema","precision":3},"geometry":{"type":"Polygon","coordinates":[[[130.206,-13.484],[130.176,-13.511],[130.2,-13.602],[130.229,-13.635],[130.247,-13.637],[130.288,-13.633],[130.353,-13.467],[130.32,-13.435],[130.291,-13.426],[130.206,-13.484]]]}},{"type":"Feature","id":536,"properties":{"name":"Gurindji","subjecto":"Gurindji","partof":"Gurindji","precision":3},"geometry":{"type":"Polygon","coordinates":[[[130.957,-17.476],[130.935,-17.372],[130.726,-17.382],[130.287,-17.288],[130.287,-17.183],[130.144,-17.067],[129.254,-16.794],[129.254,-16.605],[129.111,-16.562],[128.76,-16.689],[128.87,-17.518],[128.979,-17.791],[129.1,-18.01],[129.177,-18.25],[129.265,-18.407],[130.287,-18.334],[130.825,-18.229],[131.045,-18.156],[131.375,-18.062],[131.616,-18.01],[131.287,-17.895],[131.089,-17.895],[130.979,-17.874],[130.957,-17.476]]]}},{"type":"Feature","id":537,"properties":{"name":"Bakanh","subjecto":"Bakanh","partof":"Bakanh","precision":3},"geometry":{"type":"Polygon","coordinates":[[[141.899,-14.918],[142.234,-14.918],[142.938,-14.839],[143.322,-14.844],[143.421,-14.823],[143.454,-14.727],[143.459,-14.456],[143.438,-14.334],[143.421,-14.238],[143.344,-14.083],[143.185,-14.105],[142.954,-14.185],[142.745,-14.238],[142.553,-14.302],[142.152,-14.467],[142.064,-14.467],[141.998,-14.488],[142.009,-14.642],[141.976,-14.796],[141.899,-14.918]]]}},{"type":"Feature","id":538,"properties":{"name":"Takalak","subjecto":"Takalak","partof":"Takalak","precision":3},"geometry":{"type":"Polygon","coordinates":[[[142.762,-17.832],[142.614,-17.932],[142.57,-18.015],[142.597,-18.188],[142.894,-18.683],[142.976,-18.756],[143.13,-18.693],[143.394,-18.594],[143.564,-18.48],[143.481,-17.586],[143.212,-17.335],[143.075,-17.435],[142.762,-17.832]]]}},{"type":"Feature","id":539,"properties":{"name":"Anmatyerre","subjecto":"Anmatyerre","partof":"Anmatyerre","precision":3},"geometry":{"type":"Polygon","coordinates":[[[132.968,-21.892],[132.308,-21.872],[131.924,-21.984],[131.726,-22.309],[131.847,-22.685],[132.023,-22.898],[132.144,-23.06],[132.517,-23.009],[133.066,-22.918],[133.44,-22.898],[133.978,-22.888],[134.011,-22.655],[134.154,-22.35],[133.989,-22.228],[132.968,-21.892]]]}},{"type":"Feature","id":540,"properties":{"name":"Marrithiyel","subjecto":"Marrithiyel","partof":"Marrithiyel","precision":3},"geometry":{"type":"Polygon","coordinates":[[[129.766,-13.816],[129.763,-14.007],[129.869,-13.983],[129.897,-13.993],[129.874,-14.05],[129.884,-14.097],[129.924,-14.102],[129.989,-14.11],[130.077,-14.082],[130.159,-14.054],[130.207,-14.013],[130.228,-13.933],[130.226,-13.898],[130.141,-13.865],[130.104,-13.777],[130.13,-13.662],[130.061,-13.606],[129.852,-13.72],[129.766,-13.816]]]}},{"type":"Feature","id":541,"properties":{"name":"Malak malak","subjecto":"Malak malak","partof":"Malak malak","precision":3},"geometry":{"type":"Polygon","coordinates":[[[130.476,-13.422],[130.369,-13.379],[130.323,-13.47],[130.303,-13.55],[130.268,-13.633],[130.237,-13.713],[130.224,-13.881],[130.312,-13.915],[130.419,-13.915],[130.542,-13.902],[130.82,-13.814],[130.894,-13.814],[131.083,-13.795],[131.221,-13.795],[131.342,-13.745],[131.355,-13.697],[131.331,-13.625],[130.476,-13.422]]]}},{"type":"Feature","id":542,"properties":{"name":"Bidjara","subjecto":"Bidjara","partof":"Bidjara","precision":3},"geometry":{"type":"Polygon","coordinates":[[[145.535,-26.394],[145.596,-27.12],[146.472,-26.975],[146.627,-26.9],[146.933,-26.777],[148.136,-26.743],[148.219,-26.523],[148.37,-26.21],[148.333,-26.137],[148.331,-26.026],[148.638,-25.855],[148.943,-25.895],[148.819,-25.48],[148.865,-25.298],[148.857,-25.23],[148.855,-25.172],[148.848,-25.127],[148.829,-25.03],[148.862,-24.879],[148.742,-24.526],[148.699,-24.484],[148.62,-24.462],[148.591,-24.441],[148.542,-24.407],[148.481,-24.375],[148.213,-24.12],[147.845,-24.034],[147.428,-24.004],[147.066,-23.98],[146.854,-23.967],[146.591,-23.941],[145.916,-23.864],[145.459,-23.655],[145.125,-24.347],[145.086,-24.515],[145.079,-24.643],[145.06,-24.771],[145.043,-24.864],[144.875,-25.049],[144.606,-25.911],[144.879,-26.2],[145.326,-26.142],[145.466,-26.264],[145.502,-26.328],[145.535,-26.394]]]}},{"type":"Feature","id":543,"properties":{"name":"Burarra","subjecto":"Burarra","partof":"Burarra","precision":3},"geometry":{"type":"Polygon","coordinates":[[[134.733,-12.062],[134.596,-12.057],[134.596,-12.09],[134.604,-12.106],[134.625,-12.135],[134.658,-12.159],[134.698,-12.132],[134.723,-12.081],[134.733,-12.062]]]}},{"type":"Feature","id":544,"properties":{"name":"Unggumi","subjecto":"Unggumi","partof":"Unggumi","precision":3},"geometry":{"type":"Polygon","coordinates":[[[124.846,-16.53],[124.716,-16.496],[124.396,-16.517],[124.448,-16.647],[124.448,-16.773],[124.448,-17.067],[124.459,-17.345],[124.459,-17.45],[125.145,-17.455],[125.299,-17.644],[125.48,-17.67],[125.782,-17.45],[125.826,-17.319],[125.81,-17.151],[125.618,-17.025],[125.464,-16.878],[124.846,-16.53]]]}},{"type":"Feature","id":545,"properties":{"name":"Tjalkanti","subjecto":"Tjalkanti","partof":"Tjalkanti","precision":3},"geometry":{"type":"Polygon","coordinates":[[[122.498,-27.294],[122.102,-27.557],[121.937,-27.693],[121.575,-27.936],[121.849,-28.208],[122.058,-28.536],[122.146,-28.758],[122.52,-28.797],[122.838,-28.604],[123.64,-28.295],[124.266,-27.732],[124.343,-27.586],[124.442,-27.508],[124.365,-27.333],[124.113,-27.206],[124.014,-27.147],[123.442,-26.775],[123.245,-26.608],[123.157,-26.5],[123.047,-26.421],[122.816,-26.775],[122.498,-27.294]]]}},{"type":"Feature","id":546,"properties":{"name":"Ngumbarl","subjecto":"Ngumbarl","partof":"Ngumbarl","precision":3},"geometry":{"type":"Polygon","coordinates":[[[122.151,-17.728],[122.19,-17.783],[122.682,-17.764],[122.813,-17.723],[122.868,-17.683],[122.846,-17.317],[122.758,-17.317],[122.596,-17.317],[122.161,-17.319],[122.101,-17.382],[122.151,-17.728]]]}},{"type":"Feature","id":547,"properties":{"name":"Nhanta","subjecto":"Nhanta","partof":"Nhanta","precision":3},"geometry":{"type":"Polygon","coordinates":[[[114.338,-28.485],[114.452,-28.649],[114.675,-28.758],[115.334,-28.58],[115.23,-28.459],[115.186,-28.319],[114.977,-28.009],[114.955,-27.23],[114.906,-27.035],[114.692,-26.451],[114.631,-26.397],[114.527,-26.402],[114.016,-26.589],[113.846,-26.751],[113.703,-26.814],[113.939,-27.279],[114.338,-28.485]]]}},{"type":"Feature","id":548,"properties":{"name":"Darkinung","subjecto":"Darkinung","partof":"Darkinung","precision":3},"geometry":{"type":"Polygon","coordinates":[[[149.925,-32.755],[149.81,-32.921],[149.755,-33.092],[149.87,-33.179],[150.167,-33.298],[150.809,-33.326],[151.018,-33.344],[151.243,-33.395],[151.381,-33.262],[151.463,-33.082],[151.469,-32.898],[151.254,-32.852],[150.76,-32.797],[150.233,-32.764],[149.925,-32.755]]]}},{"type":"Feature","id":549,"properties":{"name":"Kullilla","subjecto":"Kullilla","partof":"Kullilla","precision":3},"geometry":{"type":"Polygon","coordinates":[[[142.85,-28.082],[142.405,-28.29],[142.295,-28.454],[142.267,-28.531],[142.361,-28.609],[142.767,-28.719],[143.064,-28.739],[143.322,-28.758],[143.536,-28.811],[143.701,-28.816],[143.646,-28.527],[143.646,-28.401],[144.108,-28.043],[144.19,-27.97],[144.064,-27.956],[143.828,-27.902],[143.701,-27.902],[143.536,-27.951],[143.053,-28.009],[142.85,-28.082]]]}},{"type":"Feature","id":550,"properties":{"name":"Buandig","subjecto":"Buandig","partof":"Buandig","precision":3},"geometry":{"type":"Polygon","coordinates":[[[140.127,-37.716],[140.326,-37.865],[140.948,-38.071],[140.956,-38.004],[140.985,-37.986],[141.045,-37.746],[140.186,-37.077],[140.004,-37.625],[140.127,-37.716]]]}},{"type":"Feature","id":551,"properties":{"name":"Koknar","subjecto":"Koknar","partof":"Koknar","precision":3},"geometry":{"type":"Polygon","coordinates":[[[141.314,-16.448],[141.247,-16.636],[141.257,-16.652],[141.548,-16.815],[141.949,-16.978],[141.905,-16.841],[141.74,-15.872],[141.608,-15.872],[141.4,-15.864],[141.314,-16.448]]]}},{"type":"Feature","id":552,"properties":{"name":"Ngarla","subjecto":"Ngarla","partof":"Ngarla","precision":3},"geometry":{"type":"Polygon","coordinates":[[[118.865,-20.069],[118.81,-20.173],[119.399,-20.401],[119.68,-20.432],[119.861,-20.298],[119.976,-20.113],[119.973,-20.065],[119.813,-20.118],[119.531,-20.138],[118.865,-20.069]]]}},{"type":"Feature","id":553,"properties":{"name":"Jaminjung","subjecto":"Jaminjung","partof":"Jaminjung","precision":3},"geometry":{"type":"Polygon","coordinates":[[[129.702,-15.062],[129.672,-15.154],[129.732,-15.231],[129.814,-15.364],[129.93,-15.491],[130.204,-15.528],[130.309,-15.496],[130.551,-15.485],[130.984,-15.422],[131.116,-15.279],[131.1,-14.892],[130.995,-14.759],[130.66,-14.716],[130.265,-14.716],[130.062,-14.722],[129.842,-14.754],[129.794,-14.754],[129.849,-14.82],[129.839,-14.928],[129.702,-15.062]]]}},{"type":"Feature","id":554,"properties":{"name":"Ballardong","subjecto":"Ballardong","partof":"Ballardong","precision":3},"geometry":{"type":"Polygon","coordinates":[[[117.591,-30.6],[116.848,-30.072],[116.431,-31.471],[116.731,-31.604],[116.731,-32.124],[117.708,-32.433],[117.604,-31.97],[118.307,-31.081],[118.06,-30.712],[117.591,-30.6]]]}},{"type":"Feature","id":555,"properties":{"name":"Umbindhamu","subjecto":"Umbindhamu","partof":"Umbindhamu","precision":3},"geometry":{"type":"Polygon","coordinates":[[[143.677,-14.299],[143.577,-14.043],[143.443,-14.067],[143.315,-14.119],[143.354,-14.179],[143.391,-14.339],[143.385,-14.363],[143.531,-14.312],[143.677,-14.299]]]}},{"type":"Feature","id":556,"properties":{"name":"Ngandi","subjecto":"Ngandi","partof":"Ngandi","precision":3},"geometry":{"type":"Polygon","coordinates":[[[134.945,-14.318],[135.049,-14.461],[135.406,-14.429],[135.505,-14.467],[135.588,-14.355],[135.593,-14.179],[135.428,-13.838],[135.324,-13.694],[135.236,-13.63],[135.038,-13.769],[134.874,-13.811],[134.786,-13.913],[134.945,-14.318]]]}},{"type":"Feature","id":557,"properties":{"name":"Kuuku-yani","subjecto":"Kuuku-yani","partof":"Kuuku-yani","precision":3},"geometry":{"type":"Polygon","coordinates":[[[143.538,-13.945],[143.498,-13.773],[143.435,-13.797],[143.372,-13.822],[143.319,-13.837],[143.317,-13.843],[143.315,-13.891],[143.303,-13.954],[143.296,-14.066],[143.295,-14.103],[143.299,-14.129],[143.433,-14.099],[143.582,-14.057],[143.538,-13.945]]]}},{"type":"Feature","id":558,"properties":{"name":"Nyawaygi","subjecto":"Nyawaygi","partof":"Nyawaygi","precision":3},"geometry":{"type":"Polygon","coordinates":[[[146.106,-18.549],[145.848,-18.513],[145.753,-18.443],[145.686,-18.447],[145.682,-18.505],[145.739,-18.719],[145.886,-19.138],[146.591,-19.639],[146.729,-19.414],[146.709,-19.363],[146.569,-19.329],[146.516,-19.271],[146.354,-19.101],[146.282,-19.013],[146.157,-18.702],[146.106,-18.549]]]}},{"type":"Feature","id":559,"properties":{"name":"Miyan","subjecto":"Miyan","partof":"Miyan","precision":3},"geometry":{"type":"Polygon","coordinates":[[[145.558,-21.749],[145.767,-22.075],[145.811,-22.33],[145.92,-22.482],[146.151,-22.482],[146.503,-22.391],[146.755,-22.391],[146.843,-22.157],[146.821,-21.923],[146.733,-21.759],[146.624,-21.606],[146.591,-21.535],[145.997,-21.535],[145.712,-21.576],[145.558,-21.749]]]}},{"type":"Feature","id":560,"properties":{"name":"Yulparitja","subjecto":"Yulparitja","partof":"Yulparitja","precision":3},"geometry":{"type":"Polygon","coordinates":[[[124.255,-20.53],[123.816,-20.53],[123.508,-20.838],[123.289,-21.289],[123.289,-21.514],[123.838,-21.821],[123.926,-22.411],[124.541,-22.411],[125.53,-22.065],[125.815,-21.841],[126.035,-21.576],[126.453,-20.633],[126.453,-20.365],[126.079,-20.283],[125.112,-20.18],[124.717,-20.221],[124.255,-20.53]]]}},{"type":"Feature","id":561,"properties":{"name":"Garingbal","subjecto":"Garingbal","partof":"Garingbal","precision":3},"geometry":{"type":"Polygon","coordinates":[[[148.118,-24.782],[148.123,-24.931],[148.123,-25.066],[148.288,-25.135],[148.31,-25.24],[148.365,-25.324],[148.672,-25.26],[148.87,-25.25],[149.019,-25.225],[149.052,-25.046],[149.052,-24.582],[149.052,-24.352],[148.815,-24.257],[148.689,-24.187],[148.497,-24.387],[148.233,-24.677],[148.118,-24.782]]]}},{"type":"Feature","id":562,"properties":{"name":"Baraba Baraba","subjecto":"Baraba Baraba","partof":"Baraba Baraba","precision":3},"geometry":{"type":"Polygon","coordinates":[[[143.685,-35.836],[143.855,-35.902],[143.91,-35.956],[143.998,-36.071],[144.168,-36.364],[144.212,-36.488],[144.267,-36.58],[144.492,-36.62],[144.575,-36.569],[144.676,-36.468],[144.77,-36.37],[144.803,-36.282],[144.846,-36.14],[144.868,-36.08],[144.525,-35.853],[144.668,-35.581],[145.113,-35.322],[145.228,-35.219],[145.322,-35.111],[145.003,-34.908],[144.877,-34.805],[144.838,-34.755],[144.756,-34.899],[144.657,-35.03],[144.465,-35.25],[144.207,-35.429],[143.817,-35.724],[143.685,-35.836]]]}},{"type":"Feature","id":563,"properties":{"name":"Kuthant","subjecto":"Kuthant","partof":"Kuthant","precision":3},"geometry":{"type":"Polygon","coordinates":[[[140.708,-17.632],[140.69,-17.638],[140.795,-17.738],[140.839,-17.785],[140.922,-17.717],[141.152,-17.602],[141.246,-17.539],[141.037,-17.424],[140.879,-17.42],[140.708,-17.632]]]}},{"type":"Feature","id":564,"properties":{"name":"Wonnarua","subjecto":"Wonnarua","partof":"Wonnarua","precision":3},"geometry":{"type":"Polygon","coordinates":[[[151.567,-32.454],[151.194,-32.338],[151.013,-32.255],[150.013,-32.25],[149.952,-32.347],[149.925,-32.463],[149.903,-32.556],[149.903,-32.764],[150.029,-32.81],[150.298,-32.833],[150.612,-32.88],[151.403,-32.907],[151.523,-32.87],[151.595,-32.746],[151.606,-32.524],[151.567,-32.454]]]}},{"type":"Feature","id":565,"properties":{"name":"Wuningangk","subjecto":"Wuningangk","partof":"Wuningangk","precision":3},"geometry":{"type":"Polygon","coordinates":[[[132.849,-12.839],[132.836,-12.903],[132.833,-12.964],[132.718,-13.136],[132.638,-13.186],[132.69,-13.229],[132.729,-13.251],[132.998,-13.371],[133.064,-13.299],[133.113,-13.28],[133.25,-13.304],[133.325,-13.325],[133.531,-13.336],[133.61,-13.317],[133.654,-13.037],[133.588,-12.964],[133.542,-12.916],[133.506,-12.911],[133.44,-12.881],[133.322,-12.825],[132.913,-12.777],[132.849,-12.839]]]}},{"type":"Feature","id":566,"properties":{"name":"Danggali","subjecto":"Danggali","partof":"Danggali","precision":3},"geometry":{"type":"Polygon","coordinates":[[[143.41,-31.382],[142.614,-31.372],[142.328,-31.419],[142.284,-31.635],[141.844,-32.055],[141.218,-32.38],[139.922,-32.769],[139.296,-32.898],[138.933,-33.193],[138.933,-33.477],[139.098,-33.679],[139.307,-33.624],[139.515,-33.551],[139.757,-33.431],[140.164,-33.349],[140.746,-33.376],[140.966,-33.45],[141.086,-33.34],[141.773,-32.935],[142.504,-32.329],[142.943,-32.036],[143.284,-31.681],[143.443,-31.564],[143.531,-31.513],[143.47,-31.433],[143.41,-31.382]]]}},{"type":"Feature","id":567,"properties":{"name":"Barranbinya","subjecto":"Barranbinya","partof":"Barranbinya","precision":3},"geometry":{"type":"Polygon","coordinates":[[[146.876,-29.912],[146.816,-29.793],[146.7,-29.698],[146.113,-29.616],[145.827,-29.607],[145.69,-29.888],[145.591,-30.036],[145.541,-30.202],[145.728,-30.083],[145.975,-30.022],[146.272,-29.998],[146.777,-30.007],[146.937,-29.998],[146.876,-29.912]]]}},{"type":"Feature","id":568,"properties":{"name":"Ngan’giwumirri","subjecto":"Ngan’giwumirri","partof":"Ngan’giwumirri","precision":3},"geometry":{"type":"Polygon","coordinates":[[[130.012,-14.28],[129.99,-14.344],[130.012,-14.387],[130.026,-14.432],[130.07,-14.467],[130.163,-14.467],[130.281,-14.491],[130.323,-14.506],[130.446,-14.536],[130.891,-14.408],[130.941,-14.254],[130.908,-14.009],[130.886,-13.865],[130.875,-13.801],[130.726,-13.801],[130.589,-13.854],[130.419,-13.886],[130.303,-13.891],[130.292,-14.003],[130.21,-14.094],[130.095,-14.131],[130.034,-14.2],[130.012,-14.28]]]}},{"type":"Feature","id":569,"properties":{"name":"Awabakal","subjecto":"Awabakal","partof":"Awabakal","precision":3},"geometry":{"type":"Polygon","coordinates":[[[151.574,-33.215],[151.767,-33.004],[151.845,-32.893],[151.96,-32.824],[151.773,-32.817],[151.685,-32.79],[151.587,-32.75],[151.548,-32.72],[151.499,-32.72],[151.438,-32.815],[151.436,-32.866],[151.416,-32.926],[151.372,-33.039],[151.293,-33.174],[151.392,-33.202],[151.507,-33.229],[151.574,-33.215]]]}},{"type":"Feature","id":570,"properties":{"name":"Pinjarup","subjecto":"Pinjarup","partof":"Pinjarup","precision":3},"geometry":{"type":"Polygon","coordinates":[[[115.767,-32.755],[115.715,-33.019],[115.966,-32.99],[115.985,-32.923],[116.018,-32.827],[116.024,-32.76],[116.109,-32.519],[116.142,-32.38],[115.757,-32.474],[115.767,-32.755]]]}},{"type":"Feature","id":571,"properties":{"name":"Guwa","subjecto":"Guwa","partof":"Guwa","precision":3},"geometry":{"type":"Polygon","coordinates":[[[140.944,-21.953],[140.955,-22.299],[141.174,-22.401],[141.57,-22.726],[142.097,-22.948],[142.284,-22.807],[142.877,-22.644],[143.251,-22.563],[143.339,-22.309],[143.394,-22.065],[143.394,-21.759],[143.383,-21.617],[143.13,-21.627],[142.559,-21.78],[141.899,-21.627],[141.196,-21.729],[140.966,-21.892],[140.944,-21.953]]]}},{"type":"Feature","id":572,"properties":{"name":"Nyanganyatjara","subjecto":"Nyanganyatjara","partof":"Nyanganyatjara","precision":3},"geometry":{"type":"Polygon","coordinates":[[[123.563,-30.921],[124.42,-30.955],[125.189,-30.647],[126.359,-30.384],[127.13,-30.368],[128.167,-30.126],[128.452,-30.126],[128.474,-29.783],[128.342,-29.497],[127.859,-29.056],[127.639,-28.787],[127.375,-28.517],[127.134,-28.633],[126.936,-28.825],[126.65,-28.883],[125.925,-28.556],[125.068,-28.033],[124.607,-27.606],[124.387,-27.508],[124.167,-27.625],[123.882,-27.878],[123.278,-28.285],[122.629,-28.662],[122.64,-28.854],[122.728,-28.941],[123.409,-30.107],[123.508,-30.468],[123.519,-30.732],[123.563,-30.921]]]}},{"type":"Feature","id":573,"properties":{"name":null,"subjecto":null,"partof":null,"precision":3},"geometry":{"type":"Polygon","coordinates":[[[127.13,-30.368],[128.687,-30.336],[131.026,-30.768],[131.045,-30.638],[131.287,-30.278],[131.44,-30.231],[130.155,-30.117],[129.342,-30.088],[128.463,-30.126],[128.167,-30.126],[127.13,-30.368]]]}},{"type":"Feature","id":574,"properties":{"name":"Australian aboriginal hunter-gatherers","subjecto":"Australian aboriginal hunter-gatherers","partof":"Australian aboriginal hunter-gatherers","precision":1},"geometry":{"type":"MultiPolygon","coordinates":[[[[146.63,-19.26],[146.354,-19.101],[146.516,-19.271],[146.629,-19.27],[146.63,-19.26]]],[[[147.467,-19.651],[147.467,-19.65],[147.25,-19.715],[147.255,-19.893],[147.467,-19.651]]],[[[152.981,-27.278],[153.057,-27.102],[153.001,-27.084],[152.93,-27.059],[152.842,-27.186],[152.852,-27.226],[152.981,-27.278]]],[[[151.767,-33.004],[152.308,-32.696],[152.012,-32.843],[151.845,-32.893],[151.767,-33.004]]],[[[150.818,-35.108],[150.819,-35.105],[150.818,-35.106],[150.818,-35.108]]],[[[146.934,-38.708],[148.037,-38.098],[149.504,-37.929],[149.849,-37.643],[149.431,-37.805],[149.31,-37.831],[147.744,-38.052],[146.934,-38.708]]],[[[146.635,-38.877],[146.914,-38.717],[146.651,-38.763],[146.635,-38.874],[146.635,-38.877]]],[[[144.696,-38.089],[144.731,-38.077],[144.602,-38.052],[144.696,-38.089]]],[[[140.326,-37.865],[141.547,-38.533],[141.904,-38.43],[143.365,-38.97],[143.464,-38.957],[144.311,-38.565],[144.577,-38.499],[144.569,-38.411],[144.404,-38.402],[144.256,-38.441],[144.168,-38.488],[143.734,-38.831],[143.52,-38.912],[143.108,-38.771],[143.13,-38.711],[142.531,-38.471],[142.513,-38.411],[141.356,-38.423],[140.975,-38.086],[140.948,-38.071],[140.326,-37.865]]],[[[137.92,-34.632],[138.271,-34.579],[138.115,-34.253],[138.054,-34.189],[137.92,-34.632]]],[[[136.646,-34.115],[137.067,-33.951],[137.826,-33.024],[137.796,-33.009],[137.763,-33.004],[136.923,-33.93],[136.802,-33.952],[136.646,-34.115]]],[[[124.001,-33.423],[124.248,-33.144],[124.847,-32.952],[126.059,-32.434],[127.265,-32.381],[129.185,-31.798],[131.356,-31.671],[131.024,-31.546],[128.903,-31.709],[127.314,-32.267],[126.013,-32.271],[124.431,-32.944],[124.235,-33.012],[124.001,-33.423]]],[[[119.46,-34.401],[119.508,-34.336],[119.163,-34.103],[119.46,-34.401]]],[[[119.008,-34.615],[119.354,-34.546],[118.922,-34.289],[119.031,-34.493],[119.008,-34.615]]],[[[115.022,-34.262],[115.047,-34.422],[115.616,-34.631],[115.967,-34.936],[116.561,-35.189],[117.741,-35.22],[116.411,-35.084],[116.428,-35.048],[116.005,-34.935],[115.648,-34.597],[115.137,-34.398],[115.054,-34.375],[115.022,-34.262]]],[[[114.9,-30.129],[115.058,-30.804],[115.493,-31.546],[115.983,-31.422],[115.917,-31.372],[115.433,-31.391],[114.972,-30.342],[114.95,-30.307],[114.9,-30.129]]],[[[114.452,-28.649],[114.544,-28.78],[114.593,-28.719],[114.452,-28.649]]],[[[113.06,-26.116],[114.022,-27.626],[114.338,-28.485],[113.939,-27.279],[113.703,-26.814],[113.599,-26.76],[113.5,-26.687],[113.06,-26.116]]],[[[113.373,-24.264],[113.433,-24.874],[113.896,-25.59],[113.752,-25.324],[113.555,-24.881],[113.566,-24.792],[113.373,-24.264]]],[[[113.617,-22.661],[113.743,-23.248],[113.774,-22.857],[113.719,-22.817],[113.617,-22.661]]],[[[114.685,-21.953],[114.639,-21.982],[114.922,-22.416],[115.263,-22.426],[115.126,-22.401],[114.685,-21.953]]],[[[122.213,-18.049],[122.228,-18.144],[122.308,-18.073],[122.248,-18.06],[122.213,-18.049]]],[[[122.101,-17.382],[122.093,-17.621],[122.182,-17.918],[122.157,-17.791],[122.151,-17.728],[122.101,-17.382]]],[[[122.543,-16.917],[122.537,-16.923],[122.547,-16.928],[122.543,-16.917]]],[[[122.761,-16.597],[122.653,-16.736],[122.728,-16.741],[122.734,-16.715],[122.761,-16.597]]],[[[123.596,-17.157],[123.508,-17.109],[123.498,-17.319],[123.53,-17.377],[123.558,-17.209],[123.569,-17.167],[123.596,-17.157]]],[[[141.588,-13.149],[141.564,-13.386],[141.584,-13.358],[141.622,-13.35],[141.588,-13.149]]],[[[152.886,-27.485],[152.812,-27.295],[152.798,-27.299],[152.737,-27.333],[152.715,-27.443],[152.852,-27.485],[152.886,-27.485]]],[[[152.43,-27.771],[151.507,-27.839],[151.458,-27.946],[151.501,-28.111],[151.684,-28.251],[152.541,-27.987],[152.648,-27.883],[152.688,-27.816],[152.687,-27.754],[152.566,-27.754],[152.43,-27.771]]],[[[116.628,-32.143],[117.513,-32.375],[116.731,-32.124],[116.731,-31.604],[116.431,-31.471],[116.848,-30.072],[117.591,-30.6],[117.922,-30.666],[116.949,-30.119],[116.829,-30.055],[116.389,-31.391],[116.392,-31.471],[116.669,-31.989],[116.628,-32.143]]],[[[116.716,-29.998],[116.52,-29.598],[116.384,-29.382],[116.669,-29.95],[116.716,-29.998]]],[[[118.466,-28.396],[118.416,-28.372],[118.69,-28.557],[119.202,-28.642],[118.466,-28.396]]],[[[120.992,-30.732],[120.652,-29.86],[120.223,-29.401],[119.685,-29.008],[119.52,-28.806],[119.436,-28.763],[120.004,-29.325],[120.739,-30.634],[120.992,-30.732]]],[[[132.413,-12.801],[132.429,-12.748],[132.297,-12.785],[132.215,-12.796],[131.721,-12.951],[131.66,-12.938],[131.21,-12.916],[131.204,-12.919],[131.097,-12.964],[130.984,-12.983],[131.523,-13.229],[131.6,-13.208],[131.918,-13.101],[132.182,-13.192],[132.259,-13.085],[132.292,-13.074],[132.325,-13.053],[132.336,-12.978],[132.413,-12.801]]],[[[117.675,-34.048],[117.565,-34.207],[116.433,-34.307],[116.213,-33.948],[116.18,-34.166],[116.559,-34.836],[116.57,-34.827],[116.521,-34.33],[118.652,-34.253],[118.57,-34.225],[117.675,-34.048]]],[[[117.449,-33.651],[117.559,-33.775],[117.653,-33.811],[117.449,-33.651]]],[[[134.945,-14.318],[134.786,-13.913],[134.681,-13.939],[134.33,-13.422],[134.319,-13.427],[133.945,-13.101],[133.748,-13.015],[133.654,-13.037],[133.61,-13.317],[133.638,-13.411],[133.632,-13.555],[133.802,-13.929],[134.808,-14.61],[134.874,-14.61],[135.027,-14.445],[134.945,-14.318]]],[[[118.037,-32.976],[117.795,-32.773],[117.957,-32.981],[118.037,-32.976]]],[[[118.575,-33.285],[118.438,-33.165],[118.674,-33.523],[118.575,-33.285]]],[[[120.328,-32.953],[120.201,-33.082],[120.377,-33.009],[120.461,-32.877],[120.406,-32.776],[120.394,-32.773],[120.328,-32.953]]],[[[131.385,-16.773],[130.968,-17.393],[130.957,-17.476],[130.979,-17.874],[130.979,-17.832],[130.979,-17.55],[131.561,-16.605],[131.385,-16.773]]],[[[132.144,-16.004],[131.94,-16.315],[131.929,-16.436],[132.231,-16.31],[132.33,-16.109],[132.319,-15.961],[132.303,-15.982],[132.177,-15.982],[132.144,-16.004]]],[[[123.354,-30.921],[123.251,-30.954],[123.383,-30.992],[124.222,-31.034],[124.42,-30.955],[123.563,-30.921],[123.552,-30.949],[123.354,-30.921]]],[[[118.795,-23.539],[118.575,-23.534],[118.504,-23.629],[117.883,-24.031],[117.675,-24.031],[118.444,-24.367],[118.57,-24.337],[118.79,-23.584],[118.795,-23.539]]],[[[132.462,-14.977],[133.099,-14.955],[132.929,-14.743],[132.111,-14.6],[132.209,-14.775],[132.462,-14.977]]],[[[141.424,-37.643],[141.378,-37.597],[141.042,-36.941],[141.01,-36.897],[140.977,-36.84],[140.988,-36.756],[140.9,-36.783],[140.79,-36.858],[140.723,-36.898],[140.625,-37.069],[140.216,-37.079],[140.186,-37.077],[141.045,-37.746],[141.227,-37.773],[141.424,-37.643]]],[[[142.978,-36.37],[142.907,-36.397],[142.91,-36.483],[142.978,-36.37]]],[[[143.241,-36.909],[142.85,-36.582],[142.839,-36.589],[143.015,-36.902],[143.241,-36.909]]],[[[138.373,-24.577],[138.362,-23.916],[138.329,-23.675],[137.977,-23.655],[137.186,-23.342],[136.967,-22.888],[136.494,-23.06],[136.165,-23.302],[136.165,-24.307],[136.307,-25.056],[138.076,-24.707],[138.373,-24.577]]],[[[148.718,-26.075],[149.404,-26.315],[149.42,-26.288],[149.42,-26.19],[148.909,-26.116],[148.881,-26.086],[148.718,-26.075]]],[[[148.375,-26.601],[148.552,-27.426],[148.566,-27.461],[148.51,-26.993],[148.451,-26.9],[148.365,-26.526],[148.375,-26.601]]],[[[146.43,-27.008],[146.472,-26.975],[145.596,-27.12],[145.535,-26.394],[145.316,-26.421],[145.135,-26.804],[145.245,-27.391],[145.322,-27.479],[145.69,-27.557],[145.809,-27.554],[146.314,-27.17],[146.43,-27.008]]],[[[149.413,-27.79],[148.544,-27.809],[148.542,-27.811],[147.678,-27.7],[147.594,-27.749],[148.382,-28.271],[148.414,-28.256],[149.507,-27.965],[149.413,-27.79]]],[[[130.155,-30.117],[129.342,-30.088],[128.463,-30.126],[128.452,-30.126],[128.167,-30.126],[127.13,-30.368],[128.687,-30.336],[131.045,-30.638],[131.287,-30.278],[131.373,-30.228],[131.353,-30.222],[131.254,-30.212],[130.155,-30.117]]],[[[130.468,-13.374],[130.476,-13.422],[131.331,-13.625],[131.342,-13.633],[131.166,-13.454],[130.468,-13.374]]],[[[132.88,-12.168],[132.869,-12.238],[132.924,-12.683],[132.891,-12.769],[132.913,-12.777],[133.322,-12.825],[133.319,-12.806],[133.014,-12.077],[132.929,-12.093],[132.88,-12.168]]]]}},{"type":"Feature","id":575,"properties":{"name":null,"subjecto":null,"partof":null,"precision":3},"geometry":{"type":"Polygon","coordinates":[[[-4.153,53.226],[-4.277,53.398],[-4.567,53.273],[-4.351,53.124],[-4.153,53.226]]]}},{"type":"Feature","id":576,"properties":{"name":null,"subjecto":null,"partof":null,"precision":3},"geometry":{"type":"Polygon","coordinates":[[[-5.104,55.439],[-5.155,55.673],[-5.4,55.601],[-5.104,55.439]]]}},{"type":"Feature","id":577,"properties":{"name":null,"subjecto":null,"partof":null,"precision":3},"geometry":{"type":"Polygon","coordinates":[[[-6.122,55.879],[-6.327,55.589],[-6.025,55.681],[-6.122,55.879]]]}},{"type":"Feature","id":578,"properties":{"name":null,"subjecto":null,"partof":null,"precision":3},"geometry":{"type":"Polygon","coordinates":[[[-5.947,55.83],[-5.746,56.064],[-5.968,56.024],[-6.079,55.906],[-5.947,55.83]]]}},{"type":"Feature","id":579,"properties":{"name":null,"subjecto":null,"partof":null,"precision":3},"geometry":{"type":"Polygon","coordinates":[[[-7.467,56.941],[-7.376,56.979],[-7.446,57.056],[-7.554,56.966],[-7.467,56.941]]]}},{"type":"Feature","id":580,"properties":{"name":null,"subjecto":null,"partof":null,"precision":3},"geometry":{"type":"Polygon","coordinates":[[[-7.223,57.337],[-7.425,57.382],[-7.381,57.109],[-7.23,57.095],[-7.223,57.337]]]}},{"type":"Feature","id":581,"properties":{"name":null,"subjecto":null,"partof":null,"precision":3},"geometry":{"type":"Polygon","coordinates":[[[-7.269,57.399],[-7.205,57.461],[-7.351,57.489],[-7.388,57.424],[-7.269,57.399]]]}},{"type":"Feature","id":582,"properties":{"name":null,"subjecto":null,"partof":null,"precision":3},"geometry":{"type":"Polygon","coordinates":[[[-7.189,57.687],[-7.477,57.562],[-7.154,57.509],[-7.189,57.687]]]}},{"type":"Feature","id":583,"properties":{"name":null,"subjecto":null,"partof":null,"precision":3},"geometry":{"type":"Polygon","coordinates":[[[-7.006,57.881],[-6.994,57.919],[-7.074,57.896],[-7.006,57.881]]]}},{"type":"Feature","id":584,"properties":{"name":null,"subjecto":null,"partof":null,"precision":3},"geometry":{"type":"Polygon","coordinates":[[[-6.802,58.203],[-6.794,58.218],[-6.854,58.25],[-6.873,58.206],[-6.802,58.203]]]}},{"type":"Feature","id":585,"properties":{"name":null,"subjecto":null,"partof":null,"precision":3},"geometry":{"type":"Polygon","coordinates":[[[-6.204,58.356],[-7.032,58.238],[-6.474,57.94],[-6.204,58.356]]]}},{"type":"Feature","id":586,"properties":{"name":null,"subjecto":null,"partof":null,"precision":3},"geometry":{"type":"Polygon","coordinates":[[[-2.918,58.732],[-2.877,58.82],[-3.037,58.818],[-2.918,58.732]]]}},{"type":"Feature","id":587,"properties":{"name":null,"subjecto":null,"partof":null,"precision":3},"geometry":{"type":"Polygon","coordinates":[[[-3.231,58.776],[-3.136,58.804],[-3.336,58.927],[-3.431,58.871],[-3.231,58.776]]]}},{"type":"Feature","id":588,"properties":{"name":null,"subjecto":null,"partof":null,"precision":3},"geometry":{"type":"Polygon","coordinates":[[[-2.793,58.951],[-3.077,59.122],[-3.195,58.911],[-2.793,58.951]]]}},{"type":"Feature","id":589,"properties":{"name":null,"subjecto":null,"partof":null,"precision":3},"geometry":{"type":"Polygon","coordinates":[[[-2.681,59.196],[-2.621,59.236],[-2.496,59.245],[-2.414,59.314],[-2.593,59.291],[-2.681,59.196]]]}},{"type":"Feature","id":590,"properties":{"name":null,"subjecto":null,"partof":null,"precision":3},"geometry":{"type":"Polygon","coordinates":[[[-2.89,59.295],[-3.049,59.329],[-3.003,59.264],[-2.972,59.287],[-2.89,59.295]]]}},{"type":"Feature","id":591,"properties":{"name":null,"subjecto":null,"partof":null,"precision":3},"geometry":{"type":"Polygon","coordinates":[[[-1.296,60.491],[-1.32,60.356],[-1.655,60.226],[-1.126,60.152],[-1.041,60.447],[-1.296,60.491]]]}},{"type":"Feature","id":592,"properties":{"name":null,"subjecto":null,"partof":null,"precision":3},"geometry":{"type":"Polygon","coordinates":[[[-1.029,60.496],[-0.991,60.72],[-1.177,60.637],[-1.029,60.496]]]}},{"type":"Feature","id":593,"properties":{"name":null,"subjecto":null,"partof":null,"precision":3},"geometry":{"type":"Polygon","coordinates":[[[-0.82,60.689],[-0.768,60.829],[-0.939,60.794],[-0.966,60.688],[-0.82,60.689]]]}},{"type":"Feature","id":594,"properties":{"name":null,"subjecto":null,"partof":null,"precision":3},"geometry":{"type":"Polygon","coordinates":[[[-6.707,61.937],[-6.719,62.029],[-7.192,62.308],[-7.232,62.172],[-6.707,61.937]]]}},{"type":"Feature","id":595,"properties":{"name":null,"subjecto":null,"partof":null,"precision":3},"geometry":{"type":"Polygon","coordinates":[[[-4.778,54.056],[-4.394,54.186],[-4.527,54.367],[-4.778,54.056]]]}},{"type":"Feature","id":596,"properties":{"name":null,"subjecto":null,"partof":null,"precision":3},"geometry":{"type":"Polygon","coordinates":[[[129.716,28.451],[129.158,28.235],[129.369,28.116],[129.716,28.451]]]}},{"type":"Feature","id":597,"properties":{"name":null,"subjecto":null,"partof":null,"precision":3},"geometry":{"type":"Polygon","coordinates":[[[129.963,29.957],[129.942,30],[129.924,29.984],[129.963,29.957]]]}},{"type":"Feature","id":598,"properties":{"name":null,"subjecto":null,"partof":null,"precision":3},"geometry":{"type":"Polygon","coordinates":[[[129.896,29.874],[129.877,29.831],[129.923,29.825],[129.896,29.874]]]}},{"type":"Feature","id":599,"properties":{"name":null,"subjecto":null,"partof":null,"precision":3},"geometry":{"type":"Polygon","coordinates":[[[130.906,30.355],[131.074,30.689],[130.945,30.683],[130.906,30.355]]]}},{"type":"Feature","id":600,"properties":{"name":null,"subjecto":null,"partof":null,"precision":3},"geometry":{"type":"Polygon","coordinates":[[[130.559,30.236],[130.672,30.373],[130.511,30.459],[130.387,30.397],[130.559,30.236]]]}},{"type":"Feature","id":601,"properties":{"name":null,"subjecto":null,"partof":null,"precision":3},"geometry":{"type":"Polygon","coordinates":[[[121.735,25.139],[121.002,25.002],[120.116,23.631],[120.329,22.519],[120.879,22.341],[121.453,23.327],[121.84,24.476],[121.735,25.139]]]}},{"type":"Feature","id":602,"properties":{"name":null,"subjecto":null,"partof":null,"precision":3},"geometry":{"type":"Polygon","coordinates":[[[128.901,32.643],[128.649,32.778],[128.61,32.612],[128.901,32.643]]]}},{"type":"Feature","id":603,"properties":{"name":null,"subjecto":null,"partof":null,"precision":3},"geometry":{"type":"Polygon","coordinates":[[[123.871,24.252],[123.922,24.371],[123.767,24.414],[123.679,24.316],[123.871,24.252]]]}},{"type":"Feature","id":604,"properties":{"name":null,"subjecto":null,"partof":null,"precision":3},"geometry":{"type":"Polygon","coordinates":[[[125.356,24.777],[125.262,24.879],[125.252,24.738],[125.356,24.777]]]}},{"type":"Feature","id":605,"properties":{"name":null,"subjecto":null,"partof":null,"precision":3},"geometry":{"type":"Polygon","coordinates":[[[124.262,24.457],[124.078,24.42],[124.122,24.345],[124.23,24.338],[124.262,24.457]]]}},{"type":"Feature","id":606,"properties":{"name":null,"subjecto":null,"partof":null,"precision":3},"geometry":{"type":"Polygon","coordinates":[[[128.253,26.639],[128.247,26.84],[127.959,26.544],[128.253,26.639]]]}},{"type":"Feature","id":607,"properties":{"name":null,"subjecto":null,"partof":null,"precision":3},"geometry":{"type":"Polygon","coordinates":[[[126.762,26.387],[126.702,26.349],[126.781,26.298],[126.81,26.347],[126.762,26.387]]]}},{"type":"Feature","id":608,"properties":{"name":null,"subjecto":null,"partof":null,"precision":3},"geometry":{"type":"Polygon","coordinates":[[[128.951,27.676],[129.03,27.774],[128.899,27.898],[128.897,27.726],[128.951,27.676]]]}},{"type":"Feature","id":609,"properties":{"name":null,"subjecto":null,"partof":null,"precision":3},"geometry":{"type":"Polygon","coordinates":[[[128.609,27.359],[128.696,27.449],[128.524,27.414],[128.609,27.359]]]}},{"type":"Feature","id":610,"properties":{"name":null,"subjecto":null,"partof":null,"precision":3},"geometry":{"type":"Polygon","coordinates":[[[129.992,28.282],[130.032,28.353],[129.943,28.322],[129.992,28.282]]]}},{"type":"Feature","id":611,"properties":{"name":null,"subjecto":null,"partof":null,"precision":3},"geometry":{"type":"Polygon","coordinates":[[[129.336,28.075],[129.34,28.111],[129.224,28.184],[129.219,28.098],[129.336,28.075]]]}},{"type":"Feature","id":612,"properties":{"name":null,"subjecto":null,"partof":null,"precision":3},"geometry":{"type":"Polygon","coordinates":[[[129.733,29.61],[129.753,29.648],[129.71,29.652],[129.733,29.61]]]}},{"type":"Feature","id":613,"properties":{"name":"Sweden","subjecto":"Sweden","partof":"Sweden","precision":3},"geometry":{"type":"MultiPolygon","coordinates":[[[[11.179,59.07],[11.221,58.308],[12.289,56.88],[12.414,56.243],[13.302,55.301],[14.286,55.515],[14.653,56.121],[15.771,56.033],[16.659,57.443],[16.744,58.312],[17.94,58.908],[19.037,59.863],[17.146,60.953],[17.065,61.538],[18.487,62.981],[20.701,63.818],[20.921,64.714],[22.646,65.935],[25.252,65.417],[24.47,64.636],[21.034,62.477],[21.561,61.485],[21.56,60.512],[22.221,60.259],[22.421,60.293],[22.392,60.121],[22.625,60.201],[23.005,60.209],[22.882,60.056],[23.201,59.818],[23.665,59.836],[26.531,60.393],[26.695,61.122],[27.443,61.25],[27.816,61.728],[29.265,62.394],[29.777,61.889],[28.568,61.442],[29.698,61.635],[31.106,62.762],[32.429,63.096],[30.007,63.755],[29.871,63.795],[29.861,63.853],[29.452,66.129],[29.557,67.913],[30.21,69.4],[27.909,69.888],[26.507,69.812],[25.625,68.807],[22.46,68.694],[21.625,69.237],[20.166,68.958],[19.697,68.171],[18.179,68.469],[16.206,67.307],[16.221,66.828],[15.038,66.06],[13.718,64.553],[14.155,64.111],[12.577,63.782],[11.933,62.554],[12.423,60.039],[11.179,59.07]]],[[[13.668,54.084],[12.463,54.255],[12.9,53.928],[13.668,54.084]]]]}},{"type":"Feature","id":614,"properties":{"name":null,"subjecto":null,"partof":null,"precision":3},"geometry":{"type":"Polygon","coordinates":[[[23.206,58.445],[22.112,58.492],[22.201,58.145],[23.206,58.445]]]}},{"type":"Feature","id":615,"properties":{"name":null,"subjecto":null,"partof":null,"precision":3},"geometry":{"type":"Polygon","coordinates":[[[22.948,58.844],[22.576,59.069],[22.229,58.878],[22.48,58.7],[22.948,58.844]]]}},{"type":"Feature","id":616,"properties":{"name":null,"subjecto":null,"partof":null,"precision":3},"geometry":{"type":"Polygon","coordinates":[[[22.601,60],[22.848,60.119],[22.835,60.194],[22.824,60.227],[22.588,60.202],[22.415,60.152],[22.424,60.108],[22.471,60.072],[22.469,60],[22.601,60]]]}},{"type":"Feature","id":617,"properties":{"name":null,"subjecto":null,"partof":null,"precision":3},"geometry":{"type":"Polygon","coordinates":[[[50.119,69.041],[49.244,69.506],[48.289,69.254],[48.795,68.723],[50.119,69.041]]]}},{"type":"Feature","id":618,"properties":{"name":null,"subjecto":null,"partof":null,"precision":3},"geometry":{"type":"Polygon","coordinates":[[[23.083,70.289],[23.644,70.438],[23.179,70.545],[23.083,70.289]]]}},{"type":"Feature","id":619,"properties":{"name":null,"subjecto":null,"partof":null,"precision":3},"geometry":{"type":"Polygon","coordinates":[[[-8.955,70.822],[-8.632,70.956],[-7.982,71.048],[-8.326,71.141],[-8.955,70.822]]]}},{"type":"Feature","id":620,"properties":{"name":"Russian Empire","subjecto":"Russian Empire","partof":"Russian Empire","precision":3},"geometry":{"type":"Polygon","coordinates":[[[29.861,63.853],[29.871,63.795],[30.007,63.755],[29.861,63.853]]]}},{"type":"Feature","id":621,"properties":{"name":"Lombardy","subjecto":"3","partof":"Lombardy","precision":0},"geometry":{"type":"Polygon","coordinates":[[[10.671,45.367],[10.66,45.807],[10.454,46.826],[10.379,46.688],[10.293,46.554],[10.236,46.638],[10.044,46.546],[10.04,46.447],[10.166,46.41],[10.039,46.234],[9.953,46.381],[9.59,46.313],[9.619,45.54],[10.671,45.367]]]}},{"type":"Feature","id":622,"properties":{"name":"Denmark-Norway","subjecto":"","partof":"","precision":3},"geometry":{"type":"MultiPolygon","coordinates":[[[[18.331,79.882],[21.971,79.783],[23.821,79.147],[27.197,79.944],[24.783,80.38],[20.524,80.322],[18.331,79.882]]],[[[10.142,54.337],[9.421,54.976],[10.835,55.294],[9.312,56.481],[8.183,56.431],[8.884,54.229],[10.142,54.337]]],[[[31.054,69.64],[30.799,70.308],[28.308,70.949],[24.571,70.741],[23.204,69.943],[20.158,69.748],[17.407,68.772],[13.169,66.458],[12.112,65.13],[10.066,64.056],[9.832,63.684],[7.989,62.94],[7.088,62.91],[5.149,61.741],[5.096,60.264],[5.806,59.949],[5.615,58.455],[6.959,57.972],[8.154,58.09],[10.549,59.379],[11.179,59.07],[12.423,60.039],[11.933,62.554],[12.577,63.782],[14.155,64.111],[13.718,64.553],[15.038,66.06],[16.221,66.828],[16.206,67.307],[18.179,68.469],[19.697,68.171],[20.166,68.958],[21.625,69.237],[22.46,68.694],[25.625,68.807],[26.507,69.812],[27.909,69.888],[30.21,69.4],[31.054,69.64]]],[[[-23.571,65.681],[-21.955,65.378],[-22.279,64.619],[-21.488,64.376],[-22.373,63.773],[-20.404,63.698],[-18.642,63.324],[-14.821,64.195],[-13.694,64.779],[-13.647,65.495],[-16.385,66.454],[-16.922,65.978],[-18.676,66.091],[-21.08,65.205],[-21.779,66.254],[-23.571,65.681]]],[[[-26.086,71.195],[-23.754,70.59],[-21.471,70.532],[-21.726,71.405],[-25.073,72.634],[-27.357,72.859],[-24.076,73.756],[-22.82,73.327],[-20.33,73.42],[-19.071,74.609],[-20.616,74.954],[-19.194,75.444],[-19.57,76.11],[-21.183,76.697],[-18.253,77.3],[-20.777,77.969],[-20.879,78.818],[-14.202,81.21],[-22.053,81.54],[-25.457,82.221],[-22.432,82.743],[-26.421,83.342],[-32.513,83.577],[-45.213,82.967],[-49.648,82.478],[-61.122,81.798],[-61.112,81.182],[-67.143,80.562],[-64.623,79.949],[-65.485,79.158],[-72.383,78.526],[-72.525,78.166],[-69.688,77.555],[-71.184,77.26],[-69.045,76.294],[-67.037,75.936],[-63.651,76.38],[-58.636,75.793],[-56.939,74.919],[-54.73,73.038],[-55.626,71.73],[-53.323,71.891],[-51.72,71.59],[-50.799,70.385],[-53.628,70.819],[-53.666,70.357],[-50.573,69.866],[-50.954,68.539],[-50.477,67.482],[-52.808,67.775],[-53.494,67.473],[-52.303,66.909],[-53.103,65.873],[-52.078,65.372],[-51.366,63.726],[-49.857,62.967],[-50.048,62.314],[-49.116,62.104],[-48.915,61.421],[-47.159,60.856],[-45.622,60.601],[-43.144,59.819],[-42.271,62.194],[-40.516,63.782],[-39.992,65.533],[-35.972,65.847],[-34.433,66.384],[-32.956,67.641],[-32.037,67.985],[-30.305,67.98],[-26.964,68.502],[-22.732,69.774],[-24.585,70.304],[-27.475,70.207],[-27.606,71.068],[-26.086,71.195]]],[[[-54.486,69.564],[-53.551,69.278],[-52.084,69.772],[-54.594,70.24],[-54.486,69.564]]],[[[13.283,79.487],[11.76,78.88],[16.617,78.467],[13.905,78],[15.099,77.115],[17.267,76.813],[19.116,78.455],[20.908,78.809],[17.834,79.809],[13.283,79.487]]]]}},{"type":"Feature","id":623,"properties":{"name":"Russian Empire","subjecto":"Russian Empire","partof":"Russian Empire","precision":3},"geometry":{"type":"MultiPolygon","coordinates":[[[[56.265,73.515],[56.96,73.357],[60.887,75.247],[66.548,75.98],[65.926,76.507],[59.018,75.799],[56.995,75.273],[54.018,73.734],[56.265,73.515]]],[[[53.31,73.041],[53.089,72.473],[51.482,71.845],[54.308,71.206],[53.729,70.765],[57.238,70.691],[55.721,71.642],[55.816,73.307],[53.31,73.041]]],[[[-175.991,67.847],[-180,68.917],[-180,67.963],[-180,66.963],[-180,65.963],[-180,65.382],[-180,65.311],[-180,65.259],[-179.379,65.996],[-178.116,65.482],[-176.137,65.457],[-175.952,65.006],[-173.077,64.384],[-172.562,65.515],[-171.2,65.561],[-170.613,66.038],[-171.958,66.956],[-173.875,67.159],[-175.006,66.957],[-175.991,67.847]]],[[[29.861,63.853],[30.007,63.755],[32.429,63.096],[31.106,62.762],[29.698,61.635],[28.568,61.442],[27.443,61.25],[26.695,61.122],[26.531,60.393],[28.435,60.337],[29.076,59.908],[27.702,59.298],[25.721,59.46],[23.416,59.119],[23.671,58.241],[24.323,57.337],[27.74,56.679],[27.859,56.203],[30.832,55.728],[30.951,55.014],[30.357,53.587],[30.832,51.328],[30.594,50.614],[29.405,50.02],[31.07,48.593],[30,48.593],[29.011,47.554],[29.427,46.816],[30.433,46.176],[30.833,46.577],[31.781,46.702],[32.202,46.17],[33.639,45.927],[33.395,44.6],[34.014,44.492],[35.067,44.862],[34.907,46.273],[37.422,47.077],[39.16,47.269],[37.97,46.441],[37.474,44.692],[38.924,44.212],[40.252,43.268],[41.41,42.788],[41.652,42.121],[41.484,41.437],[42.878,41.546],[43.957,42.591],[44.978,42.772],[46.042,42.049],[47.35,41.442],[48.224,41.471],[47.249,42.785],[47.493,43.583],[46.846,44.446],[47.556,45.453],[49.058,46.137],[49.535,46.542],[51.369,47.09],[51.773,47.462],[51.387,48.105],[51.901,49.391],[51.13,50.42],[51.387,51.063],[55.245,51.706],[58.331,50.934],[59.103,53.635],[64.457,53.581],[64.687,54.272],[72.992,55.307],[74.921,54.149],[78.65,50.806],[81.479,50.291],[84.267,49.205],[83.116,48.283],[85.383,48.148],[85.601,48.231],[90,51.569],[91.965,51.569],[92.591,52.4],[93.567,52.349],[95.187,53.796],[95.866,53.796],[97.319,52.826],[97.61,52.148],[101.011,51.672],[102.117,51.361],[102.639,50.456],[103.681,50.166],[105.155,50.443],[106.323,50.417],[107.549,49.827],[109.424,49.296],[110.2,49.241],[112.524,49.462],[114.098,50.274],[115.734,49.864],[116.566,50.006],[117.491,49.586],[119.291,50.125],[119.182,50.702],[120.129,51.733],[120.746,52.007],[120.702,53.185],[121.291,55.092],[121.957,55.906],[123.51,56.424],[124.916,56.202],[129.207,56.868],[130.39,56.054],[130.908,55.24],[130.538,53.908],[131.13,53.908],[132.018,52.429],[134.681,52.947],[136.161,53.021],[137.239,53.457],[136.351,53.701],[136.492,54.455],[135.095,54.433],[134.985,54.854],[137.229,55.983],[138.867,57.124],[140.029,57.644],[140.587,58.239],[142.846,59.273],[145.404,59.326],[148.416,59.097],[149.045,59.587],[151.14,59.44],[152.504,58.769],[153.924,58.922],[154.316,59.983],[155.734,60.555],[157.098,61.633],[158.841,61.784],[160.645,60.718],[162.711,61.763],[162.99,62.326],[164.138,62.533],[163.793,61.128],[163.329,60.695],[159.649,58.954],[158.326,58.027],[156.777,57.58],[156.558,56.947],[155.628,56.268],[155.465,54.92],[156.038,52.781],[156.696,50.958],[157.898,51.666],[158.461,52.826],[159.897,53.241],[159.931,54.086],[162.008,54.738],[161.503,55.287],[162.318,56.24],[162.512,57.033],[161.804,58.102],[162.907,58.891],[163.389,59.814],[164.585,59.665],[165.78,60.354],[167.104,60.271],[169.154,60.435],[170.337,60.277],[172,60.858],[173.481,61.601],[177.291,62.487],[178.738,62.299],[179.288,62.815],[178.344,63.458],[178.147,64.157],[180,64.953],[180,65.052],[180,65.311],[180,65.382],[180,65.963],[180,66.963],[180,67.963],[180,68.92],[175.611,69.779],[173.637,69.761],[170.452,70.019],[170.833,68.922],[169.389,68.717],[167.32,69.659],[166.309,69.378],[164.054,69.66],[161.961,69.528],[159.444,69.765],[159.628,70.22],[158.409,70.814],[156.043,70.987],[152.134,70.664],[150.694,71.347],[148.711,71.629],[148.698,72.166],[146.915,72.202],[141.294,72.787],[137.63,71.075],[135.511,71.512],[134.241,71.262],[132.284,71.661],[130.779,70.678],[128.432,71.755],[126.216,72.382],[128.525,72.952],[127.72,73.402],[125.717,73.398],[120.579,72.835],[118.498,73.036],[118.46,73.519],[111.762,73.658],[109.991,73.44],[108.34,73.691],[113.625,75.273],[113.533,76.094],[111.427,76.568],[108.244,76.646],[103.393,77.558],[101.166,77.006],[99.467,75.967],[93.592,75.881],[90,75.602],[86.958,74.782],[87.691,73.9],[80.464,73.314],[81.671,71.574],[79.223,72.271],[76.333,71.72],[75.297,71.897],[73.217,71.458],[74.25,70.573],[73.654,69.756],[73.915,69.154],[77.406,68.936],[78.536,67.612],[76.955,67.653],[77.04,68.464],[76.328,68.776],[74.505,68.593],[74.742,67.686],[73.69,66.865],[72.209,66.173],[70.84,66.551],[72.838,67.646],[73.394,68.382],[72.526,69.069],[72.68,70.824],[71.798,71.432],[72.714,72.77],[69.343,72.834],[68.316,71.635],[66.818,71.105],[67.422,70.223],[66.884,69.623],[68.106,69.429],[68.512,68.837],[66.584,68.886],[62.281,69.705],[60.369,69.468],[60.512,68.59],[58.77,68.856],[57.024,68.449],[53.889,68.787],[48.081,67.562],[47.571,66.816],[46.402,66.719],[44.871,67.312],[46.634,67.701],[45.863,68.383],[43.822,68.327],[43.704,67.266],[44.384,66.612],[43.876,66.011],[42.211,66.41],[39.951,65.581],[40.462,64.75],[39.193,64.511],[36.884,65.068],[37.411,63.749],[35.082,64.288],[34.293,65.396],[34.544,66.001],[35.772,66.259],[39.19,66.039],[41.255,66.937],[40.826,67.66],[38.668,68.146],[37.246,68.793],[33.628,69.215],[31.054,69.64],[30.21,69.4],[29.557,67.913],[29.452,66.129],[29.861,63.853]],[[30.456,60.86],[29.857,61.188],[30.852,61.775],[32.527,61.118],[32.944,60.643],[32.362,60.148],[31.109,60.146],[30.456,60.86]],[[36.312,61.459],[34.772,61.601],[35.554,62.236],[36.312,61.459]]]]}},{"type":"Feature","id":624,"properties":{"name":"Bhutan","subjecto":"3","partof":"Bhutan","precision":0},"geometry":{"type":"Polygon","coordinates":[[[89.302,27.847],[90.349,27.723],[92.169,27.145],[92.313,27.429],[91.61,28.016],[89.765,28.413],[89.302,27.847]]]}},{"type":"Feature","id":625,"properties":{"name":null,"subjecto":"3","partof":null,"precision":0},"geometry":{"type":"Polygon","coordinates":[[[108.56,19.06],[108.652,18.482],[109.43,18.097],[110.263,18.626],[110.617,20.017],[109.55,19.914],[108.56,19.06]]]}},{"type":"Feature","id":626,"properties":{"name":"Qing Empire","subjecto":"Qing Empire","partof":"Qing Empire","precision":0},"geometry":{"type":"Polygon","coordinates":[[[79.152,46.601],[78.161,46.319],[76.238,46.555],[74.888,46.377],[74.278,46.004],[74.104,44.991],[76.479,38.282],[78.423,37.726],[79.165,37.171],[79.32,35.675],[80.175,31.573],[81.449,30.403],[83.402,29.54],[83.698,29.183],[85.144,28.342],[86.604,28.133],[87.214,27.843],[88.196,27.824],[89.302,27.847],[89.765,28.413],[91.61,28.016],[92.313,27.429],[92.169,27.145],[92.163,26.501],[94.324,26.883],[94.837,27.567],[95.478,27.909],[97.34,28.182],[98.009,28.091],[98.637,27.479],[98.734,26.343],[98.382,25.63],[97.524,24.8],[97.695,23.88],[98.769,24.09],[98.985,23.151],[99.484,23.021],[99.156,22.308],[99.755,22.127],[100.321,21.464],[101.753,21.472],[101.535,22.138],[101.968,22.534],[102.57,22.69],[104.478,22.783],[105.313,23.296],[105.941,22.931],[106.588,22.929],[106.507,22.325],[107.098,21.649],[107.876,21.462],[109.117,21.399],[110.077,20.867],[111.086,21.479],[112.75,21.756],[113.717,22.482],[116.341,22.913],[116.404,23.199],[117.406,23.69],[118.813,24.849],[119.47,25.772],[119.429,26.591],[120.352,27.177],[121.009,28.277],[121.359,28.386],[121.77,29.834],[121.569,30.71],[121.606,31.828],[120.661,32.543],[119.974,34.135],[119.021,34.692],[120.139,36.195],[121.847,36.86],[120.658,37.736],[119.599,37.117],[118.955,37.077],[118.875,37.949],[117.589,38.284],[117.753,39.203],[118.978,39.224],[119.385,39.843],[120.273,40.152],[121.011,40.851],[122.108,40.354],[121.239,39.554],[122.027,39.256],[123.039,39.672],[124.134,39.843],[124.491,40.28],[125.879,40.945],[126.474,41.652],[127.423,41.356],[128.098,41.449],[127.984,42.108],[128.756,42.061],[129.966,42.957],[130.435,42.277],[132.182,43.195],[132.953,42.67],[134.139,42.993],[136.034,44.398],[137.721,45.997],[139.214,47.811],[140.081,48.503],[140.457,50.104],[141.121,53.052],[140.102,53.802],[138.417,54.092],[137.979,53.465],[137.239,53.457],[136.161,53.021],[134.681,52.947],[132.018,52.429],[131.13,53.908],[130.538,53.908],[130.908,55.24],[130.39,56.054],[129.207,56.868],[124.916,56.202],[123.51,56.424],[121.957,55.906],[121.291,55.092],[120.702,53.185],[120.746,52.007],[120.129,51.733],[119.182,50.702],[119.291,50.125],[117.491,49.586],[116.566,50.006],[115.734,49.864],[114.098,50.274],[112.524,49.462],[110.2,49.241],[109.424,49.296],[107.549,49.827],[106.323,50.417],[105.155,50.443],[103.681,50.166],[102.639,50.456],[102.117,51.361],[101.011,51.672],[97.61,52.148],[97.319,52.826],[95.866,53.796],[95.187,53.796],[93.567,52.349],[92.591,52.4],[91.965,51.569],[90,51.569],[85.601,48.231],[85.383,48.148],[81.22,46.562],[79.152,46.601]]]}},{"type":"Feature","id":627,"properties":{"name":"central Asian khanates","subjecto":"central Asian khanates","partof":"central Asian khanates","precision":3},"geometry":{"type":"Polygon","coordinates":[[[42.878,41.546],[43.847,40.75],[43.812,40.014],[44.637,39.662],[46.648,38.961],[49.041,39.145],[49.339,39.283],[49.807,40.581],[47.565,43.008],[47.493,43.583],[47.249,42.785],[48.224,41.471],[47.35,41.442],[46.042,42.049],[44.978,42.772],[43.957,42.591],[42.878,41.546]]]}},{"type":"Feature","id":628,"properties":{"name":"central Asian khanates","subjecto":"central Asian khanates","partof":"central Asian khanates","precision":3},"geometry":{"type":"Polygon","coordinates":[[[59.447,45.188],[59.133,45.195],[59.046,44.955],[59.238,44.797],[59.447,45.188]]]}},{"type":"Feature","id":629,"properties":{"name":"central Asian khanates","subjecto":"central Asian khanates","partof":"central Asian khanates","precision":3},"geometry":{"type":"Polygon","coordinates":[[[59.901,45.696],[59.777,45.701],[59.793,45.59],[59.913,45.598],[59.901,45.696]]]}},{"type":"Feature","id":630,"properties":{"name":"Korea","subjecto":"Korea","partof":"Korea","precision":3},"geometry":{"type":"Polygon","coordinates":[[[124.134,39.843],[125.296,39.364],[124.736,38.28],[125.562,37.836],[126.629,37.591],[126.371,34.789],[127.554,34.656],[128.452,34.846],[129.439,35.476],[129.342,37.257],[128.641,38.117],[127.277,39.222],[127.672,39.866],[128.447,40.066],[129.478,40.682],[129.641,41.656],[130.435,42.277],[129.966,42.957],[128.756,42.061],[127.984,42.108],[128.098,41.449],[127.423,41.356],[126.474,41.652],[125.879,40.945],[124.491,40.28],[124.134,39.843]]]}},{"type":"Feature","id":631,"properties":{"name":"Sind","subjecto":"Sind","partof":"Indian princely states","precision":3},"geometry":{"type":"Polygon","coordinates":[[[67.981,29.455],[66.928,28.112],[66.3,25.495],[67.316,24.093],[68.047,23.764],[68.791,23.029],[70.302,22.827],[71.041,24.65],[69.944,27.667],[70.127,27.718],[67.981,29.455]]]}},{"type":"Feature","id":632,"properties":{"name":"Oudh","subjecto":"Oudh","partof":"Oudh","precision":3},"geometry":{"type":"Polygon","coordinates":[[[80.846,26.355],[82.967,24.994],[82.599,25.888],[82.914,26.52],[84.112,26.071],[84.453,26.371],[83.874,27.382],[82.812,27.538],[81.3,28.293],[80.517,26.873],[80.846,26.355]]]}},{"type":"Feature","id":633,"properties":{"name":"Multan","subjecto":"Multan","partof":"Indian princely states","precision":3},"geometry":{"type":"Polygon","coordinates":[[[70.935,33.731],[69.663,32.428],[67.981,29.455],[70.127,27.718],[72.217,28.291],[74.132,30.795],[70.935,33.731]]]}},{"type":"Feature","id":634,"properties":{"name":"Lahore","subjecto":"Lahore","partof":"Indian princely states","precision":3},"geometry":{"type":"Polygon","coordinates":[[[74.132,30.795],[74.307,31.024],[76.29,31.137],[76.952,31.712],[79.109,31.459],[81.021,30.247],[81.449,30.403],[80.175,31.573],[79.32,35.675],[79.165,37.171],[78.423,37.726],[77.308,36.855],[76.487,36.65],[74.812,36.957],[74.428,37.47],[73.167,36.017],[70.935,33.731],[74.132,30.795]]]}},{"type":"Feature","id":635,"properties":{"name":"Mahratta states","subjecto":"Mahratta states","partof":"Indian princely states","precision":3},"geometry":{"type":"Polygon","coordinates":[[[81.3,28.293],[80.399,28.669],[79.708,29.359],[79.276,28.323],[78.887,28.539],[79.06,29.748],[78.326,29.834],[78.131,30.777],[76.29,31.137],[74.307,31.024],[74.132,30.795],[72.217,28.291],[70.127,27.718],[69.944,27.667],[71.041,24.65],[70.302,22.827],[70.31,22.829],[71.762,23.721],[72.745,23.721],[74.753,22.696],[75.394,22.696],[78.599,24.832],[80.052,25.473],[80.846,26.355],[80.517,26.873],[81.3,28.293]]]}},{"type":"Feature","id":636,"properties":{"name":"Cambodia","subjecto":"Cambodia","partof":"Cambodia","precision":3},"geometry":{"type":"Polygon","coordinates":[[[102.612,12.096],[103.04,10.898],[104.387,10.314],[105.494,10.888],[106.09,11.006],[105.843,11.583],[107.385,12.354],[107.515,13.422],[107.387,14.557],[106.841,14.316],[106.046,14.387],[105.862,13.972],[105.127,14.221],[103.621,14.411],[102.936,14.15],[102.36,13.508],[102.752,12.398],[102.612,12.096]]]}},{"type":"Feature","id":637,"properties":{"name":"Burma","subjecto":"Burma","partof":"Burma","precision":3},"geometry":{"type":"Polygon","coordinates":[[[97.695,23.88],[97.524,24.8],[98.382,25.63],[98.734,26.343],[98.637,27.479],[98.009,28.091],[97.34,28.182],[95.478,27.909],[94.837,27.567],[94.324,26.883],[92.163,26.501],[91.547,26.285],[90,26.36],[90,25.966],[91.434,26.098],[91.566,24.346],[92.047,23.69],[92.529,22.595],[92.51,22.11],[93.318,21.73],[94.702,20.016],[95.362,18.038],[95.164,17.643],[94.465,17.643],[94.144,16.006],[94.819,16.21],[95.33,15.678],[95.714,16.155],[96.469,16.513],[96.882,17.346],[97.573,16.445],[97.823,14.616],[98.486,13.112],[98.738,11.435],[98.398,10.564],[98.593,10.12],[99.581,11.889],[99.098,12.972],[99.003,13.886],[98.487,14.372],[98.137,15.19],[98.58,15.472],[98.824,16.318],[98.393,17.084],[97.788,17.575],[97.275,18.504],[97.372,20.78],[98.196,21.608],[97.695,23.88]]]}},{"type":"Feature","id":638,"properties":{"name":"Rattanakosin Kingdom","subjecto":"Rattanakosin Kingdom","partof":"Rattanakosin Kingdom","precision":3},"geometry":{"type":"Polygon","coordinates":[[[107.387,14.557],[107.463,14.997],[107.108,16.17],[106.638,16.484],[104.812,18.722],[103.899,19.313],[104.716,20.2],[104.129,20.94],[103.607,20.683],[102.993,20.94],[102.691,21.668],[101.968,22.534],[101.535,22.138],[101.753,21.472],[100.321,21.464],[99.755,22.127],[99.156,22.308],[99.484,23.021],[98.985,23.151],[98.769,24.09],[97.695,23.88],[98.196,21.608],[97.372,20.78],[97.275,18.504],[97.788,17.575],[98.393,17.084],[98.824,16.318],[98.58,15.472],[98.137,15.19],[98.487,14.372],[99.003,13.886],[99.098,12.972],[99.581,11.889],[98.593,10.12],[98.177,8.6],[99.025,7.871],[99.663,6.71],[100.159,6.34],[100.617,6.422],[101.763,5.586],[102.074,6.154],[101.56,6.74],[100.615,6.979],[100.345,7.44],[100.132,8.532],[99.724,9.258],[99.298,9.162],[99.071,9.898],[99.186,10.489],[99.895,12.079],[99.834,12.524],[100.24,13.49],[100.909,13.447],[100.872,12.679],[101.919,12.585],[102.612,12.096],[102.752,12.398],[102.36,13.508],[102.936,14.15],[103.621,14.411],[105.127,14.221],[105.862,13.972],[106.046,14.387],[106.841,14.316],[107.387,14.557]]]}},{"type":"Feature","id":639,"properties":{"name":"Tuʻi Tonga Empire","subjecto":"Tuʻi Tonga Empire","partof":"Tuʻi Tonga Empire","precision":3},"geometry":{"type":"Polygon","coordinates":[[[178.176,-18.242],[178.693,-18.025],[178.171,-17.342],[177.51,-17.509],[177.333,-18.119],[178.176,-18.242]]]}},{"type":"Feature","id":640,"properties":{"name":"Polynesians","subjecto":"Polynesians","partof":"Polynesians","precision":3},"geometry":{"type":"Polygon","coordinates":[[[-109.241,-27.133],[-109.366,-27.063],[-109.428,-27.202],[-109.241,-27.133]]]}},{"type":"Feature","id":641,"properties":{"name":"Hong Kong","subjecto":"Hong Kong","partof":"Hong Kong","precision":3},"geometry":{"type":"Polygon","coordinates":[[[114.029,22.508],[114.329,22.272],[114.309,22.554],[114.029,22.508]]]}},{"type":"Feature","properties":{"kind":"label","name":"Luxembourg","subjecto":"Luxembourg","area":0.19},"geometry":{"type":"Point","coordinates":[6.122,49.69]}},{"type":"Feature","properties":{"kind":"label","name":"Ottoman Empire","subjecto":"Ottoman Empire","area":227.15},"geometry":{"type":"Point","coordinates":[40.762,37.628]}},{"type":"Feature","properties":{"kind":"label","name":"Japan","subjecto":"Japan","area":23.23},"geometry":{"type":"Point","coordinates":[139.319,36.388]}},{"type":"Feature","properties":{"kind":"label","name":"United Kingdom","subjecto":"UK","area":27.25},"geometry":{"type":"Point","coordinates":[-1.395,52.539]}},{"type":"Feature","properties":{"kind":"label","name":"Philippines","subjecto":"Philippines","area":7.96},"geometry":{"type":"Point","coordinates":[121.296,17.009]}},{"type":"Feature","properties":{"kind":"label","name":"Spain","subjecto":"Spain","area":52.27},"geometry":{"type":"Point","coordinates":[-3.426,40.045]}},{"type":"Feature","properties":{"kind":"label","name":"Madagascar","subjecto":"Madagascar","area":50.13},"geometry":{"type":"Point","coordinates":[48.554,-15.654]}},{"type":"Feature","properties":{"kind":"label","name":"Māori","subjecto":"Māori","area":15.46},"geometry":{"type":"Point","coordinates":[169.269,-45.267]}},{"type":"Feature","properties":{"kind":"label","name":"Austrian Netherlands","subjecto":"Austria","area":3.88},"geometry":{"type":"Point","coordinates":[4.954,50.634]}},{"type":"Feature","properties":{"kind":"label","name":"Portugal","subjecto":"Portugal","area":9.44},"geometry":{"type":"Point","coordinates":[-8.057,39.465]}},{"type":"Feature","properties":{"kind":"label","name":"Malaya","subjecto":"Malaya","area":16.71},"geometry":{"type":"Point","coordinates":[113.907,2.607]}},{"type":"Feature","properties":{"kind":"label","name":"Papua New Guinea","subjecto":"Papua New Guinea","area":32.17},"geometry":{"type":"Point","coordinates":[143.19,-5.948]}},{"type":"Feature","properties":{"kind":"label","name":"Aboriginal Tasmanians","subjecto":"Aboriginal Tasmanians","area":6.22},"geometry":{"type":"Point","coordinates":[146.665,-42.372]}},{"type":"Feature","properties":{"kind":"label","name":"Netherlands","subjecto":"Netherlands","area":4.52},"geometry":{"type":"Point","coordinates":[5.223,52.19]}},{"type":"Feature","properties":{"kind":"label","name":"Viceroyalty of New Granada","subjecto":"Spain","area":249.49},"geometry":{"type":"Point","coordinates":[-71.687,3.617]}},{"type":"Feature","properties":{"kind":"label","name":"Brunei","subjecto":"Brunei","area":0.52},"geometry":{"type":"Point","coordinates":[114.657,4.421]}},{"type":"Feature","properties":{"kind":"label","name":"Dutch East Indies","subjecto":"Dutch East Indies","area":41},"geometry":{"type":"Point","coordinates":[114.041,-1.07]}},{"type":"Feature","properties":{"kind":"label","name":"Kingdom of the Two Sicilies","subjecto":"Kingdom of the Two Sicilies","area":6.61},"geometry":{"type":"Point","coordinates":[15.34,41.14]}},{"type":"Feature","properties":{"kind":"label","name":"Hohenzollern","subjecto":"Hohenzollern","area":0.01},"geometry":{"type":"Point","coordinates":[8.596,47.99]}},{"type":"Feature","properties":{"kind":"label","name":"Waldeck","subjecto":"Waldeck","area":0.04},"geometry":{"type":"Point","coordinates":[8.705,51.095]}},{"type":"Feature","properties":{"kind":"label","name":"Lippe-Detmold","subjecto":"Lippe-Detmold","area":0.04},"geometry":{"type":"Point","coordinates":[9.066,51.862]}},{"type":"Feature","properties":{"kind":"label","name":"Brunswick","subjecto":"Brunswick","area":0.12},"geometry":{"type":"Point","coordinates":[9.29,51.673]}},{"type":"Feature","properties":{"kind":"label","name":"Anhalt","subjecto":"Anhalt","area":0.09},"geometry":{"type":"Point","coordinates":[11.419,51.728]}},{"type":"Feature","properties":{"kind":"label","name":"Lübeck","subjecto":"Lübeck","area":0},"geometry":{"type":"Point","coordinates":[10.813,53.817]}},{"type":"Feature","properties":{"kind":"label","name":"Oldenburg","subjecto":"Oldenburg","area":0.11},"geometry":{"type":"Point","coordinates":[8.322,53.387]}},{"type":"Feature","properties":{"kind":"label","name":"Hanover","subjecto":"Hanover","area":0.07},"geometry":{"type":"Point","coordinates":[10.093,51.555]}},{"type":"Feature","properties":{"kind":"label","name":"Bremen","subjecto":"Bremen","area":0.01},"geometry":{"type":"Point","coordinates":[8.654,53.09]}},{"type":"Feature","properties":{"kind":"label","name":"Cuxhaven","subjecto":"Cuxhaven","area":0},"geometry":{"type":"Point","coordinates":[8.516,53.745]}},{"type":"Feature","properties":{"kind":"label","name":"Holstein","subjecto":"Holstein","area":0.93},"geometry":{"type":"Point","coordinates":[9.828,53.92]}},{"type":"Feature","properties":{"kind":"label","name":"Hamburg","subjecto":"Hamburg","area":0.02},"geometry":{"type":"Point","coordinates":[9.906,53.519]}},{"type":"Feature","properties":{"kind":"label","name":"Schaumburg-Lippe","subjecto":"Schaumburg-Lippe","area":0.01},"geometry":{"type":"Point","coordinates":[8.77,52.195]}},{"type":"Feature","properties":{"kind":"label","name":"Prussia","subjecto":"Prussia","area":19.25},"geometry":{"type":"Point","coordinates":[14.749,52.967]}},{"type":"Feature","properties":{"kind":"label","name":"Algiers","subjecto":"Algiers","area":42.55},"geometry":{"type":"Point","coordinates":[4.424,34.34]}},{"type":"Feature","properties":{"kind":"label","name":"Tunis","subjecto":"Tunis","area":9.1},"geometry":{"type":"Point","coordinates":[9.519,35.401]}},{"type":"Feature","properties":{"kind":"label","name":"Hausa States","subjecto":"Hausa States","area":29.05},"geometry":{"type":"Point","coordinates":[7.315,13.39]}},{"type":"Feature","properties":{"kind":"label","name":"Tripolitania","subjecto":"Tripolitania","area":6.55},"geometry":{"type":"Point","coordinates":[14.526,31.633]}},{"type":"Feature","properties":{"kind":"label","name":"Cyrenaica","subjecto":"Cyrenaica","area":5.12},"geometry":{"type":"Point","coordinates":[21.8,31.936]}},{"type":"Feature","properties":{"kind":"label","name":"Oman","subjecto":"Oman","area":7.18},"geometry":{"type":"Point","coordinates":[58.557,22.177]}},{"type":"Feature","properties":{"kind":"label","name":"Nejd","subjecto":"Nejd","area":57.47},"geometry":{"type":"Point","coordinates":[46.332,22.225]}},{"type":"Feature","properties":{"kind":"label","name":"Yemen","subjecto":"Yemen","area":5.91},"geometry":{"type":"Point","coordinates":[44.195,13.473]}},{"type":"Feature","properties":{"kind":"label","name":"Cochin China","subjecto":"Cochin China","area":3.11},"geometry":{"type":"Point","coordinates":[105.799,10.051]}},{"type":"Feature","properties":{"kind":"label","name":"Đại Việt","subjecto":"Đại Việt","area":24.98},"geometry":{"type":"Point","coordinates":[105.465,21.433]}},{"type":"Feature","properties":{"kind":"label","name":"Morocco","subjecto":"Morocco","area":46.92},"geometry":{"type":"Point","coordinates":[-4.495,31.946]}},{"type":"Feature","properties":{"kind":"label","name":"British Guiana","subjecto":"UK","area":16.95},"geometry":{"type":"Point","coordinates":[-56.247,4.078]}},{"type":"Feature","properties":{"kind":"label","name":"Viceroyalty of Brazil","subjecto":"Portugal","area":674.58},"geometry":{"type":"Point","coordinates":[-49.079,-12.235]}},{"type":"Feature","properties":{"kind":"label","name":"Paraguay","subjecto":"Spain","area":30.48},"geometry":{"type":"Point","coordinates":[-58.73,-22.498]}},{"type":"Feature","properties":{"kind":"label","name":"Viceroyalty of Peru","subjecto":"Spain","area":237.87},"geometry":{"type":"Point","coordinates":[-65.645,-17.177]}},{"type":"Feature","properties":{"kind":"label","name":"Viceroyalty of the Río de la Plata","subjecto":"Spain","area":225.77},"geometry":{"type":"Point","coordinates":[-63.603,-31.062]}},{"type":"Feature","properties":{"kind":"label","name":"Arakan","subjecto":"Arakan","area":4.99},"geometry":{"type":"Point","coordinates":[93.085,21.033]}},{"type":"Feature","properties":{"kind":"label","name":"Venetia","subjecto":"Venetia","area":3.23},"geometry":{"type":"Point","coordinates":[11.605,45.565]}},{"type":"Feature","properties":{"kind":"label","name":"Parma","subjecto":"Parma","area":0.6},"geometry":{"type":"Point","coordinates":[9.762,44.739]}},{"type":"Feature","properties":{"kind":"label","name":"Papal States","subjecto":"Papal States","area":4.66},"geometry":{"type":"Point","coordinates":[13.032,42.978]}},{"type":"Feature","properties":{"kind":"label","name":"Pontremoli","subjecto":"Pontremoli","area":0.03},"geometry":{"type":"Point","coordinates":[9.809,44.378]}},{"type":"Feature","properties":{"kind":"label","name":"Fivizzano","subjecto":"Fivizzano","area":0.01},"geometry":{"type":"Point","coordinates":[10.104,44.305]}},{"type":"Feature","properties":{"kind":"label","name":"Lucca","subjecto":"Lucca","area":0.06},"geometry":{"type":"Point","coordinates":[10.436,43.84]}},{"type":"Feature","properties":{"kind":"label","name":"Tuscany","subjecto":"Tuscany","area":2.78},"geometry":{"type":"Point","coordinates":[11.443,43.357]}},{"type":"Feature","properties":{"kind":"label","name":"Modena","subjecto":"Modena","area":1.06},"geometry":{"type":"Point","coordinates":[10.677,44.585]}},{"type":"Feature","properties":{"kind":"label","name":"Massa","subjecto":"Massa","area":0.02},"geometry":{"type":"Point","coordinates":[10.275,43.854]}},{"type":"Feature","properties":{"kind":"label","name":"Goa","subjecto":"Goa","area":0.09},"geometry":{"type":"Point","coordinates":[74.368,14.686]}},{"type":"Feature","properties":{"kind":"label","name":"Cape Colony","subjecto":"Netherlands","area":7.67},"geometry":{"type":"Point","coordinates":[19.376,-33.192]}},{"type":"Feature","properties":{"kind":"label","name":"Dutch settlements","subjecto":"Dutch settlements","area":13.28},"geometry":{"type":"Point","coordinates":[21.491,-32.158]}},{"type":"Feature","properties":{"kind":"label","name":"Xhosa","subjecto":"Xhosa","area":5.44},"geometry":{"type":"Point","coordinates":[26.629,-32.909]}},{"type":"Feature","properties":{"kind":"label","name":"Zulu","subjecto":"Zulu","area":9.96},"geometry":{"type":"Point","coordinates":[30.143,-28.979]}},{"type":"Feature","properties":{"kind":"label","name":"Delagoa Bay","subjecto":"Delagoa Bay","area":0.51},"geometry":{"type":"Point","coordinates":[32.36,-25.811]}},{"type":"Feature","properties":{"kind":"label","name":"Merina Kingdom","subjecto":"Merina Kingdom","area":12.88},"geometry":{"type":"Point","coordinates":[47.24,-20.046]}},{"type":"Feature","properties":{"kind":"label","name":"Senegal","subjecto":"Senegal","area":1.35},"geometry":{"type":"Point","coordinates":[-16.396,15.372]}},{"type":"Feature","properties":{"kind":"label","name":"Portuguese Guinea","subjecto":"Portuguese Guinea","area":0.52},"geometry":{"type":"Point","coordinates":[-15.611,12.162]}},{"type":"Feature","properties":{"kind":"label","name":"Afghanistan","subjecto":"Afghanistan","area":113.3},"geometry":{"type":"Point","coordinates":[65.188,34.155]}},{"type":"Feature","properties":{"kind":"label","name":"Assam","subjecto":"Assam","area":4.33},"geometry":{"type":"Point","coordinates":[90.393,27.017]}},{"type":"Feature","properties":{"kind":"label","name":"Acadian Peninsula (UK)","subjecto":"Acadian Peninsula (UK)","area":5.27},"geometry":{"type":"Point","coordinates":[-63.734,45.236]}},{"type":"Feature","properties":{"kind":"label","name":"Viceroyalty of New Spain","subjecto":"Spain","area":377.61},"geometry":{"type":"Point","coordinates":[-102.775,26.964]}},{"type":"Feature","properties":{"kind":"label","name":"Kanem-Bornu","subjecto":"Kanem-Bornu","area":33.77},"geometry":{"type":"Point","coordinates":[14.01,12.849]}},{"type":"Feature","properties":{"kind":"label","name":"Air","subjecto":"Air","area":36.01},"geometry":{"type":"Point","coordinates":[7.901,20.864]}},{"type":"Feature","properties":{"kind":"label","name":"Songhai","subjecto":"Songhai","area":5.4},"geometry":{"type":"Point","coordinates":[1.52,14]}},{"type":"Feature","properties":{"kind":"label","name":"Kaarta","subjecto":"Kaarta","area":24.35},"geometry":{"type":"Point","coordinates":[-10.391,15.865]}},{"type":"Feature","properties":{"kind":"label","name":"Segu","subjecto":"Segu","area":36.47},"geometry":{"type":"Point","coordinates":[-6.209,14.349]}},{"type":"Feature","properties":{"kind":"label","name":"Mossi States","subjecto":"Mossi States","area":9.9},"geometry":{"type":"Point","coordinates":[-1.033,11.692]}},{"type":"Feature","properties":{"kind":"label","name":"Asante","subjecto":"Asante","area":12.53},"geometry":{"type":"Point","coordinates":[-2.314,6.64]}},{"type":"Feature","properties":{"kind":"label","name":"Kong Empire","subjecto":"Kong Empire","area":7.92},"geometry":{"type":"Point","coordinates":[-4.515,10.597]}},{"type":"Feature","properties":{"kind":"label","name":"Dahomey","subjecto":"Dahomey","area":6.94},"geometry":{"type":"Point","coordinates":[3.158,7.258]}},{"type":"Feature","properties":{"kind":"label","name":"Oyo","subjecto":"Oyo","area":6.39},"geometry":{"type":"Point","coordinates":[5.48,8.325]}},{"type":"Feature","properties":{"kind":"label","name":"Africa","subjecto":"Africa","area":1.23},"geometry":{"type":"Point","coordinates":[4.526,6.903]}},{"type":"Feature","properties":{"kind":"label","name":"Sotho","subjecto":"Sotho","area":4.73},"geometry":{"type":"Point","coordinates":[5.959,6.117]}},{"type":"Feature","properties":{"kind":"label","name":"Bagirmi","subjecto":"Bagirmi","area":13.57},"geometry":{"type":"Point","coordinates":[18.139,9.03]}},{"type":"Feature","properties":{"kind":"label","name":"Wadai","subjecto":"Wadai","area":9.32},"geometry":{"type":"Point","coordinates":[21.089,14.333]}},{"type":"Feature","properties":{"kind":"label","name":"Darfur","subjecto":"Darfur","area":30.02},"geometry":{"type":"Point","coordinates":[27.013,15.438]}},{"type":"Feature","properties":{"kind":"label","name":"Lunda","subjecto":"Lunda","area":22.57},"geometry":{"type":"Point","coordinates":[21.254,-8.847]}},{"type":"Feature","properties":{"kind":"label","name":"Luba","subjecto":"Luba","area":28.72},"geometry":{"type":"Point","coordinates":[27.531,-7.44]}},{"type":"Feature","properties":{"kind":"label","name":"Congo","subjecto":"Congo","area":6.38},"geometry":{"type":"Point","coordinates":[14.088,-6.313]}},{"type":"Feature","properties":{"kind":"label","name":"Lozi","subjecto":"Lozi","area":4.78},"geometry":{"type":"Point","coordinates":[20.365,-4.779]}},{"type":"Feature","properties":{"kind":"label","name":"Rozwi","subjecto":"Rozwi","area":13.69},"geometry":{"type":"Point","coordinates":[28.495,-20.09]}},{"type":"Feature","properties":{"kind":"label","name":"Rift Valley States","subjecto":"Rift Valley States","area":13.55},"geometry":{"type":"Point","coordinates":[30.763,-0.437]}},{"type":"Feature","properties":{"kind":"label","name":"India","subjecto":"British East India Company","area":11.5},"geometry":{"type":"Point","coordinates":[83.375,19.332]}},{"type":"Feature","properties":{"kind":"label","name":"Ambur","subjecto":"Ambur","area":2.52},"geometry":{"type":"Point","coordinates":[78.104,12.888]}},{"type":"Feature","properties":{"kind":"label","name":"Malabar","subjecto":"Netherlands","area":0.89},"geometry":{"type":"Point","coordinates":[76.431,10.59]}},{"type":"Feature","properties":{"kind":"label","name":"Cochin","subjecto":"Netherlands","area":1.01},"geometry":{"type":"Point","coordinates":[76.861,9.886]}},{"type":"Feature","properties":{"kind":"label","name":"Travancore","subjecto":"Netherlands","area":1.2},"geometry":{"type":"Point","coordinates":[77.18,8.924]}},{"type":"Feature","properties":{"kind":"label","name":"Mysore","subjecto":"Mysore","area":11.78},"geometry":{"type":"Point","coordinates":[75.85,13.669]}},{"type":"Feature","properties":{"kind":"label","name":"Kandy","subjecto":"Kandy","area":1.66},"geometry":{"type":"Point","coordinates":[80.779,7.584]}},{"type":"Feature","properties":{"kind":"label","name":"Carnatic","subjecto":"Carnatic","area":7.42},"geometry":{"type":"Point","coordinates":[79.096,10.86]}},{"type":"Feature","properties":{"kind":"label","name":"Madras","subjecto":"British East India Company","area":0.29},"geometry":{"type":"Point","coordinates":[80.014,12.71]}},{"type":"Feature","properties":{"kind":"label","name":"Gooty","subjecto":"Gooty","area":0.19},"geometry":{"type":"Point","coordinates":[77.386,14.762]}},{"type":"Feature","properties":{"kind":"label","name":"Golconda","subjecto":"Golconda","area":16.53},"geometry":{"type":"Point","coordinates":[79.328,17.763]}},{"type":"Feature","properties":{"kind":"label","name":"Portuguese East Africa","subjecto":"Portuguese East Africa","area":5.08},"geometry":{"type":"Point","coordinates":[35.726,-17.858]}},{"type":"Feature","properties":{"kind":"label","name":"Zanzibar","subjecto":"Zanzibar","area":18.38},"geometry":{"type":"Point","coordinates":[38.941,-7.181]}},{"type":"Feature","properties":{"kind":"label","name":"Funj","subjecto":"Funj","area":29.73},"geometry":{"type":"Point","coordinates":[32.32,18.21]}},{"type":"Feature","properties":{"kind":"label","name":"Awsa","subjecto":"Awsa","area":12.11},"geometry":{"type":"Point","coordinates":[41.114,12.349]}},{"type":"Feature","properties":{"kind":"label","name":"Ethiopia","subjecto":"Ethiopia","area":23.71},"geometry":{"type":"Point","coordinates":[37.855,12.896]}},{"type":"Feature","properties":{"kind":"label","name":"Oromo","subjecto":"Oromo","area":46.93},"geometry":{"type":"Point","coordinates":[39.46,3.725]}},{"type":"Feature","properties":{"kind":"label","name":"Mecklenburg-Strelitz","subjecto":"Mecklenburg-Strelitz","area":6.04},"geometry":{"type":"Point","coordinates":[9.722,52.641]}},{"type":"Feature","properties":{"kind":"label","name":"Bavaria","subjecto":"Bavaria","area":10.59},"geometry":{"type":"Point","coordinates":[10.5,50.078]}},{"type":"Feature","properties":{"kind":"label","name":"Mecklenburg-Schwerin","subjecto":"Mecklenburg-Schwerin","area":2.48},"geometry":{"type":"Point","coordinates":[12.341,53.676]}},{"type":"Feature","properties":{"kind":"label","name":"Thuringia","subjecto":"Thuringia","area":0.07},"geometry":{"type":"Point","coordinates":[10.418,51.756]}},{"type":"Feature","properties":{"kind":"label","name":"Saxony","subjecto":"Saxony","area":5.16},"geometry":{"type":"Point","coordinates":[12.435,51.225]}},{"type":"Feature","properties":{"kind":"label","name":"Persia","subjecto":"Persia","area":157.52},"geometry":{"type":"Point","coordinates":[55.115,31.944]}},{"type":"Feature","properties":{"kind":"label","name":"central Asian khanates","subjecto":"central Asian khanates","area":387.76},"geometry":{"type":"Point","coordinates":[67.272,47.655]}},{"type":"Feature","properties":{"kind":"label","name":"Poland","subjecto":"Poland","area":74},"geometry":{"type":"Point","coordinates":[25.866,53.882]}},{"type":"Feature","properties":{"kind":"label","name":"Maratha Confederacy","subjecto":"Maratha Confederacy","area":90.31},"geometry":{"type":"Point","coordinates":[80.498,22.471]}},{"type":"Feature","properties":{"kind":"label","name":"Bengal","subjecto":"British East India Company","area":32.47},"geometry":{"type":"Point","coordinates":[88.536,24.239]}},{"type":"Feature","properties":{"kind":"label","name":"Kingdom of Ireland","subjecto":"Kingdom of Ireland","area":10.65},"geometry":{"type":"Point","coordinates":[-7.573,53.397]}},{"type":"Feature","properties":{"kind":"label","name":"Guanches","subjecto":"Guanches","area":0.08},"geometry":{"type":"Point","coordinates":[-14.195,28.221]}},{"type":"Feature","properties":{"kind":"label","name":"Quebec","subjecto":"France","area":102},"geometry":{"type":"Point","coordinates":[-72.016,47.052]}},{"type":"Feature","properties":{"kind":"label","name":"Dominica","subjecto":"Dominica","area":0.05},"geometry":{"type":"Point","coordinates":[-61.353,15.394]}},{"type":"Feature","properties":{"kind":"label","name":"Anguilla","subjecto":"Anguilla","area":0},"geometry":{"type":"Point","coordinates":[-63.168,18.164]}},{"type":"Feature","properties":{"kind":"label","name":"Netherlands Antilles","subjecto":"Netherlands Antilles","area":0.03},"geometry":{"type":"Point","coordinates":[-69.045,12.237]}},{"type":"Feature","properties":{"kind":"label","name":"Saint Martin","subjecto":"Saint Martin","area":0},"geometry":{"type":"Point","coordinates":[-63.14,18.059]}},{"type":"Feature","properties":{"kind":"label","name":"Saint Barthelemy","subjecto":"Saint Barthelemy","area":0},"geometry":{"type":"Point","coordinates":[-63.14,18.016]}},{"type":"Feature","properties":{"kind":"label","name":"Polynesians","subjecto":"Polynesians","area":0.79},"geometry":{"type":"Point","coordinates":[-155.593,19.516]}},{"type":"Feature","properties":{"kind":"label","name":"Shuar","subjecto":"Shuar","area":1.33},"geometry":{"type":"Point","coordinates":[-77.882,-2.411]}},{"type":"Feature","properties":{"kind":"label","name":"Suspiaq","subjecto":"Suspiaq","area":6.76},"geometry":{"type":"Point","coordinates":[-156.609,58.13]}},{"type":"Feature","properties":{"kind":"label","name":"Yup'ik & Cup'ik","subjecto":"Yup'ik & Cup'ik","area":35.8},"geometry":{"type":"Point","coordinates":[-160.531,61.041]}},{"type":"Feature","properties":{"kind":"label","name":"Inupiaq","subjecto":"Inupiaq","area":118.82},"geometry":{"type":"Point","coordinates":[-157.955,67.476]}},{"type":"Feature","properties":{"kind":"label","name":"Eyaq","subjecto":"Eyaq","area":7.65},"geometry":{"type":"Point","coordinates":[-135.774,58.977]}},{"type":"Feature","properties":{"kind":"label","name":"Rupert's Land","subjecto":"Rupert's Land","area":1216.27},"geometry":{"type":"Point","coordinates":[-118.927,58.532]}},{"type":"Feature","properties":{"kind":"label","name":"Turks and Caicos Islands","subjecto":"Turks and Caicos Islands","area":0.01},"geometry":{"type":"Point","coordinates":[-71.848,21.776]}},{"type":"Feature","properties":{"kind":"label","name":"Bahamas","subjecto":"Bahamas","area":0.09},"geometry":{"type":"Point","coordinates":[-77.253,26.557]}},{"type":"Feature","properties":{"kind":"label","name":"Ceylon (Dutch)","subjecto":"Netherlands","area":4.79},"geometry":{"type":"Point","coordinates":[80.46,8.802]}},{"type":"Feature","properties":{"kind":"label","name":"United States of America","subjecto":"United States of America","area":247.08},"geometry":{"type":"Point","coordinates":[-84.019,36.387]}},{"type":"Feature","properties":{"kind":"label","name":"Nepal","subjecto":"Nepal","area":19.33},"geometry":{"type":"Point","coordinates":[82.75,28.708]}},{"type":"Feature","properties":{"kind":"label","name":"Luisiana","subjecto":"France","area":333.57},"geometry":{"type":"Point","coordinates":[-100.504,40.487]}},{"type":"Feature","properties":{"kind":"label","name":"Geneva","subjecto":"Geneva","area":0.01},"geometry":{"type":"Point","coordinates":[5.941,46.176]}},{"type":"Feature","properties":{"kind":"label","name":"France","subjecto":"France","area":62.47},"geometry":{"type":"Point","coordinates":[2.4,46.593]}},{"type":"Feature","properties":{"kind":"label","name":"Milano (Austria)","subjecto":"Austria","area":1.51},"geometry":{"type":"Point","coordinates":[9.239,45.536]}},{"type":"Feature","properties":{"kind":"label","name":"Austrian Empire","subjecto":"Austrian Empire","area":74.72},"geometry":{"type":"Point","coordinates":[20.711,47.736]}},{"type":"Feature","properties":{"kind":"label","name":"Kingdom of Sardinia","subjecto":"Kingdom of Sardinia","area":5.31},"geometry":{"type":"Point","coordinates":[7.793,44.946]}},{"type":"Feature","properties":{"kind":"label","name":"Republic of the Seven Zenden","subjecto":"Republic of the Seven Zenden","area":0.57},"geometry":{"type":"Point","coordinates":[7.478,46.181]}},{"type":"Feature","properties":{"kind":"label","name":"Swiss Confederation","subjecto":"Swiss Confederation","area":4.15},"geometry":{"type":"Point","coordinates":[8.759,47.006]}},{"type":"Feature","properties":{"kind":"label","name":"Baden","subjecto":"Baden","area":1.53},"geometry":{"type":"Point","coordinates":[8.078,48.029]}},{"type":"Feature","properties":{"kind":"label","name":"Württemberg","subjecto":"Württemberg","area":1.41},"geometry":{"type":"Point","coordinates":[9.13,48.241]}},{"type":"Feature","properties":{"kind":"label","name":"Athabascan","subjecto":"Athabascan","area":87.44},"geometry":{"type":"Point","coordinates":[-149.424,63.328]}},{"type":"Feature","properties":{"kind":"label","name":"T'atsaot'ine","subjecto":"T'atsaot'ine","area":113.36},"geometry":{"type":"Point","coordinates":[-70.152,65.926]}},{"type":"Feature","properties":{"kind":"label","name":"Patagonian shellfish and marine mammal hunters","subjecto":"Patagonian shellfish and marine mammal hunters","area":23.18},"geometry":{"type":"Point","coordinates":[-72.933,-49.405]}},{"type":"Feature","properties":{"kind":"label","name":"Amazon hunter-gatherers","subjecto":"Amazon hunter-gatherers","area":1.61},"geometry":{"type":"Point","coordinates":[-57.371,2.352]}},{"type":"Feature","properties":{"kind":"label","name":"Pampas cultures","subjecto":"Pampas cultures","area":60.74},"geometry":{"type":"Point","coordinates":[-67.941,-42.729]}},{"type":"Feature","properties":{"kind":"label","name":"Savanna hunter-gatherers","subjecto":"Savanna hunter-gatherers","area":0.09},"geometry":{"type":"Point","coordinates":[-50.881,-30.827]}},{"type":"Feature","properties":{"kind":"label","name":"Kalaako/Malpa","subjecto":"Kalaako/Malpa","area":6.03},"geometry":{"type":"Point","coordinates":[121.768,-32.054]}},{"type":"Feature","properties":{"kind":"label","name":"Kadjerong","subjecto":"Kadjerong","area":0.48},"geometry":{"type":"Point","coordinates":[128.319,-15.36]}},{"type":"Feature","properties":{"kind":"label","name":"Eora","subjecto":"Eora","area":0.08},"geometry":{"type":"Point","coordinates":[151.115,-33.869]}},{"type":"Feature","properties":{"kind":"label","name":"Gooniyandi","subjecto":"Gooniyandi","area":0.93},"geometry":{"type":"Point","coordinates":[126.134,-18.502]}},{"type":"Feature","properties":{"kind":"label","name":"Pinikura","subjecto":"Pinikura","area":0.49},"geometry":{"type":"Point","coordinates":[116.42,-22.665]}},{"type":"Feature","properties":{"kind":"label","name":"Yiiji","subjecto":"Yiiji","area":0.22},"geometry":{"type":"Point","coordinates":[127.8,-15.414]}},{"type":"Feature","properties":{"kind":"label","name":"Ganggalida","subjecto":"Ganggalida","area":1.12},"geometry":{"type":"Point","coordinates":[138.656,-17.455]}},{"type":"Feature","properties":{"kind":"label","name":"Umpila","subjecto":"Umpila","area":0.06},"geometry":{"type":"Point","coordinates":[143.406,-13.596]}},{"type":"Feature","properties":{"kind":"label","name":"Martuthunira","subjecto":"Martuthunira","area":0.4},"geometry":{"type":"Point","coordinates":[116.689,-21.093]}},{"type":"Feature","properties":{"kind":"label","name":"Awngthim","subjecto":"Awngthim","area":0.1},"geometry":{"type":"Point","coordinates":[141.973,-12.703]}},{"type":"Feature","properties":{"kind":"label","name":"Kuyani","subjecto":"Kuyani","area":3.05},"geometry":{"type":"Point","coordinates":[137.984,-30.257]}},{"type":"Feature","properties":{"kind":"label","name":"Yinhawangka","subjecto":"Yinhawangka","area":1.21},"geometry":{"type":"Point","coordinates":[117.801,-23.539]}},{"type":"Feature","properties":{"kind":"label","name":"Wangkumara","subjecto":"Wangkumara","area":3.79},"geometry":{"type":"Point","coordinates":[142.681,-27.293]}},{"type":"Feature","properties":{"kind":"label","name":"Nari Nari","subjecto":"Nari Nari","area":0.57},"geometry":{"type":"Point","coordinates":[144.297,-34.44]}},{"type":"Feature","properties":{"kind":"label","name":"Wambaya","subjecto":"Wambaya","area":1.66},"geometry":{"type":"Point","coordinates":[135.907,-18.156]}},{"type":"Feature","properties":{"kind":"label","name":"Wailwan","subjecto":"Wailwan","area":3.85},"geometry":{"type":"Point","coordinates":[147.801,-30.867]}},{"type":"Feature","properties":{"kind":"label","name":"Dainggatti","subjecto":"Dainggatti","area":0.84},"geometry":{"type":"Point","coordinates":[152.312,-30.884]}},{"type":"Feature","properties":{"kind":"label","name":"Andegerebenha","subjecto":"Andegerebenha","area":2.54},"geometry":{"type":"Point","coordinates":[137.584,-22.572]}},{"type":"Feature","properties":{"kind":"label","name":"Jabirrjabirr","subjecto":"Jabirrjabirr","area":0.23},"geometry":{"type":"Point","coordinates":[122.561,-17.203]}},{"type":"Feature","properties":{"kind":"label","name":"Kuwarra","subjecto":"Kuwarra","area":4.4},"geometry":{"type":"Point","coordinates":[119.813,-28.092]}},{"type":"Feature","properties":{"kind":"label","name":"Payungu","subjecto":"Payungu","area":1.06},"geometry":{"type":"Point","coordinates":[114.23,-23.355]}},{"type":"Feature","properties":{"kind":"label","name":"Wakaya","subjecto":"Wakaya","area":5.04},"geometry":{"type":"Point","coordinates":[136.687,-19.864]}},{"type":"Feature","properties":{"kind":"label","name":"Madi Madi","subjecto":"Madi Madi","area":0.89},"geometry":{"type":"Point","coordinates":[143.572,-34.088]}},{"type":"Feature","properties":{"kind":"label","name":"Gunu","subjecto":"Gunu","area":0.89},"geometry":{"type":"Point","coordinates":[145.391,-29.597]}},{"type":"Feature","properties":{"kind":"label","name":"Maya","subjecto":"Maya","area":1.52},"geometry":{"type":"Point","coordinates":[113.889,-24.296]}},{"type":"Feature","properties":{"kind":"label","name":"Dyungungoo (Gubbi Gubbi)","subjecto":"Dyungungoo (Gubbi Gubbi)","area":1.54},"geometry":{"type":"Point","coordinates":[152.261,-25.647]}},{"type":"Feature","properties":{"kind":"label","name":"Jawoyn","subjecto":"Jawoyn","area":1.99},"geometry":{"type":"Point","coordinates":[132.842,-14.111]}},{"type":"Feature","properties":{"kind":"label","name":"Nguburinji","subjecto":"Nguburinji","area":1.3},"geometry":{"type":"Point","coordinates":[138.838,-18.488]}},{"type":"Feature","properties":{"kind":"label","name":"Warumungu","subjecto":"Warumungu","area":7.53},"geometry":{"type":"Point","coordinates":[134.803,-19.067]}},{"type":"Feature","properties":{"kind":"label","name":"Luritja","subjecto":"Luritja","area":6.08},"geometry":{"type":"Point","coordinates":[131.947,-24.841]}},{"type":"Feature","properties":{"kind":"label","name":"Dja Dja Wurrung","subjecto":"Dja Dja Wurrung","area":1.79},"geometry":{"type":"Point","coordinates":[143.831,-36.731]}},{"type":"Feature","properties":{"kind":"label","name":"Kaytej","subjecto":"Kaytej","area":5.1},"geometry":{"type":"Point","coordinates":[134.258,-21.468]}},{"type":"Feature","properties":{"kind":"label","name":"Minang","subjecto":"Minang","area":1.8},"geometry":{"type":"Point","coordinates":[117.721,-34.736]}},{"type":"Feature","properties":{"kind":"label","name":"Malkana","subjecto":"Malkana","area":0.73},"geometry":{"type":"Point","coordinates":[114.404,-26.089]}},{"type":"Feature","properties":{"kind":"label","name":"Yir Yoront","subjecto":"Yir Yoront","area":0.01},"geometry":{"type":"Point","coordinates":[141.722,-15.285]}},{"type":"Feature","properties":{"kind":"label","name":"Yawuru","subjecto":"Yawuru","area":0},"geometry":{"type":"Point","coordinates":[122.224,-18.183]}},{"type":"Feature","properties":{"kind":"label","name":"Karangura","subjecto":"Karangura","area":0.46},"geometry":{"type":"Point","coordinates":[138.478,-26.183]}},{"type":"Feature","properties":{"kind":"label","name":"Kaniyang","subjecto":"Kaniyang","area":1.57},"geometry":{"type":"Point","coordinates":[116.81,-33.81]}},{"type":"Feature","properties":{"kind":"label","name":"Meru","subjecto":"Meru","area":3.57},"geometry":{"type":"Point","coordinates":[140.328,-33.956]}},{"type":"Feature","properties":{"kind":"label","name":"Yilba","subjecto":"Yilba","area":1.49},"geometry":{"type":"Point","coordinates":[145.977,-21.049]}},{"type":"Feature","properties":{"kind":"label","name":"Ngarinman","subjecto":"Ngarinman","area":1.84},"geometry":{"type":"Point","coordinates":[129.97,-16.396]}},{"type":"Feature","properties":{"kind":"label","name":"Yawarawarka","subjecto":"Yawarawarka","area":2.33},"geometry":{"type":"Point","coordinates":[140.87,-26.921]}},{"type":"Feature","properties":{"kind":"label","name":"Jukun","subjecto":"Jukun","area":0.14},"geometry":{"type":"Point","coordinates":[122.33,-17.887]}},{"type":"Feature","properties":{"kind":"label","name":"Nakara","subjecto":"Nakara","area":0.01},"geometry":{"type":"Point","coordinates":[134.398,-12.135]}},{"type":"Feature","properties":{"kind":"label","name":"Mara","subjecto":"Mara","area":0.74},"geometry":{"type":"Point","coordinates":[135.163,-14.983]}},{"type":"Feature","properties":{"kind":"label","name":"Maranunggu","subjecto":"Maranunggu","area":0.06},"geometry":{"type":"Point","coordinates":[130.207,-13.745]}},{"type":"Feature","properties":{"kind":"label","name":"Dharawala","subjecto":"Dharawala","area":5.11},"geometry":{"type":"Point","coordinates":[144.72,-25.669]}},{"type":"Feature","properties":{"kind":"label","name":"Thiin","subjecto":"Thiin","area":1.47},"geometry":{"type":"Point","coordinates":[116.713,-23.772]}},{"type":"Feature","properties":{"kind":"label","name":"Doolboong/Miriwoong","subjecto":"Doolboong/Miriwoong","area":1.55},"geometry":{"type":"Point","coordinates":[128.993,-15.699]}},{"type":"Feature","properties":{"kind":"label","name":"Warlpiri","subjecto":"Warlpiri","area":12.11},"geometry":{"type":"Point","coordinates":[131.661,-20.769]}},{"type":"Feature","properties":{"kind":"label","name":"Kuungkari","subjecto":"Kuungkari","area":2.8},"geometry":{"type":"Point","coordinates":[143.876,-24.422]}},{"type":"Feature","properties":{"kind":"label","name":"Kureinji","subjecto":"Kureinji","area":0.83},"geometry":{"type":"Point","coordinates":[142.57,-34.229]}},{"type":"Feature","properties":{"kind":"label","name":"Dadi Dadi","subjecto":"Dadi Dadi","area":0.12},"geometry":{"type":"Point","coordinates":[143.1,-34.657]}},{"type":"Feature","properties":{"kind":"label","name":"Kaurna Pangkarra","subjecto":"Kaurna Pangkarra","area":0.72},"geometry":{"type":"Point","coordinates":[138.293,-33.991]}},{"type":"Feature","properties":{"kind":"label","name":"Walmatjarri","subjecto":"Walmatjarri","area":2.99},"geometry":{"type":"Point","coordinates":[125.818,-19.61]}},{"type":"Feature","properties":{"kind":"label","name":"Waka Waka","subjecto":"Waka Waka","area":1.81},"geometry":{"type":"Point","coordinates":[151.421,-25.693]}},{"type":"Feature","properties":{"kind":"label","name":"Thaayorre","subjecto":"Thaayorre","area":0.27},"geometry":{"type":"Point","coordinates":[141.768,-14.738]}},{"type":"Feature","properties":{"kind":"label","name":"Jaburrara","subjecto":"Jaburrara","area":0},"geometry":{"type":"Point","coordinates":[116.774,-20.797]}},{"type":"Feature","properties":{"kind":"label","name":"Nyaki-nyaki","subjecto":"Nyaki-nyaki","area":4.29},"geometry":{"type":"Point","coordinates":[118.584,-32.258]}},{"type":"Feature","properties":{"kind":"label","name":"Yorta Yorta","subjecto":"Yorta Yorta","area":0.77},"geometry":{"type":"Point","coordinates":[144.908,-35.811]}},{"type":"Feature","properties":{"kind":"label","name":"Ngarigo","subjecto":"Ngarigo","area":3.21},"geometry":{"type":"Point","coordinates":[148.648,-36.217]}},{"type":"Feature","properties":{"kind":"label","name":"Muruwari","subjecto":"Muruwari","area":1.99},"geometry":{"type":"Point","coordinates":[146.347,-29.128]}},{"type":"Feature","properties":{"kind":"label","name":"Ngarluma","subjecto":"Ngarluma","area":0.43},"geometry":{"type":"Point","coordinates":[117.706,-21.016]}},{"type":"Feature","properties":{"kind":"label","name":"Mbara","subjecto":"Mbara","area":1.74},"geometry":{"type":"Point","coordinates":[143.431,-20.065]}},{"type":"Feature","properties":{"kind":"label","name":"Gumbainggir","subjecto":"Gumbainggir","area":1.68},"geometry":{"type":"Point","coordinates":[152.409,-30.003]}},{"type":"Feature","properties":{"kind":"label","name":"Yinwum","subjecto":"Yinwum","area":0.21},"geometry":{"type":"Point","coordinates":[142.784,-12.916]}},{"type":"Feature","properties":{"kind":"label","name":"Marramaninjsji","subjecto":"Marramaninjsji","area":0.03},"geometry":{"type":"Point","coordinates":[130.223,-14.066]}},{"type":"Feature","properties":{"kind":"label","name":"Barna","subjecto":"Barna","area":0.83},"geometry":{"type":"Point","coordinates":[148.159,-22.156]}},{"type":"Feature","properties":{"kind":"label","name":"Uutaalnganu","subjecto":"Uutaalnganu","area":0.11},"geometry":{"type":"Point","coordinates":[143.324,-13.1]}},{"type":"Feature","properties":{"kind":"label","name":"Wergaia","subjecto":"Wergaia","area":4.31},"geometry":{"type":"Point","coordinates":[142.07,-35.526]}},{"type":"Feature","properties":{"kind":"label","name":"Punuba","subjecto":"Punuba","area":0.5},"geometry":{"type":"Point","coordinates":[125.801,-17.763]}},{"type":"Feature","properties":{"kind":"label","name":"Warlmanpa","subjecto":"Warlmanpa","area":3.09},"geometry":{"type":"Point","coordinates":[132.534,-18.496]}},{"type":"Feature","properties":{"kind":"label","name":"Nguri","subjecto":"Nguri","area":1},"geometry":{"type":"Point","coordinates":[147.838,-25.649]}},{"type":"Feature","properties":{"kind":"label","name":"Gunggari","subjecto":"Gunggari","area":3.69},"geometry":{"type":"Point","coordinates":[147.69,-26.816]}},{"type":"Feature","properties":{"kind":"label","name":"Nganyaywana","subjecto":"Nganyaywana","area":1.21},"geometry":{"type":"Point","coordinates":[151.391,-30.598]}},{"type":"Feature","properties":{"kind":"label","name":"Worla","subjecto":"Worla","area":1.84},"geometry":{"type":"Point","coordinates":[126.505,-17.232]}},{"type":"Feature","properties":{"kind":"label","name":"Kalkadoon","subjecto":"Kalkadoon","area":2.11},"geometry":{"type":"Point","coordinates":[139.703,-20.903]}},{"type":"Feature","properties":{"kind":"label","name":"Tjupany","subjecto":"Tjupany","area":4.19},"geometry":{"type":"Point","coordinates":[119.293,-26.554]}},{"type":"Feature","properties":{"kind":"label","name":"Wunumara","subjecto":"Wunumara","area":3.74},"geometry":{"type":"Point","coordinates":[141.276,-21.059]}},{"type":"Feature","properties":{"kind":"label","name":"Yankuntjatjara","subjecto":"Yankuntjatjara","area":5.95},"geometry":{"type":"Point","coordinates":[131.974,-27.063]}},{"type":"Feature","properties":{"kind":"label","name":"Nakako","subjecto":"Nakako","area":5.84},"geometry":{"type":"Point","coordinates":[128.18,-27.411]}},{"type":"Feature","properties":{"kind":"label","name":"Jaitmatang","subjecto":"Jaitmatang","area":1.39},"geometry":{"type":"Point","coordinates":[147.77,-36.46]}},{"type":"Feature","properties":{"kind":"label","name":"Mandjindja","subjecto":"Mandjindja","area":6.41},"geometry":{"type":"Point","coordinates":[126.113,-27.467]}},{"type":"Feature","properties":{"kind":"label","name":"Ngalea","subjecto":"Ngalea","area":4.05},"geometry":{"type":"Point","coordinates":[129.063,-29.182]}},{"type":"Feature","properties":{"kind":"label","name":"Wurundjeri","subjecto":"Wurundjeri","area":1.75},"geometry":{"type":"Point","coordinates":[144.745,-37.488]}},{"type":"Feature","properties":{"kind":"label","name":"Kariyarra","subjecto":"Kariyarra","area":1.06},"geometry":{"type":"Point","coordinates":[118.379,-20.95]}},{"type":"Feature","properties":{"kind":"label","name":"Gadubanud","subjecto":"Gadubanud","area":0.15},"geometry":{"type":"Point","coordinates":[143.585,-38.753]}},{"type":"Feature","properties":{"kind":"label","name":"Ngurraiillam","subjecto":"Ngurraiillam","area":0.49},"geometry":{"type":"Point","coordinates":[145.13,-36.383]}},{"type":"Feature","properties":{"kind":"label","name":"Nyul Nyul","subjecto":"Nyul Nyul","area":0.12},"geometry":{"type":"Point","coordinates":[122.811,-16.886]}},{"type":"Feature","properties":{"kind":"label","name":"Taungurung","subjecto":"Taungurung","area":1.95},"geometry":{"type":"Point","coordinates":[145.729,-36.918]}},{"type":"Feature","properties":{"kind":"label","name":"Antakarinja","subjecto":"Antakarinja","area":5.01},"geometry":{"type":"Point","coordinates":[134.144,-27.527]}},{"type":"Feature","properties":{"kind":"label","name":"Karangpurru","subjecto":"Karangpurru","area":0.75},"geometry":{"type":"Point","coordinates":[131.676,-16.115]}},{"type":"Feature","properties":{"kind":"label","name":"Kurrama","subjecto":"Kurrama","area":2.2},"geometry":{"type":"Point","coordinates":[116.563,-21.898]}},{"type":"Feature","properties":{"kind":"label","name":"Karuwali","subjecto":"Karuwali","area":2.89},"geometry":{"type":"Point","coordinates":[141.269,-24.624]}},{"type":"Feature","properties":{"kind":"label","name":"Kunjen","subjecto":"Kunjen","area":3.95},"geometry":{"type":"Point","coordinates":[142.488,-15.531]}},{"type":"Feature","properties":{"kind":"label","name":"Gabalbara","subjecto":"Gabalbara","area":1.04},"geometry":{"type":"Point","coordinates":[148.607,-22.86]}},{"type":"Feature","properties":{"kind":"label","name":"Narangga","subjecto":"Narangga","area":0.35},"geometry":{"type":"Point","coordinates":[137.586,-35.062]}},{"type":"Feature","properties":{"kind":"label","name":"Nana","subjecto":"Nana","area":3.07},"geometry":{"type":"Point","coordinates":[121.824,-26.905]}},{"type":"Feature","properties":{"kind":"label","name":"Yuggera","subjecto":"Yuggera","area":0.04},"geometry":{"type":"Point","coordinates":[152.709,-27.598]}},{"type":"Feature","properties":{"kind":"label","name":"Barindji","subjecto":"Barindji","area":2.83},"geometry":{"type":"Point","coordinates":[143.359,-32.985]}},{"type":"Feature","properties":{"kind":"label","name":"Gunibidji","subjecto":"Gunibidji","area":0.03},"geometry":{"type":"Point","coordinates":[134.09,-12.177]}},{"type":"Feature","properties":{"kind":"label","name":"Mangarayi","subjecto":"Mangarayi","area":0.42},"geometry":{"type":"Point","coordinates":[133.612,-14.716]}},{"type":"Feature","properties":{"kind":"label","name":"Bundjalung","subjecto":"Bundjalung","area":2.32},"geometry":{"type":"Point","coordinates":[152.696,-28.697]}},{"type":"Feature","properties":{"kind":"label","name":"Yuat","subjecto":"Yuat","area":1.81},"geometry":{"type":"Point","coordinates":[115.965,-30.738]}},{"type":"Feature","properties":{"kind":"label","name":"Ngunawal","subjecto":"Ngunawal","area":1.15},"geometry":{"type":"Point","coordinates":[148.401,-34.783]}},{"type":"Feature","properties":{"kind":"label","name":"Mayi-Thakurti","subjecto":"Mayi-Thakurti","area":0.96},"geometry":{"type":"Point","coordinates":[140.656,-20.067]}},{"type":"Feature","properties":{"kind":"label","name":"Teppathiggi","subjecto":"Teppathiggi","area":0.05},"geometry":{"type":"Point","coordinates":[142.027,-12.078]}},{"type":"Feature","properties":{"kind":"label","name":"Binbinga","subjecto":"Binbinga","area":1.33},"geometry":{"type":"Point","coordinates":[136.126,-16.238]}},{"type":"Feature","properties":{"kind":"label","name":"Gunindiri","subjecto":"Gunindiri","area":1.08},"geometry":{"type":"Point","coordinates":[136.287,-17.459]}},{"type":"Feature","properties":{"kind":"label","name":"Yirandali","subjecto":"Yirandali","area":4.26},"geometry":{"type":"Point","coordinates":[144.629,-21.209]}},{"type":"Feature","properties":{"kind":"label","name":"Wargamaygan","subjecto":"Wargamaygan","area":0.31},"geometry":{"type":"Point","coordinates":[145.733,-18.306]}},{"type":"Feature","properties":{"kind":"label","name":"Bandjigali","subjecto":"Bandjigali","area":2.48},"geometry":{"type":"Point","coordinates":[142.55,-30.305]}},{"type":"Feature","properties":{"kind":"label","name":"Gangulu","subjecto":"Gangulu","area":2.22},"geometry":{"type":"Point","coordinates":[150.218,-24.219]}},{"type":"Feature","properties":{"kind":"label","name":"Wajuk","subjecto":"Wajuk","area":0.86},"geometry":{"type":"Point","coordinates":[116.096,-31.891]}},{"type":"Feature","properties":{"kind":"label","name":"Mayi-Kulan","subjecto":"Mayi-Kulan","area":2.02},"geometry":{"type":"Point","coordinates":[141.507,-18.802]}},{"type":"Feature","properties":{"kind":"label","name":"Jingili","subjecto":"Jingili","area":1.84},"geometry":{"type":"Point","coordinates":[133.919,-17.47]}},{"type":"Feature","properties":{"kind":"label","name":"Kuku-yalanji","subjecto":"Kuku-yalanji","area":1.76},"geometry":{"type":"Point","coordinates":[144.669,-16.628]}},{"type":"Feature","properties":{"kind":"label","name":"Mpalitjanh","subjecto":"Mpalitjanh","area":0.28},"geometry":{"type":"Point","coordinates":[142.586,-12.183]}},{"type":"Feature","properties":{"kind":"label","name":"Nhuwala","subjecto":"Nhuwala","area":1.2},"geometry":{"type":"Point","coordinates":[115.516,-21.939]}},{"type":"Feature","properties":{"kind":"label","name":"Yiman","subjecto":"Yiman","area":1.11},"geometry":{"type":"Point","coordinates":[149.52,-25.606]}},{"type":"Feature","properties":{"kind":"label","name":"Jaru","subjecto":"Jaru","area":3.43},"geometry":{"type":"Point","coordinates":[128.362,-18.541]}},{"type":"Feature","properties":{"kind":"label","name":"Ngan’gikurunggurr","subjecto":"Ngan’gikurunggurr","area":0.06},"geometry":{"type":"Point","coordinates":[129.965,-14.231]}},{"type":"Feature","properties":{"kind":"label","name":"Yitha Yitha","subjecto":"Yitha Yitha","area":1.27},"geometry":{"type":"Point","coordinates":[144.353,-33.596]}},{"type":"Feature","properties":{"kind":"label","name":"Mbeiwum","subjecto":"Mbeiwum","area":0.13},"geometry":{"type":"Point","coordinates":[142.17,-13.014]}},{"type":"Feature","properties":{"kind":"label","name":"Limilngan","subjecto":"Limilngan","area":0.31},"geometry":{"type":"Point","coordinates":[131.915,-12.626]}},{"type":"Feature","properties":{"kind":"label","name":"Kalaamaya","subjecto":"Kalaamaya","area":9.55},"geometry":{"type":"Point","coordinates":[118.793,-29.818]}},{"type":"Feature","properties":{"kind":"label","name":"Jiwarli","subjecto":"Jiwarli","area":0.71},"geometry":{"type":"Point","coordinates":[117.451,-23.593]}},{"type":"Feature","properties":{"kind":"label","name":"Wunambul","subjecto":"Wunambul","area":0.7},"geometry":{"type":"Point","coordinates":[125.6,-15.083]}},{"type":"Feature","properties":{"kind":"label","name":"Yalarrnga","subjecto":"Yalarrnga","area":0.69},"geometry":{"type":"Point","coordinates":[139.644,-21.802]}},{"type":"Feature","properties":{"kind":"label","name":"Mudburra","subjecto":"Mudburra","area":3},"geometry":{"type":"Point","coordinates":[132.292,-17.133]}},{"type":"Feature","properties":{"kind":"label","name":"Nawu","subjecto":"Nawu","area":3.09},"geometry":{"type":"Point","coordinates":[135.84,-34.149]}},{"type":"Feature","properties":{"kind":"label","name":"Ngalkbun","subjecto":"Ngalkbun","area":0.6},"geometry":{"type":"Point","coordinates":[134.858,-13.474]}},{"type":"Feature","properties":{"kind":"label","name":"Mithaka","subjecto":"Mithaka","area":1.09},"geometry":{"type":"Point","coordinates":[140.324,-24.937]}},{"type":"Feature","properties":{"kind":"label","name":"Wadjigu","subjecto":"Wadjigu","area":0.95},"geometry":{"type":"Point","coordinates":[149.404,-24.663]}},{"type":"Feature","properties":{"kind":"label","name":"Nukunu","subjecto":"Nukunu","area":0.55},"geometry":{"type":"Point","coordinates":[138.078,-32.587]}},{"type":"Feature","properties":{"kind":"label","name":"Barundji","subjecto":"Barundji","area":5.02},"geometry":{"type":"Point","coordinates":[144.163,-30.724]}},{"type":"Feature","properties":{"kind":"label","name":"Badtjala","subjecto":"Badtjala","area":0.16},"geometry":{"type":"Point","coordinates":[152.773,-25.741]}},{"type":"Feature","properties":{"kind":"label","name":"Ngalawangka","subjecto":"Ngalawangka","area":1.58},"geometry":{"type":"Point","coordinates":[119.315,-24.143]}},{"type":"Feature","properties":{"kind":"label","name":"Birria","subjecto":"Birria","area":4.03},"geometry":{"type":"Point","coordinates":[142.662,-25.363]}},{"type":"Feature","properties":{"kind":"label","name":"Mangala","subjecto":"Mangala","area":3.57},"geometry":{"type":"Point","coordinates":[124.185,-19.53]}},{"type":"Feature","properties":{"kind":"label","name":"Bukurnidja","subjecto":"Bukurnidja","area":0.03},"geometry":{"type":"Point","coordinates":[132.759,-12.722]}},{"type":"Feature","properties":{"kind":"label","name":"Wangkathaa","subjecto":"Wangkathaa","area":6.1},"geometry":{"type":"Point","coordinates":[121.948,-29.952]}},{"type":"Feature","properties":{"kind":"label","name":"Banggarla","subjecto":"Banggarla","area":5.42},"geometry":{"type":"Point","coordinates":[136.63,-32.693]}},{"type":"Feature","properties":{"kind":"label","name":"Ngambri","subjecto":"Ngambri","area":0.86},"geometry":{"type":"Point","coordinates":[148.931,-35.258]}},{"type":"Feature","properties":{"kind":"label","name":"Maiawali","subjecto":"Maiawali","area":4.4},"geometry":{"type":"Point","coordinates":[141.449,-23.346]}},{"type":"Feature","properties":{"kind":"label","name":"Waanyi","subjecto":"Waanyi","area":1.62},"geometry":{"type":"Point","coordinates":[137.605,-17.954]}},{"type":"Feature","properties":{"kind":"label","name":"Wadigali","subjecto":"Wadigali","area":1.77},"geometry":{"type":"Point","coordinates":[141.562,-29.227]}},{"type":"Feature","properties":{"kind":"label","name":"Guringai","subjecto":"Guringai","area":0.25},"geometry":{"type":"Point","coordinates":[151.261,-33.441]}},{"type":"Feature","properties":{"kind":"label","name":"Tharrgari","subjecto":"Tharrgari","area":1.19},"geometry":{"type":"Point","coordinates":[115.251,-24.032]}},{"type":"Feature","properties":{"kind":"label","name":"Mbabaram","subjecto":"Mbabaram","area":0.13},"geometry":{"type":"Point","coordinates":[145.046,-17.463]}},{"type":"Feature","properties":{"kind":"label","name":"Worora","subjecto":"Worora","area":0.82},"geometry":{"type":"Point","coordinates":[125.149,-15.649]}},{"type":"Feature","properties":{"kind":"label","name":"Gureng Gureng","subjecto":"Gureng Gureng","area":1.73},"geometry":{"type":"Point","coordinates":[151.331,-24.551]}},{"type":"Feature","properties":{"kind":"label","name":"Bularnu","subjecto":"Bularnu","area":2.3},"geometry":{"type":"Point","coordinates":[137.85,-21.224]}},{"type":"Feature","properties":{"kind":"label","name":"Nyikina","subjecto":"Nyikina","area":2.69},"geometry":{"type":"Point","coordinates":[123.913,-17.865]}},{"type":"Feature","properties":{"kind":"label","name":"Djabwurung","subjecto":"Djabwurung","area":0.78},"geometry":{"type":"Point","coordinates":[142.807,-37.348]}},{"type":"Feature","properties":{"kind":"label","name":"Unggarangi","subjecto":"Unggarangi","area":0.07},"geometry":{"type":"Point","coordinates":[123.705,-16.634]}},{"type":"Feature","properties":{"kind":"label","name":"Nimanburu","subjecto":"Nimanburu","area":0.57},"geometry":{"type":"Point","coordinates":[123.141,-17.449]}},{"type":"Feature","properties":{"kind":"label","name":"Garawa","subjecto":"Garawa","area":1.82},"geometry":{"type":"Point","coordinates":[137.32,-16.864]}},{"type":"Feature","properties":{"kind":"label","name":"Wandjiwalgu","subjecto":"Wandjiwalgu","area":0.57},"geometry":{"type":"Point","coordinates":[142.856,-31.118]}},{"type":"Feature","properties":{"kind":"label","name":"Wakabunga","subjecto":"Wakabunga","area":2.62},"geometry":{"type":"Point","coordinates":[138.329,-19.295]}},{"type":"Feature","properties":{"kind":"label","name":"Kokatha","subjecto":"Kokatha","area":15.33},"geometry":{"type":"Point","coordinates":[132.862,-29.393]}},{"type":"Feature","properties":{"kind":"label","name":"Winda Winda","subjecto":"Winda Winda","area":0.14},"geometry":{"type":"Point","coordinates":[141.788,-13.301]}},{"type":"Feature","properties":{"kind":"label","name":"Margany","subjecto":"Margany","area":2.45},"geometry":{"type":"Point","coordinates":[144.396,-27.29]}},{"type":"Feature","properties":{"kind":"label","name":"Gunbalang","subjecto":"Gunbalang","area":0.05},"geometry":{"type":"Point","coordinates":[133.919,-12.123]}},{"type":"Feature","properties":{"kind":"label","name":"Badimaya","subjecto":"Badimaya","area":2.93},"geometry":{"type":"Point","coordinates":[117.862,-27.882]}},{"type":"Feature","properties":{"kind":"label","name":"Kungarakany","subjecto":"Kungarakany","area":0.26},"geometry":{"type":"Point","coordinates":[130.996,-13.218]}},{"type":"Feature","properties":{"kind":"label","name":"Ngalakan","subjecto":"Ngalakan","area":0.92},"geometry":{"type":"Point","coordinates":[133.874,-14.289]}},{"type":"Feature","properties":{"kind":"label","name":"Mirning","subjecto":"Mirning","area":10.67},"geometry":{"type":"Point","coordinates":[127.156,-31.314]}},{"type":"Feature","properties":{"kind":"label","name":"Worimi","subjecto":"Worimi","area":0.62},"geometry":{"type":"Point","coordinates":[152.008,-32.437]}},{"type":"Feature","properties":{"kind":"label","name":"Kokomini","subjecto":"Kokomini","area":0.71},"geometry":{"type":"Point","coordinates":[143.339,-16.297]}},{"type":"Feature","properties":{"kind":"label","name":"Arabana","subjecto":"Arabana","area":5.24},"geometry":{"type":"Point","coordinates":[135.8,-28.55]}},{"type":"Feature","properties":{"kind":"label","name":"Nunggubuyu","subjecto":"Nunggubuyu","area":0.36},"geometry":{"type":"Point","coordinates":[135.652,-13.93]}},{"type":"Feature","properties":{"kind":"label","name":"Nungali","subjecto":"Nungali","area":0.31},"geometry":{"type":"Point","coordinates":[131.007,-15.522]}},{"type":"Feature","properties":{"kind":"label","name":"Wangan","subjecto":"Wangan","area":0.64},"geometry":{"type":"Point","coordinates":[147.514,-22.867]}},{"type":"Feature","properties":{"kind":"label","name":"Mandandanji","subjecto":"Mandandanji","area":1.88},"geometry":{"type":"Point","coordinates":[149.073,-26.869]}},{"type":"Feature","properties":{"kind":"label","name":"Bindjali","subjecto":"Bindjali","area":0.57},"geometry":{"type":"Point","coordinates":[140.601,-36.584]}},{"type":"Feature","properties":{"kind":"label","name":"Mayi-Kutuna","subjecto":"Mayi-Kutuna","area":1.53},"geometry":{"type":"Point","coordinates":[139.683,-19.127]}},{"type":"Feature","properties":{"kind":"label","name":"Yindjibarndi","subjecto":"Yindjibarndi","area":1.48},"geometry":{"type":"Point","coordinates":[117.838,-21.662]}},{"type":"Feature","properties":{"kind":"label","name":"Karajarri","subjecto":"Karajarri","area":0.72},"geometry":{"type":"Point","coordinates":[122.574,-18.68]}},{"type":"Feature","properties":{"kind":"label","name":"Darumbal","subjecto":"Darumbal","area":1.52},"geometry":{"type":"Point","coordinates":[150.383,-23.163]}},{"type":"Feature","properties":{"kind":"label","name":"Boonwurrung","subjecto":"Boonwurrung","area":0.94},"geometry":{"type":"Point","coordinates":[145.898,-38.531]}},{"type":"Feature","properties":{"kind":"label","name":"Yanda","subjecto":"Yanda","area":0.58},"geometry":{"type":"Point","coordinates":[140.661,-22.098]}},{"type":"Feature","properties":{"kind":"label","name":"Gugu-Badhun","subjecto":"Gugu-Badhun","area":5.43},"geometry":{"type":"Point","coordinates":[145.295,-19.511]}},{"type":"Feature","properties":{"kind":"label","name":"Wudjari","subjecto":"Wudjari","area":5.25},"geometry":{"type":"Point","coordinates":[121.155,-33.411]}},{"type":"Feature","properties":{"kind":"label","name":"Bilinara","subjecto":"Bilinara","area":0.72},"geometry":{"type":"Point","coordinates":[130.833,-16.962]}},{"type":"Feature","properties":{"kind":"label","name":"Tjerratj","subjecto":"Tjerratj","area":0.01},"geometry":{"type":"Point","coordinates":[130.303,-13.463]}},{"type":"Feature","properties":{"kind":"label","name":"Biripi","subjecto":"Biripi","area":1.34},"geometry":{"type":"Point","coordinates":[152.108,-31.607]}},{"type":"Feature","properties":{"kind":"label","name":"Karenggapa","subjecto":"Karenggapa","area":1.57},"geometry":{"type":"Point","coordinates":[142.631,-29.223]}},{"type":"Feature","properties":{"kind":"label","name":"Gungabula","subjecto":"Gungabula","area":0.8},"geometry":{"type":"Point","coordinates":[148.78,-25.642]}},{"type":"Feature","properties":{"kind":"label","name":"Kaantju","subjecto":"Kaantju","area":0.69},"geometry":{"type":"Point","coordinates":[143.099,-13.602]}},{"type":"Feature","properties":{"kind":"label","name":"Wiradjuri","subjecto":"Wiradjuri","area":17.7},"geometry":{"type":"Point","coordinates":[146.801,-33.548]}},{"type":"Feature","properties":{"kind":"label","name":"Wulgurukaba","subjecto":"Wulgurukaba","area":0},"geometry":{"type":"Point","coordinates":[146.736,-19.324]}},{"type":"Feature","properties":{"kind":"label","name":"Ngamini","subjecto":"Ngamini","area":2.3},"geometry":{"type":"Point","coordinates":[139.19,-26.82]}},{"type":"Feature","properties":{"kind":"label","name":"Giraiwurung","subjecto":"Giraiwurung","area":0.46},"geometry":{"type":"Point","coordinates":[142.818,-38.327]}},{"type":"Feature","properties":{"kind":"label","name":"Kuuku-ya’u","subjecto":"Kuuku-ya’u","area":0.19},"geometry":{"type":"Point","coordinates":[143.149,-12.8]}},{"type":"Feature","properties":{"kind":"label","name":"Mardu","subjecto":"Mardu","area":15.19},"geometry":{"type":"Point","coordinates":[123.048,-23.582]}},{"type":"Feature","properties":{"kind":"label","name":"Goreng","subjecto":"Goreng","area":1.17},"geometry":{"type":"Point","coordinates":[118.269,-33.726]}},{"type":"Feature","properties":{"kind":"label","name":"Gunwinggu","subjecto":"Gunwinggu","area":0.67},"geometry":{"type":"Point","coordinates":[133.572,-12.312]}},{"type":"Feature","properties":{"kind":"label","name":"Yinggarda","subjecto":"Yinggarda","area":1.8},"geometry":{"type":"Point","coordinates":[114.443,-25.287]}},{"type":"Feature","properties":{"kind":"label","name":"Yidinjdji","subjecto":"Yidinjdji","area":0.11},"geometry":{"type":"Point","coordinates":[145.72,-17.212]}},{"type":"Feature","properties":{"kind":"label","name":"Arrernte","subjecto":"Arrernte","area":12.64},"geometry":{"type":"Point","coordinates":[134.618,-24.656]}},{"type":"Feature","properties":{"kind":"label","name":"Yadhaigana","subjecto":"Yadhaigana","area":0.09},"geometry":{"type":"Point","coordinates":[142.728,-11.717]}},{"type":"Feature","properties":{"kind":"label","name":"Peramangk","subjecto":"Peramangk","area":0.4},"geometry":{"type":"Point","coordinates":[138.979,-34.801]}},{"type":"Feature","properties":{"kind":"label","name":"Wangkamana","subjecto":"Wangkamana","area":3.27},"geometry":{"type":"Point","coordinates":[138.97,-24.689]}},{"type":"Feature","properties":{"kind":"label","name":"Konbudj","subjecto":"Konbudj","area":0.11},"geometry":{"type":"Point","coordinates":[132.315,-12.55]}},{"type":"Feature","properties":{"kind":"label","name":"Gayiri","subjecto":"Gayiri","area":1.94},"geometry":{"type":"Point","coordinates":[147.935,-23.85]}},{"type":"Feature","properties":{"kind":"label","name":"Dhirari","subjecto":"Dhirari","area":3.17},"geometry":{"type":"Point","coordinates":[137.747,-28.714]}},{"type":"Feature","properties":{"kind":"label","name":"Ngaanyatjarra","subjecto":"Ngaanyatjarra","area":6.81},"geometry":{"type":"Point","coordinates":[123.835,-25.782]}},{"type":"Feature","properties":{"kind":"label","name":"Yuwi","subjecto":"Yuwi","area":0.25},"geometry":{"type":"Point","coordinates":[148.984,-21.186]}},{"type":"Feature","properties":{"kind":"label","name":"Ngarinyin","subjecto":"Ngarinyin","area":4.62},"geometry":{"type":"Point","coordinates":[126.666,-15.237]}},{"type":"Feature","properties":{"kind":"label","name":"Turrbal","subjecto":"Turrbal","area":0.02},"geometry":{"type":"Point","coordinates":[152.89,-27.331]}},{"type":"Feature","properties":{"kind":"label","name":"Kija","subjecto":"Kija","area":4.07},"geometry":{"type":"Point","coordinates":[128.101,-16.642]}},{"type":"Feature","properties":{"kind":"label","name":"Wagiman","subjecto":"Wagiman","area":1.22},"geometry":{"type":"Point","coordinates":[131.354,-14.274]}},{"type":"Feature","properties":{"kind":"label","name":"Yupangathi","subjecto":"Yupangathi","area":0.01},"geometry":{"type":"Point","coordinates":[141.812,-12.187]}},{"type":"Feature","properties":{"kind":"label","name":"Ngombur","subjecto":"Ngombur","area":0.08},"geometry":{"type":"Point","coordinates":[132.531,-12.919]}},{"type":"Feature","properties":{"kind":"label","name":"Alyawarre","subjecto":"Alyawarre","area":5.35},"geometry":{"type":"Point","coordinates":[135.997,-22.136]}},{"type":"Feature","properties":{"kind":"label","name":"Djabuganjdji","subjecto":"Djabuganjdji","area":0.21},"geometry":{"type":"Point","coordinates":[145.456,-16.987]}},{"type":"Feature","properties":{"kind":"label","name":"Geawegal","subjecto":"Geawegal","area":1.23},"geometry":{"type":"Point","coordinates":[151.276,-32.006]}},{"type":"Feature","properties":{"kind":"label","name":"Ngandji","subjecto":"Ngandji","area":1.46},"geometry":{"type":"Point","coordinates":[135.412,-17.032]}},{"type":"Feature","properties":{"kind":"label","name":"Wongaibon","subjecto":"Wongaibon","area":5.19},"geometry":{"type":"Point","coordinates":[146.075,-31.152]}},{"type":"Feature","properties":{"kind":"label","name":"Kooma","subjecto":"Kooma","area":3.02},"geometry":{"type":"Point","coordinates":[146.817,-27.916]}},{"type":"Feature","properties":{"kind":"label","name":"Anguthimri","subjecto":"Anguthimri","area":0.14},"geometry":{"type":"Point","coordinates":[141.902,-12.386]}},{"type":"Feature","properties":{"kind":"label","name":"Kunja","subjecto":"Kunja","area":1.39},"geometry":{"type":"Point","coordinates":[145.379,-28.399]}},{"type":"Feature","properties":{"kind":"label","name":"Iwaidja","subjecto":"Iwaidja","area":0.1},"geometry":{"type":"Point","coordinates":[132.585,-11.581]}},{"type":"Feature","properties":{"kind":"label","name":"Andyamathanha","subjecto":"Andyamathanha","area":3.44},"geometry":{"type":"Point","coordinates":[139.212,-31.141]}},{"type":"Feature","properties":{"kind":"label","name":"Mbukarla","subjecto":"Mbukarla","area":0.1},"geometry":{"type":"Point","coordinates":[132.583,-13.098]}},{"type":"Feature","properties":{"kind":"label","name":"Warriyangga","subjecto":"Warriyangga","area":1.06},"geometry":{"type":"Point","coordinates":[115.944,-24.495]}},{"type":"Feature","properties":{"kind":"label","name":"Yanga","subjecto":"Yanga","area":0.88},"geometry":{"type":"Point","coordinates":[143.33,-19.121]}},{"type":"Feature","properties":{"kind":"label","name":"Giya","subjecto":"Giya","area":0.25},"geometry":{"type":"Point","coordinates":[148.516,-20.406]}},{"type":"Feature","properties":{"kind":"label","name":"Gagudju","subjecto":"Gagudju","area":0.14},"geometry":{"type":"Point","coordinates":[132.556,-12.524]}},{"type":"Feature","properties":{"kind":"label","name":"Ngarrindjeri","subjecto":"Ngarrindjeri","area":1.09},"geometry":{"type":"Point","coordinates":[139.042,-35.384]}},{"type":"Feature","properties":{"kind":"label","name":"Bardi","subjecto":"Bardi","area":0.02},"geometry":{"type":"Point","coordinates":[122.822,-16.698]}},{"type":"Feature","properties":{"kind":"label","name":"Maung","subjecto":"Maung","area":0.04},"geometry":{"type":"Point","coordinates":[133.204,-11.822]}},{"type":"Feature","properties":{"kind":"label","name":"Nyamal","subjecto":"Nyamal","area":4},"geometry":{"type":"Point","coordinates":[119.886,-21.232]}},{"type":"Feature","properties":{"kind":"label","name":"Yarluyandi","subjecto":"Yarluyandi","area":1.62},"geometry":{"type":"Point","coordinates":[139.752,-25.773]}},{"type":"Feature","properties":{"kind":"label","name":"Yuru","subjecto":"Yuru","area":0.1},"geometry":{"type":"Point","coordinates":[147.535,-19.869]}},{"type":"Feature","properties":{"kind":"label","name":"Marringarr","subjecto":"Marringarr","area":0.11},"geometry":{"type":"Point","coordinates":[129.746,-14.294]}},{"type":"Feature","properties":{"kind":"label","name":"Wuli-wuli","subjecto":"Wuli-wuli","area":0.7},"geometry":{"type":"Point","coordinates":[150.362,-25.283]}},{"type":"Feature","properties":{"kind":"label","name":"Wadi Wadi","subjecto":"Wadi Wadi","area":0.51},"geometry":{"type":"Point","coordinates":[143.545,-35.011]}},{"type":"Feature","properties":{"kind":"label","name":"Bibbulman","subjecto":"Bibbulman","area":0.94},"geometry":{"type":"Point","coordinates":[115.913,-34.384]}},{"type":"Feature","properties":{"kind":"label","name":"Yambina","subjecto":"Yambina","area":0.73},"geometry":{"type":"Point","coordinates":[147.288,-22.126]}},{"type":"Feature","properties":{"kind":"label","name":"Gananggalinda","subjecto":"Gananggalinda","area":0},"geometry":{"type":"Point","coordinates":[138.963,-17.057]}},{"type":"Feature","properties":{"kind":"label","name":"Gamberre","subjecto":"Gamberre","area":0.31},"geometry":{"type":"Point","coordinates":[126.33,-14.412]}},{"type":"Feature","properties":{"kind":"label","name":"Ngatatjara","subjecto":"Ngatatjara","area":6.83},"geometry":{"type":"Point","coordinates":[127.303,-25.223]}},{"type":"Feature","properties":{"kind":"label","name":"Wawula","subjecto":"Wawula","area":7.65},"geometry":{"type":"Point","coordinates":[120.949,-25.137]}},{"type":"Feature","properties":{"kind":"label","name":"Nyangumarda","subjecto":"Nyangumarda","area":8.79},"geometry":{"type":"Point","coordinates":[122.198,-20.358]}},{"type":"Feature","properties":{"kind":"label","name":"Warluwarra","subjecto":"Warluwarra","area":1.07},"geometry":{"type":"Point","coordinates":[138.793,-21.657]}},{"type":"Feature","properties":{"kind":"label","name":"Mayi-Yapi","subjecto":"Mayi-Yapi","area":1.66},"geometry":{"type":"Point","coordinates":[140.623,-19.016]}},{"type":"Feature","properties":{"kind":"label","name":"Biri","subjecto":"Biri","area":2.02},"geometry":{"type":"Point","coordinates":[147.885,-20.678]}},{"type":"Feature","properties":{"kind":"label","name":"Kamilaroi","subjecto":"Kamilaroi","area":9.38},"geometry":{"type":"Point","coordinates":[149.772,-29.977]}},{"type":"Feature","properties":{"kind":"label","name":"Agwarmin","subjecto":"Agwarmin","area":3.19},"geometry":{"type":"Point","coordinates":[143.989,-17.636]}},{"type":"Feature","properties":{"kind":"label","name":"Yuin","subjecto":"Yuin","area":1.65},"geometry":{"type":"Point","coordinates":[149.828,-35.573]}},{"type":"Feature","properties":{"kind":"label","name":"Yangga","subjecto":"Yangga","area":1.41},"geometry":{"type":"Point","coordinates":[147.045,-21.274]}},{"type":"Feature","properties":{"kind":"label","name":"Bigambul","subjecto":"Bigambul","area":3.22},"geometry":{"type":"Point","coordinates":[150.17,-27.797]}},{"type":"Feature","properties":{"kind":"label","name":"Alawa","subjecto":"Alawa","area":3.25},"geometry":{"type":"Point","coordinates":[134.457,-15.915]}},{"type":"Feature","properties":{"kind":"label","name":"Gunditjmara","subjecto":"Gunditjmara","area":0.99},"geometry":{"type":"Point","coordinates":[141.648,-38.061]}},{"type":"Feature","properties":{"kind":"label","name":"Waveroo","subjecto":"Waveroo","area":1.18},"geometry":{"type":"Point","coordinates":[146.802,-36.572]}},{"type":"Feature","properties":{"kind":"label","name":"Wemba Wemba","subjecto":"Wemba Wemba","area":0.79},"geometry":{"type":"Point","coordinates":[144.393,-34.981]}},{"type":"Feature","properties":{"kind":"label","name":"Yangman","subjecto":"Yangman","area":1.89},"geometry":{"type":"Point","coordinates":[133.015,-15.692]}},{"type":"Feature","properties":{"kind":"label","name":"Barunggam","subjecto":"Barunggam","area":4.03},"geometry":{"type":"Point","coordinates":[150.644,-26.466]}},{"type":"Feature","properties":{"kind":"label","name":"Wirangu","subjecto":"Wirangu","area":7.48},"geometry":{"type":"Point","coordinates":[132.812,-31.277]}},{"type":"Feature","properties":{"kind":"label","name":"Bayali","subjecto":"Bayali","area":0.24},"geometry":{"type":"Point","coordinates":[150.816,-23.875]}},{"type":"Feature","properties":{"kind":"label","name":"Ngawun","subjecto":"Ngawun","area":1.96},"geometry":{"type":"Point","coordinates":[141.896,-19.892]}},{"type":"Feature","properties":{"kind":"label","name":"Kwini","subjecto":"Kwini","area":0.54},"geometry":{"type":"Point","coordinates":[127.663,-14.762]}},{"type":"Feature","properties":{"kind":"label","name":"Baradha","subjecto":"Baradha","area":0.6},"geometry":{"type":"Point","coordinates":[148.942,-21.993]}},{"type":"Feature","properties":{"kind":"label","name":"Budjari","subjecto":"Budjari","area":0.95},"geometry":{"type":"Point","coordinates":[144.283,-28.409]}},{"type":"Feature","properties":{"kind":"label","name":"Dieri","subjecto":"Dieri","area":3.05},"geometry":{"type":"Point","coordinates":[139.151,-28.105]}},{"type":"Feature","properties":{"kind":"label","name":"Wik","subjecto":"Wik","area":1.7},"geometry":{"type":"Point","coordinates":[142.326,-13.876]}},{"type":"Feature","properties":{"kind":"label","name":"Mutumui","subjecto":"Mutumui","area":0.21},"geometry":{"type":"Point","coordinates":[144.346,-14.545]}},{"type":"Feature","properties":{"kind":"label","name":"Tjungundji","subjecto":"Tjungundji","area":0},"geometry":{"type":"Point","coordinates":[141.859,-12.117]}},{"type":"Feature","properties":{"kind":"label","name":"Jardwadjali","subjecto":"Jardwadjali","area":1.91},"geometry":{"type":"Point","coordinates":[142.047,-37.094]}},{"type":"Feature","properties":{"kind":"label","name":"Luthigh","subjecto":"Luthigh","area":0.46},"geometry":{"type":"Point","coordinates":[142.334,-12.599]}},{"type":"Feature","properties":{"kind":"label","name":"Guugu-Yimidhirr","subjecto":"Guugu-Yimidhirr","area":0.39},"geometry":{"type":"Point","coordinates":[144.938,-15.484]}},{"type":"Feature","properties":{"kind":"label","name":"Walangama","subjecto":"Walangama","area":1.2},"geometry":{"type":"Point","coordinates":[142.06,-18.179]}},{"type":"Feature","properties":{"kind":"label","name":"Anggamudi","subjecto":"Anggamudi","area":0.59},"geometry":{"type":"Point","coordinates":[142.374,-11.685]}},{"type":"Feature","properties":{"kind":"label","name":"Larrakia","subjecto":"Larrakia","area":0.13},"geometry":{"type":"Point","coordinates":[131.054,-12.664]}},{"type":"Feature","properties":{"kind":"label","name":"Pitta-Pitta","subjecto":"Pitta-Pitta","area":3.87},"geometry":{"type":"Point","coordinates":[139.749,-23.408]}},{"type":"Feature","properties":{"kind":"label","name":"Ngarabal","subjecto":"Ngarabal","area":1.91},"geometry":{"type":"Point","coordinates":[151.475,-28.839]}},{"type":"Feature","properties":{"kind":"label","name":"Amangu","subjecto":"Amangu","area":2.75},"geometry":{"type":"Point","coordinates":[115.547,-29.438]}},{"type":"Feature","properties":{"kind":"label","name":"Djargurdwurung","subjecto":"Djargurdwurung","area":0.26},"geometry":{"type":"Point","coordinates":[143.196,-38.193]}},{"type":"Feature","properties":{"kind":"label","name":"Yanyuwa","subjecto":"Yanyuwa","area":0.42},"geometry":{"type":"Point","coordinates":[136.16,-15.663]}},{"type":"Feature","properties":{"kind":"label","name":"Gungurugoni","subjecto":"Gungurugoni","area":0.05},"geometry":{"type":"Point","coordinates":[134.261,-12.207]}},{"type":"Feature","properties":{"kind":"label","name":"Barkindji","subjecto":"Barkindji","area":2.82},"geometry":{"type":"Point","coordinates":[142.056,-33.337]}},{"type":"Feature","properties":{"kind":"label","name":"Gulidjan","subjecto":"Gulidjan","area":0.3},"geometry":{"type":"Point","coordinates":[143.566,-38.348]}},{"type":"Feature","properties":{"kind":"label","name":"Ngadjuri","subjecto":"Ngadjuri","area":2.78},"geometry":{"type":"Point","coordinates":[138.971,-32.62]}},{"type":"Feature","properties":{"kind":"label","name":"Ngatjumay","subjecto":"Ngatjumay","area":3.05},"geometry":{"type":"Point","coordinates":[123.645,-32.526]}},{"type":"Feature","properties":{"kind":"label","name":"Ngaliwuru","subjecto":"Ngaliwuru","area":0.37},"geometry":{"type":"Point","coordinates":[130.921,-15.872]}},{"type":"Feature","properties":{"kind":"label","name":"Thalanyji","subjecto":"Thalanyji","area":0.32},"geometry":{"type":"Point","coordinates":[114.609,-22.452]}},{"type":"Feature","properties":{"kind":"label","name":"Woolna","subjecto":"Woolna","area":0.29},"geometry":{"type":"Point","coordinates":[131.431,-12.587]}},{"type":"Feature","properties":{"kind":"label","name":"Rembarnga","subjecto":"Rembarnga","area":0.68},"geometry":{"type":"Point","coordinates":[134.63,-12.867]}},{"type":"Feature","properties":{"kind":"label","name":"Murrinh-patha","subjecto":"Murrinh-patha","area":0.3},"geometry":{"type":"Point","coordinates":[130.218,-14.643]}},{"type":"Feature","properties":{"kind":"label","name":"Pitjantjatjara","subjecto":"Pitjantjatjara","area":5.71},"geometry":{"type":"Point","coordinates":[129.927,-25.681]}},{"type":"Feature","properties":{"kind":"label","name":"Yandruwandha","subjecto":"Yandruwandha","area":2.78},"geometry":{"type":"Point","coordinates":[140.364,-28.282]}},{"type":"Feature","properties":{"kind":"label","name":"Yugambeh","subjecto":"Yugambeh","area":0.53},"geometry":{"type":"Point","coordinates":[152.975,-28.065]}},{"type":"Feature","properties":{"kind":"label","name":"Lamalama","subjecto":"Lamalama","area":0.42},"geometry":{"type":"Point","coordinates":[143.662,-14.724]}},{"type":"Feature","properties":{"kind":"label","name":"Wardandi","subjecto":"Wardandi","area":0.16},"geometry":{"type":"Point","coordinates":[115.173,-34.024]}},{"type":"Feature","properties":{"kind":"label","name":"Amarak","subjecto":"Amarak","area":0.1},"geometry":{"type":"Point","coordinates":[132.777,-11.907]}},{"type":"Feature","properties":{"kind":"label","name":"Umida","subjecto":"Umida","area":0.23},"geometry":{"type":"Point","coordinates":[124.261,-16.702]}},{"type":"Feature","properties":{"kind":"label","name":"Kundjey’mi","subjecto":"Kundjey’mi","area":0.02},"geometry":{"type":"Point","coordinates":[132.848,-12.363]}},{"type":"Feature","properties":{"kind":"label","name":"Kurnai","subjecto":"Kurnai","area":2.76},"geometry":{"type":"Point","coordinates":[146.987,-37.828]}},{"type":"Feature","properties":{"kind":"label","name":"Palyku","subjecto":"Palyku","area":2.84},"geometry":{"type":"Point","coordinates":[120.467,-22.735]}},{"type":"Feature","properties":{"kind":"label","name":"Watjarri","subjecto":"Watjarri","area":13.07},"geometry":{"type":"Point","coordinates":[117.206,-25.885]}},{"type":"Feature","properties":{"kind":"label","name":"Malyangaba","subjecto":"Malyangaba","area":3.21},"geometry":{"type":"Point","coordinates":[140.695,-30.692]}},{"type":"Feature","properties":{"kind":"label","name":"Kokowarra","subjecto":"Kokowarra","area":1.61},"geometry":{"type":"Point","coordinates":[144.155,-15.554]}},{"type":"Feature","properties":{"kind":"label","name":"Pirlatapa","subjecto":"Pirlatapa","area":1.29},"geometry":{"type":"Point","coordinates":[140.453,-29.315]}},{"type":"Feature","properties":{"kind":"label","name":"Ngarti","subjecto":"Ngarti","area":3.91},"geometry":{"type":"Point","coordinates":[128.668,-20.191]}},{"type":"Feature","properties":{"kind":"label","name":"Dharug","subjecto":"Dharug","area":1.48},"geometry":{"type":"Point","coordinates":[150.316,-33.722]}},{"type":"Feature","properties":{"kind":"label","name":"Wathaurong","subjecto":"Wathaurong","area":1.34},"geometry":{"type":"Point","coordinates":[143.63,-37.621]}},{"type":"Feature","properties":{"kind":"label","name":"Warwa","subjecto":"Warwa","area":0.44},"geometry":{"type":"Point","coordinates":[124.121,-17.13]}},{"type":"Feature","properties":{"kind":"label","name":"Kurtjar","subjecto":"Kurtjar","area":1.71},"geometry":{"type":"Point","coordinates":[141.497,-17.138]}},{"type":"Feature","properties":{"kind":"label","name":"Thul Garrie Waja (Bindal)","subjecto":"Thul Garrie Waja (Bindal)","area":0.04},"geometry":{"type":"Point","coordinates":[147.289,-19.647]}},{"type":"Feature","properties":{"kind":"label","name":"Dangbon","subjecto":"Dangbon","area":0.53},"geometry":{"type":"Point","coordinates":[134.118,-12.507]}},{"type":"Feature","properties":{"kind":"label","name":"Wardaman","subjecto":"Wardaman","area":1.33},"geometry":{"type":"Point","coordinates":[131.675,-15.103]}},{"type":"Feature","properties":{"kind":"label","name":"Kukatj","subjecto":"Kukatj","area":0.86},"geometry":{"type":"Point","coordinates":[140.411,-18.2]}},{"type":"Feature","properties":{"kind":"label","name":"Wiilman","subjecto":"Wiilman","area":1.85},"geometry":{"type":"Point","coordinates":[117.017,-32.8]}},{"type":"Feature","properties":{"kind":"label","name":"Yolngu","subjecto":"Yolngu","area":1.82},"geometry":{"type":"Point","coordinates":[135.677,-12.948]}},{"type":"Feature","properties":{"kind":"label","name":"Iningai","subjecto":"Iningai","area":6.71},"geometry":{"type":"Point","coordinates":[145.336,-23.148]}},{"type":"Feature","properties":{"kind":"label","name":"Warray","subjecto":"Warray","area":0.44},"geometry":{"type":"Point","coordinates":[132.293,-13.468]}},{"type":"Feature","properties":{"kind":"label","name":"Wuthathi","subjecto":"Wuthathi","area":0.15},"geometry":{"type":"Point","coordinates":[142.953,-12.153]}},{"type":"Feature","properties":{"kind":"label","name":"Kukatja","subjecto":"Kukatja","area":3.24},"geometry":{"type":"Point","coordinates":[127.039,-20.413]}},{"type":"Feature","properties":{"kind":"label","name":"Mingin","subjecto":"Mingin","area":0.12},"geometry":{"type":"Point","coordinates":[139.534,-17.804]}},{"type":"Feature","properties":{"kind":"label","name":"Wiljali","subjecto":"Wiljali","area":2.35},"geometry":{"type":"Point","coordinates":[140.955,-31.925]}},{"type":"Feature","properties":{"kind":"label","name":"Jurruru","subjecto":"Jurruru","area":0.57},"geometry":{"type":"Point","coordinates":[117.086,-23.013]}},{"type":"Feature","properties":{"kind":"label","name":"Latje Latje","subjecto":"Latje Latje","area":0.7},"geometry":{"type":"Point","coordinates":[142.062,-34.456]}},{"type":"Feature","properties":{"kind":"label","name":"Gundungurra","subjecto":"Gundungurra","area":1.54},"geometry":{"type":"Point","coordinates":[149.557,-34.704]}},{"type":"Feature","properties":{"kind":"label","name":"Bidwell","subjecto":"Bidwell","area":1.06},"geometry":{"type":"Point","coordinates":[149.442,-37.335]}},{"type":"Feature","properties":{"kind":"label","name":"Wangkangurru","subjecto":"Wangkangurru","area":6.16},"geometry":{"type":"Point","coordinates":[137.165,-26.676]}},{"type":"Feature","properties":{"kind":"label","name":"Purduna","subjecto":"Purduna","area":0.84},"geometry":{"type":"Point","coordinates":[115.294,-23.172]}},{"type":"Feature","properties":{"kind":"label","name":"Djirbalngan","subjecto":"Djirbalngan","area":0.58},"geometry":{"type":"Point","coordinates":[145.604,-17.693]}},{"type":"Feature","properties":{"kind":"label","name":"Koko-bera","subjecto":"Koko-bera","area":0.15},"geometry":{"type":"Point","coordinates":[141.584,-15.732]}},{"type":"Feature","properties":{"kind":"label","name":"Yagalingu","subjecto":"Yagalingu","area":1.51},"geometry":{"type":"Point","coordinates":[146.746,-22.815]}},{"type":"Feature","properties":{"kind":"label","name":"Ngargad","subjecto":"Ngargad","area":2.89},"geometry":{"type":"Point","coordinates":[140.401,-35.325]}},{"type":"Feature","properties":{"kind":"label","name":"Guwinmal","subjecto":"Guwinmal","area":0.54},"geometry":{"type":"Point","coordinates":[149.765,-22.762]}},{"type":"Feature","properties":{"kind":"label","name":"Tharawal","subjecto":"Tharawal","area":0.56},"geometry":{"type":"Point","coordinates":[150.674,-34.648]}},{"type":"Feature","properties":{"kind":"label","name":"Pintupi","subjecto":"Pintupi","area":14.4},"geometry":{"type":"Point","coordinates":[128.998,-22.694]}},{"type":"Feature","properties":{"kind":"label","name":"Miwa","subjecto":"Miwa","area":0.35},"geometry":{"type":"Point","coordinates":[127.009,-14.182]}},{"type":"Feature","properties":{"kind":"label","name":"Banjima","subjecto":"Banjima","area":2.26},"geometry":{"type":"Point","coordinates":[118.653,-22.889]}},{"type":"Feature","properties":{"kind":"label","name":"Kuwema","subjecto":"Kuwema","area":0.02},"geometry":{"type":"Point","coordinates":[130.263,-13.531]}},{"type":"Feature","properties":{"kind":"label","name":"Gurindji","subjecto":"Gurindji","area":2.76},"geometry":{"type":"Point","coordinates":[129.74,-17.657]}},{"type":"Feature","properties":{"kind":"label","name":"Bakanh","subjecto":"Bakanh","area":0.88},"geometry":{"type":"Point","coordinates":[143.152,-14.5]}},{"type":"Feature","properties":{"kind":"label","name":"Takalak","subjecto":"Takalak","area":0.92},"geometry":{"type":"Point","coordinates":[143.115,-18.086]}},{"type":"Feature","properties":{"kind":"label","name":"Anmatyerre","subjecto":"Anmatyerre","area":2.12},"geometry":{"type":"Point","coordinates":[132.431,-22.429]}},{"type":"Feature","properties":{"kind":"label","name":"Marrithiyel","subjecto":"Marrithiyel","area":0.15},"geometry":{"type":"Point","coordinates":[129.988,-13.881]}},{"type":"Feature","properties":{"kind":"label","name":"Malak malak","subjecto":"Malak malak","area":0.36},"geometry":{"type":"Point","coordinates":[130.492,-13.647]}},{"type":"Feature","properties":{"kind":"label","name":"Bidjara","subjecto":"Bidjara","area":10.27},"geometry":{"type":"Point","coordinates":[146.765,-25.368]}},{"type":"Feature","properties":{"kind":"label","name":"Burarra","subjecto":"Burarra","area":0.01},"geometry":{"type":"Point","coordinates":[134.665,-12.108]}},{"type":"Feature","properties":{"kind":"label","name":"Unggumi","subjecto":"Unggumi","area":1.07},"geometry":{"type":"Point","coordinates":[124.873,-17.046]}},{"type":"Feature","properties":{"kind":"label","name":"Tjalkanti","subjecto":"Tjalkanti","area":3.41},"geometry":{"type":"Point","coordinates":[123.171,-27.646]}},{"type":"Feature","properties":{"kind":"label","name":"Ngumbarl","subjecto":"Ngumbarl","area":0.32},"geometry":{"type":"Point","coordinates":[122.486,-17.54]}},{"type":"Feature","properties":{"kind":"label","name":"Nhanta","subjecto":"Nhanta","area":2.04},"geometry":{"type":"Point","coordinates":[114.468,-27.28]}},{"type":"Feature","properties":{"kind":"label","name":"Darkinung","subjecto":"Darkinung","area":0.82},"geometry":{"type":"Point","coordinates":[150.631,-33.054]}},{"type":"Feature","properties":{"kind":"label","name":"Kullilla","subjecto":"Kullilla","area":1.01},"geometry":{"type":"Point","coordinates":[143.229,-28.359]}},{"type":"Feature","properties":{"kind":"label","name":"Buandig","subjecto":"Buandig","area":0.51},"geometry":{"type":"Point","coordinates":[140.315,-37.512]}},{"type":"Feature","properties":{"kind":"label","name":"Koknar","subjecto":"Koknar","area":0.48},"geometry":{"type":"Point","coordinates":[141.554,-16.495]}},{"type":"Feature","properties":{"kind":"label","name":"Ngarla","subjecto":"Ngarla","area":0.25},"geometry":{"type":"Point","coordinates":[119.36,-20.248]}},{"type":"Feature","properties":{"kind":"label","name":"Jaminjung","subjecto":"Jaminjung","area":0.97},"geometry":{"type":"Point","coordinates":[130.419,-15.104]}},{"type":"Feature","properties":{"kind":"label","name":"Ballardong","subjecto":"Ballardong","area":2.43},"geometry":{"type":"Point","coordinates":[117.31,-31.202]}},{"type":"Feature","properties":{"kind":"label","name":"Umbindhamu","subjecto":"Umbindhamu","area":0.07},"geometry":{"type":"Point","coordinates":[143.495,-14.198]}},{"type":"Feature","properties":{"kind":"label","name":"Ngandi","subjecto":"Ngandi","area":0.46},"geometry":{"type":"Point","coordinates":[135.19,-14.064]}},{"type":"Feature","properties":{"kind":"label","name":"Kuuku-yani","subjecto":"Kuuku-yani","area":0.07},"geometry":{"type":"Point","coordinates":[143.422,-13.963]}},{"type":"Feature","properties":{"kind":"label","name":"Nyawaygi","subjecto":"Nyawaygi","area":0.45},"geometry":{"type":"Point","coordinates":[146.009,-18.919]}},{"type":"Feature","properties":{"kind":"label","name":"Miyan","subjecto":"Miyan","area":0.94},"geometry":{"type":"Point","coordinates":[146.235,-21.983]}},{"type":"Feature","properties":{"kind":"label","name":"Yulparitja","subjecto":"Yulparitja","area":4.92},"geometry":{"type":"Point","coordinates":[125.102,-21.156]}},{"type":"Feature","properties":{"kind":"label","name":"Garingbal","subjecto":"Garingbal","area":0.77},"geometry":{"type":"Point","coordinates":[148.642,-24.804]}},{"type":"Feature","properties":{"kind":"label","name":"Baraba Baraba","subjecto":"Baraba Baraba","area":1.16},"geometry":{"type":"Point","coordinates":[144.452,-36.16]}},{"type":"Feature","properties":{"kind":"label","name":"Kuthant","subjecto":"Kuthant","area":0.1},"geometry":{"type":"Point","coordinates":[140.918,-17.557]}},{"type":"Feature","properties":{"kind":"label","name":"Wonnarua","subjecto":"Wonnarua","area":0.95},"geometry":{"type":"Point","coordinates":[150.889,-32.578]}},{"type":"Feature","properties":{"kind":"label","name":"Wuningangk","subjecto":"Wuningangk","area":0.41},"geometry":{"type":"Point","coordinates":[133.146,-13.074]}},{"type":"Feature","properties":{"kind":"label","name":"Danggali","subjecto":"Danggali","area":3.35},"geometry":{"type":"Point","coordinates":[141.024,-32.886]}},{"type":"Feature","properties":{"kind":"label","name":"Barranbinya","subjecto":"Barranbinya","area":0.43},"geometry":{"type":"Point","coordinates":[146.062,-29.83]}},{"type":"Feature","properties":{"kind":"label","name":"Ngan’giwumirri","subjecto":"Ngan’giwumirri","area":0.49},"geometry":{"type":"Point","coordinates":[130.495,-14.214]}},{"type":"Feature","properties":{"kind":"label","name":"Awabakal","subjecto":"Awabakal","area":0.17},"geometry":{"type":"Point","coordinates":[151.576,-32.976]}},{"type":"Feature","properties":{"kind":"label","name":"Pinjarup","subjecto":"Pinjarup","area":0.17},"geometry":{"type":"Point","coordinates":[115.909,-32.693]}},{"type":"Feature","properties":{"kind":"label","name":"Guwa","subjecto":"Guwa","area":2.35},"geometry":{"type":"Point","coordinates":[141.901,-22.241]}},{"type":"Feature","properties":{"kind":"label","name":"Nyanganyatjara","subjecto":"Nyanganyatjara","area":11.41},"geometry":{"type":"Point","coordinates":[124.622,-29.393]}},{"type":"Feature","properties":{"kind":"label","name":"Australian aboriginal hunter-gatherers","subjecto":"Australian aboriginal hunter-gatherers","area":3.31},"geometry":{"type":"Point","coordinates":[136.91,-24.175]}},{"type":"Feature","properties":{"kind":"label","name":"Sweden","subjecto":"Sweden","area":139.09},"geometry":{"type":"Point","coordinates":[18.529,65.728]}},{"type":"Feature","properties":{"kind":"label","name":"Russian Empire","subjecto":"Russian Empire","area":2748.97},"geometry":{"type":"Point","coordinates":[110.403,61.543]}},{"type":"Feature","properties":{"kind":"label","name":"Lombardy","subjecto":"3","area":1.04},"geometry":{"type":"Point","coordinates":[10.198,45.84]}},{"type":"Feature","properties":{"kind":"label","name":"Denmark-Norway","subjecto":"","area":653.91},"geometry":{"type":"Point","coordinates":[-42.642,74.111]}},{"type":"Feature","properties":{"kind":"label","name":"Bhutan","subjecto":"3","area":1.62},"geometry":{"type":"Point","coordinates":[91.402,27.739]}},{"type":"Feature","properties":{"kind":"label","name":"Qing Empire","subjecto":"Qing Empire","area":1294.42},"geometry":{"type":"Point","coordinates":[105.394,37.813]}},{"type":"Feature","properties":{"kind":"label","name":"Korea","subjecto":"Korea","area":22.56},"geometry":{"type":"Point","coordinates":[127.974,36.33]}},{"type":"Feature","properties":{"kind":"label","name":"Sind","subjecto":"Sind","area":19.84},"geometry":{"type":"Point","coordinates":[68.448,26.012]}},{"type":"Feature","properties":{"kind":"label","name":"Oudh","subjecto":"Oudh","area":5.98},"geometry":{"type":"Point","coordinates":[81.96,26.85]}},{"type":"Feature","properties":{"kind":"label","name":"Multan","subjecto":"Multan","area":20.81},"geometry":{"type":"Point","coordinates":[71.081,30.443]}},{"type":"Feature","properties":{"kind":"label","name":"Lahore","subjecto":"Lahore","area":42.43},"geometry":{"type":"Point","coordinates":[75.084,33.928]}},{"type":"Feature","properties":{"kind":"label","name":"Mahratta states","subjecto":"Mahratta states","area":60.44},"geometry":{"type":"Point","coordinates":[75.681,27.114]}},{"type":"Feature","properties":{"kind":"label","name":"Cambodia","subjecto":"Cambodia","area":15.19},"geometry":{"type":"Point","coordinates":[104.415,12.502]}},{"type":"Feature","properties":{"kind":"label","name":"Burma","subjecto":"Burma","area":56.65},"geometry":{"type":"Point","coordinates":[94.865,24.117]}},{"type":"Feature","properties":{"kind":"label","name":"Rattanakosin Kingdom","subjecto":"Rattanakosin Kingdom","area":71.01},"geometry":{"type":"Point","coordinates":[101.852,17.008]}},{"type":"Feature","properties":{"kind":"label","name":"Tuʻi Tonga Empire","subjecto":"Tuʻi Tonga Empire","area":0.8},"geometry":{"type":"Point","coordinates":[178.013,-17.792]}},{"type":"Feature","properties":{"kind":"label","name":"Hong Kong","subjecto":"Hong Kong","area":0.04},"geometry":{"type":"Point","coordinates":[114.222,22.445]}}]}